# File produced by Open Asset Import Library (http://www.assimp.sf.net)
# (assimp v6.0.0)

mtllib an2.mtl

# 3666 vertex positions
v 6.43578148 2.01524258 -3.38852358
v 6.59162807 2.03938556 -3.38852358
v 6.62992382 2.03707457 -3.6771903
v 6.49971867 2.02093863 -3.73766446
v 6.93032598 2.02093863 -3.93726754
v 6.93132496 2.03879285 -3.80040216
v 7.65231228 2.02547526 -3.8356874
v 7.68603992 2.02093863 -3.8356874
v 6.71254063 1.98852861 -3.38852358
v 6.93132496 2.00308466 -3.80040216
v 7.65231228 2.01640177 -3.8356874
v 7.69126463 2.01584148 -3.80440021
v 7.47738981 1.99874187 -3.39029288
v 6.71254015 2.05477309 -0.619160056
v 6.64061069 2.11889458 -0.299998909
v 7.47738934 2.04438663 -0.29999873
v 7.47738934 2.03109527 -0.600296974
v 6.5916276 2.04874802 -0.619160056
v 6.4501667 2.10669875 -0.299998939
v 6.64061069 2.11889458 -0.299998909
v 6.71254015 2.05477309 -0.619160056
v 6.59162807 1.99109948 -3.38852358
v 6.62992382 2.00480294 -3.6771903
v 6.93132496 2.00308466 -3.80040216
v 6.71254063 1.98852861 -3.38852358
v 6.49971867 2.02093863 -3.73766446
v 6.62992382 2.03707457 -3.6771903
v 6.93132496 2.03879285 -3.80040216
v 6.93032598 2.02093863 -3.93726754
v 6.62992382 2.00480294 -3.6771903
v 6.49971867 2.02093863 -3.73766446
v 6.93032598 2.02093863 -3.93726754
v 6.93132496 2.00308466 -3.80040216
v 6.93132496 2.00308466 -3.80040216
v 6.93032598 2.02093863 -3.93726754
v 7.68603992 2.02093863 -3.8356874
v 7.65231228 2.01640177 -3.8356874
v 6.59162807 1.99109948 -3.38852358
v 6.43578148 2.01524258 -3.38852358
v 6.49971867 2.02093863 -3.73766446
v 6.62992382 2.00480294 -3.6771903
v 6.4501667 1.87763524 -0.299998939
v 6.16724491 1.9821769 -0.299998999
v 6.435781 1.992167 -0.619160116
v 6.5916276 1.93558598 -0.619160056
v 6.4501667 1.87763524 -0.299998939
v 6.5916276 1.93558598 -0.619160056
v 6.71254015 1.9295609 -0.619160056
v 6.64061069 1.86543941 -0.299998909
v 6.59162807 2.03938556 -3.38852358
v 6.5916276 2.04874802 -0.619160056
v 6.71254015 2.05477309 -0.619160056
v 6.71254015 2.04195642 -3.38852358
v 6.71254015 2.04195642 -3.38852358
v 6.71254015 2.05477309 -0.619160056
v 7.47738934 2.03109527 -0.600296974
v 7.47738981 2.03174305 -3.39029288
v 6.64061069 1.86543941 -0.299998909
v 6.71254015 1.9295609 -0.619160056
v 7.47738934 1.95323849 -0.600296974
v 7.47738934 1.93994713 -0.29999873
v 6.16724491 1.9821769 -0.299998999
v 6.4501667 2.10669875 -0.299998939
v 6.5916276 2.04874802 -0.619160056
v 6.435781 1.992167 -0.619160116
v 7.68603992 2.02093863 -3.8356874
v 7.65231228 2.02547526 -3.8356874
v 7.69126415 2.02523255 -3.80440021
v 7.70115328 2.02078271 -3.82354784
v 6.93132496 2.03879285 -3.80040216
v 6.71254015 2.04195642 -3.38852358
v 7.47738981 2.03174305 -3.39029288
v 7.69126415 2.02523255 -3.80440021
v 7.65231228 2.02547526 -3.8356874
v 6.62992382 2.03707457 -3.6771903
v 6.59162807 2.03938556 -3.38852358
v 6.71254015 2.04195642 -3.38852358
v 6.93132496 2.03879285 -3.80040216
v 7.65231228 2.01640177 -3.8356874
v 7.68603992 2.02093863 -3.8356874
v 7.70115328 2.02078271 -3.82354784
v 7.69126463 2.01584148 -3.80440021
v 6.5916276 1.93558598 -0.619160056
v 6.435781 1.992167 -0.619160116
v 6.43578148 2.01524258 -3.38852358
v 6.59162807 1.99109948 -3.38852358
v 6.5916276 1.93558598 -0.619160056
v 6.59162807 1.99109948 -3.38852358
v 6.71254063 1.98852861 -3.38852358
v 6.71254015 1.9295609 -0.619160056
v 6.71254015 1.9295609 -0.619160056
v 6.71254063 1.98852861 -3.38852358
v 7.47738981 1.99874187 -3.39029288
v 7.47738934 1.95323849 -0.600296974
v 6.435781 1.992167 -0.619160116
v 6.5916276 2.04874802 -0.619160056
v 6.59162807 2.03938556 -3.38852358
v 6.43578148 2.01524258 -3.38852358
v -0.895000398 -1.70028961 1.33000469
v -0.895000398 -1.65139234 1.32875443
v -0.954999864 -1.65139234 1.32875431
v -0.954999864 -1.70028961 1.33000457
v -0.954999864 -1.70028961 1.33000457
v -0.954999864 -1.65139234 1.32875431
v -1.04280996 -0.58538425 -0.180280507
v -1.04281008 -0.634281278 -0.215052426
v -0.982809603 -0.634281278 -0.215052411
v -0.982809603 -0.58538425 -0.180280492
v -0.895000398 -1.65139234 1.32875443
v -0.895000398 -1.70028961 1.33000469
v -0.954999864 -1.70028961 1.33000457
v -1.04281008 -0.634281278 -0.215052426
v -0.982809603 -0.634281278 -0.215052411
v -0.895000398 -1.70028961 1.33000469
v -1.04280996 -0.58538425 -0.180280507
v -0.954999864 -1.65139234 1.32875431
v -0.895000398 -1.65139234 1.32875443
v -0.982809603 -0.58538425 -0.180280492
v -1.04280996 -0.58538425 -0.180280507
v -0.982809603 -0.58538425 -0.180280492
v -0.946005404 -0.519102454 -0.227704048
v -1.07961416 -0.519102454 -0.227704078
v -0.844585359 -1.71637666 1.34068775
v -0.844016969 -1.6674794 1.33957398
v -0.897470415 -1.6674794 1.31232023
v -0.898038805 -1.71637666 1.31343412
v -0.898038805 -1.71637666 1.31343412
v -0.897470415 -1.6674794 1.31232023
v -0.314077467 -0.59313941 -0.173152089
v -0.29828319 -0.628785133 -0.204129726
v -0.244829744 -0.628784895 -0.176875964
v -0.29828319 -0.628785133 -0.204129726
v -0.29193455 -0.521807671 -0.297607183
v -0.172904089 -0.521807671 -0.236917764
v -0.244829744 -0.628784895 -0.176875964
v -0.260624498 -0.593139648 -0.145898178
v -0.844016969 -1.6674794 1.33957398
v -0.844585359 -1.71637666 1.34068775
v -0.898038805 -1.71637666 1.31343412
v -0.29828319 -0.628785133 -0.204129726
v -0.244829744 -0.628784895 -0.176875964
v -0.844585359 -1.71637666 1.34068775
v -0.314077467 -0.59313941 -0.173152089
v -0.897470415 -1.6674794 1.31232023
v -0.844016969 -1.6674794 1.33957398
v -0.260624498 -0.593139648 -0.145898178
v -0.314077467 -0.59313941 -0.173152089
v -0.260624498 -0.593139648 -0.145898178
v -0.206294149 -0.518707991 -0.171429321
v -0.325324595 -0.518707752 -0.232118756
v -0.29828319 -0.628785133 -0.204129726
v -0.314077467 -0.59313941 -0.173152089
v -0.325324595 -0.518707752 -0.232118756
v -0.29193455 -0.521807671 -0.297607183
v -0.260624498 -0.593139648 -0.145898178
v -0.244829744 -0.628784895 -0.176875964
v -0.172904089 -0.521807671 -0.236917764
v -0.206294149 -0.518707991 -0.171429321
v -0.875059068 -1.68975437 1.38170791
v -0.765646875 -1.41318369 1.2818532
v -0.8230533 -1.39044106 1.28194225
v -0.932466447 -1.66701162 1.3817966
v -0.932466447 -1.66701162 1.3817966
v -0.8230533 -1.39044106 1.28194225
v -0.83036989 -1.40868104 1.22340548
v -0.939783037 -1.68525159 1.32325983
v -0.939783037 -1.68525159 1.32325983
v -0.83036989 -1.40868104 1.22340548
v -0.772963464 -1.43142366 1.22331655
v -0.882375658 -1.70799434 1.32317114
v -0.882375658 -1.70799434 1.32317114
v -0.772963464 -1.43142366 1.22331655
v -0.765646875 -1.41318369 1.2818532
v -0.875059068 -1.68975437 1.38170791
v -0.932466447 -1.66701162 1.3817966
v -0.939783037 -1.68525159 1.32325983
v -0.882375658 -1.70799434 1.32317114
v -0.875059068 -1.68975437 1.38170791
v -0.8230533 -1.39044106 1.28194225
v -0.765646875 -1.41318369 1.2818532
v -0.687913835 -1.39738226 1.28837395
v -0.86632818 -1.32670057 1.28865027
v -0.880244195 -1.35292137 1.19331837
v -0.86632818 -1.32670057 1.28865027
v -0.75814563 -0.58357656 1.04750967
v -0.758083165 -0.620953441 0.930012822
v -0.765646875 -1.41318369 1.2818532
v -0.772963464 -1.43142366 1.22331655
v -0.701828897 -1.42360282 1.19304192
v -0.687913835 -1.39738226 1.28837395
v -0.83036989 -1.40868104 1.22340548
v -0.8230533 -1.39044106 1.28194225
v -0.86632818 -1.32670057 1.28865027
v -0.880244195 -1.35292137 1.19331837
v -0.772963464 -1.43142366 1.22331655
v -0.83036989 -1.40868104 1.22340548
v -0.880244195 -1.35292137 1.19331837
v -0.701828897 -1.42360282 1.19304192
v -0.566181004 -0.619810462 0.929736376
v -0.758083165 -0.620953441 0.930012822
v -0.734193146 -0.417577416 0.793121934
v -0.392058164 -0.417577714 0.798926353
v -0.701828897 -1.42360282 1.19304192
v -0.880244195 -1.35292137 1.19331837
v -0.758083165 -0.620953441 0.930012822
v -0.566181004 -0.619810462 0.929736376
v -0.86632818 -1.32670057 1.28865027
v -0.687913835 -1.39738226 1.28837395
v -0.56624347 -0.582433581 1.04723334
v -0.75814563 -0.58357656 1.04750967
v -0.687913835 -1.39738226 1.28837395
v -0.701828897 -1.42360282 1.19304192
v -0.566181004 -0.619810462 0.929736376
v -0.56624347 -0.582433581 1.04723334
v -0.75814563 -0.58357656 1.04750967
v -0.56624347 -0.582433581 1.04723334
v -0.395663589 -0.417577654 1.06161678
v -0.737798989 -0.417577416 1.05581272
v -0.56624347 -0.582433581 1.04723334
v -0.566181004 -0.619810462 0.929736376
v -0.392058164 -0.417577714 0.798926353
v -0.395663589 -0.417577654 1.06161678
v -0.758083165 -0.620953441 0.930012822
v -0.75814563 -0.58357656 1.04750967
v -0.737798989 -0.417577416 1.05581272
v -0.734193146 -0.417577416 0.793121934
v -0.982809603 -0.634281278 -0.215052411
v -1.04281008 -0.634281278 -0.215052426
v -1.03620577 -0.576847911 -0.300000399
v -0.903633654 -0.576847911 -0.30000037
v -0.982809603 -0.58538425 -0.180280492
v -0.982809603 -0.634281278 -0.215052411
v -0.903633654 -0.576847911 -0.30000037
v -0.825129092 -0.52635324 -0.30000034
v -0.946005404 -0.519102454 -0.227704048
v -1.04281008 -0.634281278 -0.215052426
v -1.04280996 -0.58538425 -0.180280507
v -1.07961416 -0.519102454 -0.227704078
v -1.07961416 -0.519102454 -0.300000399
v -1.03620577 -0.576847911 -0.300000399
v 7.34504604 1.7489723 -1.78758955
v 7.47161722 2.00451446 -2.10645819
v 6.68033171 1.96670556 -2.10645819
v 7.00593901 1.74712634 -1.78509486
v 7.00593901 1.74712634 -1.78509486
v 6.68033171 1.96670556 -2.10645819
v 6.68033171 1.96670556 -2.16959238
v 7.00593901 1.71710038 -1.80731416
v 7.00593901 1.71710038 -1.80731416
v 6.68033171 1.96670556 -2.16959238
v 7.47161722 2.00451446 -2.16959214
v 7.34504604 1.71894634 -1.80980873
v 7.34504604 1.71894634 -1.80980873
v 7.47161722 2.00451446 -2.16959214
v 7.47161722 2.00451446 -2.10645819
v 7.34504604 1.7489723 -1.78758955
v 7.34504604 1.7489723 -1.78758955
v 7.00593901 1.74712634 -1.78509486
v 7.3071866 1.23123944 -0.989925444
v 7.476583 1.25462854 -1.02721334
v 7.3071866 1.23123944 -0.989925444
v 7.3071866 1.20138228 -1.00865364
v 7.48869658 0.868720055 -0.441918582
v 7.48869658 0.901706696 -0.420156568
v 7.00593901 1.71710038 -1.80731416
v 7.34504604 1.71894634 -1.80980873
v 7.476583 1.22477138 -1.04594171
v 7.3071866 1.20138228 -1.00865364
v 7.34504604 1.71894634 -1.80980873
v 7.34504604 1.7489723 -1.78758955
v 7.476583 1.25462854 -1.02721334
v 7.476583 1.22477138 -1.04594171
v 7.00593901 1.74712634 -1.78509486
v 7.00593901 1.71710038 -1.80731416
v 7.3071866 1.20138228 -1.00865364
v 7.3071866 1.23123944 -0.989925444
v 7.3071866 1.20138228 -1.00865364
v 7.476583 1.22477138 -1.04594171
v 7.59583235 0.889739156 -0.473778784
v 7.48869658 0.868720055 -0.441918582
v 7.476583 1.25462854 -1.02721334
v 7.3071866 1.23123944 -0.989925444
v 7.48869658 0.901706696 -0.420156568
v 7.59583235 0.922725558 -0.452016771
v 7.476583 1.22477138 -1.04594171
v 7.476583 1.25462854 -1.02721334
v 7.59583235 0.922725558 -0.452016771
v 7.59583235 0.889739156 -0.473778784
v 0.319201559 0.135575533 -5.59040308
v 0.389741689 1.59253049 -5.88799477
v 0.146854639 1.6038239 -5.89027691
v 0.0763145238 0.146869212 -5.59268475
v 0.0763145238 0.146869212 -5.59268475
v 0.146854639 1.6038239 -5.89027691
v 0.146906152 1.59518147 -5.93853092
v 0.0763660297 0.138226539 -5.64093876
v 0.0763660297 0.138226539 -5.64093876
v 0.146906152 1.59518147 -5.93853092
v 0.389793187 1.58388782 -5.93624926
v 0.319253057 0.126932859 -5.63865709
v 0.319253057 0.126932859 -5.63865709
v 0.389793187 1.58388782 -5.93624926
v 0.389741689 1.59253049 -5.88799477
v 0.319201559 0.135575533 -5.59040308
v 0.0763145238 0.146869212 -5.59268475
v 0.0763660297 0.138226539 -5.64093876
v 0.0447178595 0.0400512516 -5.62098312
v 0.0446663536 0.0486939251 -5.57272911
v 0.146854639 1.6038239 -5.89027691
v 0.389741689 1.59253049 -5.88799477
v 0.480671674 1.6906898 -5.90633965
v 0.0657851845 1.70998096 -5.91023731
v 0.480671674 1.6906898 -5.90633965
v 0.480723172 1.68204737 -5.95459366
v 0.729786694 1.77834654 -5.97116184
v 0.729735136 1.78698921 -5.92290783
v 0.389741689 1.59253049 -5.88799477
v 0.389793187 1.58388782 -5.93624926
v 0.480723172 1.68204737 -5.95459366
v 0.480671674 1.6906898 -5.90633965
v 0.146906152 1.59518147 -5.93853092
v 0.146854639 1.6038239 -5.89027691
v 0.0657851845 1.70998096 -5.91023731
v 0.0658366904 1.70133829 -5.95849133
v 0.389793187 1.58388782 -5.93624926
v 0.146906152 1.59518147 -5.93853092
v 0.0658366904 1.70133829 -5.95849133
v 0.480723172 1.68204737 -5.95459366
v 0.0658366904 1.70133829 -5.95849133
v 0.0657851845 1.70998096 -5.91023731
v -0.172914714 1.82895994 -5.93138742
v -0.172863215 1.82031727 -5.97964144
v 0.480723172 1.68204737 -5.95459366
v 0.0658366904 1.70133829 -5.95849133
v -0.172863215 1.82031727 -5.97964144
v 0.729786694 1.77834654 -5.97116184
v 0.0657851845 1.70998096 -5.91023731
v 0.480671674 1.6906898 -5.90633965
v 0.729735136 1.78698921 -5.92290783
v -0.172914714 1.82895994 -5.93138742
v 0.341275781 0.0262622833 -5.61819744
v 0.341224253 0.0349047184 -5.56994295
v 0.446199924 -0.139519691 -5.53022718
v 0.446249038 -0.147862196 -5.57680511
v 0.319201559 0.135575533 -5.59040308
v 0.0763145238 0.146869212 -5.59268475
v 0.0446663536 0.0486939251 -5.57272911
v 0.341224253 0.0349047184 -5.56994295
v 0.0763660297 0.138226539 -5.64093876
v 0.319253057 0.126932859 -5.63865709
v 0.341275781 0.0262622833 -5.61819744
v 0.0447178595 0.0400512516 -5.62098312
v 0.319253057 0.126932859 -5.63865709
v 0.319201559 0.135575533 -5.59040308
v 0.341224253 0.0349047184 -5.56994295
v 0.341275781 0.0262622833 -5.61819744
v 0.0446663536 0.0486939251 -5.57272911
v 0.0447178595 0.0400512516 -5.62098312
v -0.0705570653 -0.123832196 -5.58166027
v -0.0706066638 -0.115489691 -5.53508234
v 0.0447178595 0.0400512516 -5.62098312
v 0.341275781 0.0262622833 -5.61819744
v 0.446249038 -0.147862196 -5.57680511
v -0.0705570653 -0.123832196 -5.58166027
v 0.341224253 0.0349047184 -5.56994295
v 0.0446663536 0.0486939251 -5.57272911
v -0.0706066638 -0.115489691 -5.53508234
v 0.446199924 -0.139519691 -5.53022718
v -1.76211774 1.49280679 -0.300000548
v -1.70926988 1.49216783 -0.575827956
v -2.00799227 1.15755486 -0.581293583
v -2.00324869 1.21166408 -0.300000578
v -2.00799227 1.15755486 -0.581293583
v -1.70926988 1.49216783 -0.575827956
v -1.53403306 1.49216783 -0.889576554
v -1.9471935 0.937740207 -0.887724698
v -1.9471935 0.937740207 -0.887724698
v -1.53403306 1.49216783 -0.889576554
v -1.31221986 1.48840368 -1.10422277
v -1.45215523 1.08500087 -1.23571169
v -1.9471935 0.937740207 -0.887724698
v -1.45215523 1.08500087 -1.23571169
v -1.45215535 0.992221117 -1.14349246
v -1.45215547 0.884959698 -1.04946327
v -1.45215535 0.992221117 -1.14349246
v -1.45215523 1.08500087 -1.23571169
v -1.09891617 1.08500087 -1.2319231
v -0.692771196 1.08500087 -1.22758102
v -0.692771196 0.978781939 -1.11305261
v -1.45215547 0.884959698 -1.04946327
v -1.45215535 0.992221117 -1.14349246
v -0.692771196 0.978781939 -1.11305261
v -0.705366373 0.972479582 -1.097826
v -1.09891629 1.48840368 -1.10422277
v -1.09891617 1.08500087 -1.2319231
v -1.45215523 1.08500087 -1.23571169
v -1.31221986 1.48840368 -1.10422277
v -0.692771196 1.08500087 -1.22758102
v -1.09891617 1.08500087 -1.2319231
v -1.09891629 1.48840368 -1.10422277
v -0.692771137 1.48840356 -1.10422266
v -0.692771196 1.08500087 -1.22758102
v -0.692771137 1.48840356 -1.10422266
v -0.242055655 1.46271932 -1.04260588
v -0.243287817 1.20477235 -1.10139537
v -0.692771196 0.978781939 -1.11305261
v -0.692771196 1.08500087 -1.22758102
v -0.692771196 1.08500087 -1.22758102
v -0.692771196 0.978781939 -1.11305261
v -0.692771196 1.08500087 -1.22758102
v -0.243287817 1.20477235 -1.10139537
v -1.70926988 1.49216783 -0.575827956
v -1.76211774 1.49280679 -0.300000548
v -1.5913986 1.65615749 -0.300000489
v -1.50155675 1.61480343 -0.575827956
v -1.50155675 1.61480343 -0.575827956
v -1.5913986 1.65615749 -0.300000489
v -1.31296575 1.74285948 -0.300000459
v -1.31296575 1.69570506 -0.575827956
v -1.70926988 1.49216783 -0.575827956
v -1.50155675 1.61480343 -0.575827956
v -1.53403306 1.49216783 -0.889576554
v -1.31296575 1.69570506 -0.575827956
v -1.31253552 1.62426889 -0.880676925
v -1.53403306 1.49216783 -0.889576554
v -1.50155675 1.61480343 -0.575827956
v -1.31296575 1.69570506 -0.575827956
v -1.31296575 1.74285948 -0.300000459
v -0.699109435 1.79461622 -0.30000034
v -0.699109375 1.74798465 -0.575827837
v -0.697866678 1.67220259 -0.880676806
v -1.31253552 1.62426889 -0.880676925
v -1.31296575 1.69570506 -0.575827956
v -0.699109375 1.74798465 -0.575827837
v -1.31221986 1.48840368 -1.10422277
v -1.31253552 1.62426889 -0.880676925
v -0.697866678 1.67220259 -0.880676806
v -0.692771137 1.48840356 -1.10422266
v -1.09891629 1.48840368 -1.10422277
v -0.692771137 1.48840356 -1.10422266
v -0.697866678 1.67220259 -0.880676806
v -0.247109205 1.64834976 -0.83938086
v -0.242055655 1.46271932 -1.04260588
v -0.697866678 1.67220259 -0.880676806
v -0.699109375 1.74798465 -0.575827837
v -0.248352349 1.70110512 -0.61060071
v -0.247109205 1.64834976 -0.83938086
v -0.699109375 1.74798465 -0.575827837
v -0.699109435 1.79461622 -0.30000034
v -0.248352408 1.74773693 -0.30000025
v -0.248352349 1.70110512 -0.61060071
v 6.63674402 0.882517338 -0.700195551
v 6.62024736 1.54078102 -0.617909431
v 7.90643644 1.5407809 -0.429530501
v 7.96444273 1.09734857 -0.417476058
v 6.65525484 0.243452549 -0.299998909
v 6.65357065 0.316617489 -0.538934469
v 8.02112961 0.643883109 -0.361413956
v 8.02705002 0.608621716 -0.299998641
v 6.62024736 1.54078102 -0.617909431
v 6.61292219 1.67870021 -0.542524695
v 7.88068247 1.7189492 -0.414767802
v 7.90643644 1.5407809 -0.429530501
v 1.58949447 1.54078138 -1.118065
v 1.58949447 1.77137315 -0.876657963
v 3.75153685 1.68559194 -0.804378152
v 3.75153708 1.54078126 -0.979177237
v 1.58949423 -0.508544803 -0.299999893
v 1.58949399 -0.520650744 -1.23364389
v 3.75153661 -0.306796342 -0.991289973
v 3.75153685 -0.347892553 -0.299999446
v 1.58949447 0.653942704 -1.24275684
v 1.58949447 1.54078138 -1.118065
v 3.75153708 1.54078126 -0.979177237
v 3.75153708 0.665839434 -1.11225617
v 3.75153708 1.54078126 -0.979177237
v 3.75153685 1.68559194 -0.804378152
v 5.46959639 1.68469131 -0.578832269
v 5.46959639 1.54078114 -0.774931908
v 3.75153685 -0.347892553 -0.299999446
v 3.75153661 -0.306796342 -0.991289973
v 5.46959639 0.0298205316 -0.765733778
v 5.46959639 -0.0321930945 -0.299999118
v 3.75153708 0.665839434 -1.11225617
v 3.75153708 1.54078126 -0.979177237
v 5.46959639 1.54078114 -0.774931908
v 5.46959639 0.744606137 -0.894782484
v 5.46959639 1.54078114 -0.774931908
v 5.46959639 1.68469131 -0.578832269
v 6.61292219 1.67870021 -0.542524695
v 6.62024736 1.54078102 -0.617909431
v 5.46959639 -0.0321930945 -0.299999118
v 5.46959639 0.0298205316 -0.765733778
v 6.65357065 0.316617489 -0.538934469
v 6.65525484 0.243452549 -0.299998909
v 5.46959639 0.744606137 -0.894782484
v 5.46959639 1.54078114 -0.774931908
v 6.62024736 1.54078102 -0.617909431
v 6.63674402 0.882517338 -0.700195551
v -1.94199502 0.4306373 -1.12760353
v -1.94199502 0.939090848 -0.890286088
v -0.370838404 1.45375419 -1.03899288
v -0.37083891 0.626551688 -1.21607423
v -1.94199514 -0.475113243 -0.300000578
v -1.94199502 -0.265237153 -1.02451766
v -0.370839 -0.562393904 -1.16921866
v -0.370838702 -0.555247068 -0.30000025
v -1.94199502 0.939090848 -0.890286088
v -2.00324106 1.16063046 -0.578092098
v -0.370838434 1.69648266 -0.782215536
v -0.370838404 1.45375419 -1.03899288
v -1.94199502 -0.265237153 -1.02451766
v -1.94199502 0.4306373 -1.12760353
v -0.37083891 0.626551688 -1.21607423
v -0.370839 -0.562393904 -1.16921866
v 5.46959639 0.0298205316 -0.765733778
v 5.46959639 0.744606137 -0.894782484
v 6.63674402 0.882517338 -0.700195551
v 6.65357065 0.316617489 -0.538934469
v 3.75153661 -0.306796342 -0.991289973
v 3.75153708 0.665839434 -1.11225617
v 5.46959639 0.744606137 -0.894782484
v 5.46959639 0.0298205316 -0.765733778
v 1.58949399 -0.520650744 -1.23364389
v 1.58949447 0.653942704 -1.24275684
v 3.75153708 0.665839434 -1.11225617
v 3.75153661 -0.306796342 -0.991289973
v 6.65357065 0.316617489 -0.538934469
v 6.63674402 0.882517338 -0.700195551
v 7.96444273 1.09734857 -0.417476058
v 8.02112961 0.643883109 -0.361413956
v -0.370839 -0.562393904 -1.16921866
v -0.37083891 0.626551688 -1.21607423
v 1.58949447 0.653942704 -1.24275684
v 1.58949399 -0.520650744 -1.23364389
v -0.37083891 0.626551688 -1.21607423
v -0.370838404 1.45375419 -1.03899288
v 1.58949447 1.54078138 -1.118065
v 1.58949447 0.653942704 -1.24275684
v -0.370838702 -0.555247068 -0.30000025
v -0.370839 -0.562393904 -1.16921866
v 1.58949399 -0.520650744 -1.23364389
v 1.58949423 -0.508544803 -0.299999893
v -0.370838404 1.45375419 -1.03899288
v -0.370838434 1.69648266 -0.782215536
v 1.58949447 1.77137315 -0.876657963
v 1.58949447 1.54078138 -1.118065
v 1.58949447 1.77137315 -0.876657963
v -0.370838434 1.69648266 -0.782215536
v -0.370838523 1.76452518 -0.30000025
v 1.58949435 1.83542669 -0.299999893
v 6.61292219 1.67870021 -0.542524695
v 5.46959639 1.68469131 -0.578832269
v 5.68857241 1.74751091 -0.42774725
v 6.62736559 1.75179243 -0.461907864
v 5.46959639 1.68469131 -0.578832269
v 3.75153685 1.68559194 -0.804378152
v 3.75153685 1.7292335 -0.299999446
v 5.46959639 1.71624029 -0.299999118
v 3.75153685 1.68559194 -0.804378152
v 1.58949447 1.77137315 -0.876657963
v 1.58949435 1.83542669 -0.299999893
v 3.75153685 1.7292335 -0.299999446
v -2.00324106 1.16063046 -0.578092098
v -2.10196829 1.04798436 -0.734960496
v -2.10196829 1.19754994 -0.300000608
v -2.00324106 1.21212447 -0.300000578
v -2.10196829 1.19754994 -0.300000608
v -2.10196829 1.04798436 -0.734960496
v -3.21441889 0.90728569 -0.71094048
v -3.21441889 1.0376153 -0.300000817
v -3.21441889 0.90728569 -0.71094048
v -2.10196829 1.04798436 -0.734960496
v -2.10196805 0.873057365 -0.986213446
v -3.21441865 0.566078186 -0.958842456
v -3.21441865 0.566078186 -0.958842456
v -2.10196805 0.873057365 -0.986213446
v -2.10196805 0.410689533 -1.12689567
v -3.21441865 0.144322425 -0.958842456
v -3.21441865 0.144322425 -0.958842456
v -2.10196805 0.410689533 -1.12689567
v -2.10196805 -0.234980881 -0.985515952
v -3.21441889 -0.196884841 -0.710940838
v -3.21441889 -0.196884841 -0.710940838
v -2.10196805 -0.234980881 -0.985515952
v -2.10196829 -0.466954023 -0.300000608
v -3.21441889 -0.327214926 -0.300000817
v -3.21441889 1.0376153 -0.300000817
v -3.21441889 0.90728569 -0.71094048
v -3.30574083 0.832979202 -0.703157425
v -3.30574083 0.945767403 -0.300000846
v 5.68857241 1.74751091 -0.42774725
v 5.46959639 1.71624029 -0.299999118
v 5.71182489 1.84106994 -0.299999088
v 5.87046576 1.84106994 -0.359838098
v 6.63663912 1.84106994 -0.378392428
v 5.87046576 1.84106994 -0.359838098
v 6.37397051 2.89603209 -0.346230716
v 6.96501112 2.89603209 -0.366900712
v 6.62736559 1.75179243 -0.461907864
v 5.68857241 1.74751091 -0.42774725
v 5.87046576 1.84106994 -0.359838098
v 6.63663912 1.84106994 -0.378392428
v 6.96501112 2.89603209 -0.366900712
v 6.37397051 2.89603209 -0.346230716
v 6.66612911 3.49744058 -0.346230656
v 7.09288883 3.49744058 -0.366900682
v 5.87046576 1.84106994 -0.359838098
v 5.71182489 1.84106994 -0.299999088
v 6.22192812 2.89603209 -0.299998969
v 6.37397051 2.89603209 -0.346230716
v 7.09288883 3.49744058 -0.366900682
v 6.66612911 3.49744058 -0.346230656
v 7.02855682 3.8734448 -0.323090315
v 7.26890755 3.89590049 -0.324393421
v 6.37397051 2.89603209 -0.346230716
v 6.22192812 2.89603209 -0.299998969
v 6.55007458 3.49744058 -0.299998909
v 6.66612911 3.49744058 -0.346230656
v 7.26890755 3.89590049 -0.324393421
v 7.25891113 3.90656447 -0.29999879
v 7.6356163 3.88273072 -0.299998701
v 7.6356163 3.86011767 -0.321089566
v 7.26890755 3.89590049 -0.324393421
v 7.02855682 3.8734448 -0.323090315
v 6.87700272 3.81649566 -0.29999885
v 7.25891113 3.90656447 -0.29999879
v 6.66612911 3.49744058 -0.346230656
v 6.55007458 3.49744058 -0.299998909
v 6.87700272 3.81649566 -0.29999885
v 7.02855682 3.8734448 -0.323090315
v 7.86046457 1.84106982 -0.401858896
v 7.88068247 1.7189492 -0.414767802
v 6.62736559 1.75179243 -0.461907864
v 6.63663912 1.84106994 -0.378392428
v 7.7434001 2.89603209 -0.361453444
v 7.86046457 1.84106982 -0.401858896
v 6.63663912 1.84106994 -0.378392428
v 6.96501112 2.89603209 -0.366900712
v 7.88068247 1.7189492 -0.414767802
v 6.61292219 1.67870021 -0.542524695
v 6.62736559 1.75179243 -0.461907864
v 8.02112961 0.643883109 -0.361413956
v 8.02705002 0.649958968 -0.299998641
v 8.02705002 0.608621716 -0.299998641
v 7.67549324 3.49744058 -0.361453444
v 7.7434001 2.89603209 -0.361453444
v 6.96501112 2.89603209 -0.366900712
v 7.09288883 3.49744058 -0.366900682
v 7.6356163 3.86011767 -0.321089566
v 7.67549324 3.49744058 -0.361453444
v 7.09288883 3.49744058 -0.366900682
v 7.26890755 3.89590049 -0.324393421
v -3.30574083 -0.122578353 -0.703157783
v -3.30574083 -0.23536703 -0.300000846
v -3.30574083 0.945767403 -0.300000846
v -3.30574083 0.832979202 -0.703157425
v -3.30574059 0.537695646 -0.917693675
v -3.30574059 0.17270498 -0.917693675
v -3.21441865 0.566078186 -0.958842456
v -3.21441865 0.144322425 -0.958842456
v -3.30574059 0.17270498 -0.917693675
v -3.30574059 0.537695646 -0.917693675
v -3.21441889 -0.196884841 -0.710940838
v -3.21441889 -0.327214926 -0.300000817
v -3.30574083 -0.23536703 -0.300000846
v -3.30574083 -0.122578353 -0.703157783
v -3.21441889 0.90728569 -0.71094048
v -3.21441865 0.566078186 -0.958842456
v -3.30574059 0.537695646 -0.917693675
v -3.30574083 0.832979202 -0.703157425
v -3.21441865 0.144322425 -0.958842456
v -3.21441889 -0.196884841 -0.710940838
v -3.30574083 -0.122578353 -0.703157783
v -3.30574059 0.17270498 -0.917693675
v 6.61581564 0.154866219 -0.299998909
v 6.61581564 0.351284504 -0.299998909
v 6.61581564 0.351284504 -0.390303373
v 6.61581564 0.154866219 -0.390303373
v 6.61581564 0.154866219 -0.390303373
v 6.61581564 0.351284504 -0.390303373
v 6.81988573 0.351284504 -0.390303314
v 6.81988573 0.154866219 -0.390303314
v 6.81988573 0.154866219 -0.390303314
v 6.81988573 0.351284504 -0.390303314
v 6.81988573 0.351284504 -0.29999885
v 6.81988573 0.154866219 -0.29999885
v 6.63618231 0.143451214 -0.369937122
v 6.79951906 0.143451214 -0.369937062
v 6.81679678 0.0607037395 -0.416846067
v 6.66641569 -0.0107316971 -0.416846097
v 6.63618231 0.143451214 -0.369937122
v 6.63618231 0.143451214 -0.299998909
v 6.61581564 0.154866219 -0.299998909
v 6.61581564 0.154866219 -0.390303373
v 6.79951906 0.143451214 -0.369937062
v 6.63618231 0.143451214 -0.369937122
v 6.61581564 0.154866219 -0.390303373
v 6.81988573 0.154866219 -0.390303314
v 6.79951906 0.143451214 -0.299998879
v 6.79951906 0.143451214 -0.369937062
v 6.81988573 0.154866219 -0.390303314
v 6.81988573 0.154866219 -0.29999885
v 6.81679678 0.0607037395 -0.416846067
v 6.82442999 0.0654764026 -0.29999885
v 7.11117506 -0.111312896 -0.29999882
v 7.10892439 -0.112720519 -0.371650994
v 6.79951906 0.143451214 -0.369937062
v 6.79951906 0.143451214 -0.299998879
v 6.82442999 0.0654764026 -0.29999885
v 6.81679678 0.0607037395 -0.416846067
v 6.63618231 0.143451214 -0.299998909
v 6.63618231 0.143451214 -0.369937122
v 6.66641569 -0.0107316971 -0.416846097
v 6.6740489 -0.00595903397 -0.299998879
v 6.79951906 0.143451214 -0.299998879
v 6.63618231 0.143451214 -0.299998909
v 6.6740489 -0.00595903397 -0.299998879
v 6.82442999 0.0654764026 -0.29999885
v 7.07491827 -0.141825706 -0.29999882
v 7.0726676 -0.143233329 -0.371650994
v 7.10892439 -0.112720519 -0.371650994
v 7.11117506 -0.111312896 -0.29999882
v 6.6740489 -0.00595903397 -0.299998879
v 6.66641569 -0.0107316971 -0.416846097
v 7.0726676 -0.143233329 -0.371650994
v 7.07491827 -0.141825706 -0.29999882
v 6.66641569 -0.0107316971 -0.416846097
v 6.81679678 0.0607037395 -0.416846067
v 7.10892439 -0.112720519 -0.371650994
v 7.0726676 -0.143233329 -0.371650994
v 6.82442999 0.0654764026 -0.29999885
v 6.6740489 -0.00595903397 -0.299998879
v 7.07491827 -0.141825706 -0.29999882
v 7.11117506 -0.111312896 -0.29999882
v -2.54318094 -0.395153314 -0.300000697
v -1.87379122 -0.41935572 -0.300000548
v -1.87379122 -0.46429047 -0.474970579
v -2.52172518 -0.447176248 -0.483557701
v -2.52172518 -0.447176248 -0.483557701
v -1.87379122 -0.46429047 -0.474970579
v -1.87379122 -0.572771668 -0.51990509
v -2.4776845 -0.572771549 -0.535580933
v -2.4776845 -0.572771549 -0.535580933
v -1.87379122 -0.572771668 -0.51990509
v -1.87379134 -0.681253076 -0.474970579
v -2.42573977 -0.698366642 -0.483557701
v -2.42573977 -0.698366642 -0.483557701
v -1.87379134 -0.681253076 -0.474970579
v -1.87379134 -0.726187348 -0.300000548
v -2.40541315 -0.750390053 -0.300000668
v -2.54318094 -0.395153314 -0.300000697
v -2.52172518 -0.447176248 -0.483557701
v -2.4776845 -0.572771549 -0.535580933
v -2.42573977 -0.698366642 -0.483557701
v -2.40541315 -0.750390053 -0.300000668
v -1.87379122 -0.46429047 -0.474970579
v -1.87379122 -0.41935572 -0.300000548
v -1.87379134 -0.726187348 -0.300000548
v -1.87379134 -0.681253076 -0.474970579
v -1.87379122 -0.572771668 -0.51990509
v -3.0893302 1.15534639 -0.427601308
v -3.0893302 0.967525244 -0.533435762
v -3.19117498 0.967094898 -0.48306787
v -3.19117498 1.12785673 -0.41286692
v -3.0893302 0.967525244 -0.533435762
v -3.0893302 1.15534639 -0.427601308
v -2.66228914 1.17174244 -0.427601218
v -2.66228914 1.03399134 -0.533435702
v -3.0893302 1.15534639 -0.427601308
v -3.0893302 1.18116426 -0.300000787
v -2.66228914 1.19756031 -0.300000697
v -2.66228914 1.17174244 -0.427601218
v -2.26597643 1.10254931 -0.410637945
v -2.26597643 1.12722635 -0.391678482
v -2.26597643 1.13185143 -0.300000638
v -2.26597643 1.11049843 -0.300000638
v -2.66228914 1.17174244 -0.427601218
v -2.66228914 1.19756031 -0.300000697
v -2.26597643 1.13185143 -0.300000638
v -2.26597643 1.12722635 -0.391678482
v -2.66228914 1.03399134 -0.533435702
v -2.66228914 1.17174244 -0.427601218
v -2.26597643 1.12722635 -0.391678482
v -2.26597643 1.10254931 -0.410637945
v -3.19117498 1.02315712 -0.300000817
v -3.19117498 1.14995503 -0.300000817
v -3.19117498 1.12785673 -0.41286692
v -3.19117498 0.967094898 -0.48306787
v -3.0893302 1.18116426 -0.300000787
v -3.0893302 1.15534639 -0.427601308
v -3.19117498 1.12785673 -0.41286692
v -3.19117498 1.14995503 -0.300000817
v -3.0893302 1.03052378 -0.300000787
v -2.66228914 1.07836437 -0.300000697
v -2.26597643 1.11049843 -0.300000638
v -2.26597643 1.13185143 -0.300000638
v -2.66228914 1.19756031 -0.300000697
v -3.0893302 1.18116426 -0.300000787
v -3.19117498 1.14995503 -0.300000817
v -3.19117498 1.02315712 -0.300000817
v -0.370838434 1.69648266 -0.782215536
v -2.00324106 1.16063046 -0.578092098
v -2.00324106 1.21212447 -0.300000578
v -0.370838523 1.76452518 -0.30000025
v -2.10196805 -0.234980881 -0.985515952
v -2.10196805 0.410689533 -1.12689567
v -1.94199502 0.4306373 -1.12760353
v -1.94199502 -0.265237153 -1.02451766
v -2.10196805 0.873057365 -0.986213446
v -2.10196829 1.04798436 -0.734960496
v -2.00324106 1.16063046 -0.578092098
v -1.94199502 0.939090848 -0.890286088
v -2.10196829 -0.466954023 -0.300000608
v -2.10196805 -0.234980881 -0.985515952
v -1.94199502 -0.265237153 -1.02451766
v -1.94199514 -0.475113243 -0.300000578
v -2.10196805 0.410689533 -1.12689567
v -2.10196805 0.873057365 -0.986213446
v -1.94199502 0.939090848 -0.890286088
v -1.94199502 0.4306373 -1.12760353
v -0.664032817 -0.501361251 -1.13254488
v -0.574256778 -0.345447451 -1.13254488
v -0.574256659 -0.345447451 -1.73397148
v -0.664032698 -0.51411283 -1.73397148
v -0.36823824 -0.566559792 -1.72446644
v -0.664032698 -0.51411283 -1.73397148
v -0.664031565 -0.0859455168 -7.29264545
v -0.371103853 -0.126431644 -7.29264545
v -0.373789221 -0.55490303 -1.12702632
v -0.36823824 -0.566559792 -1.72446644
v 0.868703187 -0.532052517 -1.52473688
v 1.38156819 -0.517745137 -1.44192433
v 1.4719063 -0.506176353 -1.1184721
v -0.371103853 -0.126431644 -7.29264545
v -0.664031565 -0.0859455168 -7.29264545
v -0.664031506 -0.0314295888 -7.59550142
v -0.372491866 -0.0227088332 -7.63550663
v -0.265769243 -0.282801092 -1.71636951
v 0.845075786 -0.403276175 -1.53130352
v 0.845073164 -0.396262914 -1.64167154
v 0.844943225 -0.0424176902 -7.21015882
v -0.270684302 0.0835669562 -7.29264545
v -0.664032698 -0.51411283 -1.73397148
v -0.574256659 -0.345447451 -1.73397148
v -0.574255526 0.0203718692 -7.29264545
v -0.664031565 -0.0859455168 -7.29264545
v 1.38156819 -0.46146068 -1.44192433
v 1.38156819 -0.517745137 -1.44192433
v 1.37878346 -0.504084945 -1.64166999
v 1.37878346 -0.448660642 -1.64167142
v -0.372491866 -0.0227088332 -7.63550663
v -0.270684272 0.0453429669 -7.49903059
v 0.886851728 -0.069158107 -7.37204361
v 0.887360513 -0.0980506241 -7.38311291
v -0.270684302 0.0835669562 -7.29264545
v 0.844943225 -0.0424176902 -7.21015882
v 0.886851728 -0.069158107 -7.37204361
v -0.270684272 0.0453429669 -7.49903059
v -0.664031565 -0.0859455168 -7.29264545
v -0.574255526 0.0203718692 -7.29264545
v -0.616209507 0.000607326627 -7.49564457
v -0.664031506 -0.0314295888 -7.59550142
v -0.574255526 0.0203718692 -7.29264545
v -0.270684302 0.0835669562 -7.29264545
v -0.270684272 0.0453429669 -7.49903059
v -0.616209507 0.000607326627 -7.49564457
v -0.664031506 -0.0314295888 -7.59550142
v -0.616209507 0.000607326627 -7.49564457
v -0.270684272 0.0453429669 -7.49903059
v -0.372491866 -0.0227088332 -7.63550663
v -0.574256659 -0.345447451 -1.73397148
v -0.265769243 -0.282801092 -1.71636951
v -0.270684302 0.0835669562 -7.29264545
v -0.574255526 0.0203718692 -7.29264545
v -0.664032817 -0.501361251 -1.13254488
v -0.664032698 -0.51411283 -1.73397148
v -0.36823824 -0.566559792 -1.72446644
v -0.373789221 -0.55490303 -1.12702632
v 1.38156819 -0.517745137 -1.44192433
v 0.868703187 -0.532052517 -1.52473688
v 0.868703187 -0.523691535 -1.64167154
v 1.37878346 -0.504084945 -1.64166999
v -0.574256659 -0.345447451 -1.73397148
v -0.574256778 -0.345447451 -1.13254488
v -0.257707 -0.281924188 -1.12232542
v -0.265769243 -0.282801092 -1.71636951
v -0.265769243 -0.282801092 -1.71636951
v -0.257707 -0.281924188 -1.12232542
v 1.4719063 -0.451636642 -1.11847222
v 1.38156819 -0.46146068 -1.44192433
v 0.845075786 -0.403276175 -1.53130352
v 1.38156819 -0.517745137 -1.44192433
v 1.38156819 -0.46146068 -1.44192433
v 1.4719063 -0.451636642 -1.11847222
v 1.4719063 -0.506176353 -1.1184721
v -0.652262807 1.9092989 -8.82725143
v -0.70224297 2.00204706 -8.82882786
v -0.687172949 2.04018426 -9.26089287
v -0.584569514 1.99570513 -9.25800037
v -0.269187927 2.0226841 -9.39814281
v -0.350592136 2.12748384 -9.39814281
v 1.19910669 1.96616018 -9.240448
v 1.19910669 1.93937099 -9.240448
v -0.410629392 1.90338922 -8.82725143
v -0.269187927 2.0226841 -9.39814281
v 1.19910669 1.93937099 -9.240448
v 1.22682571 1.93623507 -9.21683598
v 1.22682464 1.88861895 -8.82725143
v -0.268693626 1.8918438 -1.19707549
v -0.702244461 1.64410806 -1.19657969
v -0.658734083 1.6833601 -0.790547431
v -0.333245546 1.87100029 -0.813911021
v -0.410630912 1.56879091 -1.19707513
v 1.22682834 1.60125709 -1.19707441
v 1.68418097 1.61032522 -1.19707417
v 1.84216428 1.54257953 -0.93481499
v -0.478177369 1.54038715 -0.80416882
v -0.350592136 2.12748384 -9.39814281
v -0.268692106 2.20771384 -8.82725143
v 1.22682464 1.99200761 -8.82725239
v 1.22682524 1.96386766 -9.21683693
v 1.19910669 1.96616018 -9.240448
v 1.19910669 1.93937099 -9.240448
v 1.19910669 1.96616018 -9.240448
v 1.22682524 1.96386766 -9.21683693
v 1.22682571 1.93623507 -9.21683598
v -0.410630912 1.56879091 -1.19707513
v -0.410629392 1.90338922 -8.82725143
v 1.22682464 1.88861895 -8.82725143
v 1.22682834 1.60125709 -1.19707441
v -0.652264297 1.54030037 -1.19707525
v -0.702244461 1.64410806 -1.19657969
v -0.70224297 2.00204706 -8.82882786
v -0.652262807 1.9092989 -8.82725143
v 1.68418097 1.61032522 -1.19707417
v 1.68418097 1.66149175 -1.19707513
v 1.84216428 1.59572494 -0.960134327
v 1.84216428 1.54257953 -0.93481499
v -0.702244461 1.64410806 -1.19657969
v -0.652264297 1.54030037 -1.19707525
v -0.644972086 1.50829363 -0.792957485
v -0.658734083 1.6833601 -0.790547431
v -0.268692106 2.20771384 -8.82725143
v -0.268693626 1.8918438 -1.19707549
v 1.22682834 1.71543884 -1.19707513
v 1.22682464 1.99200761 -8.82725239
v -0.333245546 1.87100029 -0.813911021
v -0.658734083 1.6833601 -0.790547431
v -0.295954049 1.63002348 -0.593274653
v -0.149007633 1.64837623 -0.592777014
v -0.478177369 1.54038715 -0.80416882
v 1.84216428 1.54257953 -0.93481499
v 0.73692292 1.64641023 -0.659517288
v -0.152677849 1.5129838 -0.579092979
v -0.658734083 1.6833601 -0.790547431
v -0.644972086 1.50829363 -0.792957485
v -0.282379001 1.5102222 -0.578533411
v -0.295954049 1.63002348 -0.593274653
v 1.84216428 1.54257953 -0.93481499
v 1.84216428 1.59572494 -0.960134327
v 0.73692292 1.6741786 -0.695888102
v 0.73692292 1.64641023 -0.659517288
v -0.644972086 1.50829363 -0.792957485
v -0.478177369 1.54038715 -0.80416882
v -0.152677849 1.5129838 -0.579092979
v -0.282379001 1.5102222 -0.578533411
v 1.84216428 1.59572494 -0.960134327
v -0.333245546 1.87100029 -0.813911021
v -0.149007633 1.64837623 -0.592777014
v 0.73692292 1.6741786 -0.695888102
v -0.70224297 2.00204706 -8.82882786
v -0.702244461 1.64410806 -1.19657969
v -0.268693626 1.8918438 -1.19707549
v -0.268692106 2.20771384 -8.82725143
v -0.652264297 1.54030037 -1.19707525
v -0.652262807 1.9092989 -8.82725143
v -0.410629392 1.90338922 -8.82725143
v -0.410630912 1.56879091 -1.19707513
v -0.687172949 2.04018426 -9.26089287
v -0.70224297 2.00204706 -8.82882786
v -0.268692106 2.20771384 -8.82725143
v -0.350592136 2.12748384 -9.39814281
v -0.652264297 1.54030037 -1.19707525
v -0.410630912 1.56879091 -1.19707513
v -0.478177369 1.54038715 -0.80416882
v -0.644972086 1.50829363 -0.792957485
v 1.68418097 1.66149175 -1.19707513
v 1.22682834 1.71543884 -1.19707513
v -0.268693626 1.8918438 -1.19707549
v -0.333245546 1.87100029 -0.813911021
v 1.84216428 1.59572494 -0.960134327
v -0.652262807 1.9092989 -8.82725143
v -0.584569514 1.99570513 -9.25800037
v -0.269187927 2.0226841 -9.39814281
v -0.410629392 1.90338922 -8.82725143
v -0.584569514 1.99570513 -9.25800037
v -0.687172949 2.04018426 -9.26089287
v -0.350592136 2.12748384 -9.39814281
v -0.269187927 2.0226841 -9.39814281
v -0.282379001 1.5102222 -0.578533411
v -0.152677849 1.5129838 -0.579092979
v -0.149007633 1.64837623 -0.592777014
v -0.295954049 1.63002348 -0.593274653
v 0.73692292 1.64641023 -0.659517288
v 0.73692292 1.6741786 -0.695888102
v -0.149007633 1.64837623 -0.592777014
v -0.152677849 1.5129838 -0.579092979
v 5.68857241 1.74751091 -0.42774725
v 5.46959639 1.68469131 -0.578832269
v 5.46959639 1.71624029 -0.299999118
v -1.31253552 1.62426889 -0.880676925
v -1.31221986 1.48840368 -1.10422277
v -1.53403306 1.49216783 -0.889576554
v -2.54581666 0.210744128 -1.03300452
v -2.54490304 0.310744047 -1.01409471
v -2.34581685 0.310744017 -1.14155293
v -2.34581685 0.210744113 -1.20033431
v -2.54399037 0.110744104 -1.01208854
v -2.54581666 0.110744104 -1.01610088
v -2.34581685 0.110744089 -1.14155293
v -2.34398961 0.110744089 -1.03357697
v -2.54490304 0.310744047 -1.01409471
v -2.34398961 0.310744017 -1.03357697
v -2.34581685 0.310744017 -1.14155293
v -2.34581685 0.110744089 -1.14155293
v -2.34581685 0.210744113 -1.20033431
v -2.11098218 0.210744098 -1.20033419
v -2.11098218 0.110744067 -1.14155293
v -2.54581666 0.110744104 -1.01610088
v -2.54581666 0.210744128 -1.03300452
v -2.34581685 0.210744113 -1.20033431
v -2.34581685 0.110744089 -1.14155293
v -2.11098218 0.210744098 -1.20033419
v -2.11098218 0.310743988 -1.14155293
v -2.11098218 0.282185137 -1.14121413
v -2.11098218 0.210743979 -1.14160573
v -2.34398961 0.110744089 -1.03357697
v -2.34581685 0.110744089 -1.14155293
v -2.11098218 0.110744067 -1.14155293
v -2.10915589 0.110744067 -1.03357697
v -2.34581685 0.210744113 -1.20033431
v -2.34581685 0.310744017 -1.14155293
v -2.11098218 0.310743988 -1.14155293
v -2.11098218 0.210744098 -1.20033419
v -2.34581685 0.310744017 -1.14155293
v -2.34398961 0.310744017 -1.03357697
v -2.10915589 0.310743988 -1.03357697
v -2.11098218 0.310743988 -1.14155293
v -2.10915589 0.139302924 -1.03357697
v -2.11098218 0.139302924 -1.14121413
v -2.01132417 0.147107899 -1.11868167
v -2.00949788 0.147107899 -1.03357697
v -2.11098218 0.310743988 -1.14155293
v -2.10915589 0.310743988 -1.03357697
v -2.10915589 0.282185137 -1.03357697
v -2.11098218 0.282185137 -1.14121413
v -2.11098218 0.110744067 -1.14155293
v -2.11098218 0.210744098 -1.20033419
v -2.11098218 0.210743979 -1.14160573
v -2.11098218 0.139302924 -1.14121413
v -2.10915589 0.110744067 -1.03357697
v -2.11098218 0.110744067 -1.14155293
v -2.11098218 0.139302924 -1.14121413
v -2.10915589 0.139302924 -1.03357697
v -1.97645795 0.210743964 -1.11903048
v -2.01132417 0.274380147 -1.11868167
v -2.00949788 0.274380147 -1.03357697
v -1.97463167 0.210743964 -1.03357697
v -2.01132417 0.147107899 -1.11868167
v -1.97645795 0.210743964 -1.11903048
v -1.97463167 0.210743964 -1.03357697
v -2.00949788 0.147107899 -1.03357697
v -2.11098218 0.210743979 -1.14160573
v -2.11098218 0.282185137 -1.14121413
v -2.01132417 0.274380147 -1.11868167
v -1.97645795 0.210743964 -1.11903048
v -2.11098218 0.282185137 -1.14121413
v -2.10915589 0.282185137 -1.03357697
v -2.00949788 0.274380147 -1.03357697
v -2.01132417 0.274380147 -1.11868167
v -2.11098218 0.139302924 -1.14121413
v -2.11098218 0.210743979 -1.14160573
v -1.97645795 0.210743964 -1.11903048
v -2.01132417 0.147107899 -1.11868167
v 1.68418097 1.61032522 -1.19707417
v 1.22682834 1.60125709 -1.19707441
v 1.22682834 1.71543884 -1.19707513
v 1.68418097 1.66149175 -1.19707513
v 1.22682464 1.88861895 -8.82725143
v 1.22682464 1.99200761 -8.82725239
v 1.22682834 1.71543884 -1.19707513
v 1.22682834 1.60125709 -1.19707441
v 1.22682524 1.96386766 -9.21683693
v 1.22682464 1.99200761 -8.82725239
v 1.22682464 1.88861895 -8.82725143
v 1.22682571 1.93623507 -9.21683598
v 7.47738934 1.93994713 -0.29999873
v 7.47738934 1.95323849 -0.600296974
v 7.47738934 2.03109527 -0.600296974
v 7.47738934 2.04438663 -0.29999873
v 7.47738934 1.95323849 -0.600296974
v 7.47738981 1.99874187 -3.39029288
v 7.47738981 2.03174305 -3.39029288
v 7.47738934 2.03109527 -0.600296974
v 7.47738981 1.99874187 -3.39029288
v 7.69126463 2.01584148 -3.80440021
v 7.69126415 2.02523255 -3.80440021
v 7.47738981 2.03174305 -3.39029288
v 7.69126463 2.01584148 -3.80440021
v 7.70115328 2.02078271 -3.82354784
v 7.69126415 2.02523255 -3.80440021
v 8.02112961 0.643883109 -0.361413956
v 7.96444273 1.09734857 -0.417476058
v 7.96444273 1.09734857 -0.299998641
v 8.02705002 0.649958968 -0.299998641
v 7.90643644 1.5407809 -0.429530501
v 7.90643644 1.5407809 -0.299998641
v 7.96444273 1.09734857 -0.299998641
v 7.96444273 1.09734857 -0.417476058
v 7.88068247 1.7189492 -0.414767802
v 7.88068247 1.7189492 -0.299998671
v 7.90643644 1.5407809 -0.299998641
v 7.90643644 1.5407809 -0.429530501
v 7.86046457 1.84106982 -0.401858896
v 7.86046457 1.84106982 -0.299998671
v 7.88068247 1.7189492 -0.299998671
v 7.88068247 1.7189492 -0.414767802
v 7.7434001 2.89603209 -0.361453444
v 7.7434001 2.89603209 -0.299998671
v 7.86046457 1.84106982 -0.299998671
v 7.86046457 1.84106982 -0.401858896
v 7.67549324 3.49744058 -0.361453444
v 7.67549324 3.49744058 -0.299998701
v 7.7434001 2.89603209 -0.299998671
v 7.7434001 2.89603209 -0.361453444
v 7.6356163 3.86011767 -0.321089566
v 7.6356163 3.86011767 -0.299998701
v 7.67549324 3.49744058 -0.299998701
v 7.67549324 3.49744058 -0.361453444
v 7.6356163 3.88273072 -0.299998701
v 7.6356163 3.86011767 -0.299998701
v 7.6356163 3.86011767 -0.321089566
v -0.52334106 -0.434573323 -1.15058017
v -0.529065013 -0.417714983 -1.14146781
v -0.547875285 -0.424475342 -1.14077663
v -0.542151332 -0.441333681 -1.14988899
v -0.542151332 -0.441333681 -1.14988899
v -0.547875285 -0.424475342 -1.14077663
v -0.0940758958 1.79164922 -5.91627645
v -0.107509352 1.77944529 -5.92468023
v -0.107509352 1.77944529 -5.92468023
v -0.0940758958 1.79164922 -5.91627645
v -0.0796282068 1.77834332 -5.92004824
v -0.0930611864 1.76613939 -5.92845249
v -0.0930611864 1.76613939 -5.92845249
v -0.0796282068 1.77834332 -5.92004824
v -0.529065013 -0.417714983 -1.14146781
v -0.52334106 -0.434573323 -1.15058017
v -0.542151332 -0.441333681 -1.14988899
v -0.107509352 1.77944529 -5.92468023
v -0.0930611864 1.76613939 -5.92845249
v -0.52334106 -0.434573323 -1.15058017
v -0.0940758958 1.79164922 -5.91627645
v -0.547875285 -0.424475342 -1.14077663
v -0.529065013 -0.417714983 -1.14146781
v -0.0796282068 1.77834332 -5.92004824
v 1.43884146 -0.434573501 -1.15057969
v 1.43311751 -0.417715162 -1.14146745
v 1.41430724 -0.424475521 -1.14077616
v 1.42003119 -0.44133386 -1.14988852
v 1.42003119 -0.44133386 -1.14988852
v 1.41430724 -0.424475521 -1.14077616
v 0.755215883 1.79164922 -5.91627645
v 0.741782427 1.77944529 -5.92468023
v 0.741782427 1.77944529 -5.92468023
v 0.755215883 1.79164922 -5.91627645
v 0.769663572 1.77834332 -5.92004824
v 0.756230593 1.76613939 -5.92845249
v 0.756230593 1.76613939 -5.92845249
v 0.769663572 1.77834332 -5.92004824
v 1.43311751 -0.417715162 -1.14146745
v 1.43884146 -0.434573501 -1.15057969
v 1.42003119 -0.44133386 -1.14988852
v 0.741782427 1.77944529 -5.92468023
v 0.756230593 1.76613939 -5.92845249
v 1.43884146 -0.434573501 -1.15057969
v 0.755215883 1.79164922 -5.91627645
v 1.41430724 -0.424475521 -1.14077616
v 1.43311751 -0.417715162 -1.14146745
v 0.769663572 1.77834332 -5.92004824
v 1.43200898 1.55962086 -0.812579989
v 1.42628503 1.57801998 -0.81793797
v 1.40747476 1.57369459 -0.812696576
v 1.41319871 1.55529535 -0.807338595
v 1.41319871 1.55529535 -0.807338595
v 1.40747476 1.57369459 -0.812696576
v 0.826173842 -0.0608713925 -5.58218575
v 0.812740386 -0.0754602253 -5.57959366
v 0.812740386 -0.0754602253 -5.57959366
v 0.826173842 -0.0608713925 -5.58218575
v 0.840621531 -0.0729904473 -5.5755229
v 0.827188551 -0.087579757 -5.57293081
v 0.827188551 -0.087579757 -5.57293081
v 0.840621531 -0.0729904473 -5.5755229
v 1.42628503 1.57801998 -0.81793797
v 1.43200898 1.55962086 -0.812579989
v 1.41319871 1.55529535 -0.807338595
v 0.812740386 -0.0754602253 -5.57959366
v 0.827188551 -0.087579757 -5.57293081
v 1.43200898 1.55962086 -0.812579989
v 0.826173842 -0.0608713925 -5.58218575
v 1.40747476 1.57369459 -0.812696576
v 1.42628503 1.57801998 -0.81793797
v 0.840621531 -0.0729904473 -5.5755229
v -0.35970667 1.49075139 -0.958014429
v -0.365430623 1.50915039 -0.963372409
v -0.384240896 1.504825 -0.958131015
v -0.378516942 1.48642576 -0.952773035
v -0.378516942 1.48642576 -0.952773035
v -0.384240896 1.504825 -0.958131015
v -0.227816045 -0.0395411998 -5.56652689
v -0.241249502 -0.0541300327 -5.5639348
v -0.241249502 -0.0541300327 -5.5639348
v -0.227816045 -0.0395411998 -5.56652689
v -0.213368356 -0.051660493 -5.55986404
v -0.226801336 -0.0662497878 -5.55727196
v -0.226801336 -0.0662497878 -5.55727196
v -0.213368356 -0.051660493 -5.55986404
v -0.365430623 1.50915039 -0.963372409
v -0.35970667 1.49075139 -0.958014429
v -0.378516942 1.48642576 -0.952773035
v -0.241249502 -0.0541300327 -5.5639348
v -0.226801336 -0.0662497878 -5.55727196
v -0.35970667 1.49075139 -0.958014429
v -0.227816045 -0.0395411998 -5.56652689
v -0.384240896 1.504825 -0.958131015
v -0.365430623 1.50915039 -0.963372409
v -0.213368356 -0.051660493 -5.55986404
v 1.17463028 0.610548913 -3.47764659
v 1.17463028 0.652975261 -3.43522024
v -0.392454475 0.65297538 -3.43522048
v -0.392454445 0.610549033 -3.47764683
v -0.392454445 0.610549033 -3.47764683
v -0.392454475 0.65297538 -3.43522048
v -0.392454445 0.695401669 -3.47764683
v -0.392454445 0.65297538 -3.52007318
v -0.392454445 0.65297538 -3.52007318
v -0.392454445 0.695401669 -3.47764683
v 1.17463028 0.695401669 -3.47764659
v 1.17463028 0.652975261 -3.52007294
v 1.17463028 0.652975261 -3.52007294
v 1.17463028 0.695401669 -3.47764659
v 1.17463028 0.652975261 -3.43522024
v 1.17463028 0.610548913 -3.47764659
v -0.392454445 0.610549033 -3.47764683
v -0.392454445 0.65297538 -3.52007318
v 1.17463028 0.652975261 -3.52007294
v 1.17463028 0.610548913 -3.47764659
v -0.392454445 0.695401669 -3.47764683
v -0.392454475 0.65297538 -3.43522048
v 1.17463028 0.652975261 -3.43522024
v 1.17463028 0.695401669 -3.47764659
v -0.395663589 -0.417577654 1.06161678
v -0.392058164 -0.417577714 0.798926353
v -0.297264814 -0.362881154 0.798926473
v -0.30087024 -0.362881154 1.0616169
v -0.30087024 -0.362881154 1.0616169
v -0.297264814 -0.362881154 0.798926473
v -0.639399827 -0.362880856 0.793121934
v -0.643005669 -0.362880856 1.05581272
v -0.734193146 -0.417577416 0.793121934
v -0.737798989 -0.417577416 1.05581272
v -0.643005669 -0.362880856 1.05581272
v -0.639399827 -0.362880856 0.793121934
v -0.392058164 -0.417577714 0.798926353
v -0.734193146 -0.417577416 0.793121934
v -0.639399827 -0.362880856 0.793121934
v -0.297264814 -0.362881154 0.798926473
v -0.737798989 -0.417577416 1.05581272
v -0.395663589 -0.417577654 1.06161678
v -0.30087024 -0.362881154 1.0616169
v -0.643005669 -0.362880856 1.05581272
v 0.868704259 -0.125799626 -7.2064805
v 0.868703187 -0.523691535 -1.64167154
v 0.868703187 -0.532052517 -1.52473688
v -0.36823824 -0.566559792 -1.72446644
v -0.371103853 -0.126431644 -7.29264545
v 0.887360513 -0.0980506241 -7.38311291
v 0.868704259 -0.125799626 -7.2064805
v -0.371103853 -0.126431644 -7.29264545
v -0.372491866 -0.0227088332 -7.63550663
v 0.887360513 -0.0980506241 -7.38311291
v 1.37878346 -0.448660642 -1.64167142
v 0.845073164 -0.396262914 -1.64167154
v 0.845075786 -0.403276175 -1.53130352
v 1.38156819 -0.46146068 -1.44192433
v 0.845073164 -0.396262914 -1.64167154
v 1.37878346 -0.448660642 -1.64167142
v 1.37878346 -0.504084945 -1.64166999
v 0.868703187 -0.523691535 -1.64167154
v 0.844943225 -0.0424176902 -7.21015882
v 0.845073164 -0.396262914 -1.64167154
v 0.868703187 -0.523691535 -1.64167154
v 0.868704259 -0.125799626 -7.2064805
v 0.886851728 -0.069158107 -7.37204361
v 0.844943225 -0.0424176902 -7.21015882
v 0.868704259 -0.125799626 -7.2064805
v 0.887360513 -0.0980506241 -7.38311291
v 6.43578053 2.01524258 2.78852558
v 6.49971771 2.02093863 3.13766646
v 6.62992287 2.03707457 3.07719231
v 6.59162712 2.03938556 2.78852558
v 6.93032503 2.02093863 3.33727002
v 7.68603897 2.02093863 3.23568988
v 7.65231133 2.02547526 3.23568988
v 6.93132401 2.03879285 3.20040464
v 6.71253967 1.98852861 2.78852558
v 7.47738886 1.99874187 2.79029536
v 7.69126368 2.01584148 3.20440269
v 7.65231133 2.01640177 3.23568988
v 6.93132401 2.00308466 3.20040464
v 6.71254015 2.05477309 0.0191622972
v 7.47738934 2.03109527 0.000299543142
v 7.47738934 2.04438663 -0.29999873
v 6.64061069 2.11889458 -0.299998909
v 6.5916276 2.04874802 0.0191622674
v 6.71254015 2.05477309 0.0191622972
v 6.64061069 2.11889458 -0.299998909
v 6.4501667 2.10669875 -0.299998939
v 6.59162712 1.99109948 2.78852558
v 6.71253967 1.98852861 2.78852558
v 6.93132401 2.00308466 3.20040464
v 6.62992287 2.00480294 3.07719231
v 6.49971771 2.02093863 3.13766646
v 6.93032503 2.02093863 3.33727002
v 6.93132401 2.03879285 3.20040464
v 6.62992287 2.03707457 3.07719231
v 6.62992287 2.00480294 3.07719231
v 6.93132401 2.00308466 3.20040464
v 6.93032503 2.02093863 3.33727002
v 6.49971771 2.02093863 3.13766646
v 6.93132401 2.00308466 3.20040464
v 7.65231133 2.01640177 3.23568988
v 7.68603897 2.02093863 3.23568988
v 6.93032503 2.02093863 3.33727002
v 6.59162712 1.99109948 2.78852558
v 6.62992287 2.00480294 3.07719231
v 6.49971771 2.02093863 3.13766646
v 6.43578053 2.01524258 2.78852558
v 6.4501667 1.87763524 -0.299998939
v 6.5916276 1.93558598 0.0191622674
v 6.435781 1.992167 0.0191622376
v 6.16724491 1.9821769 -0.299998999
v 6.4501667 1.87763524 -0.299998939
v 6.64061069 1.86543941 -0.299998909
v 6.71254015 1.9295609 0.0191622972
v 6.5916276 1.93558598 0.0191622674
v 6.59162712 2.03938556 2.78852558
v 6.7125392 2.04195642 2.78852558
v 6.71254015 2.05477309 0.0191622972
v 6.5916276 2.04874802 0.0191622674
v 6.7125392 2.04195642 2.78852558
v 7.47738886 2.03174305 2.79029536
v 7.47738934 2.03109527 0.000299543142
v 6.71254015 2.05477309 0.0191622972
v 6.64061069 1.86543941 -0.299998909
v 7.47738934 1.93994713 -0.29999873
v 7.47738934 1.95323849 0.000299543142
v 6.71254015 1.9295609 0.0191622972
v 6.16724491 1.9821769 -0.299998999
v 6.435781 1.992167 0.0191622376
v 6.5916276 2.04874802 0.0191622674
v 6.4501667 2.10669875 -0.299998939
v 7.68603897 2.02093863 3.23568988
v 7.70115232 2.02078271 3.22355032
v 7.6912632 2.02523255 3.20440269
v 7.65231133 2.02547526 3.23568988
v 6.93132401 2.03879285 3.20040464
v 7.65231133 2.02547526 3.23568988
v 7.6912632 2.02523255 3.20440269
v 7.47738886 2.03174305 2.79029536
v 6.7125392 2.04195642 2.78852558
v 6.62992287 2.03707457 3.07719231
v 6.93132401 2.03879285 3.20040464
v 6.7125392 2.04195642 2.78852558
v 6.59162712 2.03938556 2.78852558
v 7.65231133 2.01640177 3.23568988
v 7.69126368 2.01584148 3.20440269
v 7.70115232 2.02078271 3.22355032
v 7.68603897 2.02093863 3.23568988
v 6.5916276 1.93558598 0.0191622674
v 6.59162712 1.99109948 2.78852558
v 6.43578053 2.01524258 2.78852558
v 6.435781 1.992167 0.0191622376
v 6.5916276 1.93558598 0.0191622674
v 6.71254015 1.9295609 0.0191622972
v 6.71253967 1.98852861 2.78852558
v 6.59162712 1.99109948 2.78852558
v 6.71254015 1.9295609 0.0191622972
v 7.47738934 1.95323849 0.000299543142
v 7.47738886 1.99874187 2.79029536
v 6.71253967 1.98852861 2.78852558
v 6.435781 1.992167 0.0191622376
v 6.43578053 2.01524258 2.78852558
v 6.59162712 2.03938556 2.78852558
v 6.5916276 2.04874802 0.0191622674
v -0.894999802 -1.70028961 -1.93000531
v -0.954999268 -1.70028961 -1.93000543
v -0.954999268 -1.65139234 -1.92875516
v -0.894999802 -1.65139234 -1.92875504
v -0.954999268 -1.70028961 -1.93000543
v -1.04281008 -0.634281278 -0.384948373
v -1.04280996 -0.58538425 -0.419720292
v -0.954999268 -1.65139234 -1.92875516
v -0.982809603 -0.634281278 -0.384948373
v -0.894999802 -1.70028961 -1.93000531
v -0.894999802 -1.65139234 -1.92875504
v -0.982809603 -0.58538425 -0.419720292
v -0.954999268 -1.70028961 -1.93000543
v -0.894999802 -1.70028961 -1.93000531
v -0.982809603 -0.634281278 -0.384948373
v -1.04281008 -0.634281278 -0.384948373
v -1.04280996 -0.58538425 -0.419720292
v -0.982809603 -0.58538425 -0.419720292
v -0.894999802 -1.65139234 -1.92875504
v -0.954999268 -1.65139234 -1.92875516
v -1.04280996 -0.58538425 -0.419720292
v -1.07961416 -0.519102454 -0.372296721
v -0.946005404 -0.519102454 -0.372296691
v -0.982809603 -0.58538425 -0.419720292
v -0.844584763 -1.71637666 -1.94068837
v -0.898038208 -1.71637666 -1.91343474
v -0.897469819 -1.6674794 -1.91232085
v -0.844016373 -1.6674794 -1.9395746
v -0.898038208 -1.71637666 -1.91343474
v -0.29828313 -0.628785133 -0.395870775
v -0.314077407 -0.59313941 -0.426848412
v -0.897469819 -1.6674794 -1.91232085
v -0.244829684 -0.628784895 -0.423124492
v -0.172904059 -0.521807671 -0.363082677
v -0.29193455 -0.521807671 -0.302393317
v -0.29828313 -0.628785133 -0.395870775
v -0.244829684 -0.628784895 -0.423124492
v -0.844584763 -1.71637666 -1.94068837
v -0.844016373 -1.6674794 -1.9395746
v -0.260624439 -0.593139648 -0.454102278
v -0.898038208 -1.71637666 -1.91343474
v -0.844584763 -1.71637666 -1.94068837
v -0.244829684 -0.628784895 -0.423124492
v -0.29828313 -0.628785133 -0.395870775
v -0.314077407 -0.59313941 -0.426848412
v -0.260624439 -0.593139648 -0.454102278
v -0.844016373 -1.6674794 -1.9395746
v -0.897469819 -1.6674794 -1.91232085
v -0.314077407 -0.59313941 -0.426848412
v -0.325324595 -0.518707752 -0.367881745
v -0.20629409 -0.518707991 -0.428571165
v -0.260624439 -0.593139648 -0.454102278
v -0.29828313 -0.628785133 -0.395870775
v -0.29193455 -0.521807671 -0.302393317
v -0.325324595 -0.518707752 -0.367881745
v -0.314077407 -0.59313941 -0.426848412
v -0.260624439 -0.593139648 -0.454102278
v -0.20629409 -0.518707991 -0.428571165
v -0.172904059 -0.521807671 -0.363082677
v -0.244829684 -0.628784895 -0.423124492
v -0.875058472 -1.68975437 -1.98170853
v -0.932465851 -1.66701162 -1.98179746
v -0.823052704 -1.39044106 -1.88194287
v -0.765646279 -1.41318369 -1.88185382
v -0.932465851 -1.66701162 -1.98179746
v -0.939782441 -1.68525159 -1.92326069
v -0.830369294 -1.40868104 -1.8234061
v -0.823052704 -1.39044106 -1.88194287
v -0.939782441 -1.68525159 -1.92326069
v -0.882375062 -1.70799434 -1.92317176
v -0.772962868 -1.43142366 -1.82331717
v -0.830369294 -1.40868104 -1.8234061
v -0.882375062 -1.70799434 -1.92317176
v -0.875058472 -1.68975437 -1.98170853
v -0.765646279 -1.41318369 -1.88185382
v -0.772962868 -1.43142366 -1.82331717
v -0.932465851 -1.66701162 -1.98179746
v -0.875058472 -1.68975437 -1.98170853
v -0.882375062 -1.70799434 -1.92317176
v -0.939782441 -1.68525159 -1.92326069
v -0.823052704 -1.39044106 -1.88194287
v -0.866327584 -1.32670057 -1.88865089
v -0.687913239 -1.39738226 -1.88837457
v -0.765646279 -1.41318369 -1.88185382
v -0.880243599 -1.35292137 -1.79331899
v -0.758082688 -0.620953441 -1.53001344
v -0.758145154 -0.58357656 -1.64751029
v -0.866327584 -1.32670057 -1.88865089
v -0.765646279 -1.41318369 -1.88185382
v -0.687913239 -1.39738226 -1.88837457
v -0.701828301 -1.42360282 -1.79304254
v -0.772962868 -1.43142366 -1.82331717
v -0.830369294 -1.40868104 -1.8234061
v -0.880243599 -1.35292137 -1.79331899
v -0.866327584 -1.32670057 -1.88865089
v -0.823052704 -1.39044106 -1.88194287
v -0.772962868 -1.43142366 -1.82331717
v -0.701828301 -1.42360282 -1.79304254
v -0.880243599 -1.35292137 -1.79331899
v -0.830369294 -1.40868104 -1.8234061
v -0.566180527 -0.619810462 -1.529737
v -0.392057747 -0.417577714 -1.39892697
v -0.734192669 -0.417577416 -1.39312255
v -0.758082688 -0.620953441 -1.53001344
v -0.701828301 -1.42360282 -1.79304254
v -0.566180527 -0.619810462 -1.529737
v -0.758082688 -0.620953441 -1.53001344
v -0.880243599 -1.35292137 -1.79331899
v -0.866327584 -1.32670057 -1.88865089
v -0.758145154 -0.58357656 -1.64751029
v -0.566242993 -0.582433581 -1.64723396
v -0.687913239 -1.39738226 -1.88837457
v -0.687913239 -1.39738226 -1.88837457
v -0.566242993 -0.582433581 -1.64723396
v -0.566180527 -0.619810462 -1.529737
v -0.701828301 -1.42360282 -1.79304254
v -0.758145154 -0.58357656 -1.64751029
v -0.737798512 -0.417577416 -1.65581334
v -0.395663053 -0.417577654 -1.6616174
v -0.566242993 -0.582433581 -1.64723396
v -0.566242993 -0.582433581 -1.64723396
v -0.395663053 -0.417577654 -1.6616174
v -0.392057747 -0.417577714 -1.39892697
v -0.566180527 -0.619810462 -1.529737
v -0.758082688 -0.620953441 -1.53001344
v -0.734192669 -0.417577416 -1.39312255
v -0.737798512 -0.417577416 -1.65581334
v -0.758145154 -0.58357656 -1.64751029
v -0.982809603 -0.634281278 -0.384948373
v -0.903633654 -0.576847911 -0.30000037
v -1.03620577 -0.576847911 -0.300000399
v -1.04281008 -0.634281278 -0.384948373
v -0.982809603 -0.58538425 -0.419720292
v -0.946005404 -0.519102454 -0.372296691
v -0.825129092 -0.52635324 -0.30000034
v -0.903633654 -0.576847911 -0.30000037
v -0.982809603 -0.634281278 -0.384948373
v -1.04281008 -0.634281278 -0.384948373
v -1.03620577 -0.576847911 -0.300000399
v -1.07961416 -0.519102454 -0.300000399
v -1.07961416 -0.519102454 -0.372296721
v -1.04280996 -0.58538425 -0.419720292
v 7.34504509 1.7489723 1.18759203
v 7.00593805 1.74712634 1.1850971
v 6.68033075 1.96670556 1.50646043
v 7.47161627 2.00451446 1.50646055
v 7.00593805 1.74712634 1.1850971
v 7.00593805 1.71710038 1.2073164
v 6.68033075 1.96670556 1.5695945
v 6.68033075 1.96670556 1.50646043
v 7.00593805 1.71710038 1.2073164
v 7.34504509 1.71894634 1.20981121
v 7.47161627 2.00451446 1.56959462
v 6.68033075 1.96670556 1.5695945
v 7.34504509 1.71894634 1.20981121
v 7.34504509 1.7489723 1.18759203
v 7.47161627 2.00451446 1.50646055
v 7.47161627 2.00451446 1.56959462
v 7.34504509 1.7489723 1.18759203
v 7.476583 1.25462854 0.427215874
v 7.3071866 1.23123944 0.389927924
v 7.00593805 1.74712634 1.1850971
v 7.3071866 1.23123944 0.389927924
v 7.48869658 0.901706696 -0.179840893
v 7.48869658 0.868720055 -0.158078879
v 7.3071866 1.20138228 0.40865612
v 7.00593805 1.71710038 1.2073164
v 7.3071866 1.20138228 0.40865612
v 7.476583 1.22477138 0.44594419
v 7.34504509 1.71894634 1.20981121
v 7.34504509 1.71894634 1.20981121
v 7.476583 1.22477138 0.44594419
v 7.476583 1.25462854 0.427215874
v 7.34504509 1.7489723 1.18759203
v 7.00593805 1.74712634 1.1850971
v 7.3071866 1.23123944 0.389927924
v 7.3071866 1.20138228 0.40865612
v 7.00593805 1.71710038 1.2073164
v 7.3071866 1.20138228 0.40865612
v 7.48869658 0.868720055 -0.158078879
v 7.59583235 0.889739156 -0.126218632
v 7.476583 1.22477138 0.44594419
v 7.476583 1.25462854 0.427215874
v 7.59583235 0.922725558 -0.147980645
v 7.48869658 0.901706696 -0.179840893
v 7.3071866 1.23123944 0.389927924
v 7.476583 1.22477138 0.44594419
v 7.59583235 0.889739156 -0.126218632
v 7.59583235 0.922725558 -0.147980645
v 7.476583 1.25462854 0.427215874
v 0.319199473 0.135575533 4.9904027
v 0.0763124675 0.146869212 4.99268436
v 0.146852463 1.6038239 5.29027653
v 0.389739484 1.59253049 5.28799438
v 0.0763124675 0.146869212 4.99268436
v 0.0763639435 0.138226539 5.04093838
v 0.146903947 1.59518147 5.33853054
v 0.146852463 1.6038239 5.29027653
v 0.0763639435 0.138226539 5.04093838
v 0.319250971 0.126932859 5.03865671
v 0.389790982 1.58388782 5.33624887
v 0.146903947 1.59518147 5.33853054
v 0.319250971 0.126932859 5.03865671
v 0.319199473 0.135575533 4.9904027
v 0.389739484 1.59253049 5.28799438
v 0.389790982 1.58388782 5.33624887
v 0.0763124675 0.146869212 4.99268436
v 0.0446642973 0.0486939251 4.97272873
v 0.0447157882 0.0400512516 5.02098274
v 0.0763639435 0.138226539 5.04093838
v 0.146852463 1.6038239 5.29027653
v 0.065782994 1.70998096 5.31023693
v 0.480669469 1.6906898 5.30633926
v 0.389739484 1.59253049 5.28799438
v 0.480669469 1.6906898 5.30633926
v 0.72973299 1.78698921 5.32290745
v 0.729784429 1.77834654 5.37116146
v 0.480720967 1.68204737 5.35459328
v 0.389739484 1.59253049 5.28799438
v 0.480669469 1.6906898 5.30633926
v 0.480720967 1.68204737 5.35459328
v 0.389790982 1.58388782 5.33624887
v 0.146903947 1.59518147 5.33853054
v 0.065834485 1.70133829 5.35849094
v 0.065782994 1.70998096 5.31023693
v 0.146852463 1.6038239 5.29027653
v 0.389790982 1.58388782 5.33624887
v 0.480720967 1.68204737 5.35459328
v 0.065834485 1.70133829 5.35849094
v 0.146903947 1.59518147 5.33853054
v 0.065834485 1.70133829 5.35849094
v -0.172865421 1.82031727 5.37964106
v -0.172916919 1.82895994 5.33138704
v 0.065782994 1.70998096 5.31023693
v 0.480720967 1.68204737 5.35459328
v 0.729784429 1.77834654 5.37116146
v -0.172865421 1.82031727 5.37964106
v 0.065834485 1.70133829 5.35849094
v 0.065782994 1.70998096 5.31023693
v -0.172916919 1.82895994 5.33138704
v 0.72973299 1.78698921 5.32290745
v 0.480669469 1.6906898 5.30633926
v 0.341273695 0.0262622833 5.01819706
v 0.446247011 -0.147862196 4.97680473
v 0.446197897 -0.139519691 4.9302268
v 0.341222227 0.0349047184 4.96994257
v 0.319199473 0.135575533 4.9904027
v 0.341222227 0.0349047184 4.96994257
v 0.0446642973 0.0486939251 4.97272873
v 0.0763124675 0.146869212 4.99268436
v 0.0763639435 0.138226539 5.04093838
v 0.0447157882 0.0400512516 5.02098274
v 0.341273695 0.0262622833 5.01819706
v 0.319250971 0.126932859 5.03865671
v 0.319250971 0.126932859 5.03865671
v 0.341273695 0.0262622833 5.01819706
v 0.341222227 0.0349047184 4.96994257
v 0.319199473 0.135575533 4.9904027
v 0.0446642973 0.0486939251 4.97272873
v -0.0706087053 -0.115489691 4.93508196
v -0.0705591217 -0.123832196 4.98165989
v 0.0447157882 0.0400512516 5.02098274
v 0.0447157882 0.0400512516 5.02098274
v -0.0705591217 -0.123832196 4.98165989
v 0.446247011 -0.147862196 4.97680473
v 0.341273695 0.0262622833 5.01819706
v 0.341222227 0.0349047184 4.96994257
v 0.446197897 -0.139519691 4.9302268
v -0.0706087053 -0.115489691 4.93508196
v 0.0446642973 0.0486939251 4.97272873
v -1.76211774 1.49280679 -0.300000548
v -2.00324869 1.21166408 -0.300000578
v -2.00799227 1.15755486 -0.0187075734
v -1.70926988 1.49216783 -0.0241730511
v -2.00799227 1.15755486 -0.0187075734
v -1.94719374 0.937740207 0.287723601
v -1.5340333 1.49216783 0.289575577
v -1.70926988 1.49216783 -0.0241730511
v -1.94719374 0.937740207 0.287723601
v -1.45215571 1.08500087 0.635710716
v -1.3122201 1.48840368 0.504221916
v -1.5340333 1.49216783 0.289575577
v -1.94719374 0.937740207 0.287723601
v -1.45215571 0.884959698 0.449462354
v -1.45215559 0.992221117 0.543491542
v -1.45215571 1.08500087 0.635710716
v -1.45215559 0.992221117 0.543491542
v -0.692771554 0.978781939 0.513051927
v -0.692771554 1.08500087 0.627580404
v -1.09891665 1.08500087 0.631922185
v -1.45215571 1.08500087 0.635710716
v -1.45215571 0.884959698 0.449462354
v -0.705366731 0.972479582 0.497825444
v -0.692771554 0.978781939 0.513051927
v -1.45215559 0.992221117 0.543491542
v -1.09891653 1.48840368 0.504221916
v -1.3122201 1.48840368 0.504221916
v -1.45215571 1.08500087 0.635710716
v -1.09891665 1.08500087 0.631922185
v -0.692771554 1.08500087 0.627580404
v -0.692771494 1.48840356 0.504222035
v -1.09891653 1.48840368 0.504221916
v -1.09891665 1.08500087 0.631922185
v -0.692771554 1.08500087 0.627580404
v -0.243288115 1.20477235 0.501394808
v -0.242055953 1.46271932 0.442605317
v -0.692771494 1.48840356 0.504222035
v -0.692771554 0.978781939 0.513051927
v -0.692771554 1.08500087 0.627580404
v -0.692771554 1.08500087 0.627580404
v -0.692771554 0.978781939 0.513051927
v -0.243288115 1.20477235 0.501394808
v -0.692771554 1.08500087 0.627580404
v -1.70926988 1.49216783 -0.0241730511
v -1.50155675 1.61480343 -0.0241730213
v -1.5913986 1.65615749 -0.300000489
v -1.76211774 1.49280679 -0.300000548
v -1.50155675 1.61480343 -0.0241730213
v -1.31296575 1.69570506 -0.0241729915
v -1.31296575 1.74285948 -0.300000459
v -1.5913986 1.65615749 -0.300000489
v -1.70926988 1.49216783 -0.0241730511
v -1.5340333 1.49216783 0.289575577
v -1.50155675 1.61480343 -0.0241730213
v -1.31296575 1.69570506 -0.0241729915
v -1.50155675 1.61480343 -0.0241730213
v -1.5340333 1.49216783 0.289575577
v -1.31253576 1.62426889 0.280676067
v -1.31296575 1.69570506 -0.0241729915
v -0.699109495 1.74798465 -0.0241728723
v -0.699109435 1.79461622 -0.30000034
v -1.31296575 1.74285948 -0.300000459
v -0.697866917 1.67220259 0.280676186
v -0.699109495 1.74798465 -0.0241728723
v -1.31296575 1.69570506 -0.0241729915
v -1.31253576 1.62426889 0.280676067
v -1.3122201 1.48840368 0.504221916
v -1.09891653 1.48840368 0.504221916
v -0.692771494 1.48840356 0.504222035
v -0.697866917 1.67220259 0.280676186
v -1.31253576 1.62426889 0.280676067
v -0.692771494 1.48840356 0.504222035
v -0.242055953 1.46271932 0.442605317
v -0.247109413 1.64834976 0.23938036
v -0.697866917 1.67220259 0.280676186
v -0.697866917 1.67220259 0.280676186
v -0.247109413 1.64834976 0.23938036
v -0.248352468 1.70110512 0.0106002092
v -0.699109495 1.74798465 -0.0241728723
v -0.699109495 1.74798465 -0.0241728723
v -0.248352468 1.70110512 0.0106002092
v -0.248352408 1.74773693 -0.30000025
v -0.699109435 1.79461622 -0.30000034
v 6.63674402 0.882517338 0.100197732
v 7.96444273 1.09734857 -0.182521209
v 7.90643644 1.5407809 -0.170466796
v 6.62024736 1.54078102 0.0179115832
v 6.65525484 0.243452549 -0.299998909
v 8.02705002 0.608621716 -0.299998641
v 8.02112961 0.643883109 -0.238583297
v 6.65357065 0.316617489 -0.0610633492
v 6.62024736 1.54078102 0.0179115832
v 7.90643644 1.5407809 -0.170466796
v 7.88068247 1.7189492 -0.18522951
v 6.61292219 1.67870021 -0.0574731231
v 1.58949423 1.54078138 0.518065214
v 3.75153661 1.54078126 0.379178286
v 3.75153685 1.68559194 0.204379201
v 1.58949423 1.77137315 0.276658177
v 1.58949423 -0.508544803 -0.299999893
v 3.75153685 -0.347892553 -0.299999446
v 3.75153613 -0.306796342 0.391291022
v 1.58949351 -0.520650744 0.633644104
v 1.58949399 0.653942704 0.642757118
v 3.75153661 0.665839434 0.512257218
v 3.75153661 1.54078126 0.379178286
v 1.58949423 1.54078138 0.518065214
v 3.75153661 1.54078126 0.379178286
v 5.46959639 1.54078114 0.174933702
v 5.46959639 1.68469131 -0.021165967
v 3.75153685 1.68559194 0.204379201
v 3.75153685 -0.347892553 -0.299999446
v 5.46959639 -0.0321930945 -0.299999118
v 5.46959639 0.0298205316 0.165735543
v 3.75153613 -0.306796342 0.391291022
v 3.75153661 0.665839434 0.512257218
v 5.46959639 0.744606137 0.294784248
v 5.46959639 1.54078114 0.174933702
v 3.75153661 1.54078126 0.379178286
v 5.46959639 1.54078114 0.174933702
v 6.62024736 1.54078102 0.0179115832
v 6.61292219 1.67870021 -0.0574731231
v 5.46959639 1.68469131 -0.021165967
v 5.46959639 -0.0321930945 -0.299999118
v 6.65525484 0.243452549 -0.299998909
v 6.65357065 0.316617489 -0.0610633492
v 5.46959639 0.0298205316 0.165735543
v 5.46959639 0.744606137 0.294784248
v 6.63674402 0.882517338 0.100197732
v 6.62024736 1.54078102 0.0179115832
v 5.46959639 1.54078114 0.174933702
v -1.94199526 0.4306373 0.527602434
v -0.370839268 0.626551688 0.616073728
v -0.370838702 1.45375419 0.438992321
v -1.94199526 0.939090848 0.290284991
v -1.94199514 -0.475113243 -0.300000578
v -0.370838702 -0.555247068 -0.30000025
v -0.370839357 -0.562393904 0.569218159
v -1.94199526 -0.265237153 0.424516559
v -1.94199526 0.939090848 0.290284991
v -0.370838702 1.45375419 0.438992321
v -0.370838612 1.69648266 0.182215035
v -2.00324106 1.16063046 -0.0219090283
v -1.94199526 -0.265237153 0.424516559
v -0.370839357 -0.562393904 0.569218159
v -0.370839268 0.626551688 0.616073728
v -1.94199526 0.4306373 0.527602434
v 5.46959639 0.0298205316 0.165735543
v 6.65357065 0.316617489 -0.0610633492
v 6.63674402 0.882517338 0.100197732
v 5.46959639 0.744606137 0.294784248
v 3.75153613 -0.306796342 0.391291022
v 5.46959639 0.0298205316 0.165735543
v 5.46959639 0.744606137 0.294784248
v 3.75153661 0.665839434 0.512257218
v 1.58949351 -0.520650744 0.633644104
v 3.75153613 -0.306796342 0.391291022
v 3.75153661 0.665839434 0.512257218
v 1.58949399 0.653942704 0.642757118
v 6.65357065 0.316617489 -0.0610633492
v 8.02112961 0.643883109 -0.238583297
v 7.96444273 1.09734857 -0.182521209
v 6.63674402 0.882517338 0.100197732
v -0.370839357 -0.562393904 0.569218159
v 1.58949351 -0.520650744 0.633644104
v 1.58949399 0.653942704 0.642757118
v -0.370839268 0.626551688 0.616073728
v -0.370839268 0.626551688 0.616073728
v 1.58949399 0.653942704 0.642757118
v 1.58949423 1.54078138 0.518065214
v -0.370838702 1.45375419 0.438992321
v -0.370838702 -0.555247068 -0.30000025
v 1.58949423 -0.508544803 -0.299999893
v 1.58949351 -0.520650744 0.633644104
v -0.370839357 -0.562393904 0.569218159
v -0.370838702 1.45375419 0.438992321
v 1.58949423 1.54078138 0.518065214
v 1.58949423 1.77137315 0.276658177
v -0.370838612 1.69648266 0.182215035
v 1.58949423 1.77137315 0.276658177
v 1.58949435 1.83542669 -0.299999893
v -0.370838523 1.76452518 -0.30000025
v -0.370838612 1.69648266 0.182215035
v 6.61292219 1.67870021 -0.0574731231
v 6.62736559 1.75179243 -0.138089925
v 5.68857241 1.74751091 -0.172250926
v 5.46959639 1.68469131 -0.021165967
v 5.46959639 1.68469131 -0.021165967
v 5.46959639 1.71624029 -0.299999118
v 3.75153685 1.7292335 -0.299999446
v 3.75153685 1.68559194 0.204379201
v 3.75153685 1.68559194 0.204379201
v 3.75153685 1.7292335 -0.299999446
v 1.58949435 1.83542669 -0.299999893
v 1.58949423 1.77137315 0.276658177
v -2.00324106 1.16063046 -0.0219090283
v -2.00324106 1.21212447 -0.300000578
v -2.10196829 1.19754994 -0.300000608
v -2.10196829 1.04798436 0.13495928
v -2.10196829 1.19754994 -0.300000608
v -3.21441889 1.0376153 -0.300000817
v -3.21441889 0.90728569 0.110938847
v -2.10196829 1.04798436 0.13495928
v -3.21441889 0.90728569 0.110938847
v -3.21441913 0.566078186 0.358840764
v -2.10196853 0.873057365 0.38621223
v -2.10196829 1.04798436 0.13495928
v -3.21441913 0.566078186 0.358840764
v -3.21441913 0.144322425 0.358840764
v -2.10196853 0.410689533 0.52689451
v -2.10196853 0.873057365 0.38621223
v -3.21441913 0.144322425 0.358840764
v -3.21441889 -0.196884841 0.110939175
v -2.10196853 -0.234980881 0.385514736
v -2.10196853 0.410689533 0.52689451
v -3.21441889 -0.196884841 0.110939175
v -3.21441889 -0.327214926 -0.300000817
v -2.10196829 -0.466954023 -0.300000608
v -2.10196853 -0.234980881 0.385514736
v -3.21441889 1.0376153 -0.300000817
v -3.30574083 0.945767403 -0.300000846
v -3.30574083 0.832979202 0.103155762
v -3.21441889 0.90728569 0.110938847
v 5.68857241 1.74751091 -0.172250926
v 5.87046576 1.84106994 -0.240160003
v 5.71182489 1.84106994 -0.299999088
v 5.46959639 1.71624029 -0.299999118
v 6.63663912 1.84106994 -0.22160539
v 6.96501112 2.89603209 -0.233096957
v 6.37397051 2.89603209 -0.253767192
v 5.87046576 1.84106994 -0.240160003
v 6.62736559 1.75179243 -0.138089925
v 6.63663912 1.84106994 -0.22160539
v 5.87046576 1.84106994 -0.240160003
v 5.68857241 1.74751091 -0.172250926
v 6.96501112 2.89603209 -0.233096957
v 7.09288883 3.49744058 -0.233096927
v 6.66612911 3.49744058 -0.253767133
v 6.37397051 2.89603209 -0.253767192
v 5.87046576 1.84106994 -0.240160003
v 6.37397051 2.89603209 -0.253767192
v 6.22192812 2.89603209 -0.299998969
v 5.71182489 1.84106994 -0.299999088
v 7.09288883 3.49744058 -0.233096927
v 7.26890755 3.89590049 -0.275604129
v 7.02855682 3.8734448 -0.276907325
v 6.66612911 3.49744058 -0.253767133
v 6.37397051 2.89603209 -0.253767192
v 6.66612911 3.49744058 -0.253767133
v 6.55007458 3.49744058 -0.299998909
v 6.22192812 2.89603209 -0.299998969
v 7.26890755 3.89590049 -0.275604129
v 7.6356163 3.86011767 -0.278907835
v 7.6356163 3.88273072 -0.299998701
v 7.25891113 3.90656447 -0.29999879
v 7.26890755 3.89590049 -0.275604129
v 7.25891113 3.90656447 -0.29999879
v 6.87700272 3.81649566 -0.29999885
v 7.02855682 3.8734448 -0.276907325
v 6.66612911 3.49744058 -0.253767133
v 7.02855682 3.8734448 -0.276907325
v 6.87700272 3.81649566 -0.29999885
v 6.55007458 3.49744058 -0.299998909
v 7.86046457 1.84106982 -0.198138416
v 6.63663912 1.84106994 -0.22160539
v 6.62736559 1.75179243 -0.138089925
v 7.88068247 1.7189492 -0.18522951
v 7.7434001 2.89603209 -0.238543928
v 6.96501112 2.89603209 -0.233096957
v 6.63663912 1.84106994 -0.22160539
v 7.86046457 1.84106982 -0.198138416
v 7.88068247 1.7189492 -0.18522951
v 6.62736559 1.75179243 -0.138089925
v 6.61292219 1.67870021 -0.0574731231
v 8.02112961 0.643883109 -0.238583297
v 8.02705002 0.608621716 -0.299998641
v 8.02705002 0.649958968 -0.299998641
v 7.67549324 3.49744058 -0.238543943
v 7.09288883 3.49744058 -0.233096927
v 6.96501112 2.89603209 -0.233096957
v 7.7434001 2.89603209 -0.238543928
v 7.6356163 3.86011767 -0.278907835
v 7.26890755 3.89590049 -0.275604129
v 7.09288883 3.49744058 -0.233096927
v 7.67549324 3.49744058 -0.238543943
v -3.30574083 -0.122578353 0.10315606
v -3.30574107 0.17270498 0.317691982
v -3.30574107 0.537695646 0.317691982
v -3.30574083 0.832979202 0.103155762
v -3.30574083 0.945767403 -0.300000846
v -3.30574083 -0.23536703 -0.300000846
v -3.21441913 0.566078186 0.358840764
v -3.30574107 0.537695646 0.317691982
v -3.30574107 0.17270498 0.317691982
v -3.21441913 0.144322425 0.358840764
v -3.21441889 -0.196884841 0.110939175
v -3.30574083 -0.122578353 0.10315606
v -3.30574083 -0.23536703 -0.300000846
v -3.21441889 -0.327214926 -0.300000817
v -3.21441889 0.90728569 0.110938847
v -3.30574083 0.832979202 0.103155762
v -3.30574107 0.537695646 0.317691982
v -3.21441913 0.566078186 0.358840764
v -3.21441913 0.144322425 0.358840764
v -3.30574107 0.17270498 0.317691982
v -3.30574083 -0.122578353 0.10315606
v -3.21441889 -0.196884841 0.110939175
v 6.61581564 0.154866219 -0.299998909
v 6.61581564 0.154866219 -0.209694445
v 6.61581564 0.351284504 -0.209694445
v 6.61581564 0.351284504 -0.299998909
v 6.61581564 0.154866219 -0.209694445
v 6.81988573 0.154866219 -0.2096944
v 6.81988573 0.351284504 -0.2096944
v 6.61581564 0.351284504 -0.209694445
v 6.81988573 0.154866219 -0.2096944
v 6.81988573 0.154866219 -0.29999885
v 6.81988573 0.351284504 -0.29999885
v 6.81988573 0.351284504 -0.2096944
v 6.63618231 0.143451214 -0.230060697
v 6.66641569 -0.0107316971 -0.183151692
v 6.81679678 0.0607037395 -0.183151662
v 6.79951906 0.143451214 -0.230060667
v 6.63618231 0.143451214 -0.230060697
v 6.61581564 0.154866219 -0.209694445
v 6.61581564 0.154866219 -0.299998909
v 6.63618231 0.143451214 -0.299998909
v 6.79951906 0.143451214 -0.230060667
v 6.81988573 0.154866219 -0.2096944
v 6.61581564 0.154866219 -0.209694445
v 6.63618231 0.143451214 -0.230060697
v 6.79951906 0.143451214 -0.299998879
v 6.81988573 0.154866219 -0.29999885
v 6.81988573 0.154866219 -0.2096944
v 6.79951906 0.143451214 -0.230060667
v 6.81679678 0.0607037395 -0.183151662
v 7.10892439 -0.112720519 -0.228346616
v 7.11117506 -0.111312896 -0.29999882
v 6.82442999 0.0654764026 -0.29999885
v 6.79951906 0.143451214 -0.230060667
v 6.81679678 0.0607037395 -0.183151662
v 6.82442999 0.0654764026 -0.29999885
v 6.79951906 0.143451214 -0.299998879
v 6.63618231 0.143451214 -0.299998909
v 6.6740489 -0.00595903397 -0.299998879
v 6.66641569 -0.0107316971 -0.183151692
v 6.63618231 0.143451214 -0.230060697
v 7.07491827 -0.141825706 -0.29999882
v 7.11117506 -0.111312896 -0.29999882
v 7.10892439 -0.112720519 -0.228346616
v 7.0726676 -0.143233329 -0.228346616
v 6.6740489 -0.00595903397 -0.299998879
v 7.07491827 -0.141825706 -0.29999882
v 7.0726676 -0.143233329 -0.228346616
v 6.66641569 -0.0107316971 -0.183151692
v 6.66641569 -0.0107316971 -0.183151692
v 7.0726676 -0.143233329 -0.228346616
v 7.10892439 -0.112720519 -0.228346616
v 6.81679678 0.0607037395 -0.183151662
v -2.54318094 -0.395153314 -0.300000697
v -2.52172518 -0.447176248 -0.116443664
v -1.87379122 -0.46429047 -0.125030503
v -1.87379122 -0.41935572 -0.300000548
v -2.52172518 -0.447176248 -0.116443664
v -2.4776845 -0.572771549 -0.0644203871
v -1.87379122 -0.572771668 -0.0800960362
v -1.87379122 -0.46429047 -0.125030503
v -2.4776845 -0.572771549 -0.0644203871
v -2.42573977 -0.698366642 -0.116443649
v -1.87379134 -0.681253076 -0.125030503
v -1.87379122 -0.572771668 -0.0800960362
v -2.42573977 -0.698366642 -0.116443649
v -2.40541315 -0.750390053 -0.300000668
v -1.87379134 -0.726187348 -0.300000548
v -1.87379134 -0.681253076 -0.125030503
v -2.54318094 -0.395153314 -0.300000697
v -2.40541315 -0.750390053 -0.300000668
v -2.42573977 -0.698366642 -0.116443649
v -2.4776845 -0.572771549 -0.0644203871
v -2.52172518 -0.447176248 -0.116443664
v -1.87379122 -0.46429047 -0.125030503
v -1.87379122 -0.572771668 -0.0800960362
v -1.87379134 -0.681253076 -0.125030503
v -1.87379134 -0.726187348 -0.300000548
v -1.87379122 -0.41935572 -0.300000548
v -3.0893302 1.15534639 -0.172400266
v -3.19117498 1.12785673 -0.187134713
v -3.19117498 0.967094898 -0.116933763
v -3.0893302 0.967525244 -0.0665658116
v -3.0893302 0.967525244 -0.0665658116
v -2.66228914 1.03399134 -0.0665657371
v -2.66228914 1.17174244 -0.172400191
v -3.0893302 1.15534639 -0.172400266
v -3.0893302 1.15534639 -0.172400266
v -2.66228914 1.17174244 -0.172400191
v -2.66228914 1.19756031 -0.300000697
v -3.0893302 1.18116426 -0.300000787
v -2.26597643 1.10254931 -0.189363301
v -2.26597643 1.11049843 -0.300000638
v -2.26597643 1.13185143 -0.300000638
v -2.26597643 1.12722635 -0.208322793
v -2.66228914 1.17174244 -0.172400191
v -2.26597643 1.12722635 -0.208322793
v -2.26597643 1.13185143 -0.300000638
v -2.66228914 1.19756031 -0.300000697
v -2.66228914 1.03399134 -0.0665657371
v -2.26597643 1.10254931 -0.189363301
v -2.26597643 1.12722635 -0.208322793
v -2.66228914 1.17174244 -0.172400191
v -3.19117498 1.02315712 -0.300000817
v -3.19117498 0.967094898 -0.116933763
v -3.19117498 1.12785673 -0.187134713
v -3.19117498 1.14995503 -0.300000817
v -3.0893302 1.18116426 -0.300000787
v -3.19117498 1.14995503 -0.300000817
v -3.19117498 1.12785673 -0.187134713
v -3.0893302 1.15534639 -0.172400266
v -0.370838612 1.69648266 0.182215035
v -0.370838523 1.76452518 -0.30000025
v -2.00324106 1.21212447 -0.300000578
v -2.00324106 1.16063046 -0.0219090283
v -2.10196853 -0.234980881 0.385514736
v -1.94199526 -0.265237153 0.424516559
v -1.94199526 0.4306373 0.527602434
v -2.10196853 0.410689533 0.52689451
v -2.10196853 0.873057365 0.38621223
v -1.94199526 0.939090848 0.290284991
v -2.00324106 1.16063046 -0.0219090283
v -2.10196829 1.04798436 0.13495928
v -2.10196829 -0.466954023 -0.300000608
v -1.94199514 -0.475113243 -0.300000578
v -1.94199526 -0.265237153 0.424516559
v -2.10196853 -0.234980881 0.385514736
v -2.10196853 0.410689533 0.52689451
v -1.94199526 0.4306373 0.527602434
v -1.94199526 0.939090848 0.290284991
v -2.10196853 0.873057365 0.38621223
v -0.664033175 -0.501361251 0.532544255
v -0.664033294 -0.51411283 1.13397086
v -0.574257255 -0.345447451 1.13397086
v -0.574257135 -0.345447451 0.532544255
v -0.368238777 -0.566559792 1.12446582
v -0.371106595 -0.126431644 6.69264507
v -0.664034307 -0.0859455168 6.69264507
v -0.664033294 -0.51411283 1.13397086
v -0.373789519 -0.55490303 0.527025878
v 1.47190607 -0.506176353 0.518472373
v 1.38156772 -0.517745137 0.841924429
v 0.86870271 -0.532052517 0.924736738
v -0.368238777 -0.566559792 1.12446582
v -0.371106595 -0.126431644 6.69264507
v -0.372494727 -0.0227088332 7.03550625
v -0.664034367 -0.0314295888 6.99550104
v -0.664034307 -0.0859455168 6.69264507
v -0.26576978 -0.282801092 1.11636913
v -0.270687044 0.0835669562 6.69264507
v 0.844940484 -0.0424176902 6.61015844
v 0.845072687 -0.396262914 1.0416714
v 0.845075309 -0.403276175 0.931303382
v -0.664033294 -0.51411283 1.13397086
v -0.664034307 -0.0859455168 6.69264507
v -0.574258268 0.0203718692 6.69264507
v -0.574257255 -0.345447451 1.13397086
v 1.38156772 -0.46146068 0.841924429
v 1.37878299 -0.448660642 1.04167151
v 1.37878299 -0.504084945 1.04167008
v 1.38156772 -0.517745137 0.841924429
v -0.372494727 -0.0227088332 7.03550625
v 0.887357771 -0.0980506241 6.78311253
v 0.886848986 -0.069158107 6.77204323
v -0.270687073 0.0453429669 6.89903021
v -0.270687044 0.0835669562 6.69264507
v -0.270687073 0.0453429669 6.89903021
v 0.886848986 -0.069158107 6.77204323
v 0.844940484 -0.0424176902 6.61015844
v -0.664034307 -0.0859455168 6.69264507
v -0.664034367 -0.0314295888 6.99550104
v -0.616212368 0.000607326627 6.89564419
v -0.574258268 0.0203718692 6.69264507
v -0.574258268 0.0203718692 6.69264507
v -0.616212368 0.000607326627 6.89564419
v -0.270687073 0.0453429669 6.89903021
v -0.270687044 0.0835669562 6.69264507
v -0.664034367 -0.0314295888 6.99550104
v -0.372494727 -0.0227088332 7.03550625
v -0.270687073 0.0453429669 6.89903021
v -0.616212368 0.000607326627 6.89564419
v -0.574257255 -0.345447451 1.13397086
v -0.574258268 0.0203718692 6.69264507
v -0.270687044 0.0835669562 6.69264507
v -0.26576978 -0.282801092 1.11636913
v -0.664033175 -0.501361251 0.532544255
v -0.373789519 -0.55490303 0.527025878
v -0.368238777 -0.566559792 1.12446582
v -0.664033294 -0.51411283 1.13397086
v 1.38156772 -0.517745137 0.841924429
v 1.37878299 -0.504084945 1.04167008
v 0.86870271 -0.523691535 1.0416714
v 0.86870271 -0.532052517 0.924736738
v -0.574257255 -0.345447451 1.13397086
v -0.26576978 -0.282801092 1.11636913
v -0.257707298 -0.281924188 0.522324979
v -0.574257135 -0.345447451 0.532544255
v -0.26576978 -0.282801092 1.11636913
v 0.845075309 -0.403276175 0.931303382
v 1.38156772 -0.46146068 0.841924429
v 1.47190607 -0.451636642 0.518472433
v -0.257707298 -0.281924188 0.522324979
v 1.38156772 -0.517745137 0.841924429
v 1.47190607 -0.506176353 0.518472373
v 1.47190607 -0.451636642 0.518472433
v 1.38156772 -0.46146068 0.841924429
v -0.652266145 1.9092989 8.22725105
v -0.584572971 1.99570513 8.65799999
v -0.687176406 2.04018426 8.66089249
v -0.702246308 2.00204706 8.22882748
v -0.269191444 2.0226841 8.79814243
v 1.19910312 1.93937099 8.64044762
v 1.19910312 1.96616018 8.64044762
v -0.350595653 2.12748384 8.79814243
v -0.41063273 1.90338922 8.22725105
v 1.2268213 1.88861895 8.22725105
v 1.22682214 1.93623507 8.61683559
v 1.19910312 1.93937099 8.64044762
v -0.269191444 2.0226841 8.79814243
v -0.268693984 1.8918438 0.597074986
v -0.333245724 1.87100029 0.21391052
v -0.658734322 1.6833601 0.190546811
v -0.702244818 1.64410806 0.596579075
v -0.410631269 1.56879091 0.597074628
v -0.478177547 1.54038715 0.2041682
v 1.84216404 1.54257953 0.334815323
v 1.68418074 1.61032522 0.597074568
v 1.2268281 1.60125709 0.597074568
v -0.350595653 2.12748384 8.79814243
v 1.19910312 1.96616018 8.64044762
v 1.22682166 1.96386766 8.61683655
v 1.2268213 1.99200761 8.22725201
v -0.268695444 2.20771384 8.22725105
v 1.19910312 1.93937099 8.64044762
v 1.22682214 1.93623507 8.61683559
v 1.22682166 1.96386766 8.61683655
v 1.19910312 1.96616018 8.64044762
v -0.410631269 1.56879091 0.597074628
v 1.2268281 1.60125709 0.597074568
v 1.2268213 1.88861895 8.22725105
v -0.41063273 1.90338922 8.22725105
v -0.652264655 1.54030037 0.597074628
v -0.652266145 1.9092989 8.22725105
v -0.702246308 2.00204706 8.22882748
v -0.702244818 1.64410806 0.596579075
v 1.68418074 1.61032522 0.597074568
v 1.84216404 1.54257953 0.334815323
v 1.84216404 1.59572494 0.360134661
v 1.68418074 1.66149175 0.597075403
v -0.702244818 1.64410806 0.596579075
v -0.658734322 1.6833601 0.190546811
v -0.644972324 1.50829363 0.192956865
v -0.652264655 1.54030037 0.597074628
v -0.268695444 2.20771384 8.22725105
v 1.2268213 1.99200761 8.22725201
v 1.2268281 1.71543884 0.597075284
v -0.268693984 1.8918438 0.597074986
v -0.333245724 1.87100029 0.21391052
v -0.149007753 1.64837623 -0.0072234571
v -0.295954168 1.63002348 -0.00672584772
v -0.658734322 1.6833601 0.190546811
v -0.478177547 1.54038715 0.2041682
v -0.152677968 1.5129838 -0.0209074318
v 0.736922801 1.64641023 0.059517175
v 1.84216404 1.54257953 0.334815323
v -0.658734322 1.6833601 0.190546811
v -0.295954168 1.63002348 -0.00672584772
v -0.282379121 1.5102222 -0.0214671195
v -0.644972324 1.50829363 0.192956865
v 1.84216404 1.54257953 0.334815323
v 0.736922801 1.64641023 0.059517175
v 0.736922801 1.6741786 0.0958880186
v 1.84216404 1.59572494 0.360134661
v -0.644972324 1.50829363 0.192956865
v -0.282379121 1.5102222 -0.0214671195
v -0.152677968 1.5129838 -0.0209074318
v -0.478177547 1.54038715 0.2041682
v 1.84216404 1.59572494 0.360134661
v 0.736922801 1.6741786 0.0958880186
v -0.149007753 1.64837623 -0.0072234571
v -0.333245724 1.87100029 0.21391052
v -0.702246308 2.00204706 8.22882748
v -0.268695444 2.20771384 8.22725105
v -0.268693984 1.8918438 0.597074986
v -0.702244818 1.64410806 0.596579075
v -0.652264655 1.54030037 0.597074628
v -0.410631269 1.56879091 0.597074628
v -0.41063273 1.90338922 8.22725105
v -0.652266145 1.9092989 8.22725105
v -0.687176406 2.04018426 8.66089249
v -0.350595653 2.12748384 8.79814243
v -0.268695444 2.20771384 8.22725105
v -0.702246308 2.00204706 8.22882748
v -0.652264655 1.54030037 0.597074628
v -0.644972324 1.50829363 0.192956865
v -0.478177547 1.54038715 0.2041682
v -0.410631269 1.56879091 0.597074628
v 1.68418074 1.66149175 0.597075403
v 1.84216404 1.59572494 0.360134661
v -0.333245724 1.87100029 0.21391052
v -0.268693984 1.8918438 0.597074986
v 1.2268281 1.71543884 0.597075284
v -0.652266145 1.9092989 8.22725105
v -0.41063273 1.90338922 8.22725105
v -0.269191444 2.0226841 8.79814243
v -0.584572971 1.99570513 8.65799999
v -0.584572971 1.99570513 8.65799999
v -0.269191444 2.0226841 8.79814243
v -0.350595653 2.12748384 8.79814243
v -0.687176406 2.04018426 8.66089249
v -0.282379121 1.5102222 -0.0214671195
v -0.295954168 1.63002348 -0.00672584772
v -0.149007753 1.64837623 -0.0072234571
v -0.152677968 1.5129838 -0.0209074318
v 0.736922801 1.64641023 0.059517175
v -0.152677968 1.5129838 -0.0209074318
v -0.149007753 1.64837623 -0.0072234571
v 0.736922801 1.6741786 0.0958880186
v 5.68857241 1.74751091 -0.172250926
v 5.46959639 1.71624029 -0.299999118
v 5.46959639 1.68469131 -0.021165967
v -1.31253576 1.62426889 0.280676067
v -1.5340333 1.49216783 0.289575577
v -1.3122201 1.48840368 0.504221916
v -2.54581714 0.210744128 0.433003247
v -2.34581733 0.210744113 0.600332916
v -2.34581733 0.310744017 0.54155159
v -2.54490352 0.310744047 0.414093375
v -2.54399085 0.110744104 0.412087202
v -2.34399009 0.110744089 0.43357569
v -2.34581733 0.110744089 0.54155159
v -2.54581714 0.110744104 0.416099548
v -2.54490352 0.310744047 0.414093375
v -2.34581733 0.310744017 0.54155159
v -2.34399009 0.310744017 0.43357569
v -2.34581733 0.110744089 0.54155159
v -2.11098266 0.110744067 0.54155165
v -2.11098266 0.210744098 0.600332975
v -2.34581733 0.210744113 0.600332916
v -2.54581714 0.110744104 0.416099548
v -2.34581733 0.110744089 0.54155159
v -2.34581733 0.210744113 0.600332916
v -2.54581714 0.210744128 0.433003247
v -2.11098266 0.210744098 0.600332975
v -2.11098266 0.210743979 0.541604519
v -2.11098266 0.282185137 0.541212857
v -2.11098266 0.310743988 0.54155165
v -2.34399009 0.110744089 0.43357569
v -2.10915637 0.110744067 0.433575749
v -2.11098266 0.110744067 0.54155165
v -2.34581733 0.110744089 0.54155159
v -2.34581733 0.210744113 0.600332916
v -2.11098266 0.210744098 0.600332975
v -2.11098266 0.310743988 0.54155165
v -2.34581733 0.310744017 0.54155159
v -2.34581733 0.310744017 0.54155159
v -2.11098266 0.310743988 0.54155165
v -2.10915637 0.310743988 0.433575749
v -2.34399009 0.310744017 0.43357569
v -2.10915637 0.139302924 0.433575749
v -2.00949836 0.147107899 0.433575749
v -2.01132464 0.147107899 0.518680394
v -2.11098266 0.139302924 0.541212857
v -2.11098266 0.310743988 0.54155165
v -2.11098266 0.282185137 0.541212857
v -2.10915637 0.282185137 0.433575749
v -2.10915637 0.310743988 0.433575749
v -2.11098266 0.110744067 0.54155165
v -2.11098266 0.139302924 0.541212857
v -2.11098266 0.210743979 0.541604519
v -2.11098266 0.210744098 0.600332975
v -2.10915637 0.110744067 0.433575749
v -2.10915637 0.139302924 0.433575749
v -2.11098266 0.139302924 0.541212857
v -2.11098266 0.110744067 0.54155165
v -1.97645819 0.210743964 0.519029319
v -1.97463191 0.210743964 0.433575809
v -2.00949836 0.274380147 0.433575749
v -2.01132464 0.274380147 0.518680394
v -2.01132464 0.147107899 0.518680394
v -2.00949836 0.147107899 0.433575749
v -1.97463191 0.210743964 0.433575809
v -1.97645819 0.210743964 0.519029319
v -2.11098266 0.210743979 0.541604519
v -1.97645819 0.210743964 0.519029319
v -2.01132464 0.274380147 0.518680394
v -2.11098266 0.282185137 0.541212857
v -2.11098266 0.282185137 0.541212857
v -2.01132464 0.274380147 0.518680394
v -2.00949836 0.274380147 0.433575749
v -2.10915637 0.282185137 0.433575749
v -2.11098266 0.139302924 0.541212857
v -2.01132464 0.147107899 0.518680394
v -1.97645819 0.210743964 0.519029319
v -2.11098266 0.210743979 0.541604519
v 1.68418074 1.61032522 0.597074568
v 1.68418074 1.66149175 0.597075403
v 1.2268281 1.71543884 0.597075284
v 1.2268281 1.60125709 0.597074568
v 1.2268213 1.88861895 8.22725105
v 1.2268281 1.60125709 0.597074568
v 1.2268281 1.71543884 0.597075284
v 1.2268213 1.99200761 8.22725201
v 1.22682166 1.96386766 8.61683655
v 1.22682214 1.93623507 8.61683559
v 1.2268213 1.88861895 8.22725105
v 1.2268213 1.99200761 8.22725201
v 7.47738934 1.93994713 -0.29999873
v 7.47738934 2.04438663 -0.29999873
v 7.47738934 2.03109527 0.000299543142
v 7.47738934 1.95323849 0.000299543142
v 7.47738934 1.95323849 0.000299543142
v 7.47738934 2.03109527 0.000299543142
v 7.47738886 2.03174305 2.79029536
v 7.47738886 1.99874187 2.79029536
v 7.47738886 1.99874187 2.79029536
v 7.47738886 2.03174305 2.79029536
v 7.6912632 2.02523255 3.20440269
v 7.69126368 2.01584148 3.20440269
v 7.69126368 2.01584148 3.20440269
v 7.6912632 2.02523255 3.20440269
v 7.70115232 2.02078271 3.22355032
v 8.02112961 0.643883109 -0.238583297
v 8.02705002 0.649958968 -0.299998641
v 7.96444273 1.09734857 -0.299998641
v 7.96444273 1.09734857 -0.182521209
v 7.90643644 1.5407809 -0.170466796
v 7.96444273 1.09734857 -0.182521209
v 7.96444273 1.09734857 -0.299998641
v 7.90643644 1.5407809 -0.299998641
v 7.88068247 1.7189492 -0.18522951
v 7.90643644 1.5407809 -0.170466796
v 7.90643644 1.5407809 -0.299998641
v 7.88068247 1.7189492 -0.299998671
v 7.86046457 1.84106982 -0.198138416
v 7.88068247 1.7189492 -0.18522951
v 7.88068247 1.7189492 -0.299998671
v 7.86046457 1.84106982 -0.299998671
v 7.7434001 2.89603209 -0.238543928
v 7.86046457 1.84106982 -0.198138416
v 7.86046457 1.84106982 -0.299998671
v 7.7434001 2.89603209 -0.299998671
v 7.67549324 3.49744058 -0.238543943
v 7.7434001 2.89603209 -0.238543928
v 7.7434001 2.89603209 -0.299998671
v 7.67549324 3.49744058 -0.299998701
v 7.6356163 3.86011767 -0.278907835
v 7.67549324 3.49744058 -0.238543943
v 7.67549324 3.49744058 -0.299998701
v 7.6356163 3.86011767 -0.299998701
v 7.6356163 3.88273072 -0.299998701
v 7.6356163 3.86011767 -0.278907835
v 7.6356163 3.86011767 -0.299998701
v -0.523341417 -0.434573323 0.550579548
v -0.54215169 -0.441333681 0.549888313
v -0.547875643 -0.424475342 0.540776014
v -0.529065371 -0.417714983 0.541467249
v -0.54215169 -0.441333681 0.549888313
v -0.107511543 1.77944529 5.32467985
v -0.0940780863 1.79164922 5.31627607
v -0.547875643 -0.424475342 0.540776014
v -0.107511543 1.77944529 5.32467985
v -0.0930633768 1.76613939 5.32845211
v -0.0796303973 1.77834332 5.32004786
v -0.0940780863 1.79164922 5.31627607
v -0.0930633768 1.76613939 5.32845211
v -0.523341417 -0.434573323 0.550579548
v -0.529065371 -0.417714983 0.541467249
v -0.0796303973 1.77834332 5.32004786
v -0.54215169 -0.441333681 0.549888313
v -0.523341417 -0.434573323 0.550579548
v -0.0930633768 1.76613939 5.32845211
v -0.107511543 1.77944529 5.32467985
v -0.0940780863 1.79164922 5.31627607
v -0.0796303973 1.77834332 5.32004786
v -0.529065371 -0.417714983 0.541467249
v -0.547875643 -0.424475342 0.540776014
v 1.43884122 -0.434573501 0.550579965
v 1.42003095 -0.44133386 0.54988873
v 1.414307 -0.424475521 0.540776432
v 1.43311727 -0.417715162 0.541467667
v 1.42003095 -0.44133386 0.54988873
v 0.741780281 1.77944529 5.32467985
v 0.755213737 1.79164922 5.31627607
v 1.414307 -0.424475521 0.540776432
v 0.741780281 1.77944529 5.32467985
v 0.756228447 1.76613939 5.32845211
v 0.769661427 1.77834332 5.32004786
v 0.755213737 1.79164922 5.31627607
v 0.756228447 1.76613939 5.32845211
v 1.43884122 -0.434573501 0.550579965
v 1.43311727 -0.417715162 0.541467667
v 0.769661427 1.77834332 5.32004786
v 1.42003095 -0.44133386 0.54988873
v 1.43884122 -0.434573501 0.550579965
v 0.756228447 1.76613939 5.32845211
v 0.741780281 1.77944529 5.32467985
v 0.755213737 1.79164922 5.31627607
v 0.769661427 1.77834332 5.32004786
v 1.43311727 -0.417715162 0.541467667
v 1.414307 -0.424475521 0.540776432
v 1.43200874 1.55962086 0.212580204
v 1.41319847 1.55529535 0.20733881
v 1.40747452 1.57369459 0.212696791
v 1.42628479 1.57801998 0.217938185
v 1.41319847 1.55529535 0.20733881
v 0.812738359 -0.0754602253 4.97959328
v 0.826171815 -0.0608713925 4.98218536
v 1.40747452 1.57369459 0.212696791
v 0.812738359 -0.0754602253 4.97959328
v 0.827186525 -0.087579757 4.97293043
v 0.840619504 -0.0729904473 4.97552252
v 0.826171815 -0.0608713925 4.98218536
v 0.827186525 -0.087579757 4.97293043
v 1.43200874 1.55962086 0.212580204
v 1.42628479 1.57801998 0.217938185
v 0.840619504 -0.0729904473 4.97552252
v 1.41319847 1.55529535 0.20733881
v 1.43200874 1.55962086 0.212580204
v 0.827186525 -0.087579757 4.97293043
v 0.812738359 -0.0754602253 4.97959328
v 0.826171815 -0.0608713925 4.98218536
v 0.840619504 -0.0729904473 4.97552252
v 1.42628479 1.57801998 0.217938185
v 1.40747452 1.57369459 0.212696791
v -0.359706908 1.49075139 0.358013928
v -0.378517181 1.48642576 0.352772534
v -0.384241134 1.504825 0.358130515
v -0.365430862 1.50915039 0.363371909
v -0.378517181 1.48642576 0.352772534
v -0.241251558 -0.0541300327 4.96393442
v -0.227818102 -0.0395411998 4.96652651
v -0.384241134 1.504825 0.358130515
v -0.241251558 -0.0541300327 4.96393442
v -0.226803392 -0.0662497878 4.95727158
v -0.213370413 -0.051660493 4.95986366
v -0.227818102 -0.0395411998 4.96652651
v -0.226803392 -0.0662497878 4.95727158
v -0.359706908 1.49075139 0.358013928
v -0.365430862 1.50915039 0.363371909
v -0.213370413 -0.051660493 4.95986366
v -0.378517181 1.48642576 0.352772534
v -0.359706908 1.49075139 0.358013928
v -0.226803392 -0.0662497878 4.95727158
v -0.241251558 -0.0541300327 4.96393442
v -0.227818102 -0.0395411998 4.96652651
v -0.213370413 -0.051660493 4.95986366
v -0.365430862 1.50915039 0.363371909
v -0.384241134 1.504825 0.358130515
v 1.17462909 0.610548913 2.87764668
v -0.392455697 0.610549033 2.87764645
v -0.392455667 0.65297538 2.8352201
v 1.17462909 0.652975261 2.83522034
v -0.392455697 0.610549033 2.87764645
v -0.392455697 0.65297538 2.92007279
v -0.392455697 0.695401669 2.87764645
v -0.392455667 0.65297538 2.8352201
v -0.392455697 0.65297538 2.92007279
v 1.17462909 0.652975261 2.92007303
v 1.17462909 0.695401669 2.87764668
v -0.392455697 0.695401669 2.87764645
v 1.17462909 0.652975261 2.92007303
v 1.17462909 0.610548913 2.87764668
v 1.17462909 0.652975261 2.83522034
v 1.17462909 0.695401669 2.87764668
v -0.392455697 0.610549033 2.87764645
v 1.17462909 0.610548913 2.87764668
v 1.17462909 0.652975261 2.92007303
v -0.392455697 0.65297538 2.92007279
v -0.392455697 0.695401669 2.87764645
v 1.17462909 0.695401669 2.87764668
v 1.17462909 0.652975261 2.83522034
v -0.392455667 0.65297538 2.8352201
v -0.395663053 -0.417577654 -1.6616174
v -0.300869703 -0.362881154 -1.66161728
v -0.297264397 -0.362881154 -1.39892685
v -0.392057747 -0.417577714 -1.39892697
v -0.300869703 -0.362881154 -1.66161728
v -0.643005192 -0.362880856 -1.65581334
v -0.63939935 -0.362880856 -1.39312255
v -0.297264397 -0.362881154 -1.39892685
v -0.734192669 -0.417577416 -1.39312255
v -0.63939935 -0.362880856 -1.39312255
v -0.643005192 -0.362880856 -1.65581334
v -0.737798512 -0.417577416 -1.65581334
v -0.392057747 -0.417577714 -1.39892697
v -0.297264397 -0.362881154 -1.39892685
v -0.63939935 -0.362880856 -1.39312255
v -0.734192669 -0.417577416 -1.39312255
v -0.737798512 -0.417577416 -1.65581334
v -0.643005192 -0.362880856 -1.65581334
v -0.300869703 -0.362881154 -1.66161728
v -0.395663053 -0.417577654 -1.6616174
v 0.868701518 -0.125799626 6.60648012
v -0.371106595 -0.126431644 6.69264507
v -0.368238777 -0.566559792 1.12446582
v 0.86870271 -0.532052517 0.924736738
v 0.86870271 -0.523691535 1.0416714
v 0.887357771 -0.0980506241 6.78311253
v 0.887357771 -0.0980506241 6.78311253
v -0.372494727 -0.0227088332 7.03550625
v -0.371106595 -0.126431644 6.69264507
v 0.868701518 -0.125799626 6.60648012
v 1.37878299 -0.448660642 1.04167151
v 1.38156772 -0.46146068 0.841924429
v 0.845075309 -0.403276175 0.931303382
v 0.845072687 -0.396262914 1.0416714
v 0.845072687 -0.396262914 1.0416714
v 0.86870271 -0.523691535 1.0416714
v 1.37878299 -0.504084945 1.04167008
v 1.37878299 -0.448660642 1.04167151
v 0.844940484 -0.0424176902 6.61015844
v 0.868701518 -0.125799626 6.60648012
v 0.86870271 -0.523691535 1.0416714
v 0.845072687 -0.396262914 1.0416714
v 0.886848986 -0.069158107 6.77204323
v 0.887357771 -0.0980506241 6.78311253
v 0.868701518 -0.125799626 6.60648012
v 0.844940484 -0.0424176902 6.61015844
v -1.34635472 -1.65648055 -1.93825066
v -1.3463546 -1.65648055 -2.18825054
v -1.22333944 -1.95346534 -2.18825054
v -1.22333956 -1.95346534 -1.93825066
v -1.22333956 -1.95346534 -1.93825066
v -1.22333944 -1.95346534 -2.18825054
v -0.926354647 -2.07648063 -2.18825054
v -0.926354706 -2.07648063 -1.93825054
v -0.926354706 -2.07648063 -1.93825054
v -0.926354647 -2.07648063 -2.18825054
v -0.629369855 -1.95346546 -2.18825054
v -0.629369855 -1.95346546 -1.93825054
v -0.629369855 -1.95346546 -1.93825054
v -0.629369855 -1.95346546 -2.18825054
v -0.50635463 -1.65648055 -2.18825054
v -0.50635469 -1.65648055 -1.93825042
v -0.50635469 -1.65648055 -1.93825042
v -0.50635463 -1.65648055 -2.18825054
v -0.629369795 -1.35949564 -2.18825054
v -0.629369855 -1.35949564 -1.93825042
v -0.629369855 -1.35949564 -1.93825042
v -0.629369795 -1.35949564 -2.18825054
v -0.926354587 -1.23648059 -2.18825054
v -0.926354647 -1.23648059 -1.93825054
v -1.22333944 -1.95346534 -2.18825054
v -1.3463546 -1.65648055 -2.18825054
v -1.22333944 -1.35949564 -2.18825054
v -0.926354587 -1.23648059 -2.18825054
v -0.629369795 -1.35949564 -2.18825054
v -0.50635463 -1.65648055 -2.18825054
v -0.629369855 -1.95346546 -2.18825054
v -0.926354647 -2.07648063 -2.18825054
v -0.926354647 -1.23648059 -1.93825054
v -0.926354587 -1.23648059 -2.18825054
v -1.22333944 -1.35949564 -2.18825054
v -1.22333944 -1.35949564 -1.93825054
v -1.22333944 -1.35949564 -1.93825054
v -1.22333944 -1.35949564 -2.18825054
v -1.3463546 -1.65648055 -2.18825054
v -1.34635472 -1.65648055 -1.93825066
v -1.34635472 -1.65648055 -1.93825066
v -1.22333956 -1.95346534 -1.93825066
v -0.926354706 -2.07648063 -1.93825054
v -0.629369855 -1.95346546 -1.93825054
v -0.50635469 -1.65648055 -1.93825042
v -0.629369855 -1.35949564 -1.93825042
v -0.926354647 -1.23648059 -1.93825054
v -1.22333944 -1.35949564 -1.93825054
v -3.36429 0.642881513 -0.41480583
v -3.19993424 0.642881513 -0.4148058
v -3.19993424 0.480522662 -0.57716465
v -3.36429 0.480522662 -0.57716465
v -3.36429 0.480522662 -0.57716465
v -3.19993424 0.480522662 -0.57716465
v -3.19993424 0.250912577 -0.57716465
v -3.36429 0.250912607 -0.57716465
v -3.36429 0.250912607 -0.57716465
v -3.19993424 0.250912577 -0.57716465
v -3.19993424 0.0885537863 -0.41480577
v -3.36429024 0.0885537863 -0.41480583
v -3.36429 0.642881513 -0.300000787
v -3.19993424 0.642881513 -0.300000757
v -3.19993424 0.642881513 -0.4148058
v -3.36429 0.642881513 -0.41480583
v -3.44993424 0.480522692 -0.57716465
v -3.44993424 0.250912607 -0.57716465
v -3.66336226 0.275918782 -0.516794562
v -3.66336226 0.455516577 -0.516794562
v -3.44993424 0.642881513 -0.300000817
v -3.44993424 0.642881513 -0.414805859
v -3.66336203 0.582511365 -0.389799744
v -3.66336226 0.582511365 -0.300000846
v -3.44993424 0.642881513 -0.414805859
v -3.44993424 0.480522692 -0.57716465
v -3.66336226 0.455516577 -0.516794562
v -3.66336203 0.582511365 -0.389799744
v -3.44993424 0.250912607 -0.57716465
v -3.44993424 0.0885537863 -0.41480583
v -3.66336226 0.148924008 -0.389799744
v -3.66336226 0.275918782 -0.516794562
v -3.66336226 0.275918782 -0.516794562
v -3.66336226 0.148924008 -0.389799744
v -3.78193331 0.267900288 -0.340518177
v -3.78193331 0.325200379 -0.397818327
v -3.66336203 0.582511365 -0.389799744
v -3.66336226 0.455516577 -0.516794562
v -3.78193331 0.406235009 -0.397818327
v -3.78193331 0.46353513 -0.340518206
v -3.66336226 0.582511365 -0.300000846
v -3.66336203 0.582511365 -0.389799744
v -3.78193331 0.46353513 -0.340518206
v -3.78193331 0.46353513 -0.300000876
v -3.66336226 0.455516577 -0.516794562
v -3.66336226 0.275918782 -0.516794562
v -3.78193331 0.325200379 -0.397818327
v -3.78193331 0.406235009 -0.397818327
v -3.78193331 0.46353513 -0.340518206
v -3.78193331 0.406235009 -0.397818327
v -3.78193331 0.325200379 -0.397818327
v -3.78193331 0.267900288 -0.340518177
v -3.78193331 0.267900288 -0.300000876
v -3.78193331 0.46353513 -0.300000876
v -3.66336226 0.148924008 -0.389799744
v -3.66336226 0.148924023 -0.300000846
v -3.78193331 0.267900288 -0.300000876
v -3.78193331 0.267900288 -0.340518177
v -3.36429024 0.0885537863 -0.41480583
v -3.19993424 0.0885537863 -0.41480577
v -3.19993424 0.0885537863 -0.300000757
v -3.36429024 0.0885537863 -0.300000787
v -3.44993424 0.0885537863 -0.41480583
v -3.44993424 0.0885537863 -0.300000817
v -3.66336226 0.148924023 -0.300000846
v -3.66336226 0.148924008 -0.389799744
v -3.44993424 0.0885537863 -0.41480583
v -3.36429024 0.0885537863 -0.41480583
v -3.36821294 -0.0802759528 -0.395104796
v -3.44653916 -0.0802759528 -0.395104796
v -3.36429 0.642881513 -0.300000787
v -3.36429 0.642881513 -0.41480583
v -3.36277437 0.811711252 -0.395104796
v -3.36821294 0.811711252 -0.300000787
v -3.44993424 0.250912607 -0.57716465
v -3.36429 0.250912607 -0.57716465
v -3.36429024 0.0885537863 -0.41480583
v -3.44993424 0.0885537863 -0.41480583
v -3.36429 0.642881513 -0.41480583
v -3.44993424 0.642881513 -0.414805859
v -3.4411006 0.811711252 -0.395104825
v -3.36277437 0.811711252 -0.395104796
v -3.44993424 0.642881513 -0.414805859
v -3.36429 0.642881513 -0.41480583
v -3.36429 0.480522662 -0.57716465
v -3.44993424 0.480522692 -0.57716465
v -3.44653916 -0.0802759528 -0.395104796
v -3.36821294 -0.0802759528 -0.395104796
v -3.3384738 -0.163514316 -0.409511387
v -3.41428518 -0.163514316 -0.429199755
v -3.36821294 -0.0802759528 -0.395104796
v -3.36821294 -0.0802759528 -0.300000787
v -3.36947036 -0.163514316 -0.290156603
v -3.3384738 -0.163514316 -0.409511387
v -3.36821294 0.290314674 -0.745994389
v -3.44653916 0.290314674 -0.745994449
v -3.47051764 0.256267041 -0.829232752
v -3.3938818 0.240082458 -0.829232752
v -3.36429 0.250912607 -0.57716465
v -3.44993424 0.250912607 -0.57716465
v -3.44653916 0.290314674 -0.745994449
v -3.36821294 0.290314674 -0.745994389
v -3.44993424 0.480522692 -0.57716465
v -3.36429 0.480522662 -0.57716465
v -3.35114312 0.441120625 -0.745994389
v -3.44653916 0.441120625 -0.745994449
v -3.36429 0.480522662 -0.57716465
v -3.36429 0.250912607 -0.57716465
v -3.36821294 0.290314674 -0.745994389
v -3.35114312 0.441120625 -0.745994389
v -3.44993424 0.250912607 -0.57716465
v -3.44993424 0.480522692 -0.57716465
v -3.44653916 0.441120625 -0.745994449
v -3.44653916 0.290314674 -0.745994449
v -3.36429024 0.0885537863 -0.41480583
v -3.36429024 0.0885537863 -0.300000787
v -3.36821294 -0.0802759528 -0.300000787
v -3.36821294 -0.0802759528 -0.395104796
v -3.44993424 0.642881513 -0.414805859
v -3.44993424 0.642881513 -0.300000817
v -3.45817041 0.811711252 -0.300000817
v -3.4411006 0.811711252 -0.395104825
v -3.44993424 0.0885537863 -0.300000817
v -3.44993424 0.0885537863 -0.41480583
v -3.44653916 -0.0802759528 -0.395104796
v -3.44653916 -0.0802759528 -0.300000817
v -3.47051764 0.256267041 -0.829232752
v -3.4208703 0.491352797 -0.829232752
v -3.42655945 0.487829924 -1.85357749
v -3.44619966 0.248362914 -1.85357749
v -3.32716465 0.475168228 -0.829232752
v -3.3938818 0.240082458 -0.829232752
v -3.38819194 0.243605375 -1.85357749
v -3.36855197 0.48307237 -1.85357749
v -3.48425913 0.894949615 -0.411724985
v -3.45721698 0.894949615 -0.291412532
v -3.45301151 1.91929436 -0.293981284
v -3.47450662 1.91929436 -0.415407509
v -3.36821294 0.811711252 -0.300000787
v -3.36277437 0.811711252 -0.395104796
v -3.40783954 0.894949615 -0.428901494
v -3.36916614 0.894949615 -0.308589071
v -3.44653916 0.441120625 -0.745994449
v -3.35114312 0.441120625 -0.745994389
v -3.32716465 0.475168228 -0.829232752
v -3.4208703 0.491352797 -0.829232752
v -3.4411006 0.811711252 -0.395104825
v -3.45817041 0.811711252 -0.300000817
v -3.45721698 0.894949615 -0.291412532
v -3.48425913 0.894949615 -0.411724985
v -3.35114312 0.441120625 -0.745994389
v -3.36821294 0.290314674 -0.745994389
v -3.3938818 0.240082458 -0.829232752
v -3.32716465 0.475168228 -0.829232752
v -3.44653916 0.290314674 -0.745994449
v -3.44653916 0.441120625 -0.745994449
v -3.4208703 0.491352797 -0.829232752
v -3.47051764 0.256267041 -0.829232752
v -3.36277437 0.811711252 -0.395104796
v -3.4411006 0.811711252 -0.395104825
v -3.48425913 0.894949615 -0.411724985
v -3.40783954 0.894949615 -0.428901494
v -3.44653916 -0.0802759528 -0.300000817
v -3.44653916 -0.0802759528 -0.395104796
v -3.41428518 -0.163514316 -0.429199755
v -3.44528174 -0.163514316 -0.309845001
v -3.37337136 1.91929436 -0.306020319
v -3.40649772 1.91929436 -0.427446514
v -3.41378379 2.20148301 -0.409847796
v -3.38738441 2.20148301 -0.30275768
v -3.43758631 -1.18785906 -0.425808012
v -3.35946202 -1.18785906 -0.420185417
v -3.37681317 -1.47004771 -0.405639499
v -3.41698432 -1.47004771 -0.409551382
v -3.35946202 -1.18785906 -0.420185417
v -3.36831403 -1.18785906 -0.297189504
v -3.38729072 -1.47004771 -0.29804486
v -3.37681317 -1.47004771 -0.405639499
v -3.40783954 0.894949615 -0.428901494
v -3.48425913 0.894949615 -0.411724985
v -3.47450662 1.91929436 -0.415407509
v -3.40649772 1.91929436 -0.427446514
v -3.44528174 -0.163514316 -0.309845001
v -3.41428518 -0.163514316 -0.429199755
v -3.43758631 -1.18785906 -0.425808012
v -3.44643831 -1.18785906 -0.302812099
v -3.3938818 0.240082458 -0.829232752
v -3.47051764 0.256267041 -0.829232752
v -3.44619966 0.248362914 -1.85357749
v -3.38819194 0.243605375 -1.85357749
v -3.3384738 -0.163514316 -0.409511387
v -3.36947036 -0.163514316 -0.290156603
v -3.36831403 -1.18785906 -0.297189504
v -3.35946202 -1.18785906 -0.420185417
v -3.41428518 -0.163514316 -0.429199755
v -3.3384738 -0.163514316 -0.409511387
v -3.35946202 -1.18785906 -0.420185417
v -3.43758631 -1.18785906 -0.425808012
v -3.36916614 0.894949615 -0.308589071
v -3.40783954 0.894949615 -0.428901494
v -3.40649772 1.91929436 -0.427446514
v -3.37337136 1.91929436 -0.306020319
v -3.4208703 0.491352797 -0.829232752
v -3.32716465 0.475168228 -0.829232752
v -3.36855197 0.48307237 -1.85357749
v -3.42655945 0.487829924 -1.85357749
v -3.41698432 -1.47004771 -0.409551382
v -3.37681317 -1.47004771 -0.405639499
v -3.38729072 -1.47004771 -0.29804486
v -3.42746186 -1.47004771 -0.301956743
v -3.43899846 2.20148301 -0.297243923
v -3.38738441 2.20148301 -0.30275768
v -3.41378379 2.20148301 -0.409847796
v -3.45376658 2.20148301 -0.404334068
v -3.42077899 0.457453996 -2.13432741
v -3.38052917 0.454456776 -2.13438511
v -3.3939724 0.273981303 -2.13720489
v -3.43422222 0.276978493 -2.13714743
v -3.42655945 0.487829924 -1.85357749
v -3.36855197 0.48307237 -1.85357749
v -3.38052917 0.454456776 -2.13438511
v -3.42077899 0.457453996 -2.13432741
v -3.47450662 1.91929436 -0.415407509
v -3.45301151 1.91929436 -0.293981284
v -3.43899846 2.20148301 -0.297243923
v -3.45376658 2.20148301 -0.404334068
v -3.36855197 0.48307237 -1.85357749
v -3.38819194 0.243605375 -1.85357749
v -3.3939724 0.273981303 -2.13720489
v -3.38052917 0.454456776 -2.13438511
v -3.44619966 0.248362914 -1.85357749
v -3.42655945 0.487829924 -1.85357749
v -3.42077899 0.457453996 -2.13432741
v -3.43422222 0.276978493 -2.13714743
v -3.40649772 1.91929436 -0.427446514
v -3.47450662 1.91929436 -0.415407509
v -3.45376658 2.20148301 -0.404334068
v -3.41378379 2.20148301 -0.409847796
v -3.44643831 -1.18785906 -0.302812099
v -3.43758631 -1.18785906 -0.425808012
v -3.41698432 -1.47004771 -0.409551382
v -3.42746186 -1.47004771 -0.301956743
v -3.38819194 0.243605375 -1.85357749
v -3.44619966 0.248362914 -1.85357749
v -3.43422222 0.276978493 -2.13714743
v -3.3939724 0.273981303 -2.13720489
v -3.36429 0.642881513 -0.185195744
v -3.36429024 0.480522662 -0.0228369236
v -3.19993424 0.480522662 -0.0228368938
v -3.19993424 0.642881513 -0.185195729
v -3.36429024 0.480522662 -0.0228369236
v -3.36429024 0.250912607 -0.0228369236
v -3.19993424 0.250912577 -0.0228368938
v -3.19993424 0.480522662 -0.0228368938
v -3.36429024 0.250912607 -0.0228369236
v -3.36429024 0.0885537863 -0.185195774
v -3.19993424 0.0885537863 -0.185195744
v -3.19993424 0.250912577 -0.0228368938
v -3.36429 0.642881513 -0.300000787
v -3.36429 0.642881513 -0.185195744
v -3.19993424 0.642881513 -0.185195729
v -3.19993424 0.642881513 -0.300000757
v -3.44993424 0.480522692 -0.0228369534
v -3.66336226 0.455516577 -0.0832071453
v -3.66336226 0.275918782 -0.0832071602
v -3.44993424 0.250912607 -0.0228369534
v -3.44993424 0.642881513 -0.300000817
v -3.66336226 0.582511365 -0.300000846
v -3.66336226 0.582511365 -0.210201964
v -3.44993424 0.642881513 -0.185195759
v -3.44993424 0.642881513 -0.185195759
v -3.66336226 0.582511365 -0.210201964
v -3.66336226 0.455516577 -0.0832071453
v -3.44993424 0.480522692 -0.0228369534
v -3.44993424 0.250912607 -0.0228369534
v -3.66336226 0.275918782 -0.0832071602
v -3.66336226 0.148924008 -0.210201979
v -3.44993424 0.0885537863 -0.185195774
v -3.66336226 0.275918782 -0.0832071602
v -3.78193331 0.325200379 -0.20218344
v -3.78193331 0.267900288 -0.259483576
v -3.66336226 0.148924008 -0.210201979
v -3.66336226 0.582511365 -0.210201964
v -3.78193331 0.46353513 -0.259483546
v -3.78193331 0.406235009 -0.20218344
v -3.66336226 0.455516577 -0.0832071453
v -3.66336226 0.582511365 -0.300000846
v -3.78193331 0.46353513 -0.300000876
v -3.78193331 0.46353513 -0.259483546
v -3.66336226 0.582511365 -0.210201964
v -3.66336226 0.455516577 -0.0832071453
v -3.78193331 0.406235009 -0.20218344
v -3.78193331 0.325200379 -0.20218344
v -3.66336226 0.275918782 -0.0832071602
v -3.78193331 0.46353513 -0.259483546
v -3.78193331 0.46353513 -0.300000876
v -3.78193331 0.267900288 -0.300000876
v -3.78193331 0.267900288 -0.259483576
v -3.78193331 0.325200379 -0.20218344
v -3.78193331 0.406235009 -0.20218344
v -3.66336226 0.148924008 -0.210201979
v -3.78193331 0.267900288 -0.259483576
v -3.78193331 0.267900288 -0.300000876
v -3.66336226 0.148924023 -0.300000846
v -3.36429024 0.0885537863 -0.185195774
v -3.36429024 0.0885537863 -0.300000787
v -3.19993424 0.0885537863 -0.300000757
v -3.19993424 0.0885537863 -0.185195744
v -3.44993424 0.0885537863 -0.185195774
v -3.66336226 0.148924008 -0.210201979
v -3.66336226 0.148924023 -0.300000846
v -3.44993424 0.0885537863 -0.300000817
v -3.44993424 0.0885537863 -0.185195774
v -3.44653916 -0.0802759528 -0.204896808
v -3.36821294 -0.0802759528 -0.204896808
v -3.36429024 0.0885537863 -0.185195774
v -3.36429 0.642881513 -0.300000787
v -3.36821294 0.811711252 -0.300000787
v -3.37984419 0.811711252 -0.204896778
v -3.36429 0.642881513 -0.185195744
v -3.44993424 0.250912607 -0.0228369534
v -3.44993424 0.0885537863 -0.185195774
v -3.36429024 0.0885537863 -0.185195774
v -3.36429024 0.250912607 -0.0228369236
v -3.36429 0.642881513 -0.185195744
v -3.37984419 0.811711252 -0.204896778
v -3.45817041 0.811711252 -0.204896793
v -3.44993424 0.642881513 -0.185195759
v -3.44993424 0.642881513 -0.185195759
v -3.44993424 0.480522692 -0.0228369534
v -3.36429024 0.480522662 -0.0228369236
v -3.36429 0.642881513 -0.185195744
v -3.44653916 -0.0802759528 -0.204896808
v -3.47627854 -0.163514316 -0.190490231
v -3.40046716 -0.163514316 -0.170801863
v -3.36821294 -0.0802759528 -0.204896808
v -3.36821294 -0.0802759528 -0.204896808
v -3.40046716 -0.163514316 -0.170801863
v -3.36947036 -0.163514316 -0.290156603
v -3.36821294 -0.0802759528 -0.300000787
v -3.36821294 0.290314674 0.145992815
v -3.35140538 0.252432346 0.229231179
v -3.42892337 0.24121058 0.229231179
v -3.44653916 0.290314674 0.145992786
v -3.36429024 0.250912607 -0.0228369236
v -3.36821294 0.290314674 0.145992815
v -3.44653916 0.290314674 0.145992786
v -3.44993424 0.250912607 -0.0228369534
v -3.44993424 0.480522692 -0.0228369534
v -3.44653916 0.441120625 0.145992786
v -3.36821294 0.441120625 0.145992815
v -3.36429024 0.480522662 -0.0228369236
v -3.36429024 0.480522662 -0.0228369236
v -3.36821294 0.441120625 0.145992815
v -3.36821294 0.290314674 0.145992815
v -3.36429024 0.250912607 -0.0228369236
v -3.44993424 0.250912607 -0.0228369534
v -3.44653916 0.290314674 0.145992786
v -3.44653916 0.441120625 0.145992786
v -3.44993424 0.480522692 -0.0228369534
v -3.36429024 0.0885537863 -0.185195774
v -3.36821294 -0.0802759528 -0.204896808
v -3.36821294 -0.0802759528 -0.300000787
v -3.36429024 0.0885537863 -0.300000787
v -3.44993424 0.642881513 -0.185195759
v -3.45817041 0.811711252 -0.204896793
v -3.45817041 0.811711252 -0.300000817
v -3.44993424 0.642881513 -0.300000817
v -3.44993424 0.0885537863 -0.300000817
v -3.44653916 -0.0802759528 -0.300000817
v -3.44653916 -0.0802759528 -0.204896808
v -3.44993424 0.0885537863 -0.185195774
v -3.42892337 0.24121058 0.229231179
v -3.42616367 0.243543774 1.25357592
v -3.44658089 0.48294577 1.25357592
v -3.46334696 0.479002923 0.229231179
v -3.38582897 0.490224689 0.229231179
v -3.38858891 0.487891495 1.25357592
v -3.36817193 0.248489499 1.25357592
v -3.35140538 0.252432346 0.229231179
v -3.43017483 0.894949615 -0.17110008
v -3.43151665 1.91929436 -0.172555074
v -3.45301151 1.91929436 -0.293981284
v -3.45721698 0.894949615 -0.291412532
v -3.36821294 0.811711252 -0.300000787
v -3.36916614 0.894949615 -0.308589071
v -3.35375524 0.894949615 -0.188276634
v -3.37984419 0.811711252 -0.204896778
v -3.44653916 0.441120625 0.145992786
v -3.46334696 0.479002923 0.229231179
v -3.38582897 0.490224689 0.229231179
v -3.36821294 0.441120625 0.145992815
v -3.45817041 0.811711252 -0.204896793
v -3.43017483 0.894949615 -0.17110008
v -3.45721698 0.894949615 -0.291412532
v -3.45817041 0.811711252 -0.300000817
v -3.36821294 0.441120625 0.145992815
v -3.38582897 0.490224689 0.229231179
v -3.35140538 0.252432346 0.229231179
v -3.36821294 0.290314674 0.145992815
v -3.44653916 0.290314674 0.145992786
v -3.42892337 0.24121058 0.229231179
v -3.46334696 0.479002923 0.229231179
v -3.44653916 0.441120625 0.145992786
v -3.37984419 0.811711252 -0.204896778
v -3.35375524 0.894949615 -0.188276634
v -3.43017483 0.894949615 -0.17110008
v -3.45817041 0.811711252 -0.204896793
v -3.44653916 -0.0802759528 -0.300000817
v -3.44528174 -0.163514316 -0.309845001
v -3.47627854 -0.163514316 -0.190490231
v -3.44653916 -0.0802759528 -0.204896808
v -3.37337136 1.91929436 -0.306020319
v -3.38738441 2.20148301 -0.30275768
v -3.38424778 2.20148301 -0.19566755
v -3.36350775 1.91929436 -0.184594125
v -3.45529032 -1.18785906 -0.179816186
v -3.43793941 -1.47004771 -0.194362104
v -3.39776826 -1.47004771 -0.190450236
v -3.37716627 -1.18785906 -0.174193591
v -3.37716627 -1.18785906 -0.174193591
v -3.39776826 -1.47004771 -0.190450236
v -3.38729072 -1.47004771 -0.29804486
v -3.36831403 -1.18785906 -0.297189504
v -3.35375524 0.894949615 -0.188276634
v -3.36350775 1.91929436 -0.184594125
v -3.43151665 1.91929436 -0.172555074
v -3.43017483 0.894949615 -0.17110008
v -3.44528174 -0.163514316 -0.309845001
v -3.44643831 -1.18785906 -0.302812099
v -3.45529032 -1.18785906 -0.179816186
v -3.47627854 -0.163514316 -0.190490231
v -3.35140538 0.252432346 0.229231179
v -3.36817193 0.248489499 1.25357592
v -3.42616367 0.243543774 1.25357592
v -3.42892337 0.24121058 0.229231179
v -3.40046716 -0.163514316 -0.170801863
v -3.37716627 -1.18785906 -0.174193591
v -3.36831403 -1.18785906 -0.297189504
v -3.36947036 -0.163514316 -0.290156603
v -3.47627854 -0.163514316 -0.190490231
v -3.45529032 -1.18785906 -0.179816186
v -3.37716627 -1.18785906 -0.174193591
v -3.40046716 -0.163514316 -0.170801863
v -3.36916614 0.894949615 -0.308589071
v -3.37337136 1.91929436 -0.306020319
v -3.36350775 1.91929436 -0.184594125
v -3.35375524 0.894949615 -0.188276634
v -3.46334696 0.479002923 0.229231179
v -3.44658089 0.48294577 1.25357592
v -3.38858891 0.487891495 1.25357592
v -3.38582897 0.490224689 0.229231179
v -3.43793941 -1.47004771 -0.194362104
v -3.42746186 -1.47004771 -0.301956743
v -3.38729072 -1.47004771 -0.29804486
v -3.39776826 -1.47004771 -0.190450236
v -3.43899846 2.20148301 -0.297243923
v -3.42423058 2.20148301 -0.190153807
v -3.38424778 2.20148301 -0.19566755
v -3.38738441 2.20148301 -0.30275768
v -3.43832922 0.453108311 1.53432584
v -3.4164896 0.273455441 1.53714573
v -3.3764236 0.278326988 1.53720331
v -3.39826322 0.457979858 1.53438342
v -3.44658089 0.48294577 1.25357592
v -3.43832922 0.453108311 1.53432584
v -3.39826322 0.457979858 1.53438342
v -3.38858891 0.487891495 1.25357592
v -3.43151665 1.91929436 -0.172555074
v -3.42423058 2.20148301 -0.190153807
v -3.43899846 2.20148301 -0.297243923
v -3.45301151 1.91929436 -0.293981284
v -3.38858891 0.487891495 1.25357592
v -3.39826322 0.457979858 1.53438342
v -3.3764236 0.278326988 1.53720331
v -3.36817193 0.248489499 1.25357592
v -3.42616367 0.243543774 1.25357592
v -3.4164896 0.273455441 1.53714573
v -3.43832922 0.453108311 1.53432584
v -3.44658089 0.48294577 1.25357592
v -3.36350775 1.91929436 -0.184594125
v -3.38424778 2.20148301 -0.19566755
v -3.42423058 2.20148301 -0.190153807
v -3.43151665 1.91929436 -0.172555074
v -3.44643831 -1.18785906 -0.302812099
v -3.42746186 -1.47004771 -0.301956743
v -3.43793941 -1.47004771 -0.194362104
v -3.45529032 -1.18785906 -0.179816186
v -3.36817193 0.248489499 1.25357592
v -3.3764236 0.278326988 1.53720331
v -3.4164896 0.273455441 1.53714573
v -3.42616367 0.243543774 1.25357592
v -1.34635532 -1.65648055 1.33621526
v -1.22334015 -1.95346534 1.33621538
v -1.22334027 -1.95346534 1.58621538
v -1.34635544 -1.65648055 1.58621526
v -1.22334015 -1.95346534 1.33621538
v -0.926355302 -2.07648063 1.3362155
v -0.926355422 -2.07648063 1.5862155
v -1.22334027 -1.95346534 1.58621538
v -0.926355302 -2.07648063 1.3362155
v -0.629370511 -1.95346546 1.33621573
v -0.62937063 -1.95346546 1.58621573
v -0.926355422 -2.07648063 1.5862155
v -0.629370511 -1.95346546 1.33621573
v -0.506355286 -1.65648055 1.33621573
v -0.506355405 -1.65648055 1.58621573
v -0.62937063 -1.95346546 1.58621573
v -0.506355286 -1.65648055 1.33621573
v -0.629370451 -1.35949564 1.33621562
v -0.62937057 -1.35949564 1.58621562
v -0.506355405 -1.65648055 1.58621573
v -0.629370451 -1.35949564 1.33621562
v -0.926355243 -1.23648059 1.3362155
v -0.926355422 -1.23648059 1.5862155
v -0.62937057 -1.35949564 1.58621562
v -1.22334027 -1.95346534 1.58621538
v -0.926355422 -2.07648063 1.5862155
v -0.62937063 -1.95346546 1.58621573
v -0.506355405 -1.65648055 1.58621573
v -0.62937057 -1.35949564 1.58621562
v -0.926355422 -1.23648059 1.5862155
v -1.22334027 -1.35949564 1.58621526
v -1.34635544 -1.65648055 1.58621526
v -0.926355243 -1.23648059 1.3362155
v -1.22334003 -1.35949564 1.33621526
v -1.22334027 -1.35949564 1.58621526
v -0.926355422 -1.23648059 1.5862155
v -1.22334003 -1.35949564 1.33621526
v -1.34635532 -1.65648055 1.33621526
v -1.34635544 -1.65648055 1.58621526
v -1.22334027 -1.35949564 1.58621526
v -1.34635532 -1.65648055 1.33621526
v -1.22334003 -1.35949564 1.33621526
v -0.926355243 -1.23648059 1.3362155
v -0.629370451 -1.35949564 1.33621562
v -0.506355286 -1.65648055 1.33621573
v -0.629370511 -1.95346546 1.33621573
v -0.926355302 -2.07648063 1.3362155
v -1.22334015 -1.95346534 1.33621538
v 7.31834793 -0.100874923 -0.378078878
v 7.24225235 0.0828354657 -0.378078878
v 7.24225235 0.0828354657 -0.223432586
v 7.31834793 -0.100874931 -0.223432586
v 7.24225235 0.0828354657 -0.378078878
v 7.05854225 0.158930868 -0.378078908
v 7.05854225 0.158930868 -0.223432615
v 7.24225235 0.0828354657 -0.223432586
v 7.05854225 0.158930868 -0.378078908
v 6.87483168 0.0828354955 -0.378078938
v 6.87483168 0.0828354955 -0.22343266
v 7.05854225 0.158930868 -0.223432615
v 6.87483168 0.0828354955 -0.378078938
v 6.7987361 -0.100874908 -0.378078997
v 6.7987361 -0.100874916 -0.22343269
v 6.87483168 0.0828354955 -0.22343266
v 6.7987361 -0.100874908 -0.378078997
v 6.87483168 -0.284585357 -0.378078997
v 6.87483168 -0.284585357 -0.22343269
v 6.7987361 -0.100874916 -0.22343269
v 6.87483168 -0.284585357 -0.378078997
v 7.05854225 -0.360680699 -0.378078938
v 7.05854225 -0.360680699 -0.22343266
v 6.87483168 -0.284585357 -0.22343269
v 7.24225235 0.0828354657 -0.223432586
v 7.05854225 0.158930868 -0.223432615
v 6.87483168 0.0828354955 -0.22343266
v 6.7987361 -0.100874916 -0.22343269
v 6.87483168 -0.284585357 -0.22343269
v 7.05854225 -0.360680699 -0.22343266
v 7.24225235 -0.284585416 -0.223432615
v 7.31834793 -0.100874931 -0.223432586
v 7.05854225 -0.360680699 -0.378078938
v 7.24225235 -0.284585416 -0.378078908
v 7.24225235 -0.284585416 -0.223432615
v 7.05854225 -0.360680699 -0.22343266
v 7.24225235 -0.284585416 -0.378078908
v 7.31834793 -0.100874923 -0.378078878
v 7.31834793 -0.100874931 -0.223432586
v 7.24225235 -0.284585416 -0.223432615
v 7.31834793 -0.100874923 -0.378078878
v 7.24225235 -0.284585416 -0.378078908
v 7.05854225 -0.360680699 -0.378078938
v 6.87483168 -0.284585357 -0.378078997
v 6.7987361 -0.100874908 -0.378078997
v 6.87483168 0.0828354955 -0.378078938
v 7.05854225 0.158930868 -0.378078908
v 7.24225235 0.0828354657 -0.378078878
v 1.68490183 1.88238358 8.22727585
v 1.68490338 1.61279118 0.596936703
v 1.68490338 1.6639576 0.596967697
v 1.68490183 1.92393064 8.22730255
v 1.22755075 1.60372305 0.596931458
v 1.68490338 1.61279118 0.596936703
v 1.68490183 1.88238358 8.22727585
v 1.22754395 1.88650918 8.22727871
v 1.22754395 1.98989773 8.22734165
v 1.68490183 1.92393064 8.22730255
v 1.68490338 1.6639576 0.596967697
v 1.22755075 1.71790481 0.597000599
v 1.22754431 1.96152425 8.61690903
v 1.68490183 1.92393064 8.22730255
v 1.22754395 1.98989773 8.22734165
v 1.22754395 1.88650918 8.22727871
v 1.68490183 1.88238358 8.22727585
v 1.22754478 1.93389165 8.61689186
v 1.22754478 1.93389165 8.61689186
v 1.68490183 1.88238358 8.22727585
v 1.68490183 1.92393064 8.22730255
v 1.22754431 1.96152425 8.61690903
v 1.22754431 1.96152425 8.61690903
v 1.22754395 1.98989773 8.22734165
v 1.22754395 1.88650918 8.22727871
v 1.22754478 1.93389165 8.61689186
v 1.22754395 1.88650918 8.22727871
v 1.22754395 1.98989773 8.22734165
v 1.22755075 1.71790481 0.597000599
v 1.22755075 1.60372305 0.596931458
v 1.68490338 1.61279118 0.596936703
v 1.22755075 1.60372305 0.596931458
v 1.22755075 1.71790481 0.597000599
v 1.68490338 1.6639576 0.596967697
v 8.20214367 2.00845432 -3.3919754
v 8.23587132 2.01524234 -3.3919754
v 8.23103523 1.99235213 -0.590615332
v 8.21840477 1.97625852 -0.581957996
v 8.23587132 2.01524234 -3.3919754
v 8.20214367 2.02203059 -3.3919754
v 8.21840477 2.00807524 -0.581957996
v 8.23103523 1.99235213 -0.590615332
v 7.47480488 1.99874198 -3.39029288
v 7.6886797 2.01584148 -3.80440021
v 8.20214367 2.00845432 -3.3919754
v 7.4748044 1.95323861 -0.600296974
v 7.47480488 1.99874198 -3.39029288
v 8.20214367 2.00845432 -3.3919754
v 8.21840477 1.97625852 -0.581957996
v 7.47480488 2.03174305 -3.39029288
v 7.4748044 2.03109527 -0.600296974
v 8.21840477 2.00807524 -0.581957996
v 8.20214367 2.02203059 -3.3919754
v 7.6886797 2.01584148 -3.80440021
v 7.69856882 2.02078271 -3.82354784
v 8.23587132 2.01524234 -3.3919754
v 8.20214367 2.00845432 -3.3919754
v 7.69856882 2.02078271 -3.82354784
v 7.6886797 2.02523255 -3.80440021
v 8.20214367 2.02203059 -3.3919754
v 8.23587132 2.01524234 -3.3919754
v 7.6886797 2.02523255 -3.80440021
v 7.47480488 2.03174305 -3.39029288
v 8.20214367 2.02203059 -3.3919754
v 7.4748044 1.93994725 -0.29999873
v 7.4748044 1.95323861 -0.600296974
v 8.21840477 1.97625852 -0.581957996
v 7.74536705 1.96403849 -0.299998671
v 7.4748044 2.03109527 -0.600296974
v 7.4748044 2.04438663 -0.29999873
v 7.74536705 2.02029538 -0.299998671
v 8.21840477 2.00807524 -0.581957996
v 7.6886797 2.01584148 -3.80440021
v 7.6886797 2.02523255 -3.80440021
v 7.69856882 2.02078271 -3.82354784
v 7.47480488 1.99874198 -3.39029288
v 7.47480488 2.03174305 -3.39029288
v 7.6886797 2.02523255 -3.80440021
v 7.6886797 2.01584148 -3.80440021
v 7.4748044 1.95323861 -0.600296974
v 7.4748044 2.03109527 -0.600296974
v 7.47480488 2.03174305 -3.39029288
v 7.47480488 1.99874198 -3.39029288
v 7.4748044 1.93994725 -0.29999873
v 7.4748044 2.04438663 -0.29999873
v 7.4748044 2.03109527 -0.600296974
v 7.4748044 1.95323861 -0.600296974
v 8.20214272 2.00845432 2.79197836
v 8.21840477 1.97625852 -0.0180391669
v 8.23103523 1.99235213 -0.00938183069
v 8.23587036 2.01524234 2.79197836
v 8.23587036 2.01524234 2.79197836
v 8.23103523 1.99235213 -0.00938183069
v 8.21840477 2.00807524 -0.0180391669
v 8.20214272 2.02203059 2.79197836
v 7.47480345 1.99874198 2.79029536
v 8.20214272 2.00845432 2.79197836
v 7.68867826 2.01584148 3.20440269
v 7.4748044 1.95323861 0.000299543142
v 8.21840477 1.97625852 -0.0180391669
v 8.20214272 2.00845432 2.79197836
v 7.47480345 1.99874198 2.79029536
v 7.47480345 2.03174305 2.79029536
v 8.20214272 2.02203059 2.79197836
v 8.21840477 2.00807524 -0.0180391669
v 7.4748044 2.03109527 0.000299543142
v 7.68867826 2.01584148 3.20440269
v 8.20214272 2.00845432 2.79197836
v 8.23587036 2.01524234 2.79197836
v 7.69856739 2.02078271 3.22355032
v 7.69856739 2.02078271 3.22355032
v 8.23587036 2.01524234 2.79197836
v 8.20214272 2.02203059 2.79197836
v 7.68867826 2.02523255 3.20440269
v 7.68867826 2.02523255 3.20440269
v 8.20214272 2.02203059 2.79197836
v 7.47480345 2.03174305 2.79029536
v 7.4748044 1.93994725 -0.29999873
v 7.74536705 1.96403849 -0.299998671
v 8.21840477 1.97625852 -0.0180391669
v 7.4748044 1.95323861 0.000299543142
v 7.4748044 2.03109527 0.000299543142
v 8.21840477 2.00807524 -0.0180391669
v 7.74536705 2.02029538 -0.299998671
v 7.4748044 2.04438663 -0.29999873
v 7.68867826 2.01584148 3.20440269
v 7.69856739 2.02078271 3.22355032
v 7.68867826 2.02523255 3.20440269
v 7.47480345 1.99874198 2.79029536
v 7.68867826 2.01584148 3.20440269
v 7.68867826 2.02523255 3.20440269
v 7.47480345 2.03174305 2.79029536
v 7.4748044 1.95323861 0.000299543142
v 7.47480345 1.99874198 2.79029536
v 7.47480345 2.03174305 2.79029536
v 7.4748044 2.03109527 0.000299543142
v 7.4748044 1.93994725 -0.29999873
v 7.4748044 1.95323861 0.000299543142
v 7.4748044 2.03109527 0.000299543142
v 7.4748044 2.04438663 -0.29999873
v 8.23103523 1.99235213 -0.00938183069
v 8.21840477 1.97625852 -0.0180391669
v 8.21840477 2.00807524 -0.0180391669
v 7.74536705 1.96403849 -0.299998671
v 7.74536705 2.02029538 -0.299998671
v 8.21840477 2.00807524 -0.0180391669
v 8.21840477 1.97625852 -0.0180391669
v 8.23103523 1.99235213 -0.590615332
v 8.21840477 2.00807524 -0.581957996
v 8.21840477 1.97625852 -0.581957996
v 7.74536705 1.96403849 -0.299998671
v 8.21840477 1.97625852 -0.581957996
v 8.21840477 2.00807524 -0.581957996
v 7.74536705 2.02029538 -0.299998671
v 8.84185219 1.23711658 -0.316182703
v 8.84185219 1.5363698 -0.327720582
v 8.8140173 1.71702433 -0.327380508
v 8.86738873 1.62654829 -0.300328165
v 8.84185219 1.20862985 -0.300328165
v 8.40944767 0.732617855 -0.300328255
v 8.84185219 1.23711658 -0.316182703
v 8.84185219 1.20862985 -0.300328165
v 8.86738873 1.62654829 -0.300328165
v 8.8140173 1.71702433 -0.327380508
v 8.76595116 1.83665872 -0.303417176
v 8.80644512 1.83665872 -0.300328165
v 8.76595116 1.83665872 -0.303417176
v 7.86244869 1.83665872 -0.401858866
v 7.74538422 2.89162064 -0.361453414
v 8.48681736 2.89162064 -0.303417236
v 8.8140173 1.71702433 -0.327380508
v 7.88266659 1.7145381 -0.415468931
v 7.86244869 1.83665872 -0.401858866
v 8.76595116 1.83665872 -0.303417176
v 8.48681736 2.89162064 -0.303417236
v 7.74538422 2.89162064 -0.361453414
v 7.67747688 3.49302912 -0.361453414
v 8.13806438 3.49302912 -0.303417295
v 8.80644512 1.83665872 -0.300328165
v 8.76595116 1.83665872 -0.303417176
v 8.48681736 2.89162064 -0.303417236
v 8.51273441 2.89162064 -0.300328225
v 8.13806438 3.49302912 -0.303417295
v 7.67747688 3.49302912 -0.361453414
v 7.63759995 3.85570621 -0.321089536
v 8.51273441 2.89162064 -0.300328225
v 8.48681736 2.89162064 -0.303417236
v 8.13806438 3.49302912 -0.303417295
v 8.15036678 3.49302912 -0.300328285
v 8.15036678 3.49302912 -0.300328285
v 8.13806438 3.49302912 -0.303417295
v 7.63759995 3.85570621 -0.321089536
v 7.63759995 3.87831926 -0.300328404
v 7.90842056 1.5363698 -0.430231631
v 7.88266659 1.7145381 -0.415468931
v 8.8140173 1.71702433 -0.327380508
v 8.84185219 1.5363698 -0.327720582
v 7.96642685 1.09293747 -0.418177187
v 7.90842056 1.5363698 -0.430231631
v 8.84185219 1.5363698 -0.327720582
v 8.84185219 1.23711658 -0.316182703
v 8.02311325 0.639472008 -0.361413926
v 7.96642685 1.09293747 -0.418177187
v 8.84185219 1.23711658 -0.316182703
v 8.40944767 0.732617855 -0.300328255
v 8.02311325 0.639472008 -0.361413926
v 8.40944767 0.732617855 -0.300328255
v 8.02311325 0.639472008 -0.300328314
v 7.63759995 3.85570621 -0.300328404
v 7.63759995 3.87831926 -0.300328404
v 7.63759995 3.85570621 -0.321089536
v 7.67747688 3.49302912 -0.361453414
v 7.67747688 3.49302912 -0.300328374
v 7.63759995 3.85570621 -0.300328404
v 7.63759995 3.85570621 -0.321089536
v 7.74538422 2.89162064 -0.361453414
v 7.74538422 2.89162064 -0.300328374
v 7.67747688 3.49302912 -0.300328374
v 7.67747688 3.49302912 -0.361453414
v 7.86244869 1.83665872 -0.401858866
v 7.86244869 1.83665872 -0.300328344
v 7.74538422 2.89162064 -0.300328374
v 7.74538422 2.89162064 -0.361453414
v 7.88266659 1.7145381 -0.415468931
v 7.88266659 1.7145381 -0.300328344
v 7.86244869 1.83665872 -0.300328344
v 7.86244869 1.83665872 -0.401858866
v 7.90842056 1.5363698 -0.430231631
v 7.90842056 1.5363698 -0.300328344
v 7.88266659 1.7145381 -0.300328344
v 7.88266659 1.7145381 -0.415468931
v 7.96642685 1.09293747 -0.300328344
v 7.90842056 1.5363698 -0.300328344
v 7.90842056 1.5363698 -0.430231631
v 7.96642685 1.09293747 -0.418177187
v 7.96642685 1.09293747 -0.418177187
v 8.02311325 0.639472008 -0.361413926
v 8.02311325 0.639472008 -0.300328314
v 7.96642685 1.09293747 -0.300328344
v 8.84185219 1.23711658 -0.284473628
v 8.84185219 1.20862985 -0.300328165
v 8.86738873 1.62654829 -0.300328165
v 8.8140173 1.71702433 -0.273275822
v 8.84185219 1.5363698 -0.272935748
v 8.40944767 0.732617855 -0.300328255
v 8.84185219 1.20862985 -0.300328165
v 8.84185219 1.23711658 -0.284473628
v 8.86738873 1.62654829 -0.300328165
v 8.80644512 1.83665872 -0.300328165
v 8.76595116 1.83665872 -0.297239184
v 8.8140173 1.71702433 -0.273275822
v 8.76595116 1.83665872 -0.297239184
v 8.48681736 2.89162064 -0.297239214
v 7.74538422 2.89162064 -0.239203349
v 7.86244869 1.83665872 -0.198797852
v 8.8140173 1.71702433 -0.273275822
v 8.76595116 1.83665872 -0.297239184
v 7.86244869 1.83665872 -0.198797852
v 7.88266659 1.7145381 -0.185187757
v 8.48681736 2.89162064 -0.297239214
v 8.13806438 3.49302912 -0.297239304
v 7.67747688 3.49302912 -0.239203364
v 7.74538422 2.89162064 -0.239203349
v 8.80644512 1.83665872 -0.300328165
v 8.51273441 2.89162064 -0.300328225
v 8.48681736 2.89162064 -0.297239214
v 8.76595116 1.83665872 -0.297239184
v 8.13806438 3.49302912 -0.297239304
v 7.63759995 3.85570621 -0.279567271
v 7.67747688 3.49302912 -0.239203364
v 8.51273441 2.89162064 -0.300328225
v 8.15036678 3.49302912 -0.300328285
v 8.13806438 3.49302912 -0.297239304
v 8.48681736 2.89162064 -0.297239214
v 8.15036678 3.49302912 -0.300328285
v 7.63759995 3.87831926 -0.300328404
v 7.63759995 3.85570621 -0.279567271
v 8.13806438 3.49302912 -0.297239304
v 7.90842056 1.5363698 -0.170425028
v 8.84185219 1.5363698 -0.272935748
v 8.8140173 1.71702433 -0.273275822
v 7.88266659 1.7145381 -0.185187757
v 7.96642685 1.09293747 -0.182479471
v 8.84185219 1.23711658 -0.284473628
v 8.84185219 1.5363698 -0.272935748
v 7.90842056 1.5363698 -0.170425028
v 8.02311325 0.639472008 -0.239242703
v 8.40944767 0.732617855 -0.300328255
v 8.84185219 1.23711658 -0.284473628
v 7.96642685 1.09293747 -0.182479471
v 8.02311325 0.639472008 -0.239242703
v 8.02311325 0.639472008 -0.300328314
v 8.40944767 0.732617855 -0.300328255
v 7.63759995 3.85570621 -0.300328404
v 7.63759995 3.85570621 -0.279567271
v 7.63759995 3.87831926 -0.300328404
v 7.67747688 3.49302912 -0.239203364
v 7.63759995 3.85570621 -0.279567271
v 7.63759995 3.85570621 -0.300328404
v 7.67747688 3.49302912 -0.300328374
v 7.74538422 2.89162064 -0.239203349
v 7.67747688 3.49302912 -0.239203364
v 7.67747688 3.49302912 -0.300328374
v 7.74538422 2.89162064 -0.300328374
v 7.86244869 1.83665872 -0.198797852
v 7.74538422 2.89162064 -0.239203349
v 7.74538422 2.89162064 -0.300328374
v 7.86244869 1.83665872 -0.300328344
v 7.88266659 1.7145381 -0.185187757
v 7.86244869 1.83665872 -0.198797852
v 7.86244869 1.83665872 -0.300328344
v 7.88266659 1.7145381 -0.300328344
v 7.90842056 1.5363698 -0.170425028
v 7.88266659 1.7145381 -0.185187757
v 7.88266659 1.7145381 -0.300328344
v 7.90842056 1.5363698 -0.300328344
v 7.96642685 1.09293747 -0.300328344
v 7.96642685 1.09293747 -0.182479471
v 7.90842056 1.5363698 -0.170425028
v 7.90842056 1.5363698 -0.300328344
v 7.96642685 1.09293747 -0.182479471
v 7.96642685 1.09293747 -0.300328344
v 8.02311325 0.639472008 -0.300328314
v 8.02311325 0.639472008 -0.239242703
v 1.69034612 1.89958143 -8.83834457
v 1.68905199 1.94110835 -8.83828926
v 1.68880951 1.66608548 -1.20848227
v 1.69040322 1.61494374 -1.20855045
v 1.2335552 1.59163535 -1.20909119
v 1.23308194 1.88945997 -8.83886623
v 1.69034612 1.89958143 -8.83834457
v 1.69040322 1.61494374 -1.20855045
v 1.22986162 1.99279833 -8.83872795
v 1.22999871 1.70576167 -1.20893669
v 1.68880951 1.66608548 -1.20848227
v 1.68905199 1.94110835 -8.83828926
v 1.23117161 1.96521354 -9.22834969
v 1.22986162 1.99279833 -8.83872795
v 1.68905199 1.94110835 -8.83828926
v 1.23308194 1.88945997 -8.83886623
v 1.23203278 1.93759441 -9.22838593
v 1.69034612 1.89958143 -8.83834457
v 1.23203278 1.93759441 -9.22838593
v 1.23117161 1.96521354 -9.22834969
v 1.68905199 1.94110835 -8.83828926
v 1.69034612 1.89958143 -8.83834457
v 1.23117161 1.96521354 -9.22834969
v 1.23203278 1.93759441 -9.22838593
v 1.23308194 1.88945997 -8.83886623
v 1.22986162 1.99279833 -8.83872795
v 1.23308194 1.88945997 -8.83886623
v 1.2335552 1.59163535 -1.20909119
v 1.22999871 1.70576167 -1.20893669
v 1.22986162 1.99279833 -8.83872795
v 1.69040322 1.61494374 -1.20855045
v 1.68880951 1.66608548 -1.20848227
v 1.22999871 1.70576167 -1.20893669
v 1.2335552 1.59163535 -1.20909119
v 1.30162275 -0.0948404968 -7.17514801
v 1.30162275 -0.126430258 -7.17514324
v 0.887360454 -0.0989324898 -7.38186741
v 0.887360454 -0.0989324898 -7.38186741
v 0.886851668 -0.0700383037 -7.3708024
v 1.30162275 -0.126430258 -7.17514324
v 0.8687042 -0.1266554 -7.20523071
v 0.887360454 -0.0989324898 -7.38186741
v 0.844943166 -0.0432739556 -7.20892143
v 0.845073164 -0.396296024 -1.64038205
v 1.37878346 -0.448693722 -1.64037418
v 1.30162275 -0.0948404968 -7.17514801
v 0.886851668 -0.0700383037 -7.3708024
v 0.844943166 -0.0432739556 -7.20892143
v 1.30162275 -0.0948404968 -7.17514801
v 1.37878346 -0.448693722 -1.64037418
v 1.37878346 -0.504118085 -1.64036465
v 1.30162275 -0.126430258 -7.17514324
v 1.30162275 -0.0948404968 -7.17514801
v 1.37878346 -0.504118085 -1.64036465
v 0.868703187 -0.523724675 -1.64036345
v 0.8687042 -0.1266554 -7.20523071
v 1.30162275 -0.126430258 -7.17514324
v 0.844943166 -0.0432739556 -7.20892143
v 0.8687042 -0.1266554 -7.20523071
v 0.868703187 -0.523724675 -1.64036345
v 0.845073164 -0.396296024 -1.64038205
v 0.886851668 -0.0700383037 -7.3708024
v 0.887360454 -0.0989324898 -7.38186741
v 0.8687042 -0.1266554 -7.20523071
v 0.844943166 -0.0432739556 -7.20892143
v 0.845073164 -0.396296024 -1.64038205
v 0.868703187 -0.523724675 -1.64036345
v 1.37878346 -0.504118085 -1.64036465
v 1.37878346 -0.448693722 -1.64037418
v 1.30162001 -0.094840616 6.57797623
v 0.886848986 -0.0700382888 6.77363062
v 0.887357712 -0.0989324898 6.78469563
v 0.887357712 -0.0989324898 6.78469563
v 1.30162001 -0.126430392 6.57797146
v 1.30162001 -0.126430392 6.57797146
v 0.887357712 -0.0989324898 6.78469563
v 0.868701518 -0.12665537 6.60805893
v 0.844940484 -0.0432739258 6.61174965
v 1.30162001 -0.094840616 6.57797623
v 1.37878287 -0.448693901 1.0432024
v 0.845072687 -0.396296024 1.04321027
v 0.886848986 -0.0700382888 6.77363062
v 1.30162001 -0.094840616 6.57797623
v 0.844940484 -0.0432739258 6.61174965
v 1.37878287 -0.448693901 1.0432024
v 1.30162001 -0.094840616 6.57797623
v 1.30162001 -0.126430392 6.57797146
v 1.37878287 -0.504118204 1.04319286
v 1.37878287 -0.504118204 1.04319286
v 1.30162001 -0.126430392 6.57797146
v 0.868701518 -0.12665537 6.60805893
v 0.86870265 -0.523724675 1.04319167
v 0.844940484 -0.0432739258 6.61174965
v 0.845072687 -0.396296024 1.04321027
v 0.86870265 -0.523724675 1.04319167
v 0.868701518 -0.12665537 6.60805893
v 0.886848986 -0.0700382888 6.77363062
v 0.844940484 -0.0432739258 6.61174965
v 0.868701518 -0.12665537 6.60805893
v 0.887357712 -0.0989324898 6.78469563
v 0.845072687 -0.396296024 1.04321027
v 1.37878287 -0.448693901 1.0432024
v 1.37878287 -0.504118204 1.04319286
v 0.86870265 -0.523724675 1.04319167

# 750 UV coordinates
vt 0.509788036 0.224471018 0
vt 0.509788036 0.236368462 0
vt 0.485820919 0.244186908 0
vt 0.481063694 0.235024139 0
vt 0.468492687 0.266065091 0
vt 0.477905154 0.265788168 0
vt 0.479050368 0.315953195 0
vt 0.476418853 0.317633033 0
vt 0.780510545 0.313518614 0
vt 0.746459305 0.298388869 0
vt 0.746091902 0.248057708 0
vt 0.748518884 0.244760782 0
vt 0.780510545 0.255999386 0
vt 0.709021091 0.242928982 0
vt 0.733325124 0.253368974 0
vt 0.732987702 0.305663973 0
vt 0.708553195 0.302060694 0
vt 0.709021091 0.234036773 0
vt 0.733325124 0.23938863 0
vt 0.780510545 0.322149098 0
vt 0.754675686 0.31960243 0
vt 0.750127256 0.328744918 0
vt 0.737161696 0.298288256 0
vt 0.745857418 0.244734868 0
vt 0.780510545 0.333516151 0
vt 0.997136533 0.331750542 0
vt 0.997136533 0.353627503 0
vt 0.973953903 0.334324747 0
vt 0.973953903 0.322180808 0
vt 0.973953903 0.313285619 0
vt 0.997136533 0.317978173 0
vt 0.510790467 0.244774848 0
vt 0.510790467 0.303920299 0
vt 0.974234462 0.256667882 0
vt 0.997136533 0.256150723 0
vt 0.733325124 0.219444409 0
vt 0.709021091 0.222139329 0
vt 0.481288433 0.319070667 0
vt 0.477362663 0.318891287 0
vt 0.746805489 0.243457198 0
vt 0.16990985 0.00883375108 0
vt 0.16990985 0.0124089569 0
vt 0.165524349 0.0124089569 0
vt 0.165524349 0.00883375108 0
vt 0.160295293 0.388391316 0
vt 0.158317134 0.391369283 0
vt 0.0233178586 0.398591101 0
vt 0.0230699033 0.394212306 0
vt 0.0246624947 0.385213912 0
vt 0.0247087702 0.381953001 0
vt 0.125239432 0.383063942 0
vt 0.126802832 0.385213912 0
vt 0.0230889767 0.389826477 0
vt 0.160314366 0.384006321 0
vt 0.0197517872 0.389094472 0
vt 0.154940009 0.39058888 0
vt 0.15509975 0.39497149 0
vt 0.0199116468 0.393477559 0
vt 0.0228722543 0.398593724 0
vt 0.026053831 0.40161258 0
vt 0.0239047259 0.407785952 0
vt 0.0168201178 0.401063502 0
vt 0.00555455638 0.378641307 0
vt 0.00374680711 0.374726683 0
vt 0.00854861736 0.372509301 0
vt 0.0089917779 0.37527439 0
vt 0.131198049 0.36617732 0
vt 0.131487995 0.369604975 0
vt 0.130876124 0.374789983 0
vt 0.141723782 0.368467659 0
vt 0.140610665 0.378115982 0
vt 0.130165309 0.378123522 0
vt 0.00740688993 0.381115645 0
vt 0.00804644823 0.368753701 0
vt 0.129372954 0.362404823 0
vt 0.133122206 0.356992632 0
vt 0.138085425 0.364738315 0
vt 0.136281878 0.381115645 0
vt 0.0969385058 0.390283406 0
vt 0.118644476 0.385075629 0
vt 0.119669452 0.389347583 0
vt 0.0979635268 0.394555479 0
vt 0.0914827287 0.383430541 0
vt 0.115924761 0.376869082 0
vt 0.118288368 0.381483197 0
vt 0.0927740782 0.388241053 0
vt 0.118251681 0.386914581 0
vt 0.093783021 0.39238888 0
vt 0.0943457931 0.380182236 0
vt 0.114449754 0.375623941 0
vt 0.115346879 0.379580736 0
vt 0.0952428728 0.384138912 0
vt 0.165524349 0.0133470148 0
vt 0.161011085 0.0133470148 0
vt 0.161011085 0.00883375108 0
vt 0.175821781 0.0504804477 0
vt 0.174796805 0.0462084971 0
vt 0.176725939 0.0408845358 0
vt 0.179911315 0.054161422 0
vt 0.0703583509 0.0309210997 0
vt 0.0670474023 0.0256952364 0
vt 0.117035091 0.0113003291 0
vt 0.121976405 0.0205801334 0
vt 0.171499208 0.0407136008 0
vt 0.170602083 0.0367568173 0
vt 0.175185412 0.0345076248 0
vt 0.0660422742 0.0343152583 0
vt 0.0636786669 0.0297011379 0
vt 0.0660055876 0.039746657 0
vt 0.0689125359 0.0445186347 0
vt 0.12753123 0.0338119864 0
vt 0.137942731 0.0139455479 0
vt 0.146108091 0.041212365 0
vt 0.237988204 0.026901599 0
vt 0.232722893 0.0415934883 0
vt 0.233694568 0.018371392 0
vt 0.532776952 0.0234490596 0
vt 0.0212122202 0.338913977 0
vt 0.0155765265 0.393696845 0
vt 0.0156187266 0.384006321 0
vt 0.0304371566 0.401760519 0
vt 0.0304983109 0.411230266 0
vt 0.0276034325 0.417408764 0
vt 0.0125145167 0.397999227 0
vt 0.0370611623 0.0871395096 0
vt 0.00517625175 0.109051548 0
vt 0.00494677387 0.0378501043 0
vt 0.0371571854 0.0570601448 0
vt 0.00453547202 0.0333077535 0
vt 0.0372139886 0.0566269979 0
vt 0.037053857 0.0870031789 0
vt 0.00462836865 0.111629196 0
vt 0.00462836865 0.0379858315 0
vt 0.037053857 0.0590033717 0
vt 0.0368868187 0.0920400247 0
vt 0.00453547202 0.113543235 0
vt 0.101407245 0.0581814423 0
vt 0.101407245 0.0696936026 0
vt 0.101407245 0.0558585301 0
vt 0.146437824 0.0537055619 0
vt 0.146437824 0.0562604554 0
vt 0.101275995 0.0579905435 0
vt 0.101275995 0.0703148395 0
vt 0.101407245 0.0720351115 0
vt 0.146225393 0.0557970852 0
vt 0.146225393 0.0611383244 0
vt 0.146437824 0.0609799474 0
vt 0.146437824 0.0635281652 0
vt 0.515834093 0.849306822 0
vt 0.627382755 0.844969273 0
vt 0.627909482 0.86468029 0
vt 0.516205013 0.865782738 0
vt 0.626575172 0.868192911 0
vt 0.516792297 0.868982315 0
vt 0.525031328 0.920742512 0
vt 0.633844495 0.920742512 0
vt 0.633844495 0.938515663 0
vt 0.525031209 0.938515663 0
vt 0.516287982 0.846050739 0
vt 0.625983 0.841509342 0
vt 0.51065141 0.870646954 0
vt 0.509409428 0.867851496 0
vt 0.635938525 0.838013172 0
vt 0.636421263 0.871702194 0
vt 0.633025706 0.835609674 0
vt 0.641718268 0.818642378 0
vt 0.644670606 0.820109844 0
vt 0.633528292 0.874050617 0
vt 0.641450047 0.914449692 0
vt 0.641450047 0.944808722 0
vt 0.644670606 0.889354229 0
vt 0.641763568 0.890744209 0
vt 0.649446487 0.896603584 0
vt 0.649446487 0.962654829 0
vt 0.509996772 0.844604492 0
vt 0.508923471 0.847511768 0
vt 0.497090876 0.8418293 0
vt 0.498384118 0.839357138 0
vt 0.517607212 0.940479279 0
vt 0.517607331 0.918778896 0
vt 0.500113726 0.876607895 0
vt 0.498643577 0.874336004 0
vt 0.504903316 0.948762894 0
vt 0.504903436 0.910945654 0
vt 0.275729775 0.248546526 0
vt 0.296312153 0.268167496 0
vt 0.263068646 0.300568968 0
vt 0.245894611 0.275185615 0
vt 0.326081991 0.284061134 0
vt 0.28306523 0.337773263 0
vt 0.351110041 0.293420166 0
vt 0.340582401 0.328392565 0
vt 0.341337025 0.33789897 0
vt 0.33351481 0.360752672 0
vt 0.372145325 0.328535229 0
vt 0.412540674 0.329073101 0
vt 0.412463784 0.341504186 0
vt 0.412463784 0.361332625 0
vt 0.369386137 0.290208817 0
vt 0.409635276 0.283742696 0
vt 0.457759798 0.276477665 0
vt 0.461785823 0.32157144 0
vt 0.412540674 0.329075068 0
vt 0.412463784 0.341505796 0
vt 0.461190641 0.335603297 0
vt 0.295833915 0.232441247 0
vt 0.316147208 0.254402757 0
vt 0.322368085 0.218199611 0
vt 0.333890349 0.244416222 0
vt 0.345531255 0.271896869 0
vt 0.382040411 0.19558914 0
vt 0.391927332 0.222827718 0
vt 0.402385026 0.253749967 0
vt 0.408763647 0.252903908 0
vt 0.457608491 0.253366202 0
vt 0.411030412 0.219261602 0
vt 0.459111333 0.22754015 0
vt 0.413359195 0.189324126 0
vt 0.461785823 0.193932682 0
vt 0.167321056 0.104694411 0
vt 0.167321056 0.15009822 0
vt 0.0729829371 0.160318613 0
vt 0.0687804669 0.120634392 0
vt 0.31701234 0.373486191 0
vt 0.31701234 0.397008717 0
vt 0.193136379 0.37791422 0
vt 0.193347618 0.372724324 0
vt 0.167321056 0.171835288 0
vt 0.0752879083 0.1802077 0
vt 0.522707641 0.152637273 0
vt 0.522707641 0.171082661 0
vt 0.357538968 0.172955424 0
vt 0.357538968 0.15009822 0
vt 0.628712893 0.373329163 0
vt 0.628374338 0.422252804 0
vt 0.550878763 0.414780647 0
vt 0.551442981 0.3732346 0
vt 0.522707641 0.0892641097 0
vt 0.357538968 0.0892641097 0
vt 0.268790692 0.172687635 0
vt 0.268790692 0.149734497 0
vt 0.400154948 0.401373714 0
vt 0.401012301 0.373286277 0
vt 0.268790692 0.0934979022 0
vt 0.808893263 0.0831335634 0
vt 0.808472991 0.121722184 0
vt 0.686016262 0.151969403 0
vt 0.686016262 0.0892641097 0
vt 0.893116713 0.373308122 0
vt 0.894731522 0.413460076 0
vt 0.776842237 0.419022024 0
vt 0.777164221 0.37331453 0
vt 0.808516502 0.135590255 0
vt 0.686016262 0.173457891 0
vt 0.808932483 0.0339512452 0
vt 0.686016262 0.0120088756 0
vt 0.268790692 0.0488684848 0
vt 0.167321056 0.0673209205 0
vt 0.357538968 0.0292232335 0
vt 0.522707641 0.0125978878 0
vt 0.0636619031 0.0954621881 0
vt 0.324465573 0.961573839 0
vt 0.507016063 0.967790246 0
vt 0.507115483 0.993580759 0
vt 0.324465573 0.993580759 0
vt 0.237208262 0.181448922 0
vt 0.167321056 0.17995888 0
vt 0.0819360092 0.976440728 0
vt 0.17337127 0.967170477 0
vt 0.173476711 0.993580759 0
vt 0.0820001289 0.993580759 0
vt 0.812751949 0.121346787 0
vt 0.820886731 0.121346787 0
vt 0.822818339 0.137598023 0
vt 0.812751949 0.138573438 0
vt 0.896275759 0.109541252 0
vt 0.896275759 0.126142055 0
vt 0.819960415 0.0895387232 0
vt 0.896275759 0.0735878423 0
vt 0.820457101 0.063818261 0
vt 0.896275759 0.0464676879 0
vt 0.820417464 0.0194827411 0
vt 0.896275759 0.0319617465 0
vt 0.977305114 0.403178126 0
vt 0.906715393 0.409447193 0
vt 0.904822826 0.373308122 0
vt 0.977305114 0.373222798 0
vt 0.904254317 0.107048035 0
vt 0.904254317 0.123328596 0
vt 0.226387888 0.190953851 0
vt 0.224537358 0.193119317 0
vt 0.222068325 0.189495221 0
vt 0.152252778 0.193493992 0
vt 0.181942225 0.265507877 0
vt 0.132070675 0.265507877 0
vt 0.1604736 0.301309049 0
vt 0.122691363 0.301309049 0
vt 0.189577579 0.269968033 0
vt 0.126275867 0.338372558 0
vt 0.112492099 0.339891195 0
vt 0.169435933 0.301309049 0
vt 0.112492099 0.341622978 0
vt 0.0951303318 0.339611381 0
vt 0.0951303318 0.336712241 0
vt 0.143408209 0.333236426 0
vt 0.168088511 0.301309049 0
vt 0.0768108442 0.194714695 0
vt 0.0846022367 0.265507877 0
vt 0 0 0
vt 0.0875813961 0.301309049 0
vt 0.948394418 0.0161513928 0
vt 0.999075055 0.00197316892 0
vt 0.999075055 0.150452733 0
vt 0.948394656 0.136274099 0
vt 0.921425343 0.0991541073 0
vt 0.921425343 0.053271383 0
vt 0.904254317 0.0464676879 0
vt 0.904254317 0.0731347427 0
vt 0.987636566 0.373402625 0
vt 0.987636566 0.404000074 0
vt 0.904254317 0.0360117853 0
vt 0.839557528 0.171400174 0
vt 0.839557528 0.157043442 0
vt 0.846157908 0.157043442 0
vt 0.846157908 0.171400174 0
vt 0.861073852 0.157043442 0
vt 0.861073852 0.171400174 0
vt 0.867674708 0.157043442 0
vt 0.867674708 0.171400174 0
vt 0.0210629553 0.00566140888 0
vt 0.0306553803 0.0109231956 0
vt 0.0283415578 0.0166091695 0
vt 0.0202859752 0.0149291363 0
vt 0.159304574 0.0112184137 0
vt 0.154239938 0.0105243772 0
vt 0.154471591 0.00883375108 0
vt 0.161011085 0.0097297281 0
vt 0.159304604 0.0231571048 0
vt 0.161011085 0.0246456712 0
vt 0.154239967 0.0238510221 0
vt 0.154471621 0.0255417675 0
vt 0.0358216576 0.01610085 0
vt 0.0358216576 0.038447395 0
vt 0.0310658216 0.0383692533 0
vt 0.035392385 0.0105564557 0
vt 0.0161757097 0.00428346684 0
vt 0.0131386779 0.0150544029 0
vt 0.819715738 0.157733202 0
vt 0.823547959 0.14642632 0
vt 0.833002448 0.152553082 0
vt 0.824529052 0.161287069 0
vt 0.0273285434 0.0422606021 0
vt 0.028104011 0.0377477519 0
vt 0.0302902497 0.0428821072 0
vt 0.0239765309 0.039680738 0
vt 0.833002448 0.183490753 0
vt 0.830039501 0.185284853 0
vt 0.00619079173 0.320352018 0
vt 0.0550984293 0.316347122 0
vt 0.0546109825 0.32954216 0
vt 0.00725354254 0.328089952 0
vt 0.0545137674 0.338124037 0
vt 0.0103590041 0.338062525 0
vt 0.0545872599 0.34670639 0
vt 0.0142393857 0.347966671 0
vt 0.0550983697 0.359900236 0
vt 0.016249314 0.36184597 0
vt 0.998955667 0.179473311 0
vt 0.985536993 0.175366551 0
vt 0.981734931 0.165638357 0
vt 0.985538304 0.155704409 0
vt 0.998955667 0.151624113 0
vt 0.898353159 0.175764143 0
vt 0.901637614 0.188553154 0
vt 0.879210293 0.188553154 0
vt 0.882494748 0.175764143 0
vt 0.890423834 0.172479689 0
vt 0.966466784 0.16466774 0
vt 0.965591311 0.148345366 0
vt 0.974092603 0.149738565 0
vt 0.974375844 0.163035884 0
vt 0.934920669 0.166573539 0
vt 0.933400512 0.154468074 0
vt 0.966366172 0.174552575 0
vt 0.935407519 0.176206008 0
vt 0.90877378 0.169928506 0
vt 0.91040051 0.171709016 0
vt 0.911189437 0.176770046 0
vt 0.909800887 0.177781001 0
vt 0.976474643 0.184742942 0
vt 0.974436402 0.174946085 0
vt 0.983511806 0.174839154 0
vt 0.991520047 0.18613179 0
vt 0.974999309 0.165747121 0
vt 0.968487144 0.185810879 0
vt 0.934883237 0.18613179 0
vt 0.489482999 0.967790246 0
vt 0.626568198 0.977545738 0
vt 0.626317501 0.993580759 0
vt 0.489582419 0.993580759 0
vt 0.812751949 0.0642964169 0
vt 0.812751949 0.0173126664 0
vt 0.812751949 0.0895387232 0
vt 0.979360521 0.959759653 0
vt 0.966235518 0.959759653 0
vt 0.96623981 0.916716158 0
vt 0.979360521 0.917163432 0
vt 0.785298586 0.516258776 0
vt 0.80728507 0.517133772 0
vt 0.807374954 0.92394048 0
vt 0.785796046 0.923565924 0
vt 0.785947204 0.472534716 0
vt 0.694847167 0.501497149 0
vt 0.657343864 0.495376647 0
vt 0.650750518 0.471670687 0
vt 0.807631731 0.94680649 0
vt 0.786206245 0.949734986 0
vt 0.94344008 0.917675078 0
vt 0.867857337 0.928950667 0
vt 0.867770672 0.921022892 0
vt 0.863398492 0.521035194 0
vt 0.948595047 0.513610601 0
vt 0.970034719 0.513610601 0
vt 0.97979629 0.513610601 0
vt 0.831354022 0.934396505 0
vt 0.825570583 0.933873773 0
vt 0.825437307 0.919599473 0
vt 0.831255436 0.920103848 0
vt 0.933919668 0.470161259 0
vt 0.929622471 0.483401954 0
vt 0.861529171 0.49414596 0
vt 0.861032307 0.49203667 0
vt 0.952752352 0.482931495 0
vt 0.955411434 0.474332154 0
vt 0.956404924 0.475462615 0
vt 0.932299554 0.472279668 0
vt 0.807631731 0.473006546 0
vt 0.694850922 0.510066271 0
vt 0.65755254 0.510023594 0
vt 0.943408966 0.959759653 0
vt 0.825828314 0.959956169 0
vt 0.82124567 0.965185344 0
vt 0.597810388 0.447545737 0
vt 0.597810388 0.439454228 0
vt 0.626492798 0.446919978 0
vt 0.625285685 0.455025196 0
vt 0.634846509 0.477474838 0
vt 0.642360508 0.472656965 0
vt 0.63116926 0.580114841 0
vt 0.629373968 0.579960704 0
vt 0.597810388 0.456781328 0
vt 0.627590656 0.581939101 0
vt 0.598089218 0.580129862 0
vt 0.0419886708 0.671931028 0
vt 0.0419886708 0.640538037 0
vt 0.015719533 0.646477282 0
vt 0.0162318349 0.671931028 0
vt 0.020457007 0.456781328 0
vt 0.0204570014 0.580130219 0
vt 0.0204569995 0.61458236 0
vt 0.00441034697 0.613365293 0
vt 0.00441034697 0.4416821 0
vt 0.643246114 0.675644755 0
vt 0.601188481 0.675644755 0
vt 0.60071075 0.778188825 0
vt 0.631966591 0.781284094 0
vt 0.633869708 0.779571056 0
vt 0.630782008 0.5810197 0
vt 0.62900728 0.583100975 0
vt 0.020457007 0.431386381 0
vt 0.020457007 0.422411412 0
vt 0.020457007 0.620775402 0
vt 0.0035098549 0.624511957 0
vt 0.011496136 0.427968234 0
vt 0.0134630892 0.414727449 0
vt 0.0409709103 0.777319431 0
vt -0.00127744605 0.666154981 0
vt -0.00134658744 0.677028894 0
vt 4.09334898e-05 0.535136223 0
vt 4.09334898e-05 0.462415487 0
vt 0.000460157171 0.418171912 0
vt 4.09334898e-05 0.453029692 0
vt 4.09334898e-05 0.448263496 0
vt 4.09334898e-05 0.620274782 0
vt 4.09334898e-05 0.535731137 0
vt 0.0228201747 0.820289791 0
vt -0.000578462379 0.740920007 0
vt 0.601188481 0.640538037 0
vt 0.633850515 0.648867011 0
vt 0.0406596661 0.809548795 0
vt 0.627062678 0.447342783 0
vt 0.640489757 0.470015168 0
vt 4.09334898e-05 0.461112171 0
vt 0.0715321079 0.994245529 0
vt 0.0156476274 0.955670953 0
vt 0.01368473 0.94265002 0
vt 0.0442205742 0.940911531 0
vt 0.0463343784 0.954804301 0
vt 0.0251488239 0.989816904 0
vt 0.0248041414 0.989389956 0
vt 0.045022022 0.968064129 0
vt 0.0485912114 0.981023431 0
vt 0.021699734 0.92442739 0
vt 0.0452305935 0.928201854 0
vt 0.0675522834 0.953476369 0
vt 0.0680110604 0.964375556 0
vt 0.0147456406 0.968648076 0
vt 0.0718917921 0.942640066 0
vt 0.0724366605 0.946004331 0
vt 0.0729594901 0.954392672 0
vt 0.0739081278 0.972757161 0
vt 0.0729018301 0.929930449 0
vt 0.09558478 0.92442739 0
vt 0.0994491279 0.936341107 0
vt 0.0875607133 0.9372347 0
vt 0.0844629407 0.927828014 0
vt 0.0762629658 0.930197477 0
vt 0.0752561092 0.942867339 0
vt 0.0697023571 0.962140024 0
vt 0.0762629658 0.971016645 0
vt 0.0851336122 0.944354415 0
vt 0.0872617662 0.95156908 0
vt 0.0771109164 0.953058004 0
vt 0.0762629658 0.944169402 0
vt 0.0774807408 0.935323834 0
vt 0.0994491279 0.944652855 0
vt 0.0991025865 0.952957511 0
vt 0.0947449505 0.964699805 0
vt 0.0837744921 0.960838437 0
vt 0.130859405 0.372070312 0
vt 0.102539122 0.380859375 0
vt 0.695028484 0.917864203 0
vt 0.6938622 0.931014121 0
vt 0.367922306 0.838315964 0
vt 0.367922306 0.926332474 0
vt 0.346009612 0.926332474 0
vt 0.346009612 0.838315964 0
vt 0.431842327 0.927025676 0
vt 0.395847052 0.926468432 0
vt 0.370788604 0.900621831 0
vt 0.371345937 0.864626586 0
vt 0.397192389 0.839568138 0
vt 0.433187634 0.840125501 0
vt 0.458246112 0.865971982 0
vt 0.457688808 0.901967168 0
vt 0.396098733 0.926368594 0
vt 0.432093918 0.926925957 0
vt 0.457940489 0.901867509 0
vt 0.458497703 0.865872264 0
vt 0.433439314 0.840025663 0
vt 0.39744404 0.839468479 0
vt 0.371597528 0.864526927 0
vt 0.371040255 0.900522172 0
vt 0.266765743 0.840806246 0
vt 0.280499935 0.838395655 0
vt 0.283455908 0.85762912 0
vt 0.270296574 0.858672798 0
vt 0.283455908 0.876916766 0
vt 0.270434409 0.875845671 0
vt 0.280748188 0.896099985 0
vt 0.267016768 0.894161761 0
vt 0.265081912 0.831212699 0
vt 0.278816134 0.828802109 0
vt 0.264145046 0.859333396 0
vt 0.264000833 0.875095189 0
vt 0.250069231 0.87299186 0
vt 0.250215948 0.862369359 0
vt 0.25327605 0.834935904 0
vt 0.25979045 0.842463195 0
vt 0.245401487 0.851763725 0
vt 0.239748925 0.847564638 0
vt 0.259866059 0.892812192 0
vt 0.244683251 0.883342206 0
vt 0.236690298 0.874510109 0
vt 0.239968956 0.870312214 0
vt 0.239764497 0.86520195 0
vt 0.236778229 0.860566139 0
vt 0.233722672 0.859790564 0
vt 0.233587354 0.875025928 0
vt 0.238914043 0.887517214 0
vt 0.279394329 0.905691624 0
vt 0.265662909 0.90375334 0
vt 0.253035933 0.900707543 0
vt 0.0354990885 0.836607218 0
vt 0.0354990885 0.824597895 0
vt 0.0579087436 0.82736516 0
vt 0.0579087436 0.836607218 0
vt 0.0348634571 0.891150117 0
vt 0.0346443951 0.877201915 0
vt 0.0551947057 0.881245434 0
vt 0.0554480553 0.890877783 0
vt 0.0354990885 0.871535122 0
vt 0.0354990885 0.863812447 0
vt 0.0579087436 0.863812447 0
vt 0.0579087436 0.871535122 0
vt 0.0695747137 0.823878229 0
vt 0.0695747137 0.836607218 0
vt 0.0555986464 0.900627017 0
vt 0.0555400401 0.891249239 0
vt 0.0658165887 0.889989555 0
vt 0.0661456436 0.905145288 0
vt 0.0695747137 0.863812447 0
vt 0.0695747137 0.871535122 0
vt 0.0354990885 0.825773776 0
vt 0.0579087436 0.826797545 0
vt 0.0346483737 0.904960513 0
vt 0.0349017233 0.876832545 0
vt 0.0555460528 0.881845653 0
vt 0.0554626808 0.900438547 0
vt 0.0349830315 0.905314386 0
vt 0.0349333212 0.891339302 0
vt 0.0354990885 0.848355591 0
vt 0.0579087436 0.848355591 0
vt 0.191343591 0.836607218 0
vt 0.191343591 0.871535122 0
vt 0.0659300759 0.904960513 0
vt 0.0658029243 0.875023484 0
vt 0.191296518 0.875095904 0
vt 0.191526368 0.904530287 0
vt 0.0695747137 0.848355591 0
vt 0.191343591 0.848355591 0
vt 0.191343591 0.863812447 0
vt 0.0662015229 0.874099135 0
vt 0.0657566041 0.889670432 0
vt 0.0695747137 0.823273778 0
vt 0.191907376 0.890190959 0
vt 0.191989437 0.874906123 0
vt 0.226415038 0.878874898 0
vt 0.226352304 0.890382826 0
vt 0.191343591 0.825931847 0
vt 0.225923568 0.831884265 0
vt 0.225923568 0.836607218 0
vt 0.191920355 0.905314386 0
vt 0.191821083 0.890215158 0
vt 0.22635892 0.889959455 0
vt 0.226424009 0.900706708 0
vt 0.225923568 0.848355591 0
vt 0.225923568 0.863812447 0
vt 0.226085573 0.878474593 0
vt 0.225918576 0.9006477 0
vt 0.225923568 0.866720557 0
vt 0.225923568 0.871535122 0
vt 0.316634297 0.893687487 0
vt 0.320165157 0.875820935 0
vt 0.333324462 0.876864612 0
vt 0.330368519 0.896098077 0
vt 0.320302993 0.858648002 0
vt 0.333324462 0.857576966 0
vt 0.316885352 0.840331972 0
vt 0.330616772 0.838393748 0
vt 0.314950526 0.903280914 0
vt 0.328684717 0.905691504 0
vt 0.31401366 0.875160336 0
vt 0.300084561 0.872124374 0
vt 0.299937844 0.861501873 0
vt 0.313869417 0.859398544 0
vt 0.303144604 0.899557829 0
vt 0.289617479 0.886929095 0
vt 0.295270056 0.882730007 0
vt 0.309659004 0.892030478 0
vt 0.29455182 0.851151526 0
vt 0.309734702 0.84168154 0
vt 0.289837539 0.864181519 0
vt 0.286558867 0.859983623 0
vt 0.286646843 0.873927593 0
vt 0.289633095 0.869291723 0
vt 0.283591241 0.874703109 0
vt 0.283455908 0.859467745 0
vt 0.288782626 0.846976519 0
vt 0.315531462 0.830740333 0
vt 0.329262882 0.828802109 0
vt 0.302904546 0.83378619 0
vt 0.0555498302 0.900357306 0
vt 0.034972176 0.905096531 0
vt 0.0354990885 0.822819054 0
vt 0.0579087436 0.826069057 0
vt 0.0553637445 0.881259024 0
vt 0.0659808069 0.874821007 0
vt 0.0582224578 0.831674576 0
vt 0.0721008405 0.825895131 0
vt 0.0721008405 0.834204614 0
vt 0.0582224578 0.840292871 0
vt 0.040248625 0.829531312 0
vt 0.040248625 0.838481963 0
vt 0.040248625 0.860995352 0
vt 0.0582224578 0.857837558 0
vt 0.0582224578 0.866173983 0
vt 0.040248625 0.869262397 0
vt 0.0349581614 0.876486063 0
vt 0.055626981 0.881397426 0
vt 0.0555517152 0.899872243 0
vt 0.0348435566 0.904615104 0
vt 0.0348566025 0.877361476 0
vt 0.191343591 0.837676287 0
vt 0.191343591 0.863723695 0
vt 0.0721008405 0.863723695 0
vt 0.0658949614 0.875120342 0
vt 0.19138667 0.875179887 0
vt 0.191444665 0.904615104 0
vt 0.0659359843 0.904555559 0
vt 0.066079393 0.904615402 0
vt 0.0721008405 0.871520996 0
vt 0.0695747137 0.822819054 0
vt 0.226424009 0.901015878 0
vt 0.191907942 0.905096531 0
vt 0.191745132 0.875195503 0
vt 0.226297319 0.878717244 0
vt 0.191343591 0.824099422 0
vt 0.191343591 0.825895131 0
vt 0.191343591 0.871520996 0
vt 0.225923568 0.864207208 0
vt 0.225923568 0.837676287 0
vt 0.225923568 0.864480078 0
vt 0.225923568 0.869324207 0
vt 0.225827307 0.878662527 0
vt 0.226192653 0.900833249 0
vt 0.225923568 0.829477727 0
vt 0.225923568 0.831464708 0
vt 0.598167121 0.61458236 0
vt 0.598225951 0.625137329 0
vt 0.600564659 0.809548795 0
vt 0.599723756 0.617441893 0
vt 0.780510545 0.201301068 0
vt 0.780510545 0.19803524 0
vt 0.973005831 0.198153138 0
vt 0.974507153 0.201623082 0
vt 0.510916054 0.363623798 0
vt 0.510790467 0.360165089 0
vt 0.708098292 0.359549612 0
vt 0.712004542 0.363623798 0
vt 0.997136533 0.236159563 0
vt 0.732878566 0.322572947 0
vt 0.019700218 0.124751478 0
vt 0.00868594646 0.159185559 0
vt 0.0110537997 0.178768262 0
vt 0.00576344179 0.161591575 0
vt 0.0132486187 0.124375269 0
vt 0.047560405 0.102879353 0
vt 0.0121394098 0.194908723 0
vt 0.00919753313 0.194652006 0
vt 0.0291128382 0.265507877 0
vt 0.0519398078 0.301309049 0
vt 0.0264955666 0.26004526 0
vt 0.0508897528 0.301309049 0
vt 0.828523457 0.524074435 0
vt 0.827522099 0.524074435 0
vt 0.845041096 0.489229053 0
vt 0.845537961 0.491338342 0
vt 0.663334131 0.915873349 0
vt 0.821744621 0.524074435 0

# 1020 vertex normals
vn -0.995375812 -0.00178660161 -0.0960408747
vn -0.112094007 0.99366641 -0.00787345879
vn -0.067482017 0.996059835 -0.0575408936
vn -0.819776714 0.00708177686 -0.572639525
vn -0.121310107 -1.57514478e-07 -0.992614627
vn -0.0110176448 0.996580601 -0.0818876401
vn 0.0290835183 0.994838774 -0.0972110406
vn 0.595030844 0.0121700931 -0.803610802
vn -0.00873965584 -0.999471486 -0.0313117839
vn -0.0124034239 -0.995412886 -0.0948652476
vn 0.0287985895 -0.993453443 -0.1105479
vn 0.0665692538 -0.993077636 -0.0967749432
vn 0.0181887411 -0.999507368 -0.025576584
vn 0.00185470725 0.996851981 -0.0792639181
vn -0.00602308102 0.999981821 -3.52688367e-08
vn 0.0625669584 0.998040676 1.21822366e-08
vn 0.0425401516 0.997266948 -0.0604062714
vn -0.16251491 0.9787274 -0.125225976
vn -0.258730263 0.965949655 -7.35225427e-08
vn -0.112564012 -0.993071198 -0.0337497555
vn -0.0688162819 -0.994431615 -0.0798127502
vn -0.235855192 -0.971788228 4.59215492e-08
vn -0.999737322 -0.0229178816 -1.48410905e-07
vn -0.862615466 -0.00506111747 -0.505834818
vn -0.154910415 -0.978741229 -0.13441889
vn 0.00190438388 -0.996152341 -0.0876177177
vn -0.00602316763 -0.999981821 8.16320593e-08
vn -0.0052021388 0.999965549 -0.0064638406
vn 0.0184818078 0.999824166 -0.00318544055
vn 0.0426073186 -0.996737182 -0.0685541332
vn 0.0625667572 -0.998040676 1.21821975e-08
vn 0.0672517866 0.99520725 -0.0709911138
vn 0.618099988 0.00631843228 -0.786074042
vn -1.94643576e-07 0.0255599376 0.999673307
vn -0.998799145 -0.0158849787 0.0463454798
vn 0.998799205 0.0158857293 -0.0463443473
vn 1.1057341e-07 -0.823100507 -0.567895889
vn -1.12341027e-07 0.816762328 0.576974213
vn -1.58349948e-07 0.581883311 0.813272238
vn -0.454078048 0.0255616084 0.890595198
vn -0.922393799 -0.0300968047 -0.385076463
vn 0.353758097 -0.627263427 -0.693826973
vn 0.922393858 0.0301002525 0.385076076
vn 0.252708316 -0.830949306 -0.495642781
vn -0.254484981 0.828319728 0.499123156
vn -0.383080691 0.537344158 0.751339138
vn -0.892589569 -0.303946972 -0.333016664
vn 0.793782711 -0.303953171 0.526803076
vn 0.118492596 0.295395494 0.947998405
vn -0.929699779 0.36831525 0.00143741467
vn -0.118491873 -0.295394808 -0.947998762
vn 0.92970109 -0.36831221 -0.00143818697
vn -0.348737955 -0.881524563 0.318270713
vn -0.0542841293 -0.140889749 0.988535941
vn -0.987016022 0.159771785 0.0165040847
vn 0.190320805 -0.949830711 0.248192638
vn -0.78435266 -0.55863899 0.269654155
vn -0.247654378 -0.622223973 -0.742633522
vn 0.00980175473 -0.554143131 -0.832363784
vn -0.0605017878 -0.314662755 -0.947273374
vn 0.0554637387 0.28776449 0.956093788
vn 0.986696839 -0.161794215 -0.0158745702
vn -0.0101963673 -0.0625472367 0.997989893
vn 0.738491654 -0.670296788 0.0730228797
vn -0.993515372 0.111819997 -0.0205796193
vn 1.09055286e-07 -0.828425825 -0.560098946
vn 0.694712758 -0.363958627 0.620409787
vn -0.918196619 -0.392250001 -0.0552707873
vn -0.0266945213 0.798756301 0.601062298
vn -0.716809094 -0.657757699 0.231386214
vn 0.026725309 -0.799565911 -0.599983454
vn 0.94558382 -0.306940317 0.107976332
vn 0.000970348658 0.838781834 0.544466674
vn -0.963894546 -0.144226506 0.223843902
vn -0.000771620311 -0.839950204 -0.542662859
vn 0.989670992 0.0809161738 -0.118337847
vn -0.953127861 -0.170783594 0.2497603
vn 0.0113049168 -0.86131531 -0.507944942
vn -0.0130864559 0.864329934 0.502755105
vn 0.984201431 0.0958980992 -0.148832217
vn 9.99201584e-05 0.200119436 0.979771495
vn -0.99887675 0.0464445651 -0.00938457064
vn -0.000100990408 -0.200119734 -0.979771376
vn 0.99887681 -0.0464451276 0.00938472338
vn -0.953533649 0.296389103 -0.0541031994
vn -0.000664865191 0.184300527 0.982869744
vn 0.365219563 -0.916271865 0.16450122
vn 0.739384592 -0.662599981 0.119464353
vn -0.799783945 -0.591032803 0.105003208
vn 0.00066422642 -0.184300542 -0.982869685
vn -0.451676041 -0.878290415 0.156826407
vn 0.00122634042 -0.172636434 -0.984984875
vn -0.0012263133 0.172636256 0.984984934
vn 0.862209857 0.498774737 -0.0884181559
vn 5.47377749e-05 0.199182346 0.979962468
vn -5.54202161e-05 -0.199178427 -0.979963243
vn 0.977766573 0.206590027 -0.0359575599
vn -0.82496798 0.556173563 -0.100493446
vn -0.00165994454 -0.232216626 -0.972662628
vn 0.00119590107 0.222698048 0.974886715
vn -0.745116293 0.654409766 -0.128645182
vn -0.692010581 0.555986166 -0.46043551
vn -0.607249498 0.440175414 -0.661433101
vn -0.290108681 -0.652118683 -0.700412869
vn 0.0112356087 -0.7204234 -0.693443596
vn 0.025605686 -0.694551229 -0.718987405
vn 0.00636892207 0.304850399 -0.952378869
vn 0.00510408869 0.297119349 -0.954826713
vn 0.17087917 0.261330068 -0.950003564
vn 1 0 1.94707184e-07
vn 0.360327929 -0.683952272 -0.634328783
vn -0.589239717 0.779712856 -0.211764485
vn -0.330833912 0.921863258 -0.201784641
vn -0.48907426 0.828365564 -0.273160845
vn -0.442359298 0.862004876 -0.247519314
vn -0.0832513645 0.982432187 -0.167021751
vn -0.0790411159 0.968973398 -0.234186009
vn -0.0315723978 0.812877655 -0.581578135
vn 0.115382791 0.752379835 -0.648545623
vn 0.077740021 0.969334304 -0.233125329
vn 0.0962043926 0.983007967 -0.156334043
vn 0.1827842 -0.0488194935 -0.98194015
vn 0.126294196 0.3098858 -0.94234848
vn 0.145458594 0.171123803 -0.974452913
vn 0.188154712 -0.0570978001 -0.980478287
vn 0.256630808 -0.966509521 8.45259578e-08
vn 0.263808846 -0.664020717 -0.699629426
vn 0.431167126 -0.57215625 -0.697661877
vn 0.703131855 -0.711059451 2.09001271e-07
vn 0.0570381582 0.670545042 -0.739672899
vn 0.0682643205 0.356249809 -0.931893766
vn 0.00435629115 0.471283674 -0.881970882
vn -0.00190291775 0.907591701 -0.419849634
vn 0.048477836 0.91740036 -0.395001858
vn 0.0807578415 0.483904898 -0.871386409
vn 0.0550418906 -0.998484015 6.26843288e-09
vn 0.0586530268 -0.711660445 -0.700070918
vn 0.164091662 -0.721013367 -0.673211336
vn 0.139508978 -0.990220904 3.10380628e-08
vn 0.0240240898 0.0589840934 -0.997969806
vn 0.103570968 0.020319527 -0.994414508
vn 0.00590401469 0.899990022 -0.435870558
vn 0.106083766 0.471239477 -0.875602365
vn 0.237834409 -0.698096812 -0.675348461
vn 0.219349459 -0.975646317 3.79053873e-08
vn 0.155668989 -0.0223112777 -0.987557173
vn -0.0361652374 0.105733983 -0.993736565
vn -0.0916901827 0.60796231 -0.788653731
vn -0.144502044 0.517362952 -0.843477726
vn -0.0690050051 0.0988112241 -0.992710769
vn -0.140209734 -0.990121841 -6.13970812e-08
vn -0.143402994 -0.653995097 -0.742782652
vn -0.0645303279 -0.717817485 -0.693234444
vn -0.0509602427 -0.998700678 -9.92232518e-09
vn -0.315545768 0.879723668 -0.355692595
vn -0.186147138 0.891836166 -0.412283301
vn -0.181767985 0.983341455 -3.53915333e-08
vn 0.0029704771 0.999995649 5.78373238e-10
vn -0.155046001 0.863610923 -0.479725897
vn 0.00957079325 0.683875084 -0.729536295
vn 0.0282078255 0.99960202 5.4922662e-09
vn -0.128168479 0.991752446 -2.25611636e-08
vn -0.105960868 0.843975067 -0.52581203
vn -0.269565225 0.962982178 -1.2610549e-08
vn -0.355037898 0.934851944 -3.55265293e-08
vn -0.375303596 0.781410694 -0.498542458
vn -0.406285882 0.913745999 -9.00361528e-08
vn -0.0121912789 0.504443944 -0.863358319
vn -0.301445156 0.355019808 -0.88492471
vn -0.0624633059 0.00246470235 -0.998044193
vn -0.300916642 -0.221593171 -0.92754817
vn -0.153142363 -0.674995422 -0.721753895
vn -0.380038619 -0.736973464 -0.558963954
vn -0.138481423 -0.990364969 -4.70305821e-08
vn -0.398033261 -0.917370915 -5.55395872e-08
vn -0.578635931 0.624381959 -0.524716675
vn -0.678028584 0.735035539 -1.49323583e-07
vn -0.476710826 0.87906009 -9.28190218e-08
vn -0.164469481 0.44041115 -0.88260287
vn -0.0132981436 0.289006054 -0.957234859
vn -0.179668039 0.0931901634 -0.97930336
vn -0.0182823613 0.0162301883 -0.999701083
vn -0.189875707 0.171503603 -0.966712832
vn -0.0156124104 0.0570836179 -0.998247325
vn -0.892588913 0.450871408 -1.73793467e-07
vn -0.193212807 0.834935367 -0.515317082
vn -0.0186999571 0.642342031 -0.766189992
vn -0.82812345 0.560545743 -2.15606875e-07
vn -0.0843078569 0.996439695 -1.64153455e-08
vn 0.547860622 0.836569607 1.06672395e-07
vn 0.301401496 0.44980824 -0.840731561
vn -0.622334123 0.782751679 -2.57802782e-07
vn 0.0036792343 0.242268473 -0.970202327
vn -0.00109854178 0.0134638734 -0.999908805
vn 0.0104154721 0.0491021313 -0.998739421
vn -1 0 2.21843749e-07
vn -0.460958958 -0.247720122 -0.852145255
vn -0.460958928 0.247720405 -0.852145195
vn -0.678028703 -0.735035419 -1.32017064e-07
vn -0.578635991 -0.624381423 -0.524717271
vn -1 0 -1.94707184e-07
vn 1.94707184e-07 0 -1
vn -0.0803784207 0.352992952 -0.932166994
vn -0.488918573 -0.872329414 -9.51959578e-08
vn 2.7339631e-08 -0.872325122 -0.488926321
vn 0.488918573 -0.872329414 9.51959578e-08
vn 0.519995749 0.852382779 -0.0552105531
vn 0.962812126 0.266201526 -0.0461474508
vn -0.973215759 -0.225340098 0.0455282032
vn -1.94707184e-07 0 1
vn 0.643889904 -0.765100479 -0.00519699929
vn -0.317561537 -0.947037101 0.0477014333
vn 0.0710342005 -0.130042806 -0.988960564
vn 0.0330958553 0.999452174 6.44400089e-09
vn 0.0306714196 0.751287639 -0.659261823
vn 0.031345237 0.798986733 -0.60053122
vn 0.0260652527 0.00458664959 -0.999649763
vn 0.0257347301 0.0955117121 -0.995095611
vn 0.0355693251 -0.746547163 -0.664381027
vn 0.0344909951 -0.702485263 -0.710862041
vn 0.0402584262 -0.999189258 -1.92344141e-09
vn 0.0402584225 -0.999189258 -1.07201448e-08
vn -0.933180094 -0.359376013 0.00487907417
vn 0.99999994 -4.64239946e-07 1.94707169e-07
vn -0.187367171 0.801238298 -0.568252325
vn -0.188454673 0.492368639 -0.849740028
vn -0.327899188 0.425860018 -0.843282461
vn -0.337586015 0.743586421 -0.577161133
vn 0.0507296659 0.845121443 -0.532161772
vn 0.0291102156 0.572495878 -0.819390655
vn -0.159680873 0.967837632 -0.194402635
vn 0.0519656017 0.984389842 -0.168155462
vn 0.5100016 0.524059176 -0.682099998
vn 0.675458431 0.639721453 -0.366759181
vn 0.744987726 0.660740793 -0.0917324275
vn -1 0 2.80006702e-06
vn -0.284495384 0.940193415 -0.187346622
vn -0.904094279 -0.427163333 0.0120444549
vn -0.587324142 0.809348106 -0.00245622196
vn -0.580862939 0.813531101 0.0276656467
vn -0.898109376 -0.439593464 -0.0125350617
vn -0.166789189 -0.98559922 -0.0278480407
vn -0.908952236 -0.406627595 -0.0919774473
vn -0.112801939 -0.981245697 -0.156308934
vn 0.0252605379 -0.999419093 0.0228802431
vn -0.687439024 -0.0476104356 -0.724679768
vn -0.0896523371 0.605250061 -0.790970862
vn -0.09394297 0.994629264 0.0434439331
vn 0.102184646 0.992698312 0.0640952885
vn -0.091644235 0.995789945 0.00193061528
vn -0.499216378 0.866340816 0.0153822955
vn 0.989969909 -2.95410103e-07 -0.141278222
vn 0.989564538 -2.97753758e-07 -0.144090384
vn 0.999902785 -1.87804247e-07 -0.0139403902
vn -0.00157042709 0.911703229 -0.410846472
vn 0.157239005 0.772349894 -0.615427911
vn 0.118376993 0.980087876 -0.15941976
vn -0.442415416 0.891907513 -0.0936460346
vn -0.178413078 -0.983768284 0.0192029402
vn 0.0386871621 -0.996820629 -0.0696564317
vn -0.197894543 0.980223179 0.000615565397
vn 0.104449332 0.994268835 -0.022798432
vn 0.963140309 -4.00373807e-07 -0.268999338
vn -0.439522803 -0.890149355 -0.120223925
vn -0.968442023 0.238866538 -0.0711533651
vn -0.881260693 0.197155058 -0.429545552
vn -0.331999689 -0.779359818 -0.531389236
vn -0.0228304341 -0.32181409 -0.946527541
vn -0.241248071 0.560684502 -0.792106271
vn 0.343452096 0.60367626 -0.719455183
vn 0.409066647 0.0337404609 -0.911880493
vn -0.0222354755 -0.984779239 -0.17238152
vn -0.281897545 0.959286094 0.0174344145
vn -0.945780575 0.324363023 0.0169628225
vn -0.785526931 0.407330841 0.465863883
vn -0.294555366 0.86608386 0.403900921
vn 0.0605881847 -0.99423337 -0.0884818658
vn 0.00547920307 -0.989278495 -0.145938724
vn 0.48705104 -0.76145947 -0.427739203
vn 0.848439693 -0.340920448 0.404874593
vn 0.0910276026 -0.989560187 -0.111734167
vn -0.133866906 0.99084723 -0.0173628069
vn 0.129460141 0.990734875 -0.0410423391
vn 0.447550714 0.739730954 -0.502490163
vn 0.648455918 9.9449644e-06 -0.761252165
vn 0.00539885275 -0.999155879 -0.0407222025
vn -0.539013028 -0.842048764 -0.0204662848
vn 0.820561886 -0.134821936 -0.555428743
vn 0.941512704 0.335589409 0.0305574276
vn -0.583764791 -0.720059216 0.375144362
vn 0.129887059 0.990782499 0.0384642221
vn -0.276873738 0.320570976 0.905856013
vn 0.00954671018 0.547649205 0.83665365
vn 0.166324928 -0.377391309 0.910995007
vn 0.0700352564 -0.572047651 0.817224979
vn -0.132238731 -0.7078439 0.69388032
vn 0.143827409 0.694324732 0.705143154
vn 0.0141208442 -0.991294086 -0.130907238
vn 0.124853469 0.985040843 0.118769206
vn -0.438987195 0.76753068 -0.467104822
vn -0.592386961 0.00497368909 -0.805638194
vn -0.4980326 0.545310438 -0.67424041
vn -0.212949738 0.79803592 -0.563729703
vn -0.290740877 0.00219557551 -0.956799269
vn -8.21774506e-08 -1 2.4018838e-09
vn -0.326521844 -0.833296061 -0.446095556
vn -0.211997941 -0.797168016 -0.565314114
vn -9.58671436e-08 -1 2.01499284e-09
vn 5.4025417e-08 1 -1.42819756e-09
vn 0.608862996 1.74581885e-07 -0.793275356
vn 0.60665381 -0.687904894 -0.398444384
vn 0.60665375 0.687904716 -0.398444891
vn 0.963936687 0.266069144 -0.00576965231
vn 1 0 -2.32738967e-06
vn 0.710852981 -0.703237534 -0.012041403
vn 0.71085304 0.703237414 -0.0120414095
vn 0.730815291 -0.682461083 -0.0124871964
vn 0.963936687 -0.266069144 -0.00576643972
vn 0.509058774 -0.860664189 -0.0107836388
vn 0.547437608 -0.836765885 -0.0116145881
vn 0.730815351 0.682461023 -0.0124873342
vn 0.99977082 -4.09610266e-07 -0.0214096382
vn 0.50905925 0.86066395 -0.010783745
vn 0.547438025 0.836765647 -0.0116146849
vn 0.99977082 -3.91957997e-07 -0.0214096382
vn 0.190612495 0.0545748249 -0.980147183
vn 0.190613225 -0.0545751229 -0.980146945
vn -1.34814542e-07 -9.45824377e-06 -1
vn 1 -4.38284478e-12 -5.23378105e-07
vn 1 3.63938648e-06 2.09224709e-06
vn 1 0 -1.98290309e-06
vn 1 0 3.63330258e-07
vn 0.888496339 1.20669611e-05 0.458883703
vn 0.888534427 0 0.458810002
vn 0.990958869 0.128912598 -0.0371764228
vn 0.991552413 0.129706994 1.93062377e-07
vn 0.989713848 0.143061683 1.92704391e-07
vn 0.986570895 0.16333361 1.92092443e-07
vn 0.993899643 0.11028865 1.93519398e-07
vn 0.993685663 0.112200029 1.93477732e-07
vn 0.994009674 0.109293059 1.93540828e-07
vn 0.476731777 -0.858569324 0.188641593
vn 0.695382714 0.187533632 0.693739176
vn -0.366541892 0.367075086 0.854928672
vn -0.69811368 -0.608378589 0.37750861
vn -0.363436759 0.893832922 -0.262633592
vn -0.606619537 -0.113518432 -0.786845684
vn 0.76869905 0.585446715 -0.25759241
vn 0.489495784 -0.4036569 -0.772952139
vn 0.525579691 -0.834654391 0.164675042
vn 0.766496778 0.208125874 0.607590556
vn -0.33329019 0.349442393 0.875675499
vn -0.601559222 -0.675729096 0.426047683
vn -0.463540018 0.861652255 -0.206605911
vn -0.63173157 -0.167118147 -0.756958842
vn 0.722995639 0.609600842 -0.325060159
vn 0.412858993 -0.386188895 -0.82486701
vn 0.521812022 -0.485168636 0.701657832
vn 0.763214052 0.575796604 0.293193877
vn -0.337338477 0.859802425 0.383330852
vn -0.605436921 -0.184518829 0.774208605
vn -0.460017681 0.470346153 -0.753099084
vn -0.632389665 -0.644459546 -0.429831624
vn 0.725603878 0.213154435 -0.654266059
vn 0.414692342 -0.852154136 -0.319160879
vn 0.488290668 -0.488856852 0.722904742
vn 0.713939786 0.606744468 0.349501401
vn -0.36370644 0.856189311 0.366957039
vn -0.67242378 -0.175334573 0.719099402
vn -0.390806913 0.459851325 -0.797374964
vn -0.616530955 -0.629314363 -0.473130971
vn 0.758364856 0.236858308 -0.6072734
vn 0.467815161 -0.835244596 -0.288990498
vn 0.577350318 -0.816496551 -1.33350375e-06
vn 0.577350676 -8.76314417e-08 0.816496313
vn -0.577350914 4.38157208e-08 0.816496134
vn -0.577350378 -0.816496491 -1.55833175e-06
vn -0.577350616 0.816496372 -1.55833197e-06
vn -0.577349246 4.38156285e-08 -0.816497326
vn 0.577350259 0.816496611 -1.33350386e-06
vn 0.577349722 -8.76312427e-08 -0.816496968
vn 0.499765724 -0.866133451 0.00685943244
vn 8.28794214e-07 1 1.1953377e-08
vn -0.499766171 0.866133273 -0.00686020171
vn 0.016955696 -0.0293862503 -0.999424279
vn -0.0169546306 0.0293814614 0.999424398
vn 0.0228023268 -0.996922195 -0.0750086382
vn 0.0042361808 -0.969461381 -0.245207205
vn 0.0974067748 0.993274868 0.0625850484
vn 1.32401738e-06 -7.5256271e-06 -1
vn 0.975488365 0.219552085 0.0148131223
vn 0.964941382 0.197181061 0.173227519
vn -0.995375812 -0.00178660231 0.0960404873
vn -0.819776893 0.00708178012 0.572639287
vn -0.0674820542 0.996059835 0.0575408489
vn -0.112094022 0.99366641 0.00787340198
vn -0.121310703 -4.72543064e-07 0.992614627
vn 0.595042467 0.0121687446 0.803602099
vn 0.0290841721 0.994838774 0.0972112492
vn -0.0110176876 0.99658066 0.0818877146
vn -0.00873981975 -0.999471366 0.0313117951
vn 0.0181887336 -0.999507368 0.0255765934
vn 0.0665703043 -0.993077576 0.0967748761
vn 0.028798854 -0.993453443 0.110548012
vn -0.0124035813 -0.995412886 0.0948652849
vn 0.0018546948 0.996851981 0.0792638808
vn 0.0425401665 0.997266948 0.0604062863
vn -0.162514955 0.9787274 0.125225887
vn -0.112564012 -0.993071198 0.0337497294
vn -0.0688164383 -0.994431555 0.0798126981
vn -0.15491046 -0.978741229 0.134418935
vn -0.862615705 -0.00506111747 0.50583446
vn 0.0019043599 -0.996152341 0.0876177996
vn -0.00520213507 0.999965549 0.00646383641
vn 0.0184818041 0.999824166 0.00318544032
vn 0.0426072925 -0.996737182 0.0685541481
vn 0.618111789 0.00631693611 0.786064863
vn 0.0672544613 0.995207012 0.070991382
vn 1.94643576e-07 0.0255599376 -0.999673307
vn -0.998799145 -0.0158850104 -0.0463462397
vn 0.998799145 0.0158857349 0.0463449508
vn -1.1057341e-07 -0.823100448 0.567895889
vn 1.12341027e-07 0.816762328 -0.576974213
vn 1.58349948e-07 0.581883311 -0.813272238
vn -0.454078078 0.0255621001 -0.890595138
vn -0.922394037 -0.030097086 0.385075688
vn 0.353757799 -0.627263427 0.693827093
vn 0.92239368 0.0301004816 -0.385076314
vn 0.252707183 -0.830949545 0.49564299
vn -0.25448513 0.828319609 -0.499123275
vn -0.383080184 0.537344158 -0.751339257
vn -0.892589688 -0.303947002 0.333016187
vn 0.793782949 -0.303953171 -0.526802778
vn 0.118493274 0.295395136 -0.947998464
vn -0.929700017 0.368314981 -0.00143744051
vn -0.118492439 -0.295394421 0.947998822
vn 0.929700971 -0.368312389 0.00143883727
vn -0.348737001 -0.88152498 -0.318270713
vn -0.0542837381 -0.140889719 -0.988535941
vn -0.987016022 0.159771711 -0.0165043212
vn 0.190321535 -0.949830592 -0.248192623
vn -0.784352362 -0.558639228 -0.269654572
vn -0.247654051 -0.622224569 0.742633164
vn 0.00980137847 -0.554143071 0.832363844
vn -0.060502205 -0.314662755 0.947273374
vn 0.055464197 0.28776443 -0.956093788
vn 0.986696839 -0.161794171 0.0158748198
vn -0.0101959733 -0.062547572 -0.997989893
vn 0.738491654 -0.670296729 -0.0730226114
vn -0.993515313 0.111819975 0.0205792319
vn -1.09055286e-07 -0.828425825 0.560098946
vn 0.694713116 -0.363958657 -0.620409548
vn -0.918196619 -0.392250001 0.0552704297
vn -0.0266942866 0.798756301 -0.601062179
vn -0.716808438 -0.657758176 -0.231386662
vn 0.026725078 -0.799565971 0.599983394
vn 0.94558394 -0.306940079 -0.107975878
vn 0.000970545399 0.838782012 -0.544466496
vn -0.963894665 -0.144226462 -0.223843053
vn -0.000771770137 -0.839950383 0.54266268
vn 0.989670515 0.0809161142 0.118341729
vn -0.953127623 -0.170783862 -0.249761045
vn 0.011304657 -0.861315012 0.507945478
vn -0.0130861271 0.864329934 -0.502754867
vn 0.984201968 0.0958981737 0.148829162
vn 0.000100292687 0.200119436 -0.979771495
vn -0.99887681 0.046444688 0.00938410778
vn -0.000101377089 -0.200119734 0.979771376
vn 0.99887675 -0.0464452319 -0.00938443094
vn -0.95353353 0.296389252 0.0541028529
vn -0.000664495805 0.184302226 -0.982869387
vn 0.365221113 -0.91627115 -0.164501786
vn 0.739385784 -0.66259855 -0.119464405
vn -0.799784362 -0.591032445 -0.105003655
vn 0.000663843646 -0.184300542 0.982869685
vn -0.451676458 -0.878290296 -0.156826809
vn 0.00122595695 -0.172636434 0.984984875
vn -0.00122592936 0.17263785 -0.984984577
vn 0.862210155 0.49877435 0.0884187073
vn 5.51204648e-05 0.199180797 -0.979962826
vn -5.58039646e-05 -0.199177116 0.979963541
vn 0.977766693 0.206589475 0.0359580778
vn -0.824967861 0.556173682 0.100493103
vn -0.00166032987 -0.232216626 0.972662628
vn 0.00119627418 0.222698048 -0.974886715
vn -0.745116293 0.654409826 0.12864475
vn -0.69201082 0.555986166 0.460435212
vn -0.607249737 0.440175414 0.661432803
vn -0.290108979 -0.652118683 0.70041275
vn 0.0112353284 -0.7204234 0.693443596
vn 0.0256054066 -0.69455117 0.718987405
vn 0.0063685365 0.304850429 0.952378869
vn 0.00510371709 0.297119349 0.954826653
vn 0.170878828 0.261330098 0.950003684
vn 0.360327691 -0.683952272 0.634328902
vn -0.589239836 0.779712856 0.211764246
vn -0.330833972 0.921863258 0.201784581
vn -0.489074379 0.828365564 0.273160666
vn -0.442359388 0.862004876 0.247519106
vn -0.0832514241 0.982432187 0.167021722
vn -0.0790412053 0.968973339 0.234185979
vn -0.0315726213 0.812877655 0.581578135
vn 0.115382463 0.752379835 0.648545742
vn 0.077740021 0.969334304 0.233125344
vn 0.096204333 0.983007967 0.156334072
vn 0.182783827 -0.0488194935 0.981940269
vn 0.18815431 -0.0570977703 0.980478406
vn 0.145458207 0.171123773 0.974452913
vn 0.126293853 0.30988577 0.94234848
vn 0.431166798 -0.572156191 0.697662115
vn 0.263808548 -0.664020777 0.699629545
vn 0.0682639927 0.35624975 0.931893826
vn 0.0570378676 0.670545042 0.739672899
vn 0.00435594842 0.471283704 0.881970882
vn 0.0807574987 0.483904958 0.871386409
vn 0.0484776795 0.91740036 0.395001829
vn -0.00190307992 0.907591701 0.419849634
vn 0.164091423 -0.721013367 0.673211515
vn 0.0586527511 -0.711660445 0.700070918
vn 0.0240237042 0.0589841008 0.997969806
vn 0.103570588 0.0203195214 0.994414508
vn 0.10608343 0.471239507 0.875602365
vn 0.00590384007 0.899990022 0.435870528
vn 0.237834141 -0.698096812 0.67534858
vn 0.155668616 -0.0223112945 0.987557292
vn -0.0361656211 0.105734006 0.993736565
vn -0.0690053999 0.0988112316 0.992710769
vn -0.144502386 0.517362952 0.843477726
vn -0.0916903988 0.60796237 0.788653731
vn -0.0645305961 -0.717817426 0.693234444
vn -0.143403262 -0.653995097 0.742782652
vn -0.186147317 0.891836166 0.412283242
vn -0.315545827 0.879723668 0.355692506
vn 0.00957051571 0.683875203 0.729536355
vn -0.155046195 0.863610923 0.479725838
vn -0.105960928 0.843975127 0.52581203
vn -0.375303835 0.781410575 0.498542339
vn -0.301445574 0.355019748 0.88492465
vn -0.0121915545 0.504444063 0.863358319
vn -0.300917059 -0.221593171 0.927548051
vn -0.0624636896 0.00246470748 0.998044193
vn -0.380038857 -0.736973464 0.558963835
vn -0.153142601 -0.674995363 0.721753716
vn -0.578636229 0.6243819 0.524716496
vn -0.164469853 0.440411121 0.882602811
vn -0.0132985013 0.289006084 0.957234979
vn -0.0182827525 0.0162301864 0.999701083
vn -0.179668427 0.0931901634 0.979303241
vn -0.0156127801 0.0570835918 0.998247325
vn -0.189876169 0.171503693 0.966712713
vn -0.018700229 0.642341971 0.766189992
vn -0.193213031 0.834935427 0.515317023
vn 0.301401228 0.44980824 0.84073168
vn 0.00367888552 0.242268428 0.970202327
vn -0.00109892956 0.0134638734 0.999908805
vn 0.0104150968 0.049102135 0.998739421
vn -0.460959554 0.247720391 0.852144837
vn -0.460959584 -0.247720137 0.852144897
vn -0.578636229 -0.624381423 0.524717033
vn -1.94707169e-07 0 0.99999994
vn -0.0803788826 0.352993429 0.932166815
vn -1.63055205e-07 -0.87232542 0.488925695
vn 0.488918692 -0.872329414 9.51959791e-08
vn 0.519995749 0.852382779 0.0552089997
vn 0.962812126 0.266201526 0.0461468585
vn -0.973215997 -0.225340143 -0.0455252565
vn 0.643889904 -0.765100479 0.00519615272
vn -0.317561537 -0.947037101 -0.0477020293
vn 0.0710338503 -0.130042851 0.988960624
vn 0.0313449986 0.798986733 0.60053122
vn 0.0306711514 0.751287639 0.659261823
vn 0.0257343315 0.0955117047 0.995095611
vn 0.0260648504 0.00458662864 0.999649763
vn 0.0344907008 -0.702485263 0.710861981
vn 0.0355690494 -0.746547163 0.664381027
vn -0.933180153 -0.359376043 -0.00487899082
vn -0.187367424 0.801238358 0.568252206
vn -0.337586254 0.743586361 0.577160895
vn -0.327899694 0.425860196 0.843282342
vn -0.188455075 0.492368728 0.84973979
vn 0.0291098952 0.572495997 0.819390655
vn 0.0507294573 0.845121443 0.532161772
vn 0.0519655384 0.984389901 0.168155462
vn -0.159680963 0.967837632 0.194402575
vn 0.510001302 0.524059117 0.682100296
vn 1 0 6.05243201e-07
vn 0.744987667 0.660740733 0.0917329192
vn 0.675458312 0.639721453 0.366759598
vn -1 0 -2.44078774e-06
vn -0.284495443 0.940193415 0.187346503
vn -0.904094279 -0.427163333 -0.0120448126
vn -0.898109376 -0.439593405 0.0125347022
vn -0.580862939 0.813531101 -0.0276658759
vn -0.587324142 0.809348106 0.00245599472
vn -0.166789174 -0.98559922 0.0278479755
vn -0.112801999 -0.981245697 0.156308904
vn -0.908952236 -0.406627595 0.0919770896
vn 0.0252605639 -0.999419093 -0.022880232
vn -0.0896524489 0.60525018 0.790970743
vn -0.687439382 -0.047610376 0.72467941
vn -0.09394297 0.994629264 -0.0434439667
vn -0.091644235 0.995789945 -0.00193064928
vn 0.102184676 0.992698312 -0.0640952438
vn -0.499216378 0.866340816 -0.0153824892
vn 0.989969969 -2.95410189e-07 0.14127858
vn 0.999902785 -1.87804304e-07 0.0139407823
vn 0.989564538 -2.97753871e-07 0.144090742
vn 0.157238886 0.772349536 0.615428567
vn -0.00157049519 0.91170311 0.41084668
vn 0.118377015 0.980087757 0.159419924
vn -0.442415386 0.891907513 0.093645677
vn -0.178413048 -0.983768284 -0.0192030165
vn 0.0386870913 -0.996820629 0.0696564466
vn -0.197894573 0.980223179 -0.000615640311
vn 0.104449309 0.994268835 0.0227984712
vn 0.963140309 -4.00373949e-07 0.268999666
vn -0.439522982 -0.890149355 0.120223783
vn -0.332000166 -0.7793594 0.531389475
vn -0.881260872 0.197155386 0.429545164
vn -0.968442082 0.238866434 0.0711529553
vn -0.022830924 -0.321813613 0.946527719
vn 0.409065753 0.0337432399 0.911880791
vn 0.343451083 0.603677332 0.719454646
vn -0.241248414 0.560684919 0.792105794
vn -0.0222355984 -0.984779239 0.172381669
vn -0.281897634 0.959286094 -0.0174345206
vn -0.294555187 0.86608386 -0.403901041
vn -0.785526633 0.407330781 -0.465864182
vn -0.945780575 0.324362874 -0.01696321
vn 0.0605881251 -0.99423337 0.0884818733
vn 0.0910276324 -0.989560187 0.111734189
vn 0.848439813 -0.340920448 -0.404874116
vn 0.487050742 -0.76145941 0.427739471
vn 0.00547913136 -0.989278495 0.145938694
vn 0.447549224 0.739732265 0.502489626
vn 0.129460096 0.990734875 0.0410423689
vn -0.133866996 0.990847111 0.0173627399
vn 0.648454845 1.50395135e-05 0.761253119
vn 0.00539883692 -0.999155879 0.0407222025
vn -0.539013028 -0.842048764 0.0204660501
vn 0.941512585 0.33558929 -0.0305567924
vn 0.820561528 -0.134821996 0.555429339
vn -0.583764672 -0.720059156 -0.37514466
vn 0.129887089 0.990782499 -0.0384641699
vn 0.00954704825 0.547649205 -0.83665365
vn -0.27687335 0.320571035 -0.905856192
vn 0.0700355768 -0.572047651 -0.81722492
vn 0.166325316 -0.377391338 -0.910994887
vn -0.132238284 -0.7078439 -0.693880379
vn 0.143827707 0.694324732 -0.705143154
vn 0.0141206682 -0.991294026 0.130907312
vn 0.124853492 0.985040903 -0.118769147
vn -0.438987374 0.76753068 0.467104644
vn -0.592387378 0.00497369794 0.805637896
vn -0.290741295 0.00219563139 0.95679915
vn -0.212949991 0.79803592 0.563729525
vn -0.498032957 0.545310438 0.674240053
vn -8.2177479e-08 -1 -2.40191667e-09
vn -9.58671649e-08 -1 -2.01503036e-09
vn -0.211998165 -0.797168076 0.565313995
vn -0.326522082 -0.833296061 0.446095347
vn 5.40254099e-08 1 1.42821865e-09
vn 0.60665369 -0.687904835 0.398444802
vn 0.608862936 2.44414764e-07 0.793275416
vn 1 0 1.73858621e-06
vn 0.963936687 0.266069144 0.00576844811
vn 0.60665375 0.687904835 0.398444712
vn 0.710852981 -0.703237534 0.0120416814
vn 0.71085304 0.703237414 0.012041687
vn 0.730815291 -0.682461083 0.0124874832
vn 0.547437608 -0.836765885 0.0116148014
vn 0.509058833 -0.860664189 0.0107838372
vn 0.963936687 -0.266069174 0.00576716987
vn 0.730815291 0.682461023 0.0124876192
vn 0.99977082 -3.01818119e-07 0.0214100294
vn 0.99977082 -3.04856258e-07 0.0214100312
vn 0.547437966 0.836765647 0.0116148954
vn 0.509059191 0.86066395 0.0107839406
vn 0.190612182 0.0545750782 0.980147183
vn 0.190612689 -0.0545753129 0.980147123
vn -5.24228881e-07 -9.45824377e-06 1
vn 1 -4.38284565e-12 9.12792586e-07
vn 1 3.63938693e-06 -1.55686826e-06
vn 1 0 2.37231734e-06
vn 1 0 1.99509032e-09
vn 0.888496637 1.22794108e-05 -0.458883077
vn 0.888534546 0 -0.458809644
vn 0.990958869 0.128912598 0.0371768102
vn 0.476732224 -0.858569145 -0.188640818
vn -0.698113143 -0.608379364 -0.377508432
vn -0.366541445 0.367074788 -0.854928911
vn 0.69538331 0.187533334 -0.693738699
vn -0.606619 -0.113518693 0.78684622
vn -0.363436401 0.893833041 0.262633681
vn 0.489496171 -0.403656662 0.77295208
vn 0.768699348 0.585446298 0.257592678
vn 0.525580525 -0.834654212 -0.164674103
vn -0.601558506 -0.675729394 -0.426048189
vn -0.333289504 0.349441618 -0.875676095
vn 0.766496956 0.208126128 -0.607590318
vn -0.631731153 -0.167118654 0.75695914
vn -0.463539839 0.861652672 0.206604585
vn 0.41285947 -0.38618809 0.824867129
vn 0.722995698 0.609600842 0.325060099
vn 0.521812022 -0.485168695 -0.701657712
vn -0.605437219 -0.184518084 -0.774208486
vn -0.33733803 0.859802604 -0.383330673
vn 0.763214052 0.575796962 -0.293193281
vn -0.63239032 -0.644459009 0.429831505
vn -0.460018039 0.470346391 0.753098667
vn 0.414691448 -0.852154255 0.319161564
vn 0.72560358 0.213154465 0.654266477
vn 0.488290727 -0.488856763 -0.722904682
vn -0.672423959 -0.17533423 -0.719099462
vn -0.363706291 0.85618943 -0.366957009
vn 0.713939846 0.606744647 -0.349500924
vn -0.61653161 -0.629314065 0.473130792
vn -0.390807062 0.459851325 0.797374785
vn 0.467814624 -0.835244656 0.288990915
vn 0.758364558 0.236858442 0.607273638
vn 0.577350318 -0.816496551 1.64596349e-06
vn -0.577350378 -0.816496491 1.37731899e-06
vn -0.577350676 4.3815735e-08 -0.816496313
vn 0.577351093 -8.76314417e-08 -0.816496015
vn -0.577349603 8.76312569e-08 0.816497087
vn -0.577350616 0.816496372 1.33350329e-06
vn 0.577349365 -8.76312427e-08 0.816497207
vn 0.577350199 0.816496611 1.55833231e-06
vn 0.499765784 -0.866133392 -0.00685923873
vn 8.1584443e-07 1 -1.19530581e-08
vn -0.499766171 0.866133273 0.00686000707
vn 0.0169553086 -0.0293858536 0.999424279
vn -0.0169542432 0.0293814614 -0.999424398
vn 0.0228023008 -0.996922195 0.0750086531
vn 0.00423609558 -0.969461381 0.245207205
vn 0.0974067822 0.993274927 -0.0625850111
vn 9.34602951e-07 -7.5256271e-06 1
vn 0.975488365 0.219552085 -0.0148127424
vn 0.964941442 0.197181031 -0.173227295
vn -1 6.16078637e-08 -1.91496937e-07
vn -0.707106888 -0.707106709 -1.87853615e-07
vn -4.10719068e-08 -1 -7.9969956e-15
vn 0.707106709 -0.707106888 8.42936885e-08
vn 1 -8.21438206e-08 1.91496923e-07
vn 0.707106709 0.707106829 1.87853573e-07
vn 0.707106769 0.707106829 1.87853573e-07
vn 1.02679763e-07 1 1.99924882e-14
vn 1.94707184e-07 8.959789e-08 -1
vn -0.70710665 0.707106888 -8.42936814e-08
vn -0.70710665 0.707106948 -8.42936814e-08
vn -1.94707184e-07 -6.7198421e-08 1
vn 0.256795585 0.703459084 -0.662722588
vn 1.75554959e-07 0.923879564 -0.382683545
vn 2.3331026e-07 0.382683396 -0.923879564
vn 0.233234763 0.655098736 -0.718642652
vn 1.56076268e-07 -0.382683426 -0.923879564
vn 0.233127832 -0.659373999 -0.714756787
vn -5.61470515e-08 -0.923879564 -0.382683367
vn 0.255944043 -0.704914868 -0.66150403
vn 0.694534481 0.718905628 0.0282242745
vn 4.39946213e-08 1 8.56606876e-15
vn -0.373282373 0.631753743 -0.679372787
vn -0.373282522 -0.631753743 -0.679372728
vn -0.505731225 -0.330137521 -0.797022641
vn -0.505731165 0.33013761 -0.7970227
vn -0.803160191 0.595211685 -0.0256300569
vn -0.393149078 0.646865368 -0.653451502
vn -0.505731225 0.797022641 -0.33013761
vn -0.506724238 0.862108231 -9.86628521e-08
vn -0.39661634 -0.655441761 -0.642722011
vn -0.505731463 -0.797022521 -0.33013761
vn -0.899544239 -0.403577954 -0.167167693
vn -0.899544179 -0.167167455 -0.403578192
vn -0.899544179 0.167167515 -0.403578162
vn -0.899544179 0.403578043 -0.167167634
vn -0.924205422 0.381895721 -2.43513966e-07
vn -0.924205482 -0.381895512 -2.51432311e-07
vn -0.506724477 -0.862108111 -1.01827204e-07
vn -1.97430381e-07 -1 -3.84411131e-14
vn 0.698845685 -0.715272486 1.3607027e-07
vn -0.791447937 -0.611236632 -1.48803323e-07
vn 0.747656763 0.138283625 -0.649528205
vn -0.751718938 -0.0298101548 -0.658809602
vn 0.766960919 0.0559144244 -0.63925308
vn 0.999339044 0.0308341235 -0.0192522183
vn -0.687193453 -0.176339909 -0.704747796
vn 0.80831486 0.151184112 -0.56900841
vn -0.504288852 0.0964952037 -0.85812664
vn 0.997447968 -0.00467129424 0.0712441653
vn 0.988256991 -0.00510571804 0.152715787
vn 0.755472958 -0.651829183 0.0661771148
vn -0.797830343 -0.595146954 0.0962644145
vn -0.779118955 -0.605056882 0.163950667
vn 0.50080049 -0.844848394 0.188228756
vn 0.825421333 0.550311625 0.12584421
vn -0.785127342 0.617616236 0.0461002924
vn -0.998843312 -0.0433114432 0.0208848733
vn -0.997454226 -0.00309464452 -0.0712421685
vn -0.527154505 0.827788532 0.192026705
vn -0.616227448 0.785867989 -0.0517223217
vn -0.773361802 -0.631926537 -0.0507985614
vn 0.790684998 0.588901103 0.167369589
vn 0.605587542 -0.793956041 -0.0538287275
vn 0.77388829 0.630924881 -0.0550520942
vn -0.808749795 -0.174166471 -0.561773956
vn -0.989508986 -0.0176841263 0.143384829
vn -0.983862758 0.0276611391 0.176773652
vn -0.821419477 0.0415248126 -0.568810821
vn 0.456324011 -0.0902023464 -0.885229826
vn 0.989334762 0.0287142135 -0.142801613
vn -0.988256991 -0.00510561699 -0.152715787
vn 0.984096289 0.0289430302 -0.175262198
vn 0.52839607 0.0339219049 -0.848320007
vn 0.436441511 0.610010564 -0.661366761
vn 0.702522397 0.703080475 -0.110181637
vn -0.620746076 -0.0398537666 -0.782998145
vn 0.785087168 -0.0441021882 -0.61781317
vn 0.605209053 -0.608592033 -0.51316452
vn -0.507258594 -0.609482765 -0.609277844
vn 0.991841793 -0.0336235017 0.122961052
vn 0.680571258 -0.730457485 0.0570498407
vn -0.991841793 -0.0336233638 -0.122961022
vn -0.680571616 -0.730457187 -0.0570497923
vn -0.680385411 0.72485745 0.107969463
vn -0.642044783 0.605684638 -0.470026225
vn -0.529577076 0.591688931 -0.607825875
vn 0.614033937 0.503037691 -0.608206749
vn 0.527689695 -0.583154559 -0.617636085
vn -0.6124354 -0.495047063 -0.616320789
vn 0.253432393 0.70810461 0.659059882
vn 0.232986942 0.647803128 0.725305557
vn -1.26461714e-07 0.382683396 0.923879564
vn -2.10869544e-08 0.923879564 0.382683516
vn 0.232986838 -0.647803247 0.725305438
vn -1.79885987e-07 -0.382683426 0.923879564
vn 0.255943835 -0.704914868 0.661504149
vn -1.81359738e-07 -0.923879564 0.382683367
vn -0.373282611 0.631753743 0.679372668
vn -0.505731583 0.33013761 0.797022462
vn -0.505731583 -0.330137521 0.797022402
vn -0.373282731 -0.631753743 0.679372609
vn -0.505731344 0.797022641 0.330137432
vn -0.397520155 0.641008377 0.656571388
vn -0.505731523 -0.797022521 0.330137432
vn -0.396616578 -0.655441761 0.642721891
vn -0.899544358 -0.167167455 0.403577775
vn -0.899544358 -0.403577954 0.167167217
vn -0.899544299 0.403578043 0.167167187
vn -0.899544358 0.167167529 0.403577745
vn -0.747856677 0.139482915 0.649041533
vn 0.751344979 -0.0310293045 0.659179688
vn 0.71187824 -0.111360453 0.693417728
vn -0.761019945 -0.00890254043 0.648667395
vn -0.8083148 0.151184186 0.56900835
vn 0.504288912 0.0964951366 0.85812664
vn 0.797257185 -0.597296476 -0.0872809663
vn 0.748127162 -0.641540587 -0.169503376
vn -0.559048474 -0.807021916 -0.190211967
vn -0.787975252 -0.613309622 -0.0542796478
vn -0.797465384 0.596824884 -0.0885942504
vn 0.787722945 0.613749504 -0.0529543869
vn -0.618890882 -0.783826649 0.0508907102
vn -0.768362761 0.637944579 0.0514320582
vn -0.748127043 0.641540647 -0.169503674
vn 0.559048533 0.807021916 -0.190211788
vn 0.618721128 0.783937752 0.0512426645
vn 0.768496275 -0.637812853 0.0510717742
vn -0.505279481 -0.0952006653 0.857688546
vn -0.566979289 0.0344556123 0.82301116
vn 0.782554388 -0.142985955 0.605940342
vn 0.61320138 0.611754417 0.499740511
vn 0.793269575 0.0403123647 0.607534587
vn -0.785087109 -0.0441020876 0.61781323
vn -0.605209291 -0.608591795 0.513164341
vn 0.507258236 -0.609483004 0.609277904
vn 0.620746136 -0.0398538634 0.782998025
vn -0.47207278 0.603939474 0.642187238
vn -0.628135204 0.484709024 0.608689904
vn -0.512314558 -0.598979533 0.61543262
vn 0.624559224 -0.476715297 0.618601859
vn 0.512272775 0.607127905 0.607430816
vn -1 4.10718997e-08 -4.45581264e-07
vn -0.707106888 -0.70710665 -3.00746962e-07
vn -0.707106829 -0.707106709 -3.00746933e-07
vn -2.05359534e-08 -1 1.55861127e-14
vn 0.707106709 -0.707106888 3.50921766e-07
vn 0.707106769 -0.707106829 3.50921738e-07
vn 1 -6.16078637e-08 3.9540646e-07
vn 0.707106709 0.707106829 2.38028406e-07
vn 0.707106769 0.707106769 2.3802842e-07
vn 1.23215713e-07 1 2.39909851e-14
vn -5.17430635e-07 4.66655727e-08 1
vn -0.70710665 0.707106829 -3.38378044e-07
vn -0.707106709 0.707106888 -3.38378015e-07
vn 5.17430635e-07 -7.46649107e-08 -1
vn 0.776388168 3.68939617e-08 -0.630255044
vn 0.548989296 0.548989236 -0.630255222
vn 0.548988998 0.548989177 0.63025552
vn 0.77638787 -4.78316124e-08 0.630255461
vn 2.18378403e-07 0.776388109 -0.630255163
vn -4.29959002e-08 0.77638799 0.630255342
vn -0.548988938 0.548989296 -0.630255401
vn -0.548989177 0.548989236 0.630255282
vn -0.77638793 6.87817021e-08 -0.630255401
vn -0.776388109 -8.08071299e-09 0.630255044
vn -0.548989058 -0.548989236 -0.630255401
vn -0.548989236 -0.548989236 0.630255222
vn 4.29959073e-08 -0.77638787 -0.630255401
vn -2.18378432e-07 -0.77638799 0.630255342
vn 0.548988938 -0.548989296 0.630255401
vn 0.548989177 -0.548989236 -0.630255163
vn 1 -1.4006965e-10 1.9866404e-07
vn 0.00539966533 -0.999330878 0.0361719616
vn 0.129902884 0.990924835 -0.0345421918
vn 0.142394379 0.987194955 0.0719006509
vn -0.00895332079 -0.992646217 0.120719925
vn 0.648450196 -0.000469757972 0.761256993
vn -1 -3.56970008e-06 1.71513489e-06
vn -1 7.74666304e-08 -8.89849048e-07
vn 3.07903179e-07 0.000607100897 -0.999999821
vn 0.441126585 -0.897392273 -0.00970772374
vn 0.437567294 0.89917171 0.00501323724
vn 0.0132646579 -0.999319673 -0.0344135389
vn 0.0224026926 -0.999651968 -0.0139350444
vn 0.0222184453 0.999749839 0.00254250481
vn 0.163135558 -0.962253809 -0.217840686
vn 0.163971633 0.967175782 -0.194124684
vn 0.0133313453 0.999872088 -0.00883466844
vn 0.0465102196 -0.998899877 -0.00598064298
vn 0.0465103798 0.998899877 -0.00598063366
vn -0.888499618 0 -0.458877474
vn -0.888496518 -6.08659275e-06 -0.458883435
vn -1 -4.36854975e-07 -1.24321858e-07
vn -1 8.17415327e-08 -1.94707184e-07
vn 0.441126585 -0.897392273 0.00970789511
vn 0.437567294 0.89917171 -0.00501306681
vn 0.0132646449 -0.999319673 0.0344135463
vn 0.0224026889 -0.999651968 0.0139350528
vn 0.0222184435 0.999749839 -0.00254249573
vn 0.163135543 -0.96225369 0.217840835
vn 0.163971618 0.967175722 0.194124833
vn 0.0133313416 0.999872088 0.00883467402
vn 0.0465102196 -0.998899877 0.00598066067
vn 0.0465103798 0.998899877 0.00598064996
vn -0.888499737 0 0.458877116
vn -0.888496637 -6.03348053e-06 0.458883077
vn -1 -4.36855089e-07 -2.65021924e-07
vn -1 8.17415327e-08 -1.92580615e-07
vn 0.565369487 0 -0.824837863
vn 0.512005806 0 -0.858981967
vn 0.565369129 0 0.824838102
vn 0.512005448 0 0.858982205
vn 0.801723659 0.00276374491 -0.597688556
vn 0.471975684 -0.428737879 -0.770339429
vn 0.485466808 0.221942559 -0.845614314
vn 0.0946353227 0.0368216559 -0.994830847
vn 0.09924227 0.180128187 -0.978623986
vn 0.0960639864 0.0332768485 -0.994818866
vn 0.0925978869 0.0251402706 -0.995386183
vn 0.124063209 0.123220593 -0.984593868
vn 0.158869401 0.0939254612 -0.982821643
vn 0.414358437 0.544070959 -0.729584754
vn 0.101440102 0.0569537319 -0.993210018
vn 0.114094973 -0.0226394124 -0.993211865
vn 0.151733428 -0.13374798 -0.979330659
vn 0.234385535 -0.97214365 4.5636547e-08
vn -0.99999994 0 -1.94707169e-07
vn -0.994009614 -0.10929285 -1.93540814e-07
vn -0.993685484 -0.112200774 -1.93477703e-07
vn -0.993899584 -0.110288575 -1.93519384e-07
vn -0.986570954 -0.163333446 -1.92092457e-07
vn -0.989713788 -0.143061653 -1.92704391e-07
vn -0.991552293 -0.129706904 -1.93062348e-07
vn -0.992277026 -0.124041587 -1.93203462e-07
vn 0.801723957 0.00276374887 0.597688138
vn 0.471975386 -0.428737879 0.770339668
vn 0.485466599 0.221942633 0.845614374
vn 0.0946349353 0.0368216522 0.994830847
vn 0.0992418826 0.180128142 0.978623986
vn 0.096063599 0.0332768485 0.994818866
vn 0.0925974995 0.0251402762 0.995386183
vn 0.124062821 0.1232206 0.984593868
vn 0.158869013 0.0939254612 0.982821763
vn 0.414357841 0.544070959 0.729585052
vn 0.101439714 0.056953758 0.993210018
vn 0.114094593 -0.0226394162 0.993211865
vn 0.151733011 -0.13374795 0.979330659
vn -0.994009614 -0.109292857 -1.93540814e-07
vn -0.993685484 -0.112200789 -1.93477703e-07
vn -0.986570954 -0.163333416 -1.92092457e-07
vn -0.989713788 -0.143061623 -1.92704391e-07
vn -0.991552413 -0.129706934 -1.93062377e-07
vn -0.992276967 -0.124041557 -1.93203448e-07
vn 0.999514222 0.0311461687 0.00115444546
vn 0.0365641415 -0.998604 -0.0381182805
vn 0.098936297 0.994419396 0.0366283171
vn 0.111654267 0.991292238 -0.0698070228
vn 0.0221023504 -0.992201567 -0.122669563
vn 0.648982227 0.0212321114 -0.760507226
vn -0.999514103 -0.0311496872 -0.00115637865
vn -0.999514163 -0.0311460979 -0.00115376164
vn -0.00111170439 -0.00137828547 0.99999845
vn 0.439060688 0.1651963 -0.883139789
vn 0.011208768 -0.988025188 -0.153885156
vn 0.102086693 0.992810488 0.0624951161
vn 0.120820656 0.98393929 -0.131399959
vn 0.999902844 -2.29134957e-06 -0.013939823
vn 0.0231996644 -0.997293115 -0.0697724968
vn -0.975488305 -0.219554156 -0.0147807254
vn -0.964940727 -0.197210237 -0.17319788
vn -1.76321146e-06 0.000150512555 1
vn 0.439060926 0.165188506 0.88314116
vn 0.011208212 -0.988025188 0.153885439
vn 0.102087028 0.992810488 -0.0624950826
vn 0.120820574 0.98393929 0.131399632
vn 0.999902844 -2.29134912e-06 0.0139402598
vn 0.0231992919 -0.997293115 0.0697725117
vn -0.975488424 -0.219553903 0.0147803361
vn -0.964940786 -0.197210267 0.173197508
vn -1.37374877e-06 0.000150512584 -0.99999994

# Mesh 'Cube.003' with 645 faces
g Cube.003
usemtl An2Mat
f  1/1/1 2/2/2 3/3/3 4/4/4
f  5/5/5 6/6/6 7/7/7 8/8/8
f  9/9/9 10/10/10 11/11/11 12/12/12 13/13/13
f  14/14/14 15/15/15 16/16/16 17/17/17
f  18/18/18 19/19/19 20/15/15 21/14/14
f  22/20/20 23/21/21 24/10/10 25/9/9
f  26/4/4 27/3/3 28/6/6 29/5/5
f  30/21/21 31/22/4 32/23/5 33/10/10
f  34/10/10 35/23/5 36/24/8 37/11/11
f  38/20/20 39/25/1 40/22/4 41/21/21
f  42/26/22 43/27/23 44/28/24 45/29/25
f  46/26/22 47/29/25 48/30/26 49/31/27
f  50/2/2 51/18/18 52/14/14 53/32/28
f  54/32/28 55/14/14 56/17/17 57/33/29
f  58/31/27 59/30/26 60/34/30 61/35/31
f  62/36/23 63/19/19 64/18/18 65/37/24
f  66/8/8 67/7/7 68/38/32 69/39/33
f  70/6/6 71/32/28 72/33/29 73/38/32 74/7/7
f  75/3/3 76/2/2 77/32/28 78/6/6
f  79/11/11 80/24/8 81/40/33 82/12/12
f  83/29/25 84/28/24 85/25/1 86/20/20
f  87/29/25 88/20/20 89/9/9 90/30/26
f  91/30/26 92/9/9 93/13/13 94/34/30
f  95/37/24 96/18/18 97/2/2 98/1/1
f  99/41/34 100/42/34 101/43/34 102/44/34
f  103/45/35 104/46/35 105/47/35 106/48/35
f  107/49/36 108/50/36 109/51/36 110/52/36
f  111/45/37 112/48/37 113/53/37 114/54/37
f  115/55/38 116/56/38 117/57/38 118/58/38
f  119/59/39 120/60/39 121/61/39 122/62/39
f  123/63/40 124/64/40 125/65/40 126/66/40
f  127/66/41 128/65/41 129/67/41 130/68/41
f  131/69/42 132/68/42 133/70/42 134/71/42
f  135/69/43 136/72/43 137/73/43 138/63/43
f  139/66/44 140/68/44 141/69/44 142/63/44
f  143/67/45 144/65/45 145/74/45 146/75/45
f  147/67/46 148/75/46 149/76/46 150/77/46
f  151/68/47 152/67/47 153/77/47 154/70/47
f  155/72/48 156/69/48 157/71/48 158/78/48
f  159/79/49 160/80/49 161/81/49 162/82/49
f  163/83/50 164/84/50 165/85/50 166/86/50
f  167/86/51 168/85/51 169/87/51 170/88/51
f  171/89/52 172/90/52 173/91/52 174/92/52
f  175/93/53 176/94/53 177/95/53 178/44/53
f  179/96/54 180/97/54 181/98/54 182/99/54
f  183/100/55 184/101/55 185/102/55 186/103/55
f  187/104/56 188/105/56 189/106/56 190/98/56
f  191/107/57 192/108/57 193/101/57 194/100/57
f  195/109/58 196/107/58 197/100/58 198/110/58
f  199/111/59 200/103/59 201/112/59 202/113/59
f  203/110/60 204/100/60 205/103/60 206/111/60
f  207/99/61 208/98/61 209/114/61 210/115/61
f  211/98/62 212/106/62 213/116/62 214/114/62
f  215/117/63 216/117/63 217/117/63 218/117/63
f  219/118/64 220/118/64 221/118/64 222/118/64
f  223/117/65 224/117/65 225/117/65 226/117/65
f  227/53/66 228/48/66 229/119/66 230/120/66
f  231/60/67 232/121/67 233/122/67 234/123/67 235/61/67
f  236/48/68 237/59/68 238/62/68 239/124/68 240/119/68
f  241/125/69 242/126/69 243/127/69 244/128/69
f  245/128/70 246/127/70 247/129/70 248/130/70
f  249/131/71 250/132/71 251/133/71 252/134/71
f  253/135/72 254/136/72 255/126/72 256/125/72
f  257/125/73 258/128/73 259/137/73 260/138/73
f  261/137/74 262/139/74 263/140/74 264/141/74
f  265/131/75 266/134/75 267/142/75 268/143/75
f  269/135/76 270/125/76 271/138/76 272/144/76
f  273/128/77 274/130/77 275/139/77 276/137/77
f  277/143/78 278/142/78 279/145/78 280/146/78
f  281/138/79 282/137/79 283/141/79 284/147/79
f  285/144/80 286/138/80 287/147/80 288/148/80
f  289/149/81 290/150/81 291/151/81 292/152/81
f  293/152/82 294/151/82 295/153/82 296/154/82
f  297/155/83 298/156/83 299/157/83 300/158/83
f  301/159/84 302/160/84 303/150/84 304/149/84
f  305/152/85 306/154/85 307/161/85 308/162/85
f  309/151/86 310/150/86 311/163/86 312/164/86
f  313/163/87 314/165/87 315/166/87 316/167/87
f  317/150/88 318/160/88 319/165/88 320/163/88
f  321/153/89 322/151/89 323/164/89 324/168/89
f  325/157/90 326/156/90 327/169/90 328/170/90
f  329/168/91 330/164/91 331/171/91 332/172/91
f  333/170/92 334/169/92 335/173/92 336/174/92
f  337/164/93 338/163/93 339/167/93 340/171/93
f  341/175/94 342/176/94 343/177/94 344/178/94
f  345/149/95 346/152/95 347/162/95 348/176/95
f  349/155/96 350/158/96 351/179/96 352/180/96
f  353/159/97 354/149/97 355/176/97 356/175/97
f  357/162/98 358/161/98 359/181/98 360/182/98
f  361/180/99 362/179/99 363/183/99 364/184/99
f  365/176/100 366/162/100 367/182/100 368/177/100
f  369/185/101 370/186/101 371/187/101 372/188/101
f  373/187/102 374/186/102 375/189/102 376/190/102
f  377/190/103 378/189/103 379/191/103 380/192/103
f  381/190/104 382/192/104 383/193/104 384/194/104
f  385/193/105 386/192/105 387/195/105 388/196/105 389/197/105
f  390/194/106 391/193/106 392/197/106 393/198/106
f  394/199/107 395/195/107 396/192/107 397/191/107
f  398/196/108 399/195/108 400/199/108 401/200/108
f  402/196/109 403/200/109 404/201/109 405/202/109
f  406/197/110 407/196/110 408/203/110
f  409/204/111 410/203/111 411/205/111
f  412/186/112 413/185/112 414/206/112 415/207/112
f  416/207/113 417/206/113 418/208/113 419/209/113
f  420/186/114 421/207/114 422/189/114
f  423/209/115 424/210/115 425/189/115 426/207/115
f  427/209/116 428/208/116 429/211/116 430/212/116
f  431/213/117 432/210/117 433/209/117 434/212/117
f  435/191/118 436/210/118 437/213/118 438/200/118 439/199/118
f  440/200/119 441/214/119 442/215/119 443/201/119
f  444/214/120 445/216/120 446/217/120 447/215/120
f  448/216/121 449/218/121 450/219/121 451/217/121
f  452/220/122 453/221/123 454/222/124 455/223/125
f  456/224/126 457/225/127 458/226/128 459/227/129
f  460/221/123 461/228/130 462/229/131 463/222/124
f  464/230/132 465/231/133 466/232/134 467/233/135
f  468/234/136 469/235/137 470/236/138 471/237/139
f  472/238/140 473/230/132 474/233/135 475/239/141
f  476/233/135 477/232/134 478/240/142 479/241/143
f  480/237/139 481/236/138 482/242/144 483/243/145
f  484/239/141 485/233/135 486/241/143 487/244/146
f  488/241/143 489/240/142 490/228/130 491/221/123
f  492/243/145 493/242/144 494/225/127 495/224/126
f  496/244/146 497/241/143 498/221/123 499/220/122
f  500/245/147 501/246/148 502/247/149 503/248/150
f  504/249/151 505/250/152 506/251/153 507/252/154
f  508/246/148 509/253/155 510/254/156 511/247/149
f  512/255/152 513/245/147 514/248/150 515/256/153
f  516/257/144 517/244/146 518/220/122 519/258/127
f  520/259/138 521/239/141 522/244/146 523/257/144
f  524/260/137 525/238/140 526/239/141 527/259/138
f  528/258/127 529/220/122 530/223/125 531/261/128
f  532/256/153 533/248/150 534/238/140 535/260/137
f  536/248/150 537/247/149 538/230/132 539/238/140
f  540/252/154 541/251/153 542/235/137 543/234/136
f  544/247/149 545/254/156 546/231/133 547/230/132
f  548/262/133 549/263/156 550/264/157 551/265/158
f  552/228/130 553/240/142 554/266/159 555/267/160
f  556/268/142 557/269/134 558/270/161 559/271/162
f  560/269/134 561/262/133 562/265/158 563/270/161
f  564/272/155 565/273/163 566/274/164 567/275/165
f  568/274/164 569/273/163 570/276/166 571/277/167
f  572/276/166 573/273/163 574/278/168 575/279/169
f  576/279/169 577/278/168 578/280/170 579/281/171
f  580/281/171 581/280/170 582/282/172 583/283/173
f  584/284/173 585/285/172 586/286/174 587/287/175
f  588/277/167 589/276/166 590/288/176 591/289/177
f  592/266/159 593/290/162 594/291/178 595/292/179
f  596/293/180 597/292/179 598/294/181 599/295/182
f  600/267/160 601/266/159 602/292/179 603/293/180
f  604/295/182 605/294/181 606/296/183 607/297/184
f  608/292/179 609/291/178 610/298/185 611/294/181
f  612/297/184 613/296/183 614/299/186 615/300/187
f  616/294/181 617/298/185 618/301/188 619/296/183
f  620/300/187 621/302/189 622/303/190 623/304/191
f  624/300/187 625/299/186 626/305/192 627/302/189
f  628/296/183 629/306/188 630/305/192 631/299/186
f  632/307/193 633/229/131 634/267/160 635/293/180
f  636/308/194 637/307/193 638/293/180 639/295/182
f  640/229/131 641/228/130 642/267/160
f  643/226/128 644/309/110 645/227/129
f  646/310/195 647/308/194 648/295/182 649/297/184
f  650/304/191 651/310/195 652/297/184 653/300/187
f  654/311/196 655/312/196 656/313/196 657/314/196 658/315/196 659/316/196
f  660/279/169 661/281/171 662/317/197 663/318/198
f  664/284/173 665/287/175 666/319/199 667/320/200
f  668/276/166 669/279/169 670/318/198 671/288/176
f  672/281/171 673/283/173 674/321/200 675/317/197
f  676/322/201 677/323/201 678/324/201 679/325/201
f  680/325/202 681/324/202 682/326/202 683/327/202
f  684/327/110 685/326/110 686/328/110 687/329/110
f  688/330/203 689/331/203 690/332/203 691/333/203
f  692/334/204 693/335/204 694/336/204 695/337/204
f  696/338/205 697/334/205 698/337/205 699/339/205
f  700/340/206 701/338/206 702/339/206 703/341/206
f  704/332/207 705/342/207 706/343/207 707/344/207
f  708/331/208 709/345/208 710/342/208 711/332/208
f  712/346/209 713/330/209 714/333/209 715/347/209
f  716/348/210 717/349/210 718/350/210 719/351/210
f  720/352/211 721/353/211 722/344/211 723/354/211
f  724/347/212 725/333/212 726/353/212 727/355/212
f  728/333/213 729/332/213 730/344/213 731/353/213
f  732/351/210 733/350/210 734/356/210 735/357/210
f  736/358/214 737/359/214 738/360/215 739/361/216
f  740/361/216 741/360/215 742/362/217 743/363/218
f  744/363/218 745/362/217 746/364/219 747/365/220
f  748/365/220 749/364/219 750/366/221 751/367/222
f  752/368/223 753/369/223 754/370/223 755/371/223 756/372/223
f  757/373/224 758/374/224 759/375/224 760/376/224 761/377/224
f  762/378/225 763/379/226 764/380/227 765/381/228
f  766/379/226 767/378/225 768/382/229 769/383/230
f  770/378/225 771/384/231 772/385/232 773/382/229
f  774/386/233 775/387/234 776/388/235 777/389/110
f  778/382/229 779/385/232 780/388/235 781/387/234
f  782/383/230 783/382/229 784/387/234 785/386/233
f  786/390/236 787/391/236 788/392/236 789/393/236
f  790/384/231 791/378/225 792/394/228 793/391/237
f  794/395/210 795/396/210 796/389/210 797/388/210 798/385/210 799/384/210 800/391/210 801/390/210
f  802/397/156 803/398/155 804/399/165 805/400/157
f  806/282/172 807/280/170 808/401/147 809/402/152
f  810/278/168 811/273/163 812/272/155 813/403/148
f  814/286/174 815/285/172 816/250/152 817/249/151
f  818/280/170 819/278/168 820/403/148 821/401/147
f  822/404/238 823/405/239 824/406/240 825/407/241
f  826/408/242 827/409/241 828/410/243 829/411/244
f  830/412/245 831/408/245 832/413/245 833/414/245 834/415/245
f  835/411/244 836/410/243 837/416/246 838/417/247
f  839/418/248 840/419/249 841/420/249 842/421/249 843/422/250
f  844/407/241 845/406/240 846/423/251 847/424/243
f  848/425/252 849/426/253 850/427/254 851/428/254
f  852/429/247 853/430/255 854/431/256 855/432/256
f  856/422/257 857/421/257 858/431/257 859/430/257
f  860/424/243 861/423/251 862/433/258 863/434/246
f  864/423/251 865/422/250 866/430/255 867/433/258
f  868/435/246 869/433/258 870/430/255 871/436/247
f  872/406/240 873/418/248 874/422/250 875/423/251
f  876/437/238 877/409/241 878/408/242 879/412/259
f  880/414/260 881/413/260 882/438/260 883/439/260
f  884/406/240 885/405/239 886/440/261 887/418/248
f  888/418/262 889/440/262 890/441/262 891/425/262 892/419/262
f  893/426/253 894/425/252 895/441/263 896/442/263
f  897/443/264 898/444/265 899/445/266 900/446/267
f  901/447/268 902/448/269 903/449/270 904/450/271
f  905/451/272 906/447/272 907/450/272 908/452/272 909/453/272
f  910/454/273 911/455/274 912/456/275 913/457/276
f  914/458/277 915/459/278 916/460/279 917/461/280 918/462/281
f  919/463/269 920/464/282 921/465/283 922/466/284 923/467/270
f  924/450/271 925/468/270 926/469/284 927/452/285
f  928/458/286 929/451/286 930/453/286 931/459/286
f  932/470/287 933/471/274 934/444/265 935/443/264
f  936/460/279 937/472/288 938/473/289 939/461/280
f  940/471/274 941/470/287 942/474/290 943/475/275
f  944/464/282 945/454/273 946/476/291 947/465/283
f  948/457/276 949/456/275 950/477/292 951/478/293
f  952/462/281 953/461/280 954/479/294 955/480/295
f  956/481/275 957/474/290 958/482/296 959/483/292
f  960/461/280 961/484/289 962/485/297 963/479/294
f  964/474/290 965/462/281 966/480/295 967/482/296
f  968/486/289 969/457/276 970/478/293 971/487/297
f  972/488/265 973/455/274 974/454/273 975/464/282
f  976/470/287 977/443/264 978/451/298 979/458/277
f  980/489/266 981/488/265 982/464/282 983/463/269
f  984/470/287 985/458/277 986/462/281 987/474/290
f  988/490/299 989/476/299 990/454/299 991/457/299 992/486/299
f  993/443/264 994/446/267 995/447/268 996/451/298
f  997/446/267 998/491/266 999/492/269 1000/447/268
f  1001/482/296 1002/480/295 1003/493/293 1004/483/292
f  1005/479/294 1006/485/297 1007/493/293 1008/480/295
f  1009/494/159 1010/268/142 1011/271/162
f  1012/210/300 1013/191/300 1014/189/300
f  1015/495/301 1016/496/302 1017/497/303 1018/498/304
f  1019/499/305 1020/500/306 1021/501/307 1022/502/308
f  1023/503/302 1024/504/309 1025/497/303
f  1026/501/307 1027/498/304 1028/505/310 1029/506/311
f  1030/507/306 1031/495/301 1032/498/304 1033/501/307
f  1034/505/310 1035/508/312 1036/509/313 1037/510/314
f  1038/502/308 1039/501/307 1040/506/311 1041/511/315
f  1042/498/304 1043/497/303 1044/508/312 1045/505/310
f  1046/497/303 1047/504/309 1048/512/316 1049/508/312
f  1050/513/317 1051/514/318 1052/515/319 1053/516/320
f  1054/508/312 1055/512/316 1056/517/321 1057/518/313
f  1058/506/311 1059/505/310 1060/510/314 1061/519/318
f  1062/511/315 1063/506/311 1064/519/318 1065/520/317
f  1066/521/322 1067/522/323 1068/523/324 1069/524/325
f  1070/515/319 1071/521/322 1072/524/325 1073/525/320
f  1074/526/326 1075/527/326 1076/522/326 1077/521/326
f  1078/527/313 1079/528/321 1080/529/324 1081/522/323
f  1082/514/327 1083/526/327 1084/521/327 1085/515/327
f  1086/460/328 1087/459/328 1088/476/328 1089/472/328
f  1090/453/329 1091/465/329 1092/476/329 1093/459/329
f  1094/469/330 1095/465/330 1096/453/330 1097/452/330
f  1098/35/331 1099/34/331 1100/17/331 1101/16/331
f  1102/34/332 1103/13/332 1104/33/332 1105/17/332
f  1106/13/333 1107/12/333 1108/38/333 1109/33/333
f  1110/12/334 1111/39/334 1112/38/334
f  1113/226/335 1114/223/335 1115/309/335 1116/309/335
f  1117/222/336 1118/309/336 1119/309/336 1120/223/336
f  1121/229/337 1122/309/337 1123/309/337 1124/222/337
f  1125/307/338 1126/309/338 1127/309/338 1128/229/338
f  1129/308/339 1130/309/339 1131/309/339 1132/307/339
f  1133/310/340 1134/309/340 1135/309/340 1136/308/340
f  1137/304/341 1138/309/341 1139/309/341 1140/310/341
f  1141/303/190 1142/309/110 1143/304/191
f  1144/530/342 1145/530/343 1146/530/344 1147/530/345
f  1148/530/345 1149/530/344 1150/530/346 1151/530/347
f  1152/530/347 1153/530/346 1154/530/348 1155/530/349
f  1156/530/349 1157/530/348 1158/530/343 1159/530/342
f  1160/530/345 1161/530/347 1162/530/349 1163/530/342
f  1164/530/346 1165/530/344 1166/530/343 1167/530/348
f  1168/530/350 1169/530/351 1170/530/352 1171/530/353
f  1172/530/353 1173/530/352 1174/530/354 1175/530/355
f  1176/530/355 1177/530/354 1178/530/356 1179/530/357
f  1180/530/357 1181/530/356 1182/530/351 1183/530/350
f  1184/530/353 1185/530/355 1186/530/357 1187/530/350
f  1188/530/354 1189/530/352 1190/530/351 1191/530/356
f  1192/530/358 1193/530/359 1194/530/360 1195/530/361
f  1196/530/361 1197/530/360 1198/530/362 1199/530/363
f  1200/530/363 1201/530/362 1202/530/364 1203/530/365
f  1204/530/365 1205/530/364 1206/530/359 1207/530/358
f  1208/530/361 1209/530/363 1210/530/365 1211/530/358
f  1212/530/362 1213/530/360 1214/530/359 1215/530/364
f  1216/530/366 1217/530/367 1218/530/368 1219/530/369
f  1220/530/369 1221/530/368 1222/530/370 1223/530/371
f  1224/530/371 1225/530/370 1226/530/372 1227/530/373
f  1228/530/373 1229/530/372 1230/530/367 1231/530/366
f  1232/530/369 1233/530/371 1234/530/373 1235/530/366
f  1236/530/370 1237/530/368 1238/530/367 1239/530/372
f  1240/531/374 1241/531/375 1242/531/376 1243/531/377
f  1244/531/377 1245/531/376 1246/531/378 1247/531/379
f  1248/531/379 1249/531/378 1250/531/380 1251/531/381
f  1252/531/381 1253/531/380 1254/531/375 1255/531/374
f  1256/531/377 1257/531/379 1258/531/381 1259/531/374
f  1260/531/378 1261/531/376 1262/531/375 1263/531/380
f  1264/117/382 1265/117/382 1266/117/382 1267/117/382
f  1268/117/383 1269/117/383 1270/117/383 1271/117/383
f  1272/117/384 1273/117/384 1274/117/384 1275/117/384
f  1276/117/385 1277/117/385 1278/117/385 1279/117/385
f  1280/117/386 1281/117/386 1282/117/386 1283/117/386
f  1284/532/387 1285/438/387 1286/413/387 1287/408/387 1288/411/387
f  1289/533/388 1290/532/388 1291/411/388 1292/417/388 1293/533/388
f  1294/428/389 1295/420/389 1296/419/389 1297/425/389
f  1298/420/390 1299/428/390 1300/439/390 1301/438/390
f  1302/421/391 1303/420/391 1304/438/391 1305/532/391
f  1306/431/392 1307/421/392 1308/532/392 1309/533/392
f  1310/1/393 1311/4/394 1312/3/395 1313/2/396
f  1314/5/397 1315/8/398 1316/7/399 1317/6/400
f  1318/9/401 1319/13/402 1320/12/403 1321/11/404 1322/10/405
f  1323/14/406 1324/17/407 1325/16/16 1326/15/15
f  1327/18/408 1328/14/406 1329/15/15 1330/19/19
f  1331/20/409 1332/9/401 1333/10/405 1334/21/410
f  1335/4/394 1336/5/397 1337/6/400 1338/3/395
f  1339/21/410 1340/10/405 1341/23/397 1342/22/394
f  1343/10/405 1344/11/404 1345/24/398 1346/23/397
f  1347/20/409 1348/21/410 1349/22/394 1350/25/393
f  1351/26/22 1352/29/411 1353/28/412 1354/27/23
f  1355/26/22 1356/31/27 1357/30/413 1358/29/411
f  1359/2/396 1360/32/414 1361/14/406 1362/18/408
f  1363/32/414 1364/33/415 1365/17/407 1366/14/406
f  1367/31/27 1368/35/31 1369/34/416 1370/30/413
f  1371/36/23 1372/37/412 1373/18/408 1374/19/19
f  1375/8/398 1376/39/417 1377/38/418 1378/7/399
f  1379/6/400 1380/7/399 1381/38/418 1382/33/415 1383/32/414
f  1384/3/395 1385/6/400 1386/32/414 1387/2/396
f  1388/11/404 1389/12/403 1390/40/417 1391/24/398
f  1392/29/411 1393/20/409 1394/25/393 1395/28/412
f  1396/29/411 1397/30/413 1398/9/401 1399/20/409
f  1400/30/413 1401/34/416 1402/13/402 1403/9/401
f  1404/37/412 1405/1/393 1406/2/396 1407/18/408
f  1408/41/419 1409/44/419 1410/43/419 1411/42/419
f  1412/45/420 1413/48/420 1414/47/420 1415/46/420
f  1416/49/421 1417/52/421 1418/51/421 1419/50/421
f  1420/45/422 1421/54/422 1422/53/422 1423/48/422
f  1424/55/423 1425/58/423 1426/57/423 1427/56/423
f  1428/59/424 1429/62/424 1430/61/424 1431/60/424
f  1432/63/425 1433/66/425 1434/65/425 1435/64/425
f  1436/66/426 1437/68/426 1438/67/426 1439/65/426
f  1440/69/427 1441/71/427 1442/70/427 1443/68/427
f  1444/69/428 1445/63/428 1446/73/428 1447/72/428
f  1448/66/429 1449/63/429 1450/69/429 1451/68/429
f  1452/67/430 1453/75/430 1454/74/430 1455/65/430
f  1456/67/431 1457/77/431 1458/76/431 1459/75/431
f  1460/68/432 1461/70/432 1462/77/432 1463/67/432
f  1464/72/433 1465/78/433 1466/71/433 1467/69/433
f  1468/79/434 1469/82/434 1470/81/434 1471/80/434
f  1472/83/435 1473/86/435 1474/85/435 1475/84/435
f  1476/86/436 1477/88/436 1478/87/436 1479/85/436
f  1480/89/437 1481/92/437 1482/91/437 1483/90/437
f  1484/93/438 1485/44/438 1486/95/438 1487/94/438
f  1488/96/439 1489/99/439 1490/98/439 1491/97/439
f  1492/100/440 1493/103/440 1494/102/440 1495/101/440
f  1496/104/441 1497/98/441 1498/106/441 1499/105/441
f  1500/107/442 1501/100/442 1502/101/442 1503/108/442
f  1504/109/443 1505/110/443 1506/100/443 1507/107/443
f  1508/111/444 1509/113/444 1510/112/444 1511/103/444
f  1512/110/445 1513/111/445 1514/103/445 1515/100/445
f  1516/99/446 1517/115/446 1518/114/446 1519/98/446
f  1520/98/447 1521/114/447 1522/116/447 1523/106/447
f  1524/117/448 1525/117/448 1526/117/448 1527/117/448
f  1528/118/449 1529/118/449 1530/118/449 1531/118/449
f  1532/117/450 1533/117/450 1534/117/450 1535/117/450
f  1536/53/451 1537/120/451 1538/119/451 1539/48/451
f  1540/60/452 1541/61/452 1542/123/452 1543/122/452 1544/121/452
f  1545/48/453 1546/119/453 1547/124/453 1548/62/453 1549/59/453
f  1550/125/454 1551/128/454 1552/127/454 1553/126/454
f  1554/128/455 1555/130/455 1556/129/455 1557/127/455
f  1558/131/456 1559/134/456 1560/133/456 1561/132/456
f  1562/135/457 1563/125/457 1564/126/457 1565/136/457
f  1566/125/458 1567/138/458 1568/137/458 1569/128/458
f  1570/137/459 1571/141/459 1572/140/459 1573/139/459
f  1574/131/460 1575/143/460 1576/142/460 1577/134/460
f  1578/135/461 1579/144/461 1580/138/461 1581/125/461
f  1582/128/462 1583/137/462 1584/139/462 1585/130/462
f  1586/143/463 1587/146/463 1588/145/463 1589/142/463
f  1590/138/464 1591/147/464 1592/141/464 1593/137/464
f  1594/144/465 1595/148/465 1596/147/465 1597/138/465
f  1598/149/466 1599/152/466 1600/151/466 1601/150/466
f  1602/152/467 1603/154/467 1604/153/467 1605/151/467
f  1606/155/468 1607/158/468 1608/157/468 1609/156/468
f  1610/159/469 1611/149/469 1612/150/469 1613/160/469
f  1614/152/470 1615/162/470 1616/161/470 1617/154/470
f  1618/151/471 1619/164/471 1620/163/471 1621/150/471
f  1622/163/472 1623/167/472 1624/166/472 1625/165/472
f  1626/150/473 1627/163/473 1628/165/473 1629/160/473
f  1630/153/474 1631/168/474 1632/164/474 1633/151/474
f  1634/157/475 1635/170/475 1636/169/475 1637/156/475
f  1638/168/476 1639/172/476 1640/171/476 1641/164/476
f  1642/170/477 1643/174/477 1644/173/477 1645/169/477
f  1646/164/478 1647/171/478 1648/167/478 1649/163/478
f  1650/175/479 1651/178/479 1652/177/479 1653/176/479
f  1654/149/480 1655/176/480 1656/162/480 1657/152/480
f  1658/155/481 1659/180/481 1660/179/481 1661/158/481
f  1662/159/482 1663/175/482 1664/176/482 1665/149/482
f  1666/162/483 1667/182/483 1668/181/483 1669/161/483
f  1670/180/484 1671/184/484 1672/183/484 1673/179/484
f  1674/176/485 1675/177/485 1676/182/485 1677/162/485
f  1678/185/486 1679/188/486 1680/187/486 1681/186/486
f  1682/187/487 1683/190/487 1684/189/487 1685/186/487
f  1686/190/488 1687/192/488 1688/191/488 1689/189/488
f  1690/190/489 1691/194/489 1692/193/489 1693/192/489
f  1694/193/490 1695/197/490 1696/196/490 1697/195/490 1698/192/490
f  1699/194/491 1700/198/491 1701/197/491 1702/193/491
f  1703/199/492 1704/191/492 1705/192/492 1706/195/492
f  1707/196/493 1708/200/493 1709/199/493 1710/195/493
f  1711/196/494 1712/202/494 1713/201/494 1714/200/494
f  1715/197/110 1716/203/110 1717/196/110
f  1718/204/495 1719/205/495 1720/203/495
f  1721/186/496 1722/207/496 1723/206/496 1724/185/496
f  1725/207/497 1726/209/497 1727/208/497 1728/206/497
f  1729/186/498 1730/189/498 1731/207/498
f  1732/209/499 1733/207/499 1734/189/499 1735/210/499
f  1736/209/500 1737/212/500 1738/211/500 1739/208/500
f  1740/213/501 1741/212/501 1742/209/501 1743/210/501
f  1744/191/502 1745/199/502 1746/200/502 1747/213/502 1748/210/502
f  1749/200/503 1750/201/503 1751/215/503 1752/214/503
f  1753/214/504 1754/215/504 1755/217/504 1756/216/504
f  1757/216/505 1758/217/505 1759/219/505 1760/218/505
f  1761/220/506 1762/223/507 1763/222/508 1764/221/509
f  1765/224/126 1766/227/129 1767/226/510 1768/225/511
f  1769/221/509 1770/222/508 1771/229/512 1772/228/513
f  1773/230/514 1774/233/515 1775/232/516 1776/231/517
f  1777/234/136 1778/237/139 1779/236/518 1780/235/519
f  1781/238/520 1782/239/521 1783/233/515 1784/230/514
f  1785/233/515 1786/241/522 1787/240/523 1788/232/516
f  1789/237/139 1790/243/145 1791/242/524 1792/236/518
f  1793/239/521 1794/244/525 1795/241/522 1796/233/515
f  1797/241/522 1798/221/509 1799/228/513 1800/240/523
f  1801/243/145 1802/224/126 1803/225/511 1804/242/524
f  1805/244/525 1806/220/506 1807/221/509 1808/241/522
f  1809/245/526 1810/248/527 1811/247/528 1812/246/529
f  1813/249/151 1814/252/154 1815/251/530 1816/250/531
f  1817/246/529 1818/247/528 1819/254/532 1820/253/533
f  1821/255/531 1822/256/530 1823/248/527 1824/245/526
f  1825/257/524 1826/258/511 1827/220/506 1828/244/525
f  1829/259/518 1830/257/524 1831/244/525 1832/239/521
f  1833/260/519 1834/259/518 1835/239/521 1836/238/520
f  1837/258/511 1838/261/510 1839/223/507 1840/220/506
f  1841/256/530 1842/260/519 1843/238/520 1844/248/527
f  1845/248/527 1846/238/520 1847/230/514 1848/247/528
f  1849/252/154 1850/234/136 1851/235/519 1852/251/530
f  1853/247/528 1854/230/514 1855/231/517 1856/254/532
f  1857/262/517 1858/265/158 1859/264/157 1860/263/532
f  1861/228/513 1862/267/534 1863/266/535 1864/240/523
f  1865/268/523 1866/271/162 1867/270/161 1868/269/516
f  1869/269/516 1870/270/161 1871/265/158 1872/262/517
f  1873/272/533 1874/275/165 1875/274/164 1876/273/536
f  1877/274/164 1878/277/167 1879/276/537 1880/273/536
f  1881/276/537 1882/279/538 1883/278/539 1884/273/536
f  1885/279/538 1886/281/540 1887/280/541 1888/278/539
f  1889/281/540 1890/283/542 1891/282/543 1892/280/541
f  1893/284/542 1894/287/175 1895/286/174 1896/285/543
f  1897/277/167 1898/289/177 1899/288/544 1900/276/537
f  1901/266/535 1902/292/545 1903/291/178 1904/290/162
f  1905/293/546 1906/295/547 1907/294/548 1908/292/545
f  1909/267/534 1910/293/546 1911/292/545 1912/266/535
f  1913/295/547 1914/297/549 1915/296/550 1916/294/548
f  1917/292/545 1918/294/548 1919/298/185 1920/291/178
f  1921/297/549 1922/300/551 1923/299/552 1924/296/550
f  1925/294/548 1926/296/550 1927/301/188 1928/298/185
f  1929/300/551 1930/304/553 1931/303/190 1932/302/189
f  1933/300/551 1934/302/189 1935/305/192 1936/299/552
f  1937/296/550 1938/299/552 1939/305/192 1940/306/188
f  1941/307/554 1942/293/546 1943/267/534 1944/229/512
f  1945/308/555 1946/295/547 1947/293/546 1948/307/554
f  1949/229/512 1950/267/534 1951/228/513
f  1952/226/510 1953/227/129 1954/309/110
f  1955/310/556 1956/297/549 1957/295/547 1958/308/555
f  1959/304/553 1960/300/551 1961/297/549 1962/310/556
f  1963/311/201 1964/316/201 1965/315/201 1966/314/201 1967/313/201 1968/312/201
f  1969/279/538 1970/318/557 1971/317/558 1972/281/540
f  1973/284/542 1974/320/559 1975/319/199 1976/287/175
f  1977/276/537 1978/288/544 1979/318/557 1980/279/538
f  1981/281/540 1982/317/558 1983/321/559 1984/283/542
f  1985/322/201 1986/325/201 1987/324/201 1988/323/201
f  1989/325/560 1990/327/560 1991/326/560 1992/324/560
f  1993/327/110 1994/329/110 1995/328/110 1996/326/110
f  1997/330/561 1998/333/561 1999/332/561 2000/331/561
f  2001/334/204 2002/337/204 2003/336/204 2004/335/204
f  2005/338/562 2006/339/562 2007/337/562 2008/334/562
f  2009/340/563 2010/341/563 2011/339/563 2012/338/563
f  2013/332/564 2014/344/564 2015/343/564 2016/342/564
f  2017/331/565 2018/332/565 2019/342/565 2020/345/565
f  2021/346/566 2022/347/566 2023/333/566 2024/330/566
f  2025/352/567 2026/354/567 2027/344/567 2028/353/567
f  2029/347/568 2030/355/568 2031/353/568 2032/333/568
f  2033/333/569 2034/353/569 2035/344/569 2036/332/569
f  2037/358/214 2038/361/570 2039/360/571 2040/359/214
f  2041/361/570 2042/363/572 2043/362/573 2044/360/571
f  2045/363/572 2046/365/574 2047/364/575 2048/362/573
f  2049/365/574 2050/367/222 2051/366/221 2052/364/575
f  2053/368/576 2054/372/576 2055/371/576 2056/370/576 2057/369/576
f  2058/373/224 2059/377/224 2060/376/224 2061/375/224 2062/374/224
f  2063/378/577 2064/381/578 2065/380/579 2066/379/580
f  2067/379/580 2068/383/581 2069/382/582 2070/378/577
f  2071/378/577 2072/382/582 2073/385/583 2074/384/584
f  2075/386/585 2076/389/586 2077/388/587 2078/387/588
f  2079/382/582 2080/387/588 2081/388/587 2082/385/583
f  2083/383/581 2084/386/585 2085/387/588 2086/382/582
f  2087/390/589 2088/393/589 2089/392/589 2090/391/589
f  2091/384/584 2092/391/590 2093/394/578 2094/378/577
f  2095/397/532 2096/400/157 2097/399/165 2098/398/533
f  2099/282/543 2100/402/531 2101/401/526 2102/280/541
f  2103/278/539 2104/403/529 2105/272/533 2106/273/536
f  2107/286/174 2108/249/151 2109/250/531 2110/285/543
f  2111/280/541 2112/401/526 2113/403/529 2114/278/539
f  2115/404/591 2116/407/592 2117/406/593 2118/405/594
f  2119/408/595 2120/411/596 2121/410/597 2122/409/592
f  2123/412/598 2124/415/598 2125/414/598 2126/413/598 2127/408/598
f  2128/411/596 2129/417/599 2130/416/600 2131/410/597
f  2132/418/601 2133/422/602 2134/421/603 2135/420/603 2136/419/603
f  2137/407/592 2138/424/597 2139/423/604 2140/406/593
f  2141/425/605 2142/428/606 2143/427/606 2144/426/607
f  2145/429/599 2146/432/608 2147/431/608 2148/430/609
f  2149/422/610 2150/430/610 2151/431/610 2152/421/610
f  2153/424/597 2154/434/600 2155/433/611 2156/423/604
f  2157/423/604 2158/433/611 2159/430/609 2160/422/602
f  2161/435/600 2162/436/599 2163/430/609 2164/433/611
f  2165/406/593 2166/423/604 2167/422/602 2168/418/601
f  2169/437/591 2170/412/612 2171/408/595 2172/409/592
f  2173/414/613 2174/439/613 2175/438/613 2176/413/613
f  2177/406/593 2178/418/601 2179/440/614 2180/405/594
f  2181/418/615 2182/419/615 2183/425/615 2184/441/615 2185/440/615
f  2186/426/607 2187/442/616 2188/441/616 2189/425/605
f  2190/443/617 2191/446/618 2192/445/619 2193/444/620
f  2194/447/621 2195/450/622 2196/449/623 2197/448/624
f  2198/451/625 2199/453/625 2200/452/625 2201/450/625 2202/447/625
f  2203/454/626 2204/457/627 2205/456/628 2206/455/629
f  2207/458/630 2208/462/631 2209/461/632 2210/460/633 2211/459/634
f  2212/463/624 2213/467/623 2214/466/635 2215/465/636 2216/464/637
f  2217/450/622 2218/452/638 2219/469/635 2220/468/623
f  2221/458/639 2222/459/639 2223/453/639 2224/451/639
f  2225/470/640 2226/443/617 2227/444/620 2228/471/629
f  2229/460/633 2230/461/632 2231/473/641 2232/472/642
f  2233/471/629 2234/475/628 2235/474/643 2236/470/640
f  2237/464/637 2238/465/636 2239/476/644 2240/454/626
f  2241/457/627 2242/478/645 2243/477/646 2244/456/628
f  2245/462/631 2246/480/647 2247/479/648 2248/461/632
f  2249/481/628 2250/483/646 2251/482/649 2252/474/643
f  2253/461/632 2254/479/648 2255/485/650 2256/484/641
f  2257/474/643 2258/482/649 2259/480/647 2260/462/631
f  2261/486/641 2262/487/650 2263/478/645 2264/457/627
f  2265/488/620 2266/464/637 2267/454/626 2268/455/629
f  2269/470/640 2270/458/630 2271/451/651 2272/443/617
f  2273/489/619 2274/463/624 2275/464/637 2276/488/620
f  2277/470/640 2278/474/643 2279/462/631 2280/458/630
f  2281/490/652 2282/486/652 2283/457/652 2284/454/652 2285/476/652
f  2286/443/617 2287/451/651 2288/447/621 2289/446/618
f  2290/446/618 2291/447/621 2292/492/624 2293/491/619
f  2294/482/649 2295/483/646 2296/493/645 2297/480/647
f  2298/479/648 2299/480/647 2300/493/645 2301/485/650
f  2302/494/535 2303/271/162 2304/268/523
f  2305/210/653 2306/189/653 2307/191/653
f  2308/495/654 2309/498/655 2310/497/656 2311/496/657
f  2312/499/658 2313/502/659 2314/501/660 2315/500/661
f  2316/503/657 2317/497/656 2318/504/662
f  2319/501/660 2320/506/663 2321/505/664 2322/498/655
f  2323/507/661 2324/501/660 2325/498/655 2326/495/654
f  2327/505/664 2328/510/665 2329/509/666 2330/508/667
f  2331/502/659 2332/511/668 2333/506/663 2334/501/660
f  2335/498/655 2336/505/664 2337/508/667 2338/497/656
f  2339/497/656 2340/508/667 2341/512/669 2342/504/662
f  2343/513/670 2344/516/671 2345/515/672 2346/514/673
f  2347/508/667 2348/518/666 2349/517/674 2350/512/669
f  2351/506/663 2352/519/673 2353/510/665 2354/505/664
f  2355/511/668 2356/520/670 2357/519/673 2358/506/663
f  2359/521/675 2360/524/676 2361/523/677 2362/522/678
f  2363/515/672 2364/525/671 2365/524/676 2366/521/675
f  2367/526/679 2368/521/679 2369/522/679 2370/527/679
f  2371/527/666 2372/522/678 2373/529/677 2374/528/674
f  2375/514/680 2376/515/680 2377/521/680 2378/526/680
f  2379/460/681 2380/472/681 2381/476/681 2382/459/681
f  2383/453/682 2384/459/682 2385/476/682 2386/465/682
f  2387/469/683 2388/452/683 2389/453/683 2390/465/683
f  2391/35/684 2392/16/684 2393/17/684 2394/34/684
f  2395/34/685 2396/17/685 2397/33/685 2398/13/685
f  2399/13/686 2400/33/686 2401/38/686 2402/12/686
f  2403/12/687 2404/38/687 2405/39/687
f  2406/226/688 2407/309/688 2408/309/688 2409/223/688
f  2410/222/336 2411/223/336 2412/309/336 2413/309/336
f  2414/229/337 2415/222/337 2416/309/337 2417/309/337
f  2418/307/338 2419/229/338 2420/309/338 2421/309/338
f  2422/308/339 2423/307/339 2424/309/339 2425/309/339
f  2426/310/340 2427/308/340 2428/309/340 2429/309/340
f  2430/304/341 2431/310/341 2432/309/341 2433/309/341
f  2434/303/190 2435/304/553 2436/309/110
f  2437/530/689 2438/530/690 2439/530/691 2440/530/692
f  2441/530/690 2442/530/693 2443/530/694 2444/530/691
f  2445/530/693 2446/530/695 2447/530/696 2448/530/694
f  2449/530/695 2450/530/689 2451/530/692 2452/530/696
f  2453/530/690 2454/530/689 2455/530/695 2456/530/693
f  2457/530/694 2458/530/696 2459/530/692 2460/530/691
f  2461/530/697 2462/530/698 2463/530/699 2464/530/700
f  2465/530/698 2466/530/701 2467/530/702 2468/530/699
f  2469/530/701 2470/530/703 2471/530/704 2472/530/702
f  2473/530/703 2474/530/697 2475/530/700 2476/530/704
f  2477/530/698 2478/530/697 2479/530/703 2480/530/701
f  2481/530/702 2482/530/704 2483/530/700 2484/530/699
f  2485/530/705 2486/530/706 2487/530/707 2488/530/708
f  2489/530/706 2490/530/709 2491/530/710 2492/530/707
f  2493/530/709 2494/530/711 2495/530/712 2496/530/710
f  2497/530/711 2498/530/705 2499/530/708 2500/530/712
f  2501/530/706 2502/530/705 2503/530/711 2504/530/709
f  2505/530/710 2506/530/712 2507/530/708 2508/530/707
f  2509/530/713 2510/530/714 2511/530/715 2512/530/716
f  2513/530/714 2514/530/717 2515/530/718 2516/530/715
f  2517/530/717 2518/530/719 2519/530/720 2520/530/718
f  2521/530/719 2522/530/713 2523/530/716 2524/530/720
f  2525/530/714 2526/530/713 2527/530/719 2528/530/717
f  2529/530/718 2530/530/720 2531/530/716 2532/530/715
f  2533/531/721 2534/531/722 2535/531/723 2536/531/724
f  2537/531/722 2538/531/725 2539/531/726 2540/531/723
f  2541/531/725 2542/531/727 2543/531/728 2544/531/726
f  2545/531/727 2546/531/721 2547/531/724 2548/531/728
f  2549/531/722 2550/531/721 2551/531/727 2552/531/725
f  2553/531/726 2554/531/728 2555/531/724 2556/531/723
f  2557/117/729 2558/117/729 2559/117/729 2560/117/729
f  2561/117/730 2562/117/730 2563/117/730 2564/117/730
f  2565/117/731 2566/117/731 2567/117/731 2568/117/731
f  2569/117/732 2570/117/732 2571/117/732 2572/117/732
f  2573/117/733 2574/117/733 2575/117/733 2576/117/733
f  2577/532/734 2578/411/734 2579/408/734 2580/413/734 2581/438/734
f  2582/533/735 2583/533/735 2584/417/735 2585/411/735 2586/532/735
f  2587/428/736 2588/425/736 2589/419/736 2590/420/736
f  2591/420/737 2592/438/737 2593/439/737 2594/428/737
f  2595/421/738 2596/532/738 2597/438/738 2598/420/738
f  2599/431/739 2600/533/739 2601/532/739 2602/421/739

# Mesh 'Cylinder.001' with 10 faces
g Cylinder.001
usemtl An2Mat
f  2603/534/740 2604/535/740 2605/536/741 2606/537/741
f  2607/537/741 2608/536/741 2609/535/742 2610/534/742
f  2611/534/742 2612/535/742 2613/536/743 2614/537/743
f  2615/537/743 2616/536/743 2617/535/744 2618/534/744
f  2619/534/744 2620/535/744 2621/536/745 2622/537/746
f  2623/537/746 2624/536/745 2625/535/747 2626/534/747
f  2627/538/748 2628/539/748 2629/540/748 2630/541/748 2631/542/748 2632/543/748 2633/544/748 2634/545/748
f  2635/534/747 2636/535/747 2637/536/749 2638/537/750
f  2639/537/750 2640/536/749 2641/536/740 2642/537/740
f  2643/546/751 2644/547/751 2645/548/751 2646/549/751 2647/550/751 2648/551/751 2649/552/751 2650/553/751

# Mesh 'Cylinder.003' with 122 faces
g Cylinder.003
usemtl An2Mat
f  2651/554/752 2652/555/753 2653/556/754 2654/557/755
f  2655/557/755 2656/556/754 2657/558/756 2658/559/757
f  2659/559/757 2660/558/756 2661/560/758 2662/561/759
f  2663/562/760 2664/563/761 2665/555/753 2666/554/752
f  2667/564/762 2668/565/763 2669/566/764 2670/567/765
f  2671/568/766 2672/569/767 2673/570/768 2674/571/769
f  2675/569/767 2676/564/762 2677/567/765 2678/570/768
f  2679/565/763 2680/572/770 2681/573/771 2682/566/764
f  2683/566/764 2684/573/771 2685/574/772 2686/575/773
f  2687/570/768 2688/567/765 2689/576/774 2690/577/775
f  2691/571/769 2692/570/768 2693/577/775 2694/578/776
f  2695/567/765 2696/566/764 2697/575/773 2698/576/774
f  2699/577/775 2700/576/774 2701/575/773 2702/574/772 2703/579/777 2704/578/776
f  2705/573/771 2706/580/778 2707/579/777 2708/574/772
f  2709/561/759 2710/560/758 2711/581/779 2712/582/780
f  2713/572/770 2714/583/781 2715/580/778 2716/573/771
f  2717/584/770 2718/585/759 2719/586/782 2720/587/783
f  2721/588/760 2722/589/752 2723/590/784 2724/591/785
f  2725/565/763 2726/559/757 2727/561/759 2728/572/770
f  2729/592/752 2730/593/767 2731/594/786 2732/595/784
f  2733/569/767 2734/554/752 2735/557/755 2736/564/762
f  2737/587/783 2738/586/782 2739/596/787 2740/597/788
f  2741/598/782 2742/599/789 2743/600/790 2744/601/787
f  2745/595/791 2746/594/792 2747/602/793 2748/603/794
f  2749/592/757 2750/593/763 2751/594/792 2752/595/791
f  2753/584/762 2754/604/755 2755/605/795 2756/587/796
f  2757/606/755 2758/607/757 2759/608/791 2760/609/795
f  2761/593/763 2762/584/762 2763/587/796 2764/594/792
f  2765/610/759 2766/611/780 2767/599/789 2768/598/782
f  2769/593/767 2770/612/766 2771/613/797 2772/594/786
f  2773/612/781 2774/584/770 2775/587/783 2776/613/798
f  2777/602/793 2778/597/799 2779/614/800 2780/615/801
f  2781/616/802 2782/617/794 2783/618/803 2784/619/804
f  2785/602/805 2786/620/806 2787/621/807 2788/622/808
f  2789/591/785 2790/590/784 2791/623/809 2792/624/810
f  2793/587/796 2794/605/795 2795/625/802 2796/597/799
f  2797/594/786 2798/613/797 2799/620/806 2800/602/805
f  2801/609/795 2802/608/791 2803/617/794 2804/616/802
f  2805/594/792 2806/587/796 2807/597/799 2808/602/793
f  2809/595/784 2810/594/786 2811/602/805 2812/603/809
f  2813/613/798 2814/587/783 2815/597/788 2816/620/811
f  2817/626/812 2818/627/813 2819/628/814 2820/629/815
f  2821/614/816 2822/630/817 2823/631/818 2824/632/819
f  2825/633/817 2826/634/820 2827/635/821 2828/636/818
f  2829/603/809 2830/602/805 2831/622/808 2832/615/813
f  2833/620/811 2834/597/788 2835/614/816 2836/621/822
f  2837/603/794 2838/602/793 2839/615/801 2840/615/803
f  2841/601/787 2842/600/790 2843/634/820 2844/633/817
f  2845/597/788 2846/596/787 2847/630/817 2848/614/816
f  2849/624/810 2850/623/809 2851/627/813 2852/626/812
f  2853/597/799 2854/625/802 2855/614/804 2856/614/800
f  2857/632/819 2858/632/818 2859/637/821 2860/637/823
f  2861/637/824 2862/637/815 2863/638/814 2864/638/825
f  2865/632/826 2866/632/827 2867/638/828 2868/638/829
f  2869/614/800 2870/614/804 2871/632/827 2872/632/826
f  2873/622/808 2874/621/807 2875/637/824 2876/638/825
f  2877/619/804 2878/618/803 2879/639/828 2880/640/827
f  2881/615/801 2882/614/800 2883/632/826 2884/638/829
f  2885/615/813 2886/622/808 2887/638/825 2888/641/814
f  2889/621/822 2890/614/816 2891/632/819 2892/637/823
f  2893/615/803 2894/615/801 2895/638/829 2896/642/828
f  2897/643/830 2898/644/831 2899/645/832 2900/646/833
f  2901/644/831 2902/647/834 2903/648/835 2904/645/832
f  2905/647/834 2906/649/836 2907/650/837 2908/648/835
f  2909/651/760 2910/643/830 2911/646/833 2912/652/761
f  2913/653/838 2914/654/839 2915/655/840 2916/656/841
f  2917/657/766 2918/658/769 2919/659/842 2920/660/843
f  2921/660/843 2922/659/842 2923/654/839 2924/653/838
f  2925/656/841 2926/655/840 2927/661/844 2928/662/845
f  2929/655/840 2930/663/846 2931/664/847 2932/661/844
f  2933/659/842 2934/665/848 2935/666/849 2936/654/839
f  2937/658/769 2938/667/776 2939/665/848 2940/659/842
f  2941/654/839 2942/666/849 2943/663/846 2944/655/840
f  2945/665/848 2946/667/776 2947/668/777 2948/664/847 2949/663/846 2950/666/849
f  2951/661/844 2952/664/847 2953/668/777 2954/669/778
f  2955/649/836 2956/670/780 2957/671/779 2958/650/837
f  2959/662/845 2960/661/844 2961/669/778 2962/672/781
f  2963/593/845 2964/594/850 2965/595/851 2966/592/836
f  2967/588/760 2968/591/785 2969/673/852 2970/674/830
f  2971/656/841 2972/662/845 2973/649/836 2974/647/834
f  2975/675/830 2976/676/852 2977/587/853 2978/584/843
f  2979/660/843 2980/653/838 2981/644/831 2982/643/830
f  2983/594/850 2984/602/854 2985/603/855 2986/595/851
f  2987/677/851 2988/678/855 2989/600/790 2990/599/789
f  2991/679/856 2992/680/857 2993/681/858 2994/682/859
f  2995/683/834 2996/679/856 2997/682/859 2998/684/841
f  2999/685/838 3000/686/860 3001/687/861 3002/688/831
f  3003/689/831 3004/690/861 3005/691/856 3006/692/834
f  3007/684/841 3008/682/859 3009/686/860 3010/685/838
f  3011/693/836 3012/677/851 3013/599/789 3014/611/780
f  3015/584/843 3016/587/853 3017/613/797 3018/612/766
f  3019/612/781 3020/613/798 3021/594/850 3022/593/845
f  3023/681/858 3024/694/862 3025/695/863 3026/696/864
f  3027/697/865 3028/698/866 3029/699/867 3030/700/857
f  3031/597/868 3032/614/869 3033/621/807 3034/620/806
f  3035/591/785 3036/624/810 3037/701/870 3038/673/852
f  3039/686/860 3040/696/864 3041/702/865 3042/687/861
f  3043/587/853 3044/597/868 3045/620/806 3046/613/797
f  3047/690/861 3048/697/865 3049/700/857 3050/691/856
f  3051/682/859 3052/681/858 3053/696/864 3054/686/860
f  3055/676/852 3056/703/870 3057/597/868 3058/587/853
f  3059/613/798 3060/620/811 3061/602/854 3062/594/850
f  3063/626/812 3064/629/815 3065/704/871 3066/705/872
f  3067/622/873 3068/638/874 3069/642/875 3070/615/876
f  3071/706/876 3072/707/875 3073/635/821 3074/634/820
f  3075/703/870 3076/708/872 3077/614/869 3078/597/868
f  3079/620/811 3080/621/822 3081/622/873 3082/602/854
f  3083/680/857 3084/709/867 3085/694/862 3086/681/858
f  3087/678/855 3088/706/876 3089/634/820 3090/600/790
f  3091/602/854 3092/622/873 3093/615/876 3094/603/855
f  3095/624/810 3096/626/812 3097/705/872 3098/701/870
f  3099/696/864 3100/695/863 3101/710/866 3102/702/865
f  3103/638/874 3104/637/823 3105/637/821 3106/638/875
f  3107/637/824 3108/632/877 3109/632/871 3110/637/815
f  3111/711/878 3112/712/879 3113/712/880 3114/713/881
f  3115/695/863 3116/711/878 3117/714/881 3118/710/866
f  3119/614/869 3120/632/877 3121/637/824 3122/621/807
f  3123/698/866 3124/715/881 3125/716/880 3126/699/867
f  3127/694/862 3128/712/879 3129/711/878 3130/695/863
f  3131/708/872 3132/717/871 3133/632/877 3134/614/869
f  3135/621/822 3136/637/823 3137/638/874 3138/622/873
f  3139/709/867 3140/718/880 3141/712/879 3142/694/862

# Mesh 'Cylinder.004' with 10 faces
g Cylinder.004
usemtl An2Mat
f  3143/534/882 3144/537/883 3145/536/884 3146/535/882
f  3147/537/883 3148/534/885 3149/535/885 3150/536/884
f  3151/534/885 3152/537/886 3153/536/887 3154/535/885
f  3155/537/886 3156/534/888 3157/535/888 3158/536/887
f  3159/534/888 3160/537/889 3161/536/890 3162/535/888
f  3163/537/889 3164/534/891 3165/535/891 3166/536/890
f  3167/538/892 3168/545/892 3169/544/892 3170/543/892 3171/542/892 3172/541/892 3173/540/892 3174/539/892
f  3175/534/891 3176/537/893 3177/536/894 3178/535/891
f  3179/537/893 3180/537/882 3181/536/882 3182/536/894
f  3183/546/895 3184/553/895 3185/552/895 3186/551/895 3187/550/895 3188/549/895 3189/548/895 3190/547/895

# Mesh 'Cylinder.005' with 10 faces
g Cylinder.005
usemtl An2Mat
f  3191/534/896 3192/537/897 3193/536/898 3194/535/899
f  3195/537/897 3196/534/900 3197/535/901 3198/536/898
f  3199/534/900 3200/537/902 3201/536/903 3202/535/901
f  3203/537/902 3204/534/904 3205/535/905 3206/536/903
f  3207/534/904 3208/537/906 3209/536/907 3210/535/905
f  3211/537/906 3212/534/908 3213/535/909 3214/536/907
f  3215/538/898 3216/545/901 3217/544/903 3218/543/905 3219/542/907 3220/541/909 3221/540/910 3222/539/899
f  3223/534/908 3224/537/911 3225/536/910 3226/535/909
f  3227/537/911 3228/537/896 3229/536/899 3230/536/910
f  3231/546/896 3232/553/911 3233/552/908 3234/551/906 3235/550/904 3236/549/902 3237/548/900 3238/547/897

# Mesh 'Cube.001' with 9 faces
g Cube.001
usemtl An2Mat
f  3239/719/912 3240/460/912 3241/472/912 3242/720/912
f  3243/459/913 3244/460/913 3245/719/913 3246/453/913
f  3247/465/914 3248/721/914 3249/490/914 3250/476/914
f  3251/466/915 3252/721/915 3253/465/915
f  3254/453/916 3255/719/916 3256/452/916
f  3257/452/917 3258/719/917 3259/722/917 3260/469/917
f  3261/469/918 3262/465/918 3263/453/918 3264/452/918
f  3265/453/919 3266/465/919 3267/476/919 3268/459/919
f  3269/460/920 3270/459/920 3271/476/920 3272/472/920

# Mesh 'Cube.002' with 32 faces
g Cube.002
usemtl An2Mat
f  3273/723/921 3274/724/921 3275/725/921 3276/726/921
f  3277/727/922 3278/728/922 3279/729/922 3280/730/922
f  3281/13/923 3282/12/923 3283/723/923
f  3284/34/924 3285/13/924 3286/723/924 3287/726/924
f  3288/33/925 3289/17/925 3290/729/925 3291/728/925
f  3292/12/926 3293/40/926 3294/724/926 3295/723/926
f  3296/39/927 3297/38/927 3298/728/927 3299/727/927
f  3300/38/928 3301/33/928 3302/728/928
f  3303/35/929 3304/34/929 3305/726/929 3306/731/929
f  3307/17/930 3308/16/930 3309/732/930 3310/729/930
f  3311/12/931 3312/38/931 3313/39/931
f  3314/13/932 3315/33/932 3316/38/932 3317/12/932
f  3318/34/933 3319/17/933 3320/33/933 3321/13/933
f  3322/35/934 3323/16/934 3324/17/934 3325/34/934
f  3326/723/935 3327/726/935 3328/725/935 3329/724/935
f  3330/727/936 3331/730/936 3332/729/936 3333/728/936
f  3334/13/937 3335/723/937 3336/12/937
f  3337/34/938 3338/726/938 3339/723/938 3340/13/938
f  3341/33/939 3342/728/939 3343/729/939 3344/17/939
f  3345/12/940 3346/723/940 3347/724/940 3348/40/940
f  3349/39/941 3350/727/941 3351/728/941 3352/38/941
f  3353/38/942 3354/728/942 3355/33/942
f  3356/35/943 3357/731/943 3358/726/943 3359/34/943
f  3360/17/944 3361/729/944 3362/732/944 3363/16/944
f  3364/12/945 3365/39/945 3366/38/945
f  3367/13/946 3368/12/946 3369/38/946 3370/33/946
f  3371/34/947 3372/13/947 3373/33/947 3374/17/947
f  3375/35/948 3376/34/948 3377/17/948 3378/16/948
f  3379/730/949 3380/726/949 3381/729/949
f  3382/731/950 3383/732/950 3384/729/950 3385/726/950
f  3386/730/951 3387/729/951 3388/726/951
f  3389/731/952 3390/726/952 3391/729/952 3392/732/952

# Mesh 'Cube.004' with 44 faces
g Cube.004
usemtl An2Mat
f  3393/733/953 3394/734/953 3395/735/953 3396/736/953 3397/737/953
f  3398/738/954 3399/733/954 3400/737/954
f  3401/736/955 3402/735/955 3403/739/955 3404/740/955
f  3405/739/956 3406/307/956 3407/308/956 3408/741/956
f  3409/735/957 3410/229/957 3411/307/957 3412/739/957
f  3413/741/958 3414/308/958 3415/310/958 3416/742/958
f  3417/740/959 3418/739/959 3419/741/959 3420/743/959
f  3421/742/960 3422/310/960 3423/304/960
f  3424/743/961 3425/741/961 3426/742/961 3427/744/961
f  3428/744/962 3429/742/962 3430/304/962 3431/303/962
f  3432/222/963 3433/229/963 3434/735/963 3435/734/963
f  3436/223/964 3437/222/964 3438/734/964 3439/733/964
f  3440/261/965 3441/223/965 3442/733/965 3443/738/965
f  3444/261/966 3445/738/966 3446/309/966
f  3447/309/967 3448/303/967 3449/304/967
f  3450/310/968 3451/309/968 3452/309/968 3453/304/968
f  3454/308/969 3455/309/969 3456/309/969 3457/310/969
f  3458/307/970 3459/309/970 3460/309/970 3461/308/970
f  3462/229/971 3463/309/971 3464/309/971 3465/307/971
f  3466/222/972 3467/309/972 3468/309/972 3469/229/972
f  3470/309/973 3471/309/973 3472/222/973 3473/223/973
f  3474/223/974 3475/261/974 3476/309/974 3477/309/974
f  3478/733/975 3479/737/975 3480/736/975 3481/735/975 3482/734/975
f  3483/738/976 3484/737/976 3485/733/976
f  3486/736/977 3487/740/977 3488/739/977 3489/735/977
f  3490/739/978 3491/741/978 3492/308/978 3493/307/978
f  3494/735/979 3495/739/979 3496/307/979 3497/229/979
f  3498/741/980 3499/742/980 3500/310/980 3501/308/980
f  3502/740/981 3503/743/981 3504/741/981 3505/739/981
f  3506/742/982 3507/304/982 3508/310/982
f  3509/743/983 3510/744/983 3511/742/983 3512/741/983
f  3513/744/984 3514/303/984 3515/304/984 3516/742/984
f  3517/222/985 3518/734/985 3519/735/985 3520/229/985
f  3521/223/986 3522/733/986 3523/734/986 3524/222/986
f  3525/261/987 3526/738/987 3527/733/987 3528/223/987
f  3529/261/966 3530/309/966 3531/738/966
f  3532/309/967 3533/304/967 3534/303/967
f  3535/310/988 3536/304/988 3537/309/988 3538/309/988
f  3539/308/989 3540/310/989 3541/309/989 3542/309/989
f  3543/307/970 3544/308/970 3545/309/970 3546/309/970
f  3547/229/990 3548/307/990 3549/309/990 3550/309/990
f  3551/222/991 3552/229/991 3553/309/991 3554/309/991
f  3555/309/992 3556/223/992 3557/222/992 3558/309/992
f  3559/223/993 3560/309/993 3561/309/993 3562/261/993

# Mesh 'Cube.006' with 9 faces
g Cube.006
usemtl An2Mat
f  3563/719/994 3564/720/994 3565/472/994 3566/460/994
f  3567/459/995 3568/453/995 3569/719/995 3570/460/995
f  3571/465/996 3572/476/996 3573/490/996 3574/721/996
f  3575/466/997 3576/465/997 3577/721/997
f  3578/453/998 3579/452/998 3580/719/998
f  3581/452/999 3582/469/999 3583/722/999 3584/719/999
f  3585/469/1000 3586/452/1000 3587/453/1000 3588/465/1000
f  3589/453/1001 3590/459/1001 3591/476/1001 3592/465/1001
f  3593/460/1002 3594/472/1002 3595/476/1002 3596/459/1002

# Mesh 'Cube.008' with 9 faces
g Cube.008
usemtl An2Mat
f  3597/745/1003 3598/746/1003 3599/747/1003 3600/747/1003 3601/748/1003
f  3602/749/1004 3603/532/1004 3604/533/1004
f  3605/421/1005 3606/420/1005 3607/428/1005 3608/745/1005
f  3609/431/1006 3610/421/1006 3611/745/1006
f  3612/428/1007 3613/427/1007 3614/750/1007 3615/745/1007
f  3616/439/1008 3617/438/1008 3618/532/1008 3619/749/1008
f  3620/421/1009 3621/532/1009 3622/438/1009 3623/420/1009
f  3624/431/1010 3625/533/1010 3626/532/1010 3627/421/1010
f  3628/420/1011 3629/438/1011 3630/439/1011 3631/428/1011

# Mesh 'Cube.009' with 9 faces
g Cube.009
usemtl An2Mat
f  3632/745/1012 3633/748/1012 3634/747/1012 3635/747/1012 3636/746/1012
f  3637/749/1013 3638/533/1013 3639/532/1013
f  3640/421/1014 3641/745/1014 3642/428/1014 3643/420/1014
f  3644/431/1015 3645/745/1015 3646/421/1015
f  3647/428/1016 3648/745/1016 3649/750/1016 3650/427/1016
f  3651/439/1017 3652/749/1017 3653/532/1017 3654/438/1017
f  3655/421/1018 3656/420/1018 3657/438/1018 3658/532/1018
f  3659/431/1019 3660/421/1019 3661/532/1019 3662/533/1019
f  3663/420/1020 3664/428/1020 3665/439/1020 3666/438/1020

