# Blender 5.2.2 LTS
# www.blender.org
mtllib cessna.mtl
o Plane
v -0.144335 0.642804 -0.053669
v -0.297857 1.354189 0.177877
v -0.285083 0.717659 0.078214
v -0.341098 0.940952 0.176467
v -0.140459 0.687995 -0.429446
v -0.283590 0.778585 -0.418564
v -0.339627 0.978685 -0.386188
v -0.124184 0.714725 -0.672756
v -0.281054 0.816397 -0.714006
v -0.313738 0.994480 -0.695111
v -0.273327 1.023320 -0.926527
v -0.127782 1.043538 -1.062475
v -0.171757 1.165561 -1.036269
v -0.170256 1.017321 -1.053175
v -0.211290 1.060617 -1.031711
v -0.294007 1.216097 -0.363809
v -0.267665 1.287226 -0.242035
v -0.268355 1.329733 -0.145221
v -0.268818 1.355520 -0.066939
v -0.269324 1.387839 -0.007788
v -0.233995 1.201156 -0.915265
v -0.267884 1.206418 -0.661642
v -0.229547 0.827701 -0.879136
v -0.232755 0.898917 -0.954174
v -0.125549 0.986107 -1.050104
v -0.192481 0.750044 -0.737690
v -0.189768 1.213718 -0.984298
v -0.115954 0.993292 -1.060236
v -0.260780 1.228565 -0.455239
v -0.254303 1.228442 -0.538141
v -0.232513 1.226411 -0.746109
v -0.221896 1.224146 -0.830568
v -0.082457 0.786534 2.909317
v -0.188225 0.924389 -0.993808
v -0.212838 0.859114 -0.919574
v -0.189243 0.795386 -0.859420
v -0.164923 0.763098 -0.806041
v -0.303773 0.783606 1.256919
v -0.267936 1.340678 0.593507
v -0.108901 0.818407 2.670774
v -0.259449 1.003595 1.360124
v -0.209511 0.985702 1.551784
v -0.188635 0.950613 1.820183
v -0.163748 0.901059 2.181577
v -0.137575 0.868243 2.415577
v -0.267241 1.261644 0.787148
v -0.266513 1.191910 0.890482
v -0.264849 1.137414 0.992578
v -0.258587 1.086686 1.097728
v -0.249798 1.059476 1.197203
v -0.116679 0.612066 0.166600
v -0.243990 0.621307 0.813184
v -0.105408 0.694879 2.623433
v -0.198470 0.661284 1.884549
v -0.259173 0.629964 1.235708
v -0.210522 0.623569 1.542144
v -0.173726 0.606394 0.559162
v -0.138551 0.674031 2.243977
v -2.923293 1.434471 0.556283
v -2.918704 1.458983 0.559292
v -2.906719 1.475752 0.214581
v -2.902143 1.500190 0.217582
v -1.503983 1.481696 0.160329
v -1.504768 1.430238 0.154010
v -1.520180 1.410345 0.746038
v -1.520971 1.358694 0.739696
v -2.287245 1.426692 0.154877
v -2.302576 1.418931 0.674101
v -2.282655 1.480407 0.161472
v -2.307186 1.365015 0.667481
v -0.844722 1.482019 0.150040
v -0.854259 1.360856 0.755446
v -0.844575 1.435828 0.144369
v -0.854405 1.407161 0.761132
v -0.064836 0.778774 2.982745
v -0.062463 0.711392 2.950323
v -0.753907 0.754480 2.768342
v -0.753907 0.779185 2.770390
v -0.753907 0.773727 2.517443
v -0.753907 0.798432 2.519490
v -0.056964 0.840235 2.742700
v -0.039587 0.801818 3.002876
v -0.082218 0.908430 2.259881
v -0.067244 0.878458 2.474999
v -0.081357 0.976751 1.766739
v -0.051917 0.820951 2.893295
v -0.072614 0.939469 2.037516
v -0.050696 0.860983 2.595954
v -0.047843 0.969103 2.828616
v -0.030906 0.807002 2.999242
v -0.061602 0.940880 2.282950
v -0.050585 0.954670 2.494374
v -0.050731 0.988966 1.756614
v -0.035759 0.817914 2.887421
v -0.061484 0.962025 2.046158
v -0.044085 0.985961 2.670644
v -0.039243 1.367646 3.242381
v -0.041373 1.155604 2.538039
v -0.036212 1.473876 3.012473
v -0.039548 1.454133 3.154722
v -0.051643 1.064079 2.294083
v -0.083971 0.699611 2.868077
v -0.048464 1.037107 1.774916
v -0.051164 1.053537 2.064796
v -0.086935 0.742454 2.896840
v -0.047534 1.058234 1.852499
v -0.037732 1.499959 3.269943
v -0.041479 1.107864 2.440341
v -0.034164 1.268106 2.654209
v -0.033168 1.386459 2.794616
v -0.032614 1.501929 2.934432
v 0.144335 0.642804 -0.053669
v 0.297857 1.354189 0.177877
v 0.000000 0.620830 -0.046237
v -0.000000 1.438924 0.146625
v 0.285083 0.717659 0.078214
v 0.341098 0.940952 0.176467
v 0.140459 0.687995 -0.429446
v -0.000000 1.242331 -0.656820
v -0.000000 0.667264 -0.427987
v 0.000000 1.232961 -0.918285
v 0.283590 0.778585 -0.418564
v 0.339627 0.978685 -0.386188
v 0.124184 0.714725 -0.672756
v -0.000000 1.241011 -0.732143
v 0.000000 0.708023 -0.698572
v 0.000000 1.245044 -0.539973
v 0.281054 0.816397 -0.714006
v 0.313738 0.994480 -0.695111
v -0.000000 0.915122 -0.990403
v 0.000000 1.246109 -0.440120
v 0.000000 0.881667 -0.959789
v 0.000000 1.227095 -0.983070
v -0.000000 0.826581 -0.904112
v 0.273327 1.023320 -0.926527
v 0.127782 1.043538 -1.062475
v 0.171757 1.165561 -1.036268
v 0.000000 1.008918 -1.067207
v -0.000000 1.187058 -1.036994
v 0.170256 1.017321 -1.053175
v 0.211290 1.060617 -1.031711
v 0.294007 1.216097 -0.363809
v 0.000000 1.416091 0.021674
v -0.000000 1.376945 -0.050835
v -0.000000 1.348203 -0.143725
v 0.000000 1.296190 -0.261564
v -0.000000 1.245655 -0.368092
v 0.267665 1.287226 -0.242035
v 0.268355 1.329733 -0.145221
v 0.268818 1.355520 -0.066939
v 0.269324 1.387839 -0.007788
v 0.233995 1.201156 -0.915265
v 0.267884 1.206418 -0.661642
v 0.229547 0.827701 -0.879136
v 0.232755 0.898917 -0.954174
v 0.125549 0.986107 -1.050104
v 0.192481 0.750044 -0.737690
v 0.000000 1.238381 -0.838232
v 0.189768 1.213718 -0.984298
v 0.115954 0.993292 -1.060236
v 0.260780 1.228565 -0.455239
v 0.254303 1.228442 -0.538141
v 0.232513 1.226411 -0.746109
v 0.221896 1.224146 -0.830568
v -0.000000 0.607231 0.187989
v 0.082457 0.786534 2.909317
v -0.000000 0.599492 0.969360
v 0.000000 0.755534 -0.805302
v 0.000000 0.798085 -0.870883
v 0.000000 0.852901 -0.930714
v 0.188225 0.924389 -0.993808
v 0.212838 0.859114 -0.919574
v 0.189243 0.795386 -0.859420
v 0.164923 0.763098 -0.806041
v -0.000000 1.018635 1.439609
v -0.000000 0.609556 1.267313
v 0.303773 0.783606 1.256919
v 0.000000 1.033329 1.341698
v 0.000000 1.548400 3.300091
v -0.000000 0.633639 1.959985
v 0.000000 0.656558 2.680723
v 0.267936 1.340678 0.593507
v 0.108901 0.818407 2.670774
v 0.259449 1.003595 1.360124
v 0.000000 1.384855 0.556820
v -0.000000 1.181058 2.532351
v 0.000000 1.065835 1.838375
v 0.000000 1.288551 0.777351
v -0.000000 1.204635 0.899147
v -0.000000 1.140809 1.022374
v 0.209511 0.985702 1.551784
v 0.188635 0.950613 1.820183
v 0.163748 0.901059 2.181578
v 0.137575 0.868243 2.415577
v 0.267241 1.261644 0.787148
v 0.266513 1.191910 0.890482
v 0.264849 1.137414 0.992578
v 0.258587 1.086686 1.097728
v 0.249798 1.059476 1.197203
v 0.000000 1.077753 1.147768
v -0.000000 1.046129 1.270530
v 0.116679 0.612066 0.166600
v 0.243990 0.621307 0.813184
v 0.105408 0.694879 2.623433
v 0.198470 0.661284 1.884549
v 0.259173 0.629964 1.235708
v 0.000000 0.601587 0.611094
v 0.000000 0.621532 1.535431
v 0.210522 0.623569 1.542144
v 0.173726 0.606394 0.559162
v 0.000000 0.642401 2.279271
v 0.138551 0.674031 2.243977
v 2.923293 1.434471 0.556283
v 2.918704 1.458983 0.559292
v 2.906719 1.475752 0.214581
v 2.902143 1.500190 0.217582
v 0.000000 1.363702 0.757283
v 0.000000 1.422169 0.764462
v 0.000000 1.440955 0.128110
v 0.000000 1.499422 0.135289
v 1.503983 1.481696 0.160329
v 1.504768 1.430238 0.154010
v 1.520180 1.410345 0.746038
v 1.520971 1.358694 0.739696
v 2.287246 1.426692 0.154877
v 2.302576 1.418931 0.674101
v 2.282655 1.480407 0.161472
v 2.307186 1.365015 0.667481
v 0.844722 1.482019 0.150040
v 0.854259 1.360856 0.755446
v 0.844575 1.435828 0.144369
v 0.854405 1.407161 0.761132
v 0.000000 0.785989 3.027760
v -0.000000 0.700917 2.944532
v 0.064836 0.778774 2.982746
v 0.062463 0.711392 2.950323
v 0.753907 0.754480 2.768342
v 0.753907 0.779185 2.770390
v 0.753907 0.773727 2.517444
v 0.753907 0.798432 2.519490
v 0.000000 0.731595 2.847819
v 0.000000 0.803256 2.853758
v 0.000000 0.772762 2.402930
v 0.000000 0.820536 2.406889
v -0.000000 0.998235 1.601306
v 0.056964 0.840235 2.742700
v 0.039587 0.801818 3.002876
v 0.082218 0.908430 2.259881
v 0.067244 0.878458 2.474999
v 0.081357 0.976751 1.766739
v 0.000000 0.742792 2.848747
v -0.000000 0.804324 3.008300
v 0.051917 0.820951 2.893295
v 0.072614 0.939469 2.037516
v 0.050696 0.860983 2.595954
v 0.000000 0.803256 2.853758
v 0.000000 0.992937 1.644462
v 0.047843 0.969103 2.828616
v 0.030906 0.807002 2.999242
v 0.061602 0.940880 2.282950
v 0.050585 0.954670 2.494374
v 0.050731 0.988966 1.756614
v 0.035759 0.817914 2.887421
v 0.061484 0.962025 2.046158
v 0.044085 0.985961 2.670645
v 0.000000 1.075625 2.073408
v 0.000000 1.412546 2.807850
v 0.039243 1.367646 3.242381
v -0.000000 0.820846 2.894153
v 0.000000 1.041843 1.751204
v -0.000000 1.411812 3.288018
v -0.000000 1.090836 2.293673
v 0.000000 1.568030 3.228642
v -0.000000 0.995845 1.715203
v 0.000000 1.268603 2.635809
v -0.000000 1.121572 2.449482
v -0.000000 1.593482 3.104433
v 0.041373 1.155604 2.538039
v 0.036212 1.473876 3.012473
v 0.039548 1.454133 3.154722
v 0.051643 1.064079 2.294083
v 0.083971 0.699611 2.868077
v 0.048464 1.037107 1.774916
v 0.051164 1.053537 2.064796
v 0.000000 1.556749 2.977719
v 0.086935 0.742454 2.896840
v 0.047534 1.058234 1.852499
v 0.037732 1.499959 3.269943
v 0.041479 1.107864 2.440341
v 0.034164 1.268106 2.654210
v 0.033168 1.386458 2.794616
v 0.032614 1.501929 2.934432
v -0.069029 0.621225 1.535570
v -0.131375 0.621020 1.536783
v -0.180731 0.621836 1.539638
v -0.089179 1.437865 0.147146
v -0.172472 1.429039 0.150618
v -0.243993 1.403971 0.159907
v -0.108969 0.634841 -0.075258
v -0.075673 0.629487 -0.083363
v -0.042473 0.625432 -0.076115
v -0.045197 0.828890 2.896652
v -0.048790 0.823749 2.893980
v -0.050664 0.821353 2.892956
v -0.333425 0.854057 0.159020
v -0.322659 0.791552 0.141185
v -0.307110 0.748593 0.112358
v -0.330086 1.274108 0.202984
v -0.344339 1.169709 0.216055
v -0.346171 1.052051 0.201595
v -0.255589 0.692029 0.046085
v -0.220453 0.670860 0.013658
v -0.182326 0.654577 -0.021625
v -0.000000 1.225012 -0.998212
v -0.000000 1.219732 -1.012537
v -0.000000 1.208125 -1.025610
v -0.000000 1.242795 -0.631230
v 0.000000 1.243386 -0.601882
v 0.000000 1.244128 -0.570791
v -0.103654 0.677540 -0.428618
v -0.068298 0.671215 -0.428184
v -0.033907 0.668098 -0.428015
v -0.119584 1.000015 -1.061847
v -0.122444 1.009082 -1.063045
v -0.124389 1.022828 -1.063408
v -0.332538 0.910065 -0.397281
v -0.322012 0.856116 -0.405608
v -0.306284 0.813427 -0.412319
v -0.326379 1.186730 -0.360827
v -0.341214 1.136340 -0.362442
v -0.343876 1.060732 -0.372595
v -0.253015 0.748784 -0.424885
v -0.217042 0.723635 -0.429382
v -0.178784 0.703334 -0.430368
v -0.142596 0.654099 -0.147897
v -0.141612 0.665645 -0.243489
v -0.141021 0.677069 -0.338115
v -0.284675 0.767413 -0.325342
v -0.285192 0.754269 -0.217481
v -0.285281 0.738051 -0.085968
v -0.342532 0.982094 -0.290442
v -0.343749 0.981294 -0.173754
v -0.343211 0.966520 -0.023770
v 0.000000 0.633336 -0.151090
v -0.000000 0.644877 -0.245544
v -0.000000 0.656295 -0.338638
v -0.000000 1.337707 -0.171524
v 0.000000 1.325226 -0.200950
v -0.000000 1.311230 -0.231223
v 0.000000 1.254007 -0.345232
v 0.000000 1.266193 -0.319342
v -0.000000 1.280743 -0.291195
v -0.163577 0.796656 -0.864912
v -0.119681 0.797637 -0.869025
v -0.063124 0.798029 -0.870651
v -0.163692 1.220431 -0.983661
v -0.119454 1.225155 -0.983236
v -0.062901 1.226897 -0.983086
v -0.104176 0.712163 -0.683641
v -0.074894 0.710031 -0.693396
v -0.039183 0.708580 -0.697771
v -0.086197 1.245760 -0.440425
v -0.163825 1.243319 -0.442556
v -0.224765 1.237090 -0.447961
v -0.310286 0.936199 -0.705444
v -0.304837 0.887712 -0.712215
v -0.295760 0.848381 -0.714002
v -0.297763 1.172495 -0.666296
v -0.311997 1.123581 -0.673558
v -0.315632 1.060624 -0.683729
v -0.178048 0.742340 -0.723882
v -0.158275 0.732248 -0.705688
v -0.138594 0.722034 -0.687617
v -0.218631 1.236575 -0.539130
v -0.159043 1.242435 -0.539727
v -0.083593 1.244718 -0.539943
v -0.139327 0.697929 -0.514393
v -0.136076 0.705902 -0.586824
v -0.129880 0.711272 -0.640888
v -0.281150 0.807858 -0.651565
v -0.280983 0.798458 -0.582389
v -0.282026 0.788765 -0.504317
v -0.321823 0.990321 -0.623697
v -0.329160 0.986268 -0.549131
v -0.335148 0.980949 -0.470877
v -0.000000 0.677535 -0.510681
v 0.000000 0.687437 -0.584612
v -0.000000 0.697442 -0.647877
v -0.079902 1.241770 -0.656895
v -0.154632 1.237842 -0.657423
v -0.219017 1.227180 -0.658854
v -0.064692 0.915084 -0.990290
v -0.121836 0.916075 -0.990524
v -0.164623 0.919451 -0.991805
v -0.200670 1.233553 -0.739486
v -0.146511 1.238711 -0.734438
v -0.077170 1.240724 -0.732430
v -0.192283 0.888945 -0.957420
v -0.136626 0.883823 -0.959087
v -0.070844 0.881937 -0.959701
v -0.259789 1.171318 -0.913035
v -0.271916 1.129422 -0.913279
v -0.274942 1.077137 -0.918466
v -0.069293 0.853025 -0.930496
v -0.132113 0.853888 -0.928970
v -0.182268 0.856092 -0.925045
v -0.256540 0.828404 -0.855324
v -0.271397 0.827444 -0.819768
v -0.278606 0.823263 -0.771351
v -0.286242 1.015449 -0.879661
v -0.296481 1.008190 -0.825123
v -0.305407 1.000776 -0.762942
v -0.187056 0.827053 -0.893575
v -0.131797 0.826721 -0.900990
v -0.068026 0.826598 -0.903722
v -0.072070 1.238100 -0.838073
v -0.137514 1.236135 -0.836958
v -0.189929 1.231102 -0.834171
v -0.158034 1.138159 -1.047150
v -0.145383 1.105457 -1.054825
v -0.134925 1.072301 -1.059773
v -0.050684 1.187072 -1.036951
v -0.098270 1.185304 -1.036819
v -0.139660 1.179039 -1.036593
v -0.105984 1.045180 -1.062591
v -0.078172 1.042819 -1.062975
v -0.044943 1.034269 -1.063958
v -0.000000 1.066985 -1.060419
v -0.000000 1.113433 -1.054048
v 0.000000 1.154577 -1.046391
v -0.202865 1.045653 -1.038241
v -0.191388 1.030344 -1.044987
v -0.179037 1.021314 -1.050334
v -0.192488 1.143221 -1.035815
v -0.203879 1.114627 -1.035092
v -0.209077 1.084104 -1.033813
v -0.162600 1.024676 -1.057646
v -0.153623 1.032869 -1.060946
v -0.142914 1.039306 -1.062253
v -0.000000 0.767196 -0.823915
v -0.000000 0.778336 -0.841461
v -0.000000 0.788713 -0.857323
v -0.222639 1.053214 -1.019420
v -0.239102 1.043055 -0.997182
v -0.256930 1.032709 -0.965943
v 0.000000 0.820242 -0.897635
v -0.000000 0.813586 -0.890424
v 0.000000 0.806303 -0.881749
v -0.191471 1.219543 -0.917011
v -0.135254 1.228985 -0.917907
v -0.069909 1.232464 -0.918238
v -0.000000 1.246085 -0.511139
v 0.000000 1.246895 -0.484770
v 0.000000 1.247046 -0.461039
v -0.240564 1.233185 -0.366285
v -0.169927 1.241960 -0.367556
v -0.087829 1.245193 -0.368025
v -0.230676 1.338672 -0.144586
v -0.167742 1.345250 -0.144005
v -0.088142 1.347834 -0.143760
v -0.000000 1.405552 0.006858
v -0.000000 1.395180 -0.010670
v 0.000000 1.385477 -0.030153
v 0.000000 1.369831 -0.072167
v 0.000000 1.363357 -0.094432
v -0.000000 1.356492 -0.118121
v -0.088321 1.376528 -0.051153
v -0.168073 1.373604 -0.053378
v -0.231109 1.366073 -0.059076
v -0.294932 1.233392 -0.316912
v -0.291519 1.255373 -0.276682
v -0.281089 1.274767 -0.253369
v -0.281208 1.317936 -0.161499
v -0.287512 1.303200 -0.187154
v -0.280792 1.293075 -0.218075
v -0.281684 1.343883 -0.084743
v -0.288030 1.331998 -0.108730
v -0.281407 1.329016 -0.130306
v -0.282153 1.372081 -0.025592
v -0.288460 1.356226 -0.047086
v -0.281849 1.353137 -0.060207
v -0.297852 1.364852 0.070424
v -0.293760 1.374120 0.010690
v -0.282953 1.383024 -0.007758
v -0.087847 1.296012 -0.261178
v -0.167209 1.294768 -0.258477
v -0.230008 1.291589 -0.251563
v -0.088537 1.415600 0.021095
v -0.168466 1.411806 0.016993
v -0.231599 1.401821 0.006511
v -0.000000 1.231503 -0.935091
v -0.000000 1.230056 -0.951484
v -0.000000 1.228595 -0.967473
v 0.000000 1.234439 -0.900921
v -0.000000 1.235883 -0.882328
v -0.000000 1.237221 -0.861700
v -0.000000 1.239310 -0.811624
v 0.000000 1.240031 -0.783593
v -0.000000 1.240585 -0.756359
v 0.000000 1.241965 -0.677429
v -0.000000 1.241655 -0.695017
v 0.000000 1.241353 -0.712337
v 0.000000 0.832881 -0.910479
v 0.000000 0.839290 -0.916957
v 0.000000 0.845924 -0.923663
v -0.259699 0.790171 -0.716005
v -0.234955 0.770174 -0.721448
v -0.210899 0.756989 -0.730211
v -0.000000 0.874985 -0.953035
v 0.000000 0.867736 -0.945708
v -0.000000 0.860260 -0.938152
v -0.270440 0.977026 -0.934745
v -0.265380 0.940919 -0.942351
v -0.255165 0.915488 -0.949012
v -0.171132 1.006649 -1.049143
v -0.169127 0.994737 -1.044503
v -0.157732 0.986439 -1.043389
v -0.226686 1.200791 -0.940516
v -0.216575 1.203650 -0.960962
v -0.203120 1.209300 -0.975579
v -0.184886 1.184345 -1.022228
v -0.193569 1.197304 -1.007178
v -0.194474 1.207621 -0.993644
v -0.000000 1.244009 -0.421877
v -0.000000 1.242097 -0.404922
v 0.000000 1.242077 -0.387560
v -0.291448 1.209757 -0.404694
v -0.285536 1.212890 -0.433656
v -0.274226 1.221438 -0.448618
v -0.268218 1.223477 -0.520364
v -0.276466 1.219935 -0.496142
v -0.272100 1.223619 -0.471998
v -0.272093 1.207867 -0.621416
v -0.272447 1.213273 -0.583672
v -0.265367 1.221834 -0.555322
v -0.263334 1.208641 -0.696714
v -0.256605 1.213993 -0.722646
v -0.245344 1.221227 -0.737905
v -0.234963 1.220039 -0.813366
v -0.243674 1.217408 -0.788819
v -0.241397 1.221352 -0.763758
v -0.238879 1.204371 -0.887350
v -0.238919 1.210356 -0.861685
v -0.232026 1.218319 -0.842608
v -0.000000 0.887740 -0.965877
v -0.000000 0.894365 -0.972223
v 0.000000 0.903005 -0.980006
v 0.000000 0.719488 -0.735902
v 0.000000 0.731490 -0.763518
v -0.000000 0.743576 -0.785761
v -0.000000 0.977866 -1.041966
v -0.000000 0.952880 -1.021599
v -0.000000 0.931834 -1.004323
v -0.000000 1.091623 1.115628
v -0.000000 1.107438 1.084262
v -0.000000 1.124174 1.053300
v -0.131488 0.989671 -1.056824
v -0.138864 0.986817 -1.053364
v -0.137184 0.985405 -1.050808
v -0.033524 1.004953 -1.066088
v -0.065234 1.001011 -1.064719
v -0.093316 0.997116 -1.062852
v -0.038172 1.001473 -1.061180
v -0.073630 0.994724 -1.055853
v -0.103660 0.989370 -1.051927
v -0.156511 0.969954 -1.031336
v -0.177598 0.952676 -1.015241
v -0.187752 0.935859 -1.002046
v -0.226206 0.908929 -0.969481
v -0.216228 0.916417 -0.981357
v -0.202402 0.921054 -0.989109
v 0.000000 1.156612 0.991233
v -0.000000 1.172027 0.960093
v 0.000000 1.187789 0.929286
v -0.139801 0.759962 -0.805431
v -0.100590 0.757144 -0.804985
v -0.052557 0.755814 -0.805106
v -0.236130 0.887421 -0.937528
v -0.234049 0.875832 -0.924870
v -0.224746 0.865680 -0.920247
v -0.232824 0.840736 -0.888610
v -0.231383 0.851412 -0.899620
v -0.223454 0.856876 -0.911277
v -0.223657 0.815854 -0.871440
v -0.214704 0.806370 -0.865818
v -0.202117 0.799600 -0.862189
v -0.178770 0.770582 -0.817092
v -0.190965 0.780333 -0.832382
v -0.193619 0.789311 -0.848242
v -0.187272 0.752122 -0.756978
v -0.179835 0.755458 -0.778225
v -0.171980 0.759541 -0.795225
v 0.000000 0.606440 1.200237
v 0.000000 0.603501 1.126996
v 0.000000 0.601074 1.049425
v -0.055872 0.633980 1.958795
v -0.109243 0.636852 1.950526
v -0.157609 0.645028 1.928127
v -0.116993 0.658566 2.261896
v -0.083922 0.647386 2.274012
v -0.043774 0.643024 2.278614
v -0.282901 0.974442 1.372751
v -0.293311 0.926469 1.364398
v -0.299525 0.857036 1.317641
v -0.057871 0.601681 0.610045
v -0.109763 0.602343 0.602698
v -0.150109 0.604041 0.584092
v -0.134034 0.616603 0.145387
v -0.144163 0.623257 0.104495
v -0.146273 0.632235 0.034756
v -0.337358 0.909586 0.435085
v -0.330757 0.871709 0.720305
v -0.319880 0.827151 0.997046
v -0.038899 0.616277 0.002017
v -0.066421 0.613765 0.044917
v -0.091644 0.612449 0.096760
v -0.000000 1.223159 0.869781
v 0.000000 1.243393 0.840382
v 0.000000 1.265227 0.809916
v -0.013130 0.820800 2.894048
v -0.024585 0.820479 2.893312
v -0.032686 0.819609 2.891313
v -0.061680 0.948367 2.045575
v -0.063218 0.941511 2.044152
v -0.067176 0.939337 2.041109
v -0.000000 1.030638 1.357281
v -0.000000 1.027526 1.376578
v -0.000000 1.023642 1.402913
v -0.200862 0.608695 0.903473
v -0.142417 0.602219 0.949838
v -0.073761 0.599833 0.966920
v 0.000000 0.636000 2.046653
v -0.000000 0.638116 2.122891
v 0.000000 0.640185 2.197497
v 0.000000 0.651852 2.582476
v -0.000000 0.648048 2.477854
v 0.000000 0.644960 2.374303
v -0.230524 0.686905 1.810122
v -0.257276 0.717220 1.684697
v -0.282192 0.748111 1.493896
v -0.000000 0.612586 1.327923
v -0.000000 0.615539 1.387900
v -0.000000 0.618495 1.454613
v -0.231050 1.362358 0.574541
v -0.168466 1.378019 0.562144
v -0.088656 1.384045 0.557491
v -0.000000 0.608967 0.117545
v -0.000000 0.611130 0.064236
v -0.000000 0.614189 0.019062
v -0.296364 1.341695 0.325198
v -0.291484 1.334314 0.464236
v -0.280986 1.337084 0.550845
v -0.000000 1.001567 1.574244
v -0.000000 1.006358 1.535709
v -0.000000 1.012466 1.487280
v -0.000000 1.439071 0.087821
v -0.000000 1.434295 0.053636
v -0.000000 1.426125 0.034708
v -0.229666 1.198211 0.894763
v -0.167355 1.202665 0.897802
v -0.088040 1.204388 0.898979
v 0.000000 1.035939 1.326826
v -0.000000 1.038758 1.310943
v 0.000000 1.042062 1.292645
v -0.215186 1.020785 1.349471
v -0.153267 1.029612 1.344001
v -0.079576 1.032864 1.341985
v -0.072015 1.017698 1.444170
v -0.135974 1.012774 1.462809
v -0.184134 1.001251 1.501583
v -0.087454 1.140739 1.021787
v -0.166242 1.140254 1.017678
v -0.228158 1.139030 1.007147
v 0.000000 1.051270 1.243694
v 0.000000 1.057933 1.213228
v 0.000000 1.066600 1.180722
v -0.246546 0.982356 1.466297
v -0.233142 0.973637 1.540564
v -0.221165 0.978560 1.557128
v -0.198327 0.950686 1.773543
v -0.206462 0.955452 1.703937
v -0.210954 0.971104 1.617092
v -0.174285 0.904626 2.112514
v -0.184764 0.914479 2.009949
v -0.190065 0.933735 1.900363
v -0.150214 0.870618 2.355867
v -0.162200 0.877053 2.279403
v -0.165921 0.889647 2.220129
v -0.124441 0.832928 2.554866
v -0.136456 0.847914 2.461895
v -0.139506 0.860460 2.424282
v -0.280189 1.313051 0.656618
v -0.286047 1.281823 0.726739
v -0.279770 1.266784 0.768606
v -0.279028 1.198268 0.870133
v -0.285314 1.212979 0.840872
v -0.279466 1.238945 0.810052
v -0.277787 1.145821 0.964639
v -0.284509 1.159543 0.930124
v -0.278778 1.177476 0.905055
v -0.272831 1.097147 1.062200
v -0.281238 1.112112 1.021948
v -0.276589 1.126892 1.000952
v -0.264125 1.066811 1.158341
v -0.273188 1.076107 1.115949
v -0.269435 1.082597 1.100081
v -0.268532 1.031471 1.261204
v -0.270164 1.053606 1.198926
v -0.262089 1.060364 1.188315
v 0.000000 0.803256 2.853758
v 0.000000 0.803256 2.853758
v 0.000000 0.803256 2.853758
v -0.065503 0.839698 2.744160
v -0.077505 0.837243 2.737485
v -0.092620 0.830935 2.714386
v -0.106699 0.975685 1.770770
v -0.137716 0.971738 1.779997
v -0.168588 0.962733 1.797632
v -0.084883 1.077935 1.146786
v -0.161544 1.079214 1.139912
v -0.222184 1.082434 1.122263
v -0.100885 0.910255 2.244261
v -0.123802 0.910475 2.224653
v -0.147063 0.907052 2.202857
v -0.080846 1.046394 1.269075
v -0.154355 1.048249 1.258891
v -0.213445 1.052986 1.232877
v -0.230366 1.274868 0.782226
v -0.167910 1.284341 0.778835
v -0.088346 1.288024 0.777537
v -0.000000 1.362272 0.636218
v -0.000000 1.338015 0.695712
v 0.000000 1.313102 0.740893
v -0.000000 1.432735 0.235373
v -0.000000 1.421034 0.343234
v 0.000000 1.404760 0.455339
v -0.000000 0.630897 1.857251
v -0.000000 0.627864 1.745463
v -0.000000 0.624693 1.634799
v -0.284189 0.692765 0.277040
v -0.279995 0.666129 0.484331
v -0.268711 0.641226 0.669588
v -0.123215 0.797511 2.611493
v -0.129301 0.767409 2.572910
v -0.122211 0.729758 2.585349
v -0.000000 0.598984 0.887859
v 0.000000 0.599361 0.802869
v 0.000000 0.600326 0.711558
v -0.305806 0.724442 1.212513
v -0.302085 0.680903 1.196218
v -0.288153 0.650210 1.210090
v -0.093815 0.609225 0.179747
v -0.066083 0.607744 0.186879
v -0.034166 0.607261 0.188437
v 0.000000 0.602902 0.500629
v -0.000000 0.604257 0.387246
v -0.000000 0.605687 0.280011
v -0.209618 0.645852 1.779191
v -0.216434 0.634611 1.680198
v -0.216025 0.627253 1.596942
v -0.253255 0.626828 1.336413
v -0.242682 0.624572 1.420949
v -0.226664 0.623513 1.492244
v -0.261760 0.633100 1.118551
v -0.260484 0.633334 1.001704
v -0.254553 0.628487 0.901207
v -0.229173 0.615107 0.731268
v -0.211066 0.610547 0.659022
v -0.191058 0.607635 0.600826
v -0.141842 0.612138 0.259951
v -0.162090 0.611334 0.369097
v -0.172370 0.608781 0.479761
v -0.211864 0.617893 1.253946
v -0.149569 0.611864 1.263333
v -0.077282 0.609784 1.266809
v -0.083613 0.672496 2.654541
v -0.058200 0.661257 2.672761
v -0.029871 0.657148 2.679750
v -0.122597 0.699602 2.488829
v -0.136770 0.698549 2.364222
v -0.140949 0.686230 2.284887
v -0.185894 0.679076 1.988157
v -0.171151 0.688885 2.087747
v -0.153640 0.683136 2.179665
v -2.953620 1.439720 0.579205
v -2.967960 1.446913 0.591168
v -2.950890 1.453966 0.580955
v -2.944988 1.471397 0.488418
v -2.954953 1.485543 0.386756
v -2.935142 1.495785 0.286228
v -2.931805 1.500907 0.192180
v -2.947596 1.496728 0.178974
v -2.934527 1.486708 0.190437
v -2.940428 1.469278 0.282974
v -2.960603 1.458098 0.383386
v -2.950283 1.444842 0.485157
v -0.652394 1.484593 0.146511
v -0.443906 1.488690 0.142846
v -0.224646 1.493802 0.139090
v 0.000000 1.497039 0.045185
v 0.000000 1.484673 0.013730
v 0.000000 1.465065 0.041260
v -2.490140 1.438665 0.157335
v -2.673463 1.453815 0.167117
v -2.818967 1.467443 0.188632
v 0.000000 1.490141 0.278846
v 0.000000 1.471758 0.451221
v 0.000000 1.447893 0.622924
v 0.000000 1.398059 0.851312
v 0.000000 1.378451 0.878842
v 0.000000 1.366085 0.847387
v 0.000000 1.372983 0.613726
v 0.000000 1.391366 0.441351
v 0.000000 1.415230 0.269648
v -2.505473 1.427887 0.652545
v -2.688412 1.439139 0.626428
v -2.832654 1.450585 0.592492
v -0.659745 1.361226 0.755830
v -0.448902 1.361889 0.756279
v -0.227173 1.362747 0.756770
v -2.077769 1.477888 0.161299
v -1.876890 1.478295 0.161300
v -1.684224 1.480080 0.161102
v -1.017858 1.435268 0.147720
v -1.179236 1.434551 0.150545
v -1.338333 1.433076 0.152692
v -1.029647 1.406893 0.760570
v -1.192654 1.407839 0.758836
v -1.352979 1.409242 0.754476
v -2.100557 1.357247 0.688151
v -1.897776 1.355155 0.708167
v -1.703145 1.356413 0.725894
v -1.507542 1.472774 0.293918
v -1.511933 1.455687 0.454370
v -1.516399 1.433767 0.614229
v -1.508550 1.406785 0.285815
v -1.513018 1.384799 0.445666
v -1.517411 1.367647 0.606111
v -1.522637 1.388602 0.826966
v -1.523613 1.371123 0.852686
v -1.523070 1.360342 0.823496
v -1.501883 1.480078 0.076533
v -1.501338 1.469363 0.047351
v -1.502312 1.451950 0.073079
v -1.685835 1.425956 0.154456
v -1.879508 1.422247 0.154419
v -2.081430 1.421646 0.154393
v -1.701525 1.410741 0.732565
v -1.895145 1.411415 0.715075
v -2.096881 1.413701 0.695082
v -2.813789 1.498737 0.192474
v -2.667974 1.493718 0.172016
v -2.484883 1.486563 0.163216
v -2.837848 1.419185 0.588637
v -2.693923 1.399091 0.621511
v -2.510751 1.379811 0.646642
v -2.280892 1.476890 0.087890
v -2.281213 1.465095 0.062059
v -2.283401 1.447528 0.084285
v -2.292409 1.405157 0.270085
v -2.298078 1.385763 0.409940
v -2.303316 1.371414 0.550414
v -2.286522 1.474040 0.278543
v -2.291753 1.459759 0.419026
v -2.297415 1.440434 0.558889
v -2.306422 1.398063 0.744689
v -2.308618 1.380427 0.766907
v -2.308945 1.368564 0.741067
v -1.338080 1.482010 0.158701
v -1.179266 1.481544 0.156315
v -1.017995 1.481235 0.153364
v -1.353235 1.360131 0.748446
v -1.192626 1.360688 0.753046
v -1.029512 1.360788 0.754909
v -0.224597 1.439393 0.132410
v -0.443813 1.437943 0.136615
v -0.652266 1.436718 0.140633
v -0.227221 1.417186 0.763454
v -0.448994 1.412696 0.762517
v -0.659872 1.409190 0.761720
v -0.855734 1.386139 0.845778
v -0.856148 1.369962 0.872867
v -0.855654 1.360808 0.842668
v -0.846937 1.471558 0.289289
v -0.849591 1.453261 0.456651
v -0.852232 1.430629 0.623480
v -0.846748 1.412343 0.282018
v -0.849389 1.389670 0.448843
v -0.852044 1.371334 0.616200
v -0.843327 1.482085 0.062821
v -0.842833 1.472970 0.032626
v -0.843246 1.456832 0.059721
v -0.084198 0.695134 2.845762
v -0.086231 0.692523 2.802233
v -0.092935 0.692236 2.729620
v -0.045373 0.797662 2.994442
v -0.052471 0.791982 2.987446
v -0.059670 0.785094 2.984960
v -0.064789 0.765435 2.986223
v -0.064351 0.746098 2.981119
v -0.063537 0.725887 2.966672
v -0.054506 0.707054 2.949018
v -0.040561 0.703444 2.946442
v -0.021635 0.701486 2.944919
v -0.000000 0.769915 3.019030
v 0.000000 0.748623 3.003886
v -0.000000 0.724077 2.979536
v -0.033880 1.387543 3.263236
v -0.024738 1.404075 3.280158
v -0.013030 1.410845 3.287035
v -0.083942 0.792119 2.887406
v -0.088034 0.798451 2.842013
v -0.096289 0.806899 2.769632
v -0.000000 0.683329 2.897835
v -0.000000 0.671011 2.838684
v 0.000000 0.662550 2.766446
v -0.790563 0.757703 2.789472
v -0.808976 0.764015 2.800434
v -0.790563 0.772217 2.790675
v -0.790563 0.784115 2.722332
v -0.808976 0.790323 2.649547
v -0.790563 0.795556 2.573685
v -0.790563 0.794382 2.504258
v -0.808976 0.787655 2.496260
v -0.790563 0.779868 2.503055
v -0.790563 0.767970 2.571400
v -0.808976 0.761347 2.647146
v -0.790563 0.756529 2.720045
v -0.647727 0.803654 2.490805
v -0.470804 0.809709 2.458983
v -0.247327 0.815291 2.431509
v 0.000000 0.812999 2.355831
v 0.000000 0.801032 2.338028
v 0.000000 0.786873 2.353666
v -0.247327 0.773125 2.428016
v -0.470804 0.773420 2.455976
v -0.647727 0.773604 2.488315
v 0.000000 0.822052 2.489671
v 0.000000 0.818566 2.597254
v 0.000000 0.811745 2.721372
v 0.000000 0.785341 2.852273
v 0.000000 0.767426 2.850789
v 0.000000 0.749510 2.849304
v 0.000000 0.740457 2.715465
v 0.000000 0.749891 2.591563
v 0.000000 0.760469 2.484567
v -0.247327 0.793057 2.805542
v -0.470804 0.786387 2.793817
v -0.647727 0.781767 2.783371
v -0.647727 0.751468 2.780861
v -0.470804 0.748107 2.790645
v -0.247327 0.743675 2.801450
v 0.000000 0.803498 3.024476
v -0.000000 0.801312 3.031894
v 0.000000 0.796049 3.032381
v 0.000000 0.731781 2.847835
v 0.000000 0.733088 2.847944
v 0.000000 0.736634 2.848238
v -0.012099 0.786675 3.027592
v -0.023082 0.789471 3.025407
v -0.032127 0.794985 3.018430
v -0.044259 0.914058 2.625092
v -0.045195 0.877045 2.602305
v -0.047530 0.863210 2.595263
v -0.121470 0.872082 2.452508
v -0.101263 0.875260 2.476435
v -0.082320 0.877272 2.480523
v -0.057707 0.880323 2.470720
v -0.052793 0.888884 2.471312
v -0.050939 0.911284 2.478591
v -0.079799 0.899803 2.322003
v -0.076270 0.892017 2.378108
v -0.071972 0.884943 2.428880
v 0.000000 0.785527 2.852289
v 0.000000 0.768918 2.850913
v 0.000000 0.754549 2.849722
v -0.040601 1.365260 2.929744
v -0.042964 1.232883 2.833430
v -0.043896 1.098432 2.742806
v -0.030977 0.996979 1.611393
v -0.056670 0.992998 1.642766
v -0.073081 0.986123 1.695929
v -0.050831 1.029086 1.778470
v -0.052520 1.016522 1.781412
v -0.052667 1.001980 1.776266
v -0.056465 0.833640 2.792679
v -0.055323 0.827914 2.837389
v -0.053489 0.823605 2.871778
v -0.045825 0.808328 2.976591
v -0.050058 0.813897 2.944961
v -0.051683 0.818216 2.914846
v -0.083722 0.965667 1.848457
v -0.081578 0.954634 1.928597
v -0.076617 0.945439 1.994780
v -0.083048 0.917784 2.192717
v -0.081249 0.926802 2.128108
v -0.076575 0.934346 2.074134
v -0.062398 0.872521 2.516625
v -0.057630 0.867436 2.551836
v -0.053311 0.863515 2.578720
v -0.056906 0.847002 2.693383
v -0.055651 0.853151 2.649893
v -0.052923 0.857977 2.616472
v 0.000000 1.051049 1.761534
v 0.000000 1.057691 1.777653
v -0.000000 1.062407 1.802341
v -0.000000 1.301170 3.221498
v -0.000000 1.158728 3.127595
v -0.000000 0.995087 3.015438
v -0.009700 0.804512 3.008407
v -0.018658 0.805099 3.007476
v -0.026114 0.806056 3.004051
v -0.046414 1.130213 2.541637
v -0.049163 1.086111 2.536961
v -0.050298 1.020327 2.517758
v -0.012340 1.547445 3.299505
v -0.023508 1.540760 3.295398
v -0.032381 1.523633 3.284813
v -0.059649 0.939609 2.337114
v -0.056833 0.940448 2.390607
v -0.053670 0.944380 2.442746
v -0.014378 0.992146 1.651823
v -0.027905 0.990330 1.673086
v -0.039890 0.988496 1.707058
v -0.049061 0.968422 2.870103
v -0.048944 0.957090 2.903240
v -0.045996 0.920708 2.917867
v -0.033729 0.808557 2.983529
v -0.036645 0.811112 2.957230
v -0.038203 0.814542 2.924129
v -0.058446 0.984699 1.825628
v -0.061146 0.978462 1.897598
v -0.061653 0.970449 1.972937
v -0.062332 0.943902 2.228634
v -0.062197 0.948509 2.172521
v -0.061736 0.954588 2.112425
v -0.047935 0.972385 2.545741
v -0.045901 0.987508 2.593201
v -0.044603 0.990643 2.633728
v -0.046420 0.970600 2.786987
v -0.045181 0.974499 2.746817
v -0.044334 0.979914 2.708054
v -0.000000 0.996168 1.618148
v -0.000000 0.994926 1.628257
v 0.000000 0.994015 1.635680
v -0.053148 0.981785 1.760815
v -0.056762 0.978612 1.762893
v -0.065213 0.977297 1.764563
v -0.047998 0.894741 2.777136
v -0.049000 0.856530 2.751027
v -0.051703 0.842389 2.742233
v -0.070351 0.907592 2.269856
v -0.064248 0.910692 2.275584
v -0.061976 0.920775 2.279227
v -0.032092 0.806622 3.005356
v -0.033633 0.805855 3.009253
v -0.035861 0.804413 3.008319
v -0.000000 1.528180 2.939571
v -0.000000 1.492861 2.897890
v 0.000000 1.453436 2.853656
v -0.032181 1.519980 3.197458
v -0.022654 1.553793 3.219402
v -0.011687 1.566250 3.227488
v 0.000000 1.372545 2.761565
v -0.000000 1.334620 2.716353
v -0.000000 1.299673 2.673880
v -0.000000 1.199203 2.552640
v 0.000000 1.219190 2.575974
v -0.000000 1.241997 2.603361
v -0.010607 1.555648 2.976857
v -0.020227 1.547946 2.970822
v -0.027916 1.528377 2.955433
v -0.000000 1.164000 2.513911
v 0.000000 1.148162 2.495376
v -0.000000 1.133901 2.474611
v -0.000000 1.589466 3.137255
v 0.000000 1.582946 3.170354
v -0.000000 1.575331 3.201545
v -0.000000 1.096421 2.339663
v -0.000000 1.103152 2.381476
v -0.000000 1.111408 2.418341
v -0.010830 1.412036 2.807588
v -0.020636 1.408462 2.805756
v -0.028440 1.399273 2.801069
v 0.000000 1.483556 3.321190
v 0.000000 1.523301 3.327697
v 0.000000 1.541449 3.317382
v 0.000000 0.991478 1.657818
v 0.000000 0.990557 1.675644
v 0.000000 0.991465 1.696285
v -0.015162 1.075280 2.073273
v -0.029376 1.072864 2.072331
v -0.041693 1.066307 2.069775
v -0.011213 1.268605 2.636185
v -0.021347 1.268613 2.638818
v -0.029369 1.268543 2.645451
v -0.015674 1.065684 1.838686
v -0.029801 1.064626 1.840860
v -0.040917 1.061928 1.846159
v -0.041782 1.039295 1.763434
v -0.030461 1.041038 1.754992
v -0.016029 1.041742 1.751678
v -0.000000 1.562112 3.250207
v 0.000000 1.557288 3.267778
v 0.000000 1.552927 3.283644
v -0.000000 1.073164 2.009379
v 0.000000 1.070901 1.945832
v -0.000000 1.068552 1.887315
v -0.012188 1.180661 2.532440
v -0.023638 1.177877 2.533062
v -0.033613 1.170320 2.534750
v -0.041212 1.296484 3.195249
v -0.042270 1.175437 3.113748
v -0.041232 1.016341 3.008673
v -0.057150 1.033445 2.057362
v -0.060242 1.008768 2.050537
v -0.061357 0.983400 2.047169
v -0.069199 0.783673 2.969044
v -0.074304 0.787949 2.947741
v -0.079099 0.788969 2.926260
v -0.013440 1.121308 2.449287
v -0.025659 1.119457 2.447922
v -0.035475 1.114665 2.444552
v 0.000000 1.078531 2.134158
v -0.000000 1.081987 2.191008
v 0.000000 1.086065 2.244124
v -0.042243 1.079548 2.293846
v -0.029833 1.087491 2.293724
v -0.015418 1.090418 2.293679
v -0.047693 1.084973 2.908679
v -0.046753 1.220819 3.001177
v -0.044263 1.350224 3.087019
v -0.061375 0.972077 2.288066
v -0.060269 1.007533 2.292508
v -0.057390 1.039451 2.294155
v -0.067707 0.704413 2.930986
v -0.074097 0.698646 2.905216
v -0.080111 0.697116 2.882518
v -0.039897 0.993504 1.730572
v -0.027908 0.995039 1.720834
v -0.014379 0.995678 1.716447
v 0.000000 1.593592 3.073421
v 0.000000 1.588419 3.043127
v 0.000000 1.576595 3.011807
v 0.000000 1.029891 1.743933
v -0.000000 1.016840 1.737174
v -0.000000 1.004791 1.728431
v -0.051420 1.054059 2.128517
v -0.051860 1.055775 2.187234
v -0.052072 1.059007 2.242054
v -0.036717 1.468448 3.049314
v -0.037544 1.462230 3.085757
v -0.038538 1.456899 3.121119
v -0.084167 0.774259 2.907887
v -0.085696 0.758309 2.903792
v -0.086635 0.746702 2.899122
v -0.086122 0.711495 2.875647
v -0.087184 0.727013 2.885677
v -0.087169 0.738275 2.893667
v -0.050638 1.041501 1.788789
v -0.051539 1.047326 1.810429
v -0.050082 1.053715 1.833569
v -0.051272 1.053939 1.996882
v -0.050998 1.055219 1.933247
v -0.049586 1.057099 1.883044
v -0.040346 1.455999 3.186344
v -0.040425 1.466114 3.217596
v -0.039370 1.485119 3.248529
v -0.040810 1.402909 3.253648
v -0.041284 1.442846 3.262173
v -0.039897 1.478353 3.268106
v -0.010675 1.591613 3.102997
v -0.020702 1.578531 3.092938
v -0.029430 1.543023 3.065638
v -0.050239 1.071477 2.343508
v -0.047836 1.082338 2.386843
v -0.044591 1.096577 2.420195
v -0.042765 1.130661 2.502297
v -0.043463 1.115756 2.474046
v -0.042870 1.109754 2.453522
v -0.039906 1.189129 2.578835
v -0.038254 1.223448 2.615453
v -0.036206 1.250765 2.639886
v -0.034939 1.354429 2.763533
v -0.036019 1.314922 2.721411
v -0.035534 1.285275 2.681394
v -0.034393 1.468935 2.898658
v -0.035413 1.428037 2.852723
v -0.034725 1.401176 2.816976
v -0.036029 1.477936 2.977290
v -0.035566 1.484460 2.951342
v -0.034264 1.495447 2.939841
v 0.000000 0.805924 2.905037
v 0.000000 0.805873 2.947220
v -0.000000 0.805147 2.982149
v -0.013130 0.807608 2.863752
v -0.024585 0.811684 2.873114
v -0.032686 0.815212 2.881214
v 0.069029 0.621225 1.535570
v 0.131375 0.621020 1.536783
v 0.180731 0.621836 1.539638
v 0.089179 1.437865 0.147146
v 0.172472 1.429039 0.150618
v 0.243993 1.403971 0.159907
v 0.108969 0.634841 -0.075258
v 0.075673 0.629487 -0.083363
v 0.042473 0.625432 -0.076115
v 0.045197 0.828890 2.896652
v 0.048790 0.823749 2.893979
v 0.050664 0.821353 2.892956
v 0.333425 0.854057 0.159020
v 0.322659 0.791552 0.141185
v 0.307110 0.748593 0.112358
v 0.330086 1.274108 0.202984
v 0.344339 1.169709 0.216055
v 0.346171 1.052051 0.201595
v 0.255589 0.692029 0.046085
v 0.220453 0.670860 0.013658
v 0.182326 0.654577 -0.021625
v 0.103654 0.677540 -0.428618
v 0.068298 0.671215 -0.428184
v 0.033907 0.668098 -0.428015
v 0.119584 1.000015 -1.061847
v 0.122444 1.009082 -1.063045
v 0.124389 1.022828 -1.063408
v 0.332538 0.910065 -0.397281
v 0.322012 0.856116 -0.405608
v 0.306284 0.813427 -0.412319
v 0.326379 1.186730 -0.360827
v 0.341214 1.136340 -0.362442
v 0.343876 1.060732 -0.372595
v 0.253015 0.748784 -0.424885
v 0.217042 0.723635 -0.429382
v 0.178784 0.703334 -0.430368
v 0.142596 0.654099 -0.147897
v 0.141612 0.665645 -0.243489
v 0.141021 0.677069 -0.338115
v 0.284675 0.767413 -0.325342
v 0.285192 0.754269 -0.217481
v 0.285281 0.738051 -0.085968
v 0.342532 0.982094 -0.290442
v 0.343749 0.981294 -0.173754
v 0.343211 0.966520 -0.023770
v 0.163577 0.796656 -0.864912
v 0.119681 0.797637 -0.869025
v 0.063124 0.798029 -0.870651
v 0.163692 1.220431 -0.983661
v 0.119454 1.225155 -0.983236
v 0.062901 1.226897 -0.983086
v 0.104176 0.712163 -0.683641
v 0.074894 0.710031 -0.693396
v 0.039183 0.708580 -0.697771
v 0.086197 1.245760 -0.440425
v 0.163825 1.243319 -0.442556
v 0.224765 1.237090 -0.447961
v 0.310286 0.936198 -0.705444
v 0.304837 0.887712 -0.712215
v 0.295760 0.848381 -0.714002
v 0.297763 1.172495 -0.666296
v 0.311997 1.123581 -0.673558
v 0.315632 1.060624 -0.683729
v 0.178048 0.742340 -0.723882
v 0.158275 0.732248 -0.705688
v 0.138594 0.722034 -0.687616
v 0.218631 1.236575 -0.539130
v 0.159043 1.242435 -0.539727
v 0.083593 1.244718 -0.539943
v 0.139327 0.697929 -0.514393
v 0.136076 0.705902 -0.586824
v 0.129880 0.711272 -0.640888
v 0.281150 0.807858 -0.651565
v 0.280983 0.798458 -0.582389
v 0.282026 0.788765 -0.504317
v 0.321823 0.990321 -0.623697
v 0.329160 0.986268 -0.549131
v 0.335148 0.980949 -0.470877
v 0.079902 1.241770 -0.656895
v 0.154632 1.237842 -0.657423
v 0.219017 1.227180 -0.658854
v 0.064692 0.915084 -0.990290
v 0.121836 0.916075 -0.990524
v 0.164623 0.919451 -0.991805
v 0.200670 1.233553 -0.739486
v 0.146511 1.238711 -0.734438
v 0.077170 1.240724 -0.732430
v 0.192283 0.888945 -0.957420
v 0.136626 0.883823 -0.959087
v 0.070844 0.881937 -0.959701
v 0.259789 1.171318 -0.913035
v 0.271916 1.129422 -0.913279
v 0.274942 1.077137 -0.918466
v 0.069293 0.853025 -0.930496
v 0.132113 0.853888 -0.928969
v 0.182268 0.856092 -0.925045
v 0.256540 0.828404 -0.855324
v 0.271397 0.827444 -0.819768
v 0.278606 0.823263 -0.771351
v 0.286242 1.015449 -0.879661
v 0.296481 1.008190 -0.825123
v 0.305407 1.000776 -0.762942
v 0.187056 0.827053 -0.893575
v 0.131797 0.826721 -0.900990
v 0.068026 0.826598 -0.903721
v 0.072070 1.238100 -0.838073
v 0.137514 1.236135 -0.836958
v 0.189929 1.231102 -0.834171
v 0.158034 1.138159 -1.047150
v 0.145383 1.105457 -1.054825
v 0.134925 1.072301 -1.059773
v 0.050684 1.187072 -1.036951
v 0.098270 1.185304 -1.036819
v 0.139660 1.179039 -1.036593
v 0.105984 1.045180 -1.062591
v 0.078172 1.042819 -1.062975
v 0.044943 1.034269 -1.063958
v 0.202865 1.045653 -1.038241
v 0.191388 1.030344 -1.044987
v 0.179037 1.021314 -1.050334
v 0.192488 1.143221 -1.035815
v 0.203879 1.114627 -1.035092
v 0.209077 1.084104 -1.033813
v 0.162600 1.024676 -1.057646
v 0.153623 1.032869 -1.060946
v 0.142914 1.039306 -1.062253
v 0.222639 1.053214 -1.019420
v 0.239102 1.043055 -0.997182
v 0.256930 1.032709 -0.965943
v 0.191471 1.219543 -0.917011
v 0.135254 1.228985 -0.917907
v 0.069909 1.232464 -0.918238
v 0.240564 1.233185 -0.366285
v 0.169927 1.241960 -0.367556
v 0.087829 1.245193 -0.368025
v 0.230676 1.338672 -0.144586
v 0.167742 1.345250 -0.144005
v 0.088142 1.347834 -0.143760
v 0.088321 1.376528 -0.051153
v 0.168073 1.373604 -0.053378
v 0.231109 1.366073 -0.059076
v 0.294932 1.233392 -0.316912
v 0.291519 1.255373 -0.276682
v 0.281089 1.274767 -0.253369
v 0.281207 1.317936 -0.161499
v 0.287512 1.303200 -0.187154
v 0.280792 1.293075 -0.218075
v 0.281684 1.343883 -0.084743
v 0.288030 1.331998 -0.108730
v 0.281407 1.329016 -0.130306
v 0.282153 1.372081 -0.025592
v 0.288460 1.356226 -0.047086
v 0.281849 1.353137 -0.060207
v 0.297852 1.364852 0.070424
v 0.293760 1.374120 0.010690
v 0.282953 1.383024 -0.007758
v 0.087847 1.296012 -0.261178
v 0.167209 1.294768 -0.258477
v 0.230008 1.291589 -0.251563
v 0.088537 1.415600 0.021095
v 0.168466 1.411806 0.016993
v 0.231599 1.401821 0.006511
v 0.259699 0.790171 -0.716005
v 0.234955 0.770174 -0.721448
v 0.210899 0.756989 -0.730211
v 0.270440 0.977026 -0.934745
v 0.265380 0.940919 -0.942351
v 0.255165 0.915488 -0.949012
v 0.171132 1.006649 -1.049143
v 0.169127 0.994737 -1.044503
v 0.157732 0.986439 -1.043389
v 0.226686 1.200791 -0.940516
v 0.216575 1.203650 -0.960962
v 0.203120 1.209300 -0.975579
v 0.184886 1.184345 -1.022228
v 0.193569 1.197304 -1.007178
v 0.194474 1.207621 -0.993644
v 0.291448 1.209757 -0.404694
v 0.285536 1.212890 -0.433656
v 0.274226 1.221438 -0.448618
v 0.268218 1.223477 -0.520364
v 0.276466 1.219935 -0.496142
v 0.272100 1.223619 -0.471998
v 0.272093 1.207867 -0.621416
v 0.272447 1.213273 -0.583672
v 0.265367 1.221834 -0.555322
v 0.263334 1.208641 -0.696713
v 0.256605 1.213993 -0.722646
v 0.245344 1.221227 -0.737905
v 0.234963 1.220039 -0.813366
v 0.243674 1.217408 -0.788819
v 0.241397 1.221352 -0.763758
v 0.238879 1.204371 -0.887350
v 0.238919 1.210356 -0.861685
v 0.232026 1.218319 -0.842608
v 0.131488 0.989671 -1.056824
v 0.138864 0.986817 -1.053364
v 0.137184 0.985405 -1.050808
v 0.033524 1.004953 -1.066088
v 0.065234 1.001011 -1.064719
v 0.093316 0.997116 -1.062852
v 0.038172 1.001473 -1.061180
v 0.073630 0.994724 -1.055853
v 0.103660 0.989370 -1.051927
v 0.156511 0.969954 -1.031336
v 0.177598 0.952676 -1.015242
v 0.187752 0.935859 -1.002046
v 0.226206 0.908929 -0.969481
v 0.216228 0.916417 -0.981357
v 0.202402 0.921054 -0.989109
v 0.139801 0.759962 -0.805431
v 0.100590 0.757144 -0.804986
v 0.052557 0.755814 -0.805107
v 0.236130 0.887421 -0.937528
v 0.234049 0.875832 -0.924870
v 0.224746 0.865680 -0.920247
v 0.232824 0.840736 -0.888610
v 0.231383 0.851412 -0.899620
v 0.223454 0.856876 -0.911277
v 0.223657 0.815854 -0.871440
v 0.214704 0.806370 -0.865818
v 0.202117 0.799600 -0.862189
v 0.178770 0.770582 -0.817092
v 0.190965 0.780333 -0.832382
v 0.193619 0.789311 -0.848242
v 0.187272 0.752122 -0.756978
v 0.179835 0.755458 -0.778225
v 0.171980 0.759541 -0.795225
v 0.055872 0.633980 1.958795
v 0.109243 0.636852 1.950525
v 0.157609 0.645028 1.928127
v 0.116993 0.658566 2.261896
v 0.083922 0.647386 2.274012
v 0.043774 0.643024 2.278614
v 0.282901 0.974442 1.372751
v 0.293311 0.926469 1.364398
v 0.299526 0.857036 1.317641
v 0.057871 0.601681 0.610045
v 0.109763 0.602343 0.602698
v 0.150109 0.604041 0.584091
v 0.134034 0.616603 0.145387
v 0.144163 0.623257 0.104495
v 0.146273 0.632235 0.034756
v 0.337358 0.909586 0.435085
v 0.330757 0.871709 0.720305
v 0.319880 0.827151 0.997046
v 0.038899 0.616277 0.002017
v 0.066421 0.613765 0.044917
v 0.091644 0.612449 0.096760
v 0.013130 0.820800 2.894048
v 0.024585 0.820479 2.893312
v 0.032686 0.819609 2.891313
v 0.061680 0.948367 2.045575
v 0.063218 0.941511 2.044152
v 0.067176 0.939337 2.041109
v 0.200862 0.608695 0.903473
v 0.142417 0.602219 0.949838
v 0.073761 0.599833 0.966920
v 0.230524 0.686905 1.810123
v 0.257276 0.717220 1.684697
v 0.282192 0.748111 1.493896
v 0.231050 1.362358 0.574541
v 0.168466 1.378019 0.562144
v 0.088656 1.384045 0.557491
v 0.296364 1.341695 0.325198
v 0.291483 1.334314 0.464236
v 0.280986 1.337084 0.550845
v 0.229666 1.198211 0.894763
v 0.167355 1.202665 0.897802
v 0.088040 1.204388 0.898979
v 0.215186 1.020785 1.349471
v 0.153267 1.029612 1.344001
v 0.079576 1.032864 1.341985
v 0.072015 1.017698 1.444170
v 0.135974 1.012774 1.462809
v 0.184134 1.001251 1.501583
v 0.087454 1.140739 1.021787
v 0.166242 1.140254 1.017678
v 0.228158 1.139030 1.007147
v 0.246546 0.982356 1.466297
v 0.233143 0.973637 1.540564
v 0.221165 0.978560 1.557128
v 0.198327 0.950686 1.773543
v 0.206462 0.955452 1.703936
v 0.210954 0.971104 1.617092
v 0.174285 0.904626 2.112515
v 0.184764 0.914479 2.009949
v 0.190065 0.933735 1.900363
v 0.150214 0.870618 2.355867
v 0.162200 0.877053 2.279403
v 0.165921 0.889647 2.220129
v 0.124441 0.832928 2.554866
v 0.136456 0.847914 2.461895
v 0.139506 0.860460 2.424282
v 0.280189 1.313051 0.656618
v 0.286047 1.281823 0.726739
v 0.279770 1.266784 0.768606
v 0.279028 1.198268 0.870133
v 0.285314 1.212979 0.840872
v 0.279466 1.238945 0.810052
v 0.277787 1.145821 0.964639
v 0.284509 1.159543 0.930124
v 0.278778 1.177476 0.905055
v 0.272831 1.097147 1.062200
v 0.281238 1.112112 1.021948
v 0.276589 1.126892 1.000952
v 0.264125 1.066811 1.158341
v 0.273189 1.076107 1.115949
v 0.269435 1.082597 1.100081
v 0.268532 1.031471 1.261204
v 0.270164 1.053606 1.198926
v 0.262089 1.060364 1.188315
v 0.065503 0.839698 2.744160
v 0.077505 0.837243 2.737485
v 0.092620 0.830935 2.714386
v 0.106699 0.975685 1.770769
v 0.137716 0.971738 1.779997
v 0.168588 0.962733 1.797632
v 0.084883 1.077935 1.146786
v 0.161544 1.079214 1.139912
v 0.222184 1.082434 1.122263
v 0.100885 0.910255 2.244261
v 0.123802 0.910475 2.224653
v 0.147063 0.907052 2.202857
v 0.080846 1.046394 1.269076
v 0.154355 1.048249 1.258891
v 0.213445 1.052986 1.232877
v 0.230366 1.274868 0.782226
v 0.167910 1.284341 0.778835
v 0.088346 1.288024 0.777537
v 0.284189 0.692765 0.277040
v 0.279995 0.666129 0.484331
v 0.268711 0.641226 0.669588
v 0.123215 0.797511 2.611493
v 0.129301 0.767409 2.572910
v 0.122211 0.729758 2.585349
v 0.305806 0.724442 1.212513
v 0.302085 0.680903 1.196218
v 0.288153 0.650210 1.210090
v 0.093815 0.609225 0.179747
v 0.066083 0.607744 0.186879
v 0.034166 0.607261 0.188437
v 0.209618 0.645852 1.779191
v 0.216434 0.634611 1.680198
v 0.216025 0.627253 1.596943
v 0.253255 0.626828 1.336413
v 0.242682 0.624573 1.420949
v 0.226664 0.623513 1.492244
v 0.261760 0.633100 1.118551
v 0.260484 0.633334 1.001704
v 0.254553 0.628487 0.901207
v 0.229173 0.615107 0.731268
v 0.211066 0.610547 0.659022
v 0.191058 0.607635 0.600826
v 0.141842 0.612138 0.259951
v 0.162090 0.611334 0.369097
v 0.172370 0.608781 0.479761
v 0.211864 0.617893 1.253946
v 0.149569 0.611864 1.263333
v 0.077282 0.609784 1.266809
v 0.083613 0.672496 2.654541
v 0.058200 0.661257 2.672761
v 0.029871 0.657148 2.679750
v 0.122597 0.699602 2.488829
v 0.136770 0.698549 2.364222
v 0.140949 0.686230 2.284887
v 0.185894 0.679076 1.988157
v 0.171151 0.688885 2.087748
v 0.153640 0.683136 2.179665
v 2.953620 1.439720 0.579205
v 2.967960 1.446913 0.591168
v 2.950890 1.453966 0.580955
v 2.944988 1.471397 0.488418
v 2.954953 1.485543 0.386756
v 2.935142 1.495785 0.286228
v 2.931805 1.500907 0.192180
v 2.947595 1.496728 0.178974
v 2.934527 1.486708 0.190437
v 2.940428 1.469278 0.282974
v 2.960603 1.458098 0.383386
v 2.950283 1.444842 0.485157
v 0.652394 1.484593 0.146511
v 0.443906 1.488690 0.142846
v 0.224646 1.493802 0.139090
v 2.490140 1.438665 0.157335
v 2.673463 1.453815 0.167117
v 2.818967 1.467443 0.188632
v 2.505473 1.427886 0.652545
v 2.688412 1.439139 0.626428
v 2.832654 1.450585 0.592492
v 0.659745 1.361226 0.755830
v 0.448902 1.361889 0.756279
v 0.227173 1.362747 0.756770
v 2.077769 1.477888 0.161299
v 1.876890 1.478295 0.161301
v 1.684224 1.480080 0.161102
v 1.017858 1.435268 0.147720
v 1.179236 1.434551 0.150545
v 1.338333 1.433076 0.152692
v 1.029647 1.406893 0.760570
v 1.192653 1.407839 0.758836
v 1.352979 1.409242 0.754476
v 2.100558 1.357247 0.688151
v 1.897776 1.355155 0.708167
v 1.703145 1.356413 0.725894
v 1.507541 1.472774 0.293918
v 1.511933 1.455687 0.454370
v 1.516399 1.433767 0.614229
v 1.508550 1.406785 0.285815
v 1.513018 1.384799 0.445666
v 1.517411 1.367647 0.606111
v 1.522637 1.388602 0.826966
v 1.523613 1.371123 0.852686
v 1.523070 1.360342 0.823496
v 1.501883 1.480078 0.076533
v 1.501338 1.469363 0.047351
v 1.502312 1.451950 0.073079
v 1.685835 1.425956 0.154456
v 1.879508 1.422247 0.154419
v 2.081430 1.421646 0.154393
v 1.701525 1.410741 0.732565
v 1.895145 1.411415 0.715075
v 2.096881 1.413701 0.695082
v 2.813789 1.498737 0.192474
v 2.667974 1.493718 0.172016
v 2.484884 1.486563 0.163216
v 2.837848 1.419185 0.588637
v 2.693923 1.399091 0.621511
v 2.510751 1.379811 0.646642
v 2.280893 1.476890 0.087890
v 2.281213 1.465095 0.062059
v 2.283401 1.447528 0.084285
v 2.292409 1.405157 0.270085
v 2.298078 1.385763 0.409940
v 2.303316 1.371414 0.550414
v 2.286522 1.474040 0.278543
v 2.291753 1.459759 0.419026
v 2.297415 1.440434 0.558889
v 2.306423 1.398063 0.744689
v 2.308618 1.380427 0.766907
v 2.308945 1.368564 0.741067
v 1.338080 1.482010 0.158701
v 1.179266 1.481544 0.156315
v 1.017994 1.481235 0.153364
v 1.353235 1.360131 0.748446
v 1.192626 1.360688 0.753046
v 1.029512 1.360788 0.754909
v 0.224597 1.439393 0.132410
v 0.443813 1.437943 0.136615
v 0.652266 1.436718 0.140633
v 0.227221 1.417186 0.763454
v 0.448994 1.412696 0.762517
v 0.659872 1.409190 0.761720
v 0.855734 1.386139 0.845778
v 0.856148 1.369962 0.872868
v 0.855654 1.360808 0.842668
v 0.846937 1.471558 0.289289
v 0.849591 1.453261 0.456651
v 0.852232 1.430629 0.623480
v 0.846748 1.412343 0.282018
v 0.849389 1.389671 0.448843
v 0.852044 1.371334 0.616200
v 0.843327 1.482085 0.062821
v 0.842833 1.472970 0.032626
v 0.843246 1.456832 0.059721
v 0.084198 0.695134 2.845762
v 0.086231 0.692523 2.802233
v 0.092935 0.692236 2.729620
v 0.045373 0.797661 2.994442
v 0.052471 0.791982 2.987446
v 0.059670 0.785093 2.984960
v 0.064789 0.765434 2.986223
v 0.064351 0.746098 2.981119
v 0.063537 0.725887 2.966672
v 0.054506 0.707054 2.949018
v 0.040561 0.703444 2.946442
v 0.021635 0.701486 2.944919
v 0.033880 1.387543 3.263237
v 0.024738 1.404075 3.280158
v 0.013030 1.410845 3.287035
v 0.083942 0.792119 2.887406
v 0.088034 0.798451 2.842013
v 0.096289 0.806899 2.769632
v 0.790563 0.757703 2.789472
v 0.808976 0.764015 2.800433
v 0.790563 0.772217 2.790675
v 0.790563 0.784115 2.722332
v 0.808976 0.790323 2.649548
v 0.790563 0.795556 2.573685
v 0.790563 0.794382 2.504258
v 0.808976 0.787655 2.496260
v 0.790563 0.779868 2.503056
v 0.790563 0.767970 2.571400
v 0.808976 0.761347 2.647146
v 0.790563 0.756529 2.720045
v 0.647727 0.803654 2.490805
v 0.470804 0.809709 2.458983
v 0.247327 0.815291 2.431509
v 0.247327 0.773125 2.428015
v 0.470804 0.773420 2.455976
v 0.647727 0.773604 2.488315
v 0.247327 0.793057 2.805542
v 0.470804 0.786387 2.793818
v 0.647727 0.781767 2.783371
v 0.647727 0.751468 2.780861
v 0.470804 0.748107 2.790645
v 0.247327 0.743675 2.801450
v 0.012099 0.786675 3.027592
v 0.023082 0.789471 3.025407
v 0.032127 0.794985 3.018430
v 0.044259 0.914058 2.625092
v 0.045195 0.877045 2.602305
v 0.047530 0.863210 2.595263
v 0.121470 0.872082 2.452508
v 0.101263 0.875260 2.476435
v 0.082320 0.877272 2.480524
v 0.057707 0.880323 2.470720
v 0.052793 0.888884 2.471312
v 0.050939 0.911284 2.478591
v 0.079799 0.899803 2.322003
v 0.076270 0.892017 2.378108
v 0.071972 0.884943 2.428880
v 0.040601 1.365260 2.929744
v 0.042964 1.232883 2.833430
v 0.043896 1.098432 2.742806
v 0.030977 0.996979 1.611393
v 0.056670 0.992998 1.642766
v 0.073081 0.986123 1.695929
v 0.050831 1.029086 1.778470
v 0.052520 1.016522 1.781412
v 0.052667 1.001980 1.776266
v 0.056465 0.833640 2.792680
v 0.055323 0.827914 2.837389
v 0.053489 0.823605 2.871778
v 0.045825 0.808328 2.976591
v 0.050058 0.813897 2.944961
v 0.051683 0.818216 2.914846
v 0.083722 0.965667 1.848457
v 0.081578 0.954634 1.928597
v 0.076617 0.945439 1.994779
v 0.083048 0.917784 2.192717
v 0.081249 0.926802 2.128107
v 0.076575 0.934346 2.074134
v 0.062398 0.872521 2.516625
v 0.057630 0.867436 2.551836
v 0.053311 0.863515 2.578720
v 0.056906 0.847002 2.693383
v 0.055651 0.853151 2.649894
v 0.052923 0.857977 2.616472
v 0.009700 0.804512 3.008408
v 0.018658 0.805099 3.007476
v 0.026114 0.806056 3.004051
v 0.046414 1.130213 2.541637
v 0.049163 1.086112 2.536961
v 0.050298 1.020327 2.517758
v 0.012340 1.547445 3.299505
v 0.023508 1.540760 3.295398
v 0.032381 1.523633 3.284813
v 0.059649 0.939609 2.337114
v 0.056833 0.940448 2.390607
v 0.053670 0.944380 2.442746
v 0.014378 0.992146 1.651823
v 0.027905 0.990330 1.673086
v 0.039890 0.988496 1.707058
v 0.049061 0.968422 2.870103
v 0.048944 0.957090 2.903239
v 0.045996 0.920708 2.917867
v 0.033729 0.808557 2.983529
v 0.036645 0.811112 2.957230
v 0.038203 0.814542 2.924129
v 0.058446 0.984699 1.825628
v 0.061146 0.978462 1.897598
v 0.061653 0.970449 1.972937
v 0.062332 0.943902 2.228634
v 0.062197 0.948509 2.172521
v 0.061736 0.954588 2.112425
v 0.047935 0.972385 2.545740
v 0.045901 0.987508 2.593201
v 0.044603 0.990643 2.633728
v 0.046420 0.970600 2.786987
v 0.045181 0.974499 2.746817
v 0.044334 0.979914 2.708054
v 0.053148 0.981785 1.760815
v 0.056762 0.978612 1.762893
v 0.065213 0.977297 1.764563
v 0.047998 0.894741 2.777136
v 0.049000 0.856530 2.751026
v 0.051703 0.842389 2.742233
v 0.070351 0.907592 2.269856
v 0.064248 0.910692 2.275584
v 0.061976 0.920775 2.279227
v 0.032092 0.806622 3.005356
v 0.033633 0.805855 3.009253
v 0.035861 0.804413 3.008319
v 0.032181 1.519980 3.197458
v 0.022654 1.553793 3.219402
v 0.011687 1.566250 3.227488
v 0.010607 1.555648 2.976857
v 0.020227 1.547946 2.970822
v 0.027916 1.528377 2.955433
v 0.010830 1.412036 2.807588
v 0.020636 1.408462 2.805756
v 0.028440 1.399273 2.801069
v 0.015162 1.075280 2.073273
v 0.029376 1.072864 2.072332
v 0.041693 1.066307 2.069775
v 0.011213 1.268605 2.636185
v 0.021347 1.268614 2.638818
v 0.029369 1.268543 2.645451
v 0.015674 1.065684 1.838686
v 0.029801 1.064626 1.840860
v 0.040917 1.061928 1.846159
v 0.041782 1.039295 1.763434
v 0.030461 1.041038 1.754992
v 0.016029 1.041742 1.751678
v 0.012188 1.180661 2.532440
v 0.023638 1.177877 2.533062
v 0.033613 1.170320 2.534751
v 0.041212 1.296484 3.195249
v 0.042270 1.175437 3.113748
v 0.041232 1.016341 3.008673
v 0.057150 1.033445 2.057362
v 0.060242 1.008768 2.050537
v 0.061357 0.983400 2.047169
v 0.069199 0.783673 2.969043
v 0.074304 0.787949 2.947741
v 0.079099 0.788969 2.926260
v 0.013440 1.121308 2.449287
v 0.025659 1.119457 2.447923
v 0.035475 1.114665 2.444552
v 0.042243 1.079548 2.293846
v 0.029833 1.087491 2.293724
v 0.015418 1.090418 2.293679
v 0.047693 1.084973 2.908679
v 0.046753 1.220819 3.001177
v 0.044263 1.350224 3.087019
v 0.061375 0.972077 2.288066
v 0.060269 1.007533 2.292508
v 0.057390 1.039451 2.294155
v 0.067707 0.704413 2.930986
v 0.074097 0.698646 2.905216
v 0.080111 0.697116 2.882518
v 0.039897 0.993504 1.730572
v 0.027908 0.995039 1.720834
v 0.014379 0.995678 1.716447
v 0.051420 1.054059 2.128517
v 0.051860 1.055775 2.187234
v 0.052072 1.059007 2.242054
v 0.036717 1.468448 3.049315
v 0.037544 1.462230 3.085757
v 0.038538 1.456898 3.121119
v 0.084167 0.774259 2.907887
v 0.085696 0.758309 2.903792
v 0.086635 0.746702 2.899122
v 0.086122 0.711495 2.875647
v 0.087184 0.727013 2.885677
v 0.087169 0.738275 2.893666
v 0.050638 1.041501 1.788789
v 0.051539 1.047326 1.810429
v 0.050082 1.053715 1.833569
v 0.051272 1.053939 1.996882
v 0.050998 1.055219 1.933247
v 0.049586 1.057099 1.883044
v 0.040346 1.456000 3.186344
v 0.040425 1.466114 3.217595
v 0.039370 1.485119 3.248529
v 0.040810 1.402909 3.253648
v 0.041284 1.442846 3.262172
v 0.039897 1.478353 3.268106
v 0.010675 1.591613 3.102997
v 0.020702 1.578531 3.092938
v 0.029430 1.543023 3.065638
v 0.050239 1.071477 2.343508
v 0.047836 1.082338 2.386843
v 0.044591 1.096577 2.420196
v 0.042765 1.130661 2.502297
v 0.043463 1.115756 2.474046
v 0.042870 1.109754 2.453522
v 0.039906 1.189129 2.578835
v 0.038254 1.223448 2.615453
v 0.036206 1.250766 2.639886
v 0.034939 1.354429 2.763533
v 0.036019 1.314922 2.721411
v 0.035534 1.285275 2.681394
v 0.034393 1.468935 2.898658
v 0.035413 1.428037 2.852723
v 0.034725 1.401176 2.816976
v 0.036029 1.477936 2.977291
v 0.035566 1.484460 2.951342
v 0.034264 1.495448 2.939841
v 0.013130 0.807608 2.863752
v 0.024585 0.811684 2.873114
v 0.032686 0.815212 2.881214
v -0.207953 0.618083 1.331347
v -0.200788 0.618614 1.400997
v -0.190275 0.619781 1.468412
v -0.147258 0.613909 1.328888
v -0.143171 0.615990 1.391630
v -0.137379 0.618303 1.458465
v -0.076221 0.612636 1.328030
v -0.074422 0.615421 1.388345
v -0.071945 0.618247 1.455067
v -0.207996 0.612635 0.986894
v -0.212151 0.616053 1.074134
v -0.213325 0.617572 1.165762
v -0.146798 0.604497 1.030897
v -0.149428 0.607200 1.111331
v -0.150314 0.609670 1.190014
v -0.075839 0.601501 1.047109
v -0.077112 0.603956 1.125037
v -0.077586 0.606818 1.198956
v -0.210285 0.742228 -0.611910
v -0.251381 0.758927 -0.513059
v -0.214873 0.733557 -0.519569
v -0.176774 0.713116 -0.518003
v -0.170678 0.720009 -0.594022
v -0.156893 0.722038 -0.649751
v -0.181820 0.735171 -0.668613
v -0.200027 0.747331 -0.698191
v -0.226250 0.759018 -0.673801
v -0.255436 0.780025 -0.659310
v -0.251267 0.768993 -0.592966
v -0.086700 1.243621 -0.422295
v -0.087228 1.241629 -0.405369
v -0.087595 1.241571 -0.387827
v -0.165532 1.240900 -0.425220
v -0.167858 1.238358 -0.408491
v -0.169264 1.238026 -0.389699
v -0.229348 1.233782 -0.433135
v -0.235619 1.229566 -0.416991
v -0.239122 1.228416 -0.394782
v -0.255245 0.710047 -0.101673
v -0.219679 0.686597 -0.117143
v -0.181195 0.667971 -0.133407
v -0.254863 0.725039 -0.225023
v -0.219065 0.700415 -0.231931
v -0.180449 0.680589 -0.238284
v -0.254200 0.737715 -0.330562
v -0.218293 0.712649 -0.334686
v -0.179756 0.692390 -0.337017
v -0.335282 0.879420 -0.039758
v -0.324049 0.816335 -0.053046
v -0.307914 0.771508 -0.068962
v -0.335803 0.896465 -0.188832
v -0.324443 0.834302 -0.199735
v -0.308096 0.788963 -0.209088
v -0.334887 0.904943 -0.303540
v -0.323776 0.846630 -0.312806
v -0.307578 0.802390 -0.319679
v -0.106038 0.644649 -0.157472
v -0.070914 0.638584 -0.160319
v -0.035893 0.634848 -0.156053
v -0.104571 0.655458 -0.246838
v -0.069068 0.649179 -0.247836
v -0.034356 0.645861 -0.246609
v -0.103945 0.666625 -0.338701
v -0.068446 0.660295 -0.338903
v -0.033970 0.657148 -0.338771
v -0.233758 1.277385 -0.275550
v -0.239105 1.261343 -0.301520
v -0.241065 1.245275 -0.333307
v -0.168128 1.279661 -0.286581
v -0.169714 1.264720 -0.314083
v -0.170240 1.251415 -0.341701
v -0.087895 1.280608 -0.290619
v -0.088016 1.266009 -0.318685
v -0.087987 1.253683 -0.344791
v -0.234596 1.357949 -0.078699
v -0.237626 1.349753 -0.100602
v -0.234379 1.344459 -0.122566
v -0.168954 1.366210 -0.074230
v -0.169837 1.359280 -0.096277
v -0.168795 1.352871 -0.119374
v -0.088397 1.369378 -0.072425
v -0.088476 1.362848 -0.094662
v -0.088312 1.356040 -0.118278
v -0.283430 0.892177 -0.859814
v -0.302305 0.941905 -0.774978
v -0.297430 0.892345 -0.782236
v -0.290268 0.853618 -0.778040
v -0.280090 0.854196 -0.832543
v -0.262085 0.847755 -0.867469
v -0.260831 0.863733 -0.884143
v -0.248502 0.867531 -0.904084
v -0.261773 0.882700 -0.904209
v -0.262381 0.899752 -0.923169
v -0.276670 0.922504 -0.905606
v -0.283321 0.962844 -0.891396
v -0.293242 0.949636 -0.839040
v -0.235746 0.786222 -0.807636
v -0.260982 0.798618 -0.767267
v -0.238649 0.778888 -0.764960
v -0.213534 0.763717 -0.761688
v -0.209381 0.768210 -0.789003
v -0.198090 0.770146 -0.806896
v -0.215122 0.782037 -0.823800
v -0.216578 0.792317 -0.844476
v -0.233545 0.799089 -0.842709
v -0.246916 0.811622 -0.846780
v -0.257448 0.805588 -0.811829
v -0.328793 0.916894 -0.481193
v -0.319153 0.865287 -0.489373
v -0.304231 0.823469 -0.496647
v -0.323729 0.924416 -0.559311
v -0.315314 0.873969 -0.567438
v -0.301789 0.832755 -0.574581
v -0.317468 0.930699 -0.633675
v -0.310583 0.881470 -0.641203
v -0.299189 0.841174 -0.646458
v -0.103247 0.687649 -0.512127
v -0.068274 0.681435 -0.511097
v -0.033974 0.678362 -0.510734
v -0.102372 0.696601 -0.584480
v -0.068691 0.691030 -0.584406
v -0.034513 0.688222 -0.584570
v -0.101430 0.704371 -0.641723
v -0.070297 0.700322 -0.645559
v -0.036035 0.698128 -0.647524
v -0.326777 1.146499 -0.520610
v -0.322530 1.178621 -0.420829
v -0.336489 1.128894 -0.441286
v -0.339018 1.056780 -0.457640
v -0.332419 1.060054 -0.536406
v -0.324315 1.059348 -0.612432
v -0.320319 1.125976 -0.606087
v -0.303973 1.174887 -0.612607
v -0.305071 1.186030 -0.563850
v -0.293756 1.205487 -0.535204
v -0.306040 1.195170 -0.506255
v -0.299235 1.205297 -0.474051
v -0.314736 1.186401 -0.462268
v -0.221338 0.973267 -1.008721
v -0.253121 0.990938 -0.971712
v -0.248650 0.956724 -0.974868
v -0.243258 0.928894 -0.972679
v -0.227721 0.937596 -0.990665
v -0.210105 0.938165 -0.999029
v -0.201009 0.958466 -1.013212
v -0.179182 0.974894 -1.029530
v -0.190338 0.985994 -1.031651
v -0.187327 1.003289 -1.040708
v -0.204379 1.006829 -1.031286
v -0.215941 1.024986 -1.024303
v -0.233495 1.006208 -1.002183
v -0.148223 0.992091 -1.051152
v -0.142406 0.995095 -1.055714
v -0.133480 0.997615 -1.059175
v -0.155400 1.000815 -1.052844
v -0.145643 1.004779 -1.058010
v -0.135568 1.007363 -1.061147
v -0.158843 1.012063 -1.055684
v -0.148724 1.017133 -1.060038
v -0.138162 1.020695 -1.062339
v -0.103113 0.734436 -0.758720
v -0.044323 0.719963 -0.734759
v -0.049649 0.732029 -0.762637
v -0.051400 0.744047 -0.785391
v -0.099344 0.746324 -0.785522
v -0.139582 0.751675 -0.788721
v -0.146306 0.745104 -0.769555
v -0.160335 0.741945 -0.747841
v -0.134386 0.731829 -0.733701
v -0.115298 0.721453 -0.712733
v -0.084509 0.720917 -0.728506
v -0.291114 1.152659 -0.800484
v -0.291076 1.177171 -0.714441
v -0.303685 1.130574 -0.735127
v -0.307020 1.067157 -0.750233
v -0.297822 1.074719 -0.812505
v -0.287483 1.075793 -0.869406
v -0.283053 1.133721 -0.865793
v -0.267658 1.175973 -0.875411
v -0.269086 1.187227 -0.840879
v -0.258382 1.204607 -0.821935
v -0.270954 1.196357 -0.793441
v -0.266477 1.206199 -0.762474
v -0.281873 1.188911 -0.749693
v -0.060429 1.224841 -0.998152
v -0.115564 1.222973 -0.997813
v -0.160777 1.217557 -0.996777
v -0.057639 1.219575 -1.012441
v -0.111342 1.217404 -1.011888
v -0.157469 1.210730 -1.010403
v -0.054373 1.208031 -1.025529
v -0.105456 1.205889 -1.025119
v -0.149995 1.198912 -1.024119
v -0.110467 1.076469 -1.059358
v -0.078714 1.076061 -1.059396
v -0.041248 1.071324 -1.059914
v -0.118507 1.113018 -1.054104
v -0.083648 1.115487 -1.053852
v -0.043233 1.114549 -1.053939
v -0.128675 1.149068 -1.046600
v -0.090633 1.153838 -1.046381
v -0.046773 1.154825 -1.046362
v -0.151314 1.063986 -1.060322
v -0.162949 1.092007 -1.055804
v -0.176945 1.119709 -1.047905
v -0.162190 1.052200 -1.059756
v -0.173958 1.073894 -1.055636
v -0.188001 1.095939 -1.047747
v -0.170726 1.037722 -1.056712
v -0.182183 1.052816 -1.052611
v -0.195054 1.070061 -1.045208
v -0.089589 1.012016 -1.064805
v -0.100512 1.002592 -1.063740
v -0.079255 1.006736 -1.064884
v -0.059461 1.015108 -1.065234
v -0.083311 1.021697 -1.064600
v -0.105521 1.023597 -1.064068
v -0.105207 1.010494 -1.064258
v -0.239105 1.141504 -0.988417
v -0.249020 1.172065 -0.945758
v -0.257991 1.131885 -0.952776
v -0.259471 1.082196 -0.959416
v -0.242154 1.088091 -0.992380
v -0.224866 1.089187 -1.016902
v -0.221091 1.127621 -1.016562
v -0.208091 1.160236 -1.019300
v -0.218845 1.175360 -1.001075
v -0.217980 1.193502 -0.985920
v -0.235326 1.179205 -0.970937
v -0.220098 1.234133 -0.565285
v -0.222700 1.230513 -0.594585
v -0.221832 1.228039 -0.627138
v -0.158180 1.241101 -0.569262
v -0.157790 1.239550 -0.599768
v -0.156419 1.238420 -0.630024
v -0.082673 1.243749 -0.570600
v -0.081759 1.242906 -0.601618
v -0.080777 1.242248 -0.631079
v -0.235055 1.390161 -0.008379
v -0.238054 1.378270 -0.026426
v -0.234799 1.371379 -0.042757
v -0.169321 1.400895 0.002179
v -0.170177 1.390122 -0.015386
v -0.169121 1.381248 -0.033889
v -0.088600 1.404988 0.006276
v -0.088663 1.394553 -0.011258
v -0.088489 1.384949 -0.030620
v -0.343183 1.242468 -0.137602
v -0.330681 1.294199 0.052551
v -0.346004 1.197594 0.024711
v -0.348260 1.078875 -0.000869
v -0.348716 1.092596 -0.153928
v -0.347157 1.077785 -0.274613
v -0.344319 1.166325 -0.270030
v -0.328224 1.212117 -0.291773
v -0.324553 1.246857 -0.233723
v -0.309394 1.274645 -0.216586
v -0.319728 1.282902 -0.174072
v -0.309348 1.306051 -0.146337
v -0.319992 1.303308 -0.121270
v -0.309746 1.326449 -0.088417
v -0.320444 1.319998 -0.079325
v -0.310761 1.347497 -0.043487
v -0.326136 1.318173 -0.032878
v -0.234132 1.328350 -0.168252
v -0.237108 1.315703 -0.194937
v -0.233784 1.303717 -0.224034
v -0.168592 1.334824 -0.170651
v -0.169424 1.322376 -0.199144
v -0.168320 1.309013 -0.228923
v -0.088200 1.337347 -0.171415
v -0.088249 1.324870 -0.200724
v -0.088050 1.310953 -0.230935
v -0.191438 1.228720 -0.854086
v -0.194481 1.224960 -0.873806
v -0.194358 1.221735 -0.895219
v -0.136985 1.234643 -0.859480
v -0.137384 1.232628 -0.879826
v -0.136866 1.230673 -0.899235
v -0.071410 1.236898 -0.861422
v -0.071064 1.235476 -0.882015
v -0.070628 1.233968 -0.900710
v -0.201267 1.231944 -0.760824
v -0.200998 1.230214 -0.785841
v -0.195415 1.230705 -0.811187
v -0.145267 1.237966 -0.757825
v -0.143642 1.237088 -0.784264
v -0.140390 1.236706 -0.811373
v -0.076115 1.240258 -0.756542
v -0.074826 1.239663 -0.783676
v -0.073333 1.238985 -0.811593
v -0.156522 0.933047 -1.002850
v -0.113698 0.931438 -1.003259
v -0.059851 0.931462 -1.003928
v -0.144965 0.950365 -1.017029
v -0.103103 0.950464 -1.018898
v -0.053589 0.951928 -1.020733
v -0.126521 0.969519 -1.033762
v -0.089299 0.971971 -1.036787
v -0.046183 0.975663 -1.040128
v -0.186917 1.218534 -0.937356
v -0.180266 1.218821 -0.955296
v -0.171418 1.220108 -0.970401
v -0.132706 1.227660 -0.935759
v -0.129032 1.226727 -0.952589
v -0.124238 1.226082 -0.968287
v -0.068786 1.231023 -0.935175
v -0.067215 1.229645 -0.951621
v -0.065203 1.228300 -0.967573
v -0.227148 1.236548 -0.466888
v -0.228743 1.235207 -0.489637
v -0.224025 1.236004 -0.514109
v -0.163911 1.243865 -0.462902
v -0.163782 1.243393 -0.486221
v -0.161559 1.243037 -0.511932
v -0.085857 1.246649 -0.461272
v -0.085406 1.246458 -0.484951
v -0.084584 1.245704 -0.511239
v -0.216257 1.227889 -0.685557
v -0.212235 1.229848 -0.706608
v -0.205819 1.232376 -0.723062
v -0.153166 1.237792 -0.679837
v -0.151418 1.238139 -0.698443
v -0.148849 1.238639 -0.715521
v -0.079289 1.241443 -0.677730
v -0.078747 1.241215 -0.695446
v -0.078050 1.241013 -0.712735
v -0.160490 0.788568 -0.852614
v -0.156200 0.779287 -0.837529
v -0.147557 0.769418 -0.821524
v -0.115667 0.788631 -0.855828
v -0.111062 0.778652 -0.840242
v -0.105311 0.768014 -0.823113
v -0.060583 0.788704 -0.857134
v -0.057697 0.778385 -0.841290
v -0.054797 0.767331 -0.823749
v -0.193380 0.880251 -0.946492
v -0.191581 0.871306 -0.936906
v -0.186370 0.863014 -0.930479
v -0.136726 0.876548 -0.951096
v -0.135777 0.868813 -0.943098
v -0.133716 0.861125 -0.935863
v -0.070711 0.875181 -0.952793
v -0.070354 0.867870 -0.945382
v -0.069804 0.860368 -0.937866
v -0.183815 0.818399 -0.886584
v -0.178518 0.810607 -0.880044
v -0.170748 0.803630 -0.873406
v -0.130247 0.819697 -0.894361
v -0.127743 0.812711 -0.887348
v -0.123947 0.805524 -0.879260
v -0.067440 0.820174 -0.897226
v -0.066537 0.813476 -0.890039
v -0.065117 0.806206 -0.881438
v -0.176931 0.625149 1.622757
v -0.173515 0.630051 1.719318
v -0.166611 0.636705 1.824441
v -0.126437 0.624275 1.631586
v -0.121562 0.628062 1.737845
v -0.115618 0.632313 1.847515
v -0.065907 0.624417 1.634370
v -0.062612 0.627714 1.744490
v -0.059181 0.630959 1.856020
v -0.174631 0.910433 -0.983532
v -0.183742 0.903590 -0.975965
v -0.189382 0.896669 -0.967383
v -0.128463 0.905049 -0.980905
v -0.133221 0.897047 -0.973284
v -0.135706 0.890379 -0.966317
v -0.067977 0.903194 -0.980064
v -0.069882 0.894681 -0.972340
v -0.070695 0.888067 -0.965930
v -0.184669 0.850534 -0.917835
v -0.188328 0.844381 -0.909452
v -0.188938 0.836192 -0.901229
v -0.132300 0.847292 -0.921873
v -0.133036 0.840796 -0.914710
v -0.132832 0.833861 -0.907735
v -0.069017 0.846096 -0.923439
v -0.068815 0.839478 -0.916676
v -0.068485 0.833003 -0.910136
v -0.227698 1.094753 1.090360
v -0.232499 1.109442 1.057196
v -0.230765 1.124659 1.031116
v -0.164117 1.092636 1.107852
v -0.166382 1.108036 1.076145
v -0.166457 1.124251 1.046701
v -0.085897 1.091749 1.114656
v -0.086736 1.107512 1.083247
v -0.087172 1.124184 1.052475
v -0.044632 0.610431 0.081061
v -0.074469 0.610299 0.110957
v -0.053897 0.609153 0.119524
v -0.028451 0.608909 0.119200
v -0.025595 0.610832 0.069651
v -0.028721 0.613233 0.032552
v -0.053741 0.611687 0.063569
v -0.051771 0.826040 2.861529
v -0.052393 0.831225 2.826345
v -0.052298 0.836681 2.785803
v -0.050113 0.834188 2.862339
v -0.050627 0.844625 2.829204
v -0.050121 0.851590 2.791536
v -0.047930 0.857402 2.876243
v -0.049491 0.880657 2.851542
v -0.049251 0.891056 2.817062
v -0.050859 0.848295 2.698824
v -0.049677 0.853961 2.658676
v -0.048222 0.858945 2.624256
v -0.047742 0.861608 2.710332
v -0.046529 0.866938 2.671253
v -0.045533 0.872155 2.635128
v -0.046590 0.898515 2.736793
v -0.045355 0.903327 2.697587
v -0.044499 0.908671 2.660177
v -0.192472 1.003440 1.472490
v -0.201162 1.004466 1.446976
v -0.208891 1.010228 1.403424
v -0.142105 1.017336 1.425567
v -0.147093 1.020599 1.398026
v -0.150738 1.024579 1.371026
v -0.075308 1.022768 1.406446
v -0.077495 1.026635 1.379467
v -0.078819 1.029877 1.359025
v -0.232230 1.152403 0.977996
v -0.235689 1.166597 0.947072
v -0.232959 1.182507 0.919710
v -0.167655 1.155395 0.987100
v -0.168894 1.170398 0.956188
v -0.168157 1.186129 0.926508
v -0.087834 1.156460 0.990716
v -0.088111 1.171823 0.959605
v -0.088091 1.187581 0.928939
v -0.243848 1.408472 0.080550
v -0.241375 1.409338 0.035421
v -0.235655 1.407704 0.016151
v -0.172379 1.430435 0.085717
v -0.171511 1.427221 0.048260
v -0.169641 1.420817 0.029152
v -0.089142 1.438154 0.087578
v -0.089000 1.433538 0.052980
v -0.088727 1.425545 0.034024
v -0.148387 0.654092 2.021809
v -0.138316 0.659780 2.106848
v -0.126896 0.659308 2.186434
v -0.103215 0.641296 2.039264
v -0.097118 0.644550 2.117984
v -0.090494 0.645962 2.193874
v -0.052897 0.636636 2.045727
v -0.050051 0.638913 2.122277
v -0.047059 0.640906 2.197045
v -0.092629 0.619296 0.016484
v -0.113067 0.626636 -0.005082
v -0.113724 0.620323 0.047162
v -0.105639 0.615693 0.077909
v -0.080750 0.616447 0.028204
v -0.059291 0.619480 -0.018347
v -0.084278 0.622839 -0.022996
v -0.056230 0.985390 1.702953
v -0.041896 0.991366 1.656390
v -0.022378 0.994970 1.627793
v -0.047327 0.985504 1.706562
v -0.034038 0.990594 1.664109
v -0.017791 0.993803 1.637473
v -0.043238 0.986677 1.707815
v -0.030382 0.990417 1.668757
v -0.015657 0.993024 1.644223
v -0.163591 0.603529 0.666160
v -0.178195 0.604110 0.742830
v -0.190859 0.605790 0.821878
v -0.119348 0.601289 0.698200
v -0.128535 0.600772 0.785161
v -0.136310 0.601001 0.868319
v -0.062834 0.600447 0.709888
v -0.067219 0.599537 0.800656
v -0.070880 0.599237 0.885417
v -0.333232 1.122559 0.848610
v -0.342434 1.021535 0.467401
v -0.341323 1.143997 0.474578
v -0.327711 1.255862 0.404892
v -0.321481 1.252522 0.587260
v -0.307068 1.280209 0.650432
v -0.315571 1.230030 0.755526
v -0.305889 1.225544 0.799386
v -0.314927 1.185142 0.841184
v -0.305268 1.174525 0.878527
v -0.314177 1.148178 0.903018
v -0.303718 1.133574 0.953425
v -0.311588 1.116371 0.965310
v -0.298614 1.097624 1.030782
v -0.306247 1.092340 1.027837
v -0.292226 1.075775 1.103420
v -0.304889 1.069217 1.089546
v -0.299383 1.025016 1.199061
v -0.315867 0.996488 1.117049
v -0.320544 0.917537 1.048363
v -0.334938 0.980307 0.766413
v -0.218737 1.058465 1.204183
v -0.224074 1.065771 1.171046
v -0.223418 1.073369 1.145997
v -0.156778 1.053472 1.231603
v -0.159552 1.060277 1.200587
v -0.160588 1.068616 1.170340
v -0.081795 1.051546 1.242182
v -0.082948 1.058226 1.211648
v -0.083942 1.066852 1.179425
v -0.233252 1.212813 0.868744
v -0.236416 1.230146 0.840623
v -0.233615 1.252494 0.811264
v -0.168394 1.220104 0.869356
v -0.169448 1.239416 0.840457
v -0.168675 1.261283 0.810442
v -0.088221 1.222777 0.869728
v -0.088410 1.242896 0.840391
v -0.088375 1.264734 0.809982
v -0.219381 1.034065 1.299082
v -0.219828 1.045109 1.263212
v -0.215968 1.050124 1.246764
v -0.154879 1.035385 1.318598
v -0.155239 1.040650 1.296741
v -0.154382 1.044492 1.278829
v -0.080034 1.035870 1.325797
v -0.080284 1.038995 1.309167
v -0.080434 1.042366 1.290918
v -0.088711 1.361413 0.636700
v -0.088750 1.337110 0.696238
v -0.088550 1.312370 0.741289
v -0.169279 1.355252 0.640057
v -0.170063 1.330727 0.699914
v -0.168990 1.307242 0.744057
v -0.234359 1.339262 0.648116
v -0.237177 1.313656 0.709565
v -0.233997 1.293410 0.751813
v -0.089169 1.431555 0.236799
v -0.089059 1.419859 0.345089
v -0.088822 1.403782 0.456710
v -0.172273 1.421994 0.246621
v -0.171370 1.410621 0.357948
v -0.169573 1.396266 0.466225
v -0.243289 1.395033 0.273217
v -0.240528 1.384828 0.393226
v -0.234935 1.375707 0.492944
v -0.312885 0.714569 0.704886
v -0.305150 0.719486 0.338102
v -0.319930 0.759084 0.391694
v -0.330161 0.822048 0.414885
v -0.324847 0.786547 0.698871
v -0.317177 0.753807 0.969966
v -0.309506 0.698503 0.982065
v -0.292549 0.659010 1.047064
v -0.291768 0.662397 0.884426
v -0.283461 0.653844 0.763073
v -0.298812 0.686355 0.572485
v -0.217459 0.632604 0.329855
v -0.183241 0.640692 0.094011
v -0.221026 0.653042 0.162137
v -0.255684 0.670844 0.220626
v -0.253945 0.648931 0.407769
v -0.248112 0.629874 0.587567
v -0.223767 0.620510 0.523248
v -0.198957 0.613441 0.491168
v -0.189335 0.618194 0.358721
v -0.164361 0.618314 0.239473
v -0.179077 0.627852 0.190878
v -0.210918 0.832731 2.020487
v -0.271697 0.809732 1.582114
v -0.262694 0.876255 1.631282
v -0.260354 0.937234 1.560809
v -0.238571 0.923293 1.696548
v -0.226889 0.943416 1.683440
v -0.218308 0.914148 1.816442
v -0.206693 0.918231 1.879207
v -0.200603 0.888119 2.011450
v -0.185163 0.883659 2.132231
v -0.183083 0.863054 2.191379
v -0.163948 0.857849 2.311743
v -0.166181 0.839152 2.316953
v -0.147073 0.816792 2.449830
v -0.159658 0.788865 2.370572
v -0.147073 0.742712 2.412374
v -0.168107 0.745234 2.250998
v -0.168443 0.716567 2.188891
v -0.194350 0.737027 2.060189
v -0.214773 0.718842 1.928844
v -0.241078 0.766975 1.807960
v -0.279743 0.641918 1.346812
v -0.290394 0.665566 1.372003
v -0.289746 0.700130 1.420947
v -0.265909 0.635290 1.456118
v -0.273254 0.652837 1.510386
v -0.268948 0.679433 1.586659
v -0.244986 0.630472 1.540518
v -0.249225 0.642355 1.612091
v -0.243050 0.660738 1.703483
v -0.111407 0.663531 2.338880
v -0.105073 0.669663 2.430636
v -0.094654 0.671942 2.542241
v -0.077911 0.650591 2.364038
v -0.071655 0.654492 2.463959
v -0.064561 0.657800 2.570483
v -0.040143 0.645664 2.373020
v -0.036358 0.648854 2.476120
v -0.032738 0.652597 2.580987
v -0.052472 0.603004 0.500028
v -0.046651 0.604365 0.386956
v -0.040453 0.605769 0.280014
v -0.100526 0.603720 0.495746
v -0.090548 0.605156 0.384341
v -0.078770 0.606458 0.278059
v -0.140512 0.605588 0.486108
v -0.129313 0.607299 0.377712
v -0.112988 0.608397 0.271631
v -3.010724 1.470618 0.490125
v -3.027064 1.485680 0.382981
v -3.000115 1.496306 0.277618
v -3.034237 1.465369 0.493549
v -3.052347 1.481204 0.381161
v -3.023013 1.492332 0.270735
v -3.013674 1.457070 0.488461
v -3.030186 1.472020 0.381303
v -3.003061 1.482782 0.275958
v -0.651313 1.484353 0.058666
v -0.443170 1.487881 0.054293
v -0.224273 1.492250 0.049776
v -0.650928 1.474802 0.028221
v -0.442906 1.477571 0.023543
v -0.224139 1.480966 0.018682
v -0.651243 1.458178 0.055452
v -0.443119 1.460134 0.050886
v -0.224246 1.462497 0.046122
v -2.509845 1.408771 0.719990
v -2.694776 1.422657 0.688983
v -2.844721 1.437977 0.644957
v -2.512533 1.392888 0.741288
v -2.699473 1.409331 0.708748
v -2.854305 1.427787 0.661482
v -2.512732 1.382457 0.716759
v -2.697788 1.400669 0.686283
v -2.847584 1.420485 0.642809
v -0.658033 1.371588 0.615622
v -0.655982 1.389987 0.447128
v -0.653943 1.412879 0.279186
v -0.447736 1.371977 0.615009
v -0.446340 1.390396 0.445278
v -0.444953 1.413574 0.276131
v -0.226582 1.372457 0.614374
v -0.225876 1.390865 0.443337
v -0.225174 1.414376 0.272927
v -2.500343 1.447944 0.542502
v -2.494745 1.466247 0.408959
v -2.489085 1.480021 0.274889
v -2.685218 1.457202 0.524095
v -2.681595 1.474125 0.399929
v -2.674052 1.487047 0.275510
v -2.836004 1.466015 0.503122
v -2.837820 1.481185 0.392451
v -2.825606 1.492608 0.282097
v -1.027026 1.430215 0.623796
v -1.023846 1.452696 0.458027
v -1.020654 1.470861 0.291729
v -1.189624 1.431163 0.623141
v -1.185965 1.453517 0.458659
v -1.182303 1.471459 0.293636
v -1.349568 1.432628 0.620343
v -1.345482 1.454818 0.457717
v -1.341420 1.472411 0.294527
v -2.096740 1.363906 0.566247
v -2.091681 1.378881 0.419975
v -2.086279 1.399139 0.274351
v -1.894006 1.362451 0.581738
v -1.889134 1.378172 0.430000
v -1.884016 1.399157 0.278909
v -1.699451 1.364536 0.595491
v -1.694793 1.381017 0.438927
v -1.689984 1.402582 0.282987
v -1.031256 1.385989 0.844675
v -1.194530 1.386786 0.842253
v -1.355132 1.387876 0.836890
v -1.031765 1.369889 0.871589
v -1.195150 1.370429 0.868912
v -1.355901 1.371026 0.863167
v -1.031182 1.360765 0.841578
v -1.194516 1.360989 0.839085
v -1.355272 1.361006 0.833591
v -2.075910 1.474180 0.084672
v -1.874915 1.475009 0.081868
v -1.682156 1.477576 0.079235
v -2.076015 1.461822 0.057764
v -1.874775 1.462831 0.054029
v -1.681785 1.466039 0.050632
v -2.077911 1.443437 0.080897
v -1.876346 1.444372 0.078106
v -1.683037 1.447991 0.075603
v -2.820652 1.499101 0.137618
v -2.668549 1.492603 0.107063
v -2.483454 1.483999 0.093080
v -2.828450 1.493277 0.118348
v -2.671298 1.484433 0.084421
v -2.484200 1.473685 0.068535
v -2.823504 1.481682 0.135479
v -2.671546 1.470715 0.104375
v -2.486326 1.457808 0.089864
v -2.842631 1.426977 0.498329
v -2.844936 1.439879 0.387379
v -2.832222 1.453645 0.277313
v -2.692284 1.406225 0.517836
v -2.689176 1.419638 0.393239
v -2.681103 1.436170 0.269263
v -2.507100 1.386436 0.534950
v -2.501989 1.400325 0.400865
v -2.495828 1.418635 0.267352
v -1.697378 1.434084 0.604030
v -1.692572 1.455578 0.448082
v -1.687917 1.471989 0.291509
v -1.890640 1.434472 0.590581
v -1.885525 1.455384 0.439480
v -1.880657 1.471032 0.287734
v -2.092034 1.436175 0.575121
v -2.086637 1.456360 0.429488
v -2.081584 1.471262 0.283206
v -1.704326 1.388674 0.811414
v -1.898309 1.389256 0.791383
v -2.100402 1.391877 0.768574
v -1.705580 1.370557 0.836376
v -1.899884 1.370725 0.815451
v -2.102304 1.373419 0.791698
v -1.705212 1.358949 0.807765
v -1.899748 1.358474 0.787604
v -2.102414 1.360989 0.764782
v -0.227572 1.394077 0.849741
v -0.449689 1.390496 0.848245
v -0.660895 1.387716 0.846899
v -0.227680 1.375598 0.877180
v -0.449902 1.373038 0.875586
v -0.661211 1.371061 0.874126
v -0.227546 1.364303 0.846085
v -0.449639 1.362707 0.844833
v -0.660826 1.361480 0.843677
v -0.226645 1.442199 0.622937
v -0.225943 1.465698 0.452525
v -0.225236 1.484096 0.281487
v -0.447855 1.437056 0.623000
v -0.446468 1.460213 0.453850
v -0.445072 1.478611 0.284117
v -0.658195 1.433015 0.623164
v -0.656156 1.455876 0.455219
v -0.654106 1.474245 0.286721
v -1.349895 1.369757 0.612623
v -1.345831 1.387411 0.449440
v -1.341744 1.409662 0.286822
v -1.189589 1.370797 0.615729
v -1.185926 1.388794 0.450712
v -1.182266 1.411203 0.286237
v -1.026853 1.371184 0.616548
v -1.023660 1.389396 0.450255
v -1.020479 1.411924 0.284492
v -1.336042 1.481163 0.073559
v -1.177376 1.481267 0.070279
v -1.016325 1.481279 0.066698
v -1.335413 1.471203 0.043991
v -1.176741 1.471882 0.040459
v -1.015741 1.472203 0.036693
v -1.336180 1.454414 0.070275
v -1.177360 1.455579 0.067125
v -1.016250 1.456151 0.063612
v -0.048613 0.867050 2.569057
v -0.051027 0.870973 2.541195
v -0.054144 0.875321 2.508654
v -0.045901 0.881364 2.572291
v -0.047534 0.884620 2.542229
v -0.049878 0.886652 2.509064
v -0.044830 0.918588 2.592133
v -0.046190 0.919711 2.558282
v -0.048259 0.915886 2.520518
v -0.036877 0.755538 3.003529
v -0.014867 0.771104 3.019070
v -0.017925 0.749954 3.004171
v -0.019813 0.724899 2.979780
v -0.037955 0.726526 2.979327
v -0.052622 0.726863 2.975753
v -0.053010 0.749260 2.992784
v -0.055778 0.769265 2.995790
v -0.045918 0.776421 3.003013
v -0.037883 0.786280 3.011172
v -0.028149 0.776072 3.017513
v -0.079831 0.742811 2.937726
v -0.082778 0.713337 2.899505
v -0.084278 0.730675 2.909252
v -0.085403 0.742413 2.908420
v -0.083220 0.754365 2.922896
v -0.081039 0.772110 2.930320
v -0.077128 0.768327 2.950395
v -0.071770 0.765744 2.970401
v -0.072748 0.744083 2.962949
v -0.071635 0.722248 2.948368
v -0.077965 0.717712 2.924397
v -0.054035 0.674651 2.842944
v -0.028182 0.663012 2.765965
v -0.054384 0.666123 2.761201
v -0.076178 0.674599 2.746970
v -0.073673 0.679057 2.815165
v -0.076318 0.686122 2.857265
v -0.066839 0.685448 2.881492
v -0.059346 0.693022 2.915703
v -0.045114 0.686444 2.903243
v -0.024140 0.683813 2.898514
v -0.026798 0.671435 2.839165
v -0.868998 0.776349 2.732417
v -0.895555 0.782457 2.655942
v -0.868998 0.788662 2.575153
v -0.895555 0.768349 2.737953
v -0.924544 0.774531 2.657645
v -0.895555 0.781367 2.572672
v -0.868998 0.761654 2.731199
v -0.895555 0.767260 2.654683
v -0.868998 0.773966 2.573935
v -0.657871 0.799864 2.451669
v -0.473519 0.804844 2.412500
v -0.247667 0.809125 2.381979
v -0.666746 0.792469 2.438460
v -0.476233 0.796003 2.396557
v -0.248006 0.798719 2.364795
v -0.657871 0.783207 2.450288
v -0.473519 0.784964 2.410852
v -0.247667 0.786061 2.380067
v -0.247667 0.779331 2.844841
v -0.473519 0.774592 2.837494
v -0.657871 0.771911 2.822795
v -0.248006 0.764844 2.853245
v -0.476233 0.762929 2.850312
v -0.666746 0.762379 2.835812
v -0.247667 0.751742 2.842554
v -0.473519 0.753344 2.835733
v -0.657871 0.755083 2.821400
v -0.657871 0.752449 2.715802
v -0.666746 0.757240 2.635464
v -0.657871 0.764677 2.554134
v -0.473519 0.748858 2.714223
v -0.476233 0.754374 2.621355
v -0.473519 0.762900 2.530163
v -0.247667 0.745063 2.713201
v -0.248006 0.752028 2.606555
v -0.247667 0.761599 2.506840
v -0.247667 0.803793 2.718068
v -0.248006 0.811535 2.611486
v -0.247667 0.815803 2.511332
v -0.473519 0.796656 2.718184
v -0.476233 0.804558 2.625514
v -0.473519 0.809329 2.534010
v -0.657871 0.790441 2.718950
v -0.666746 0.797607 2.638808
v -0.657871 0.802498 2.557268
v -0.130689 0.878330 2.397330
v -0.139382 0.885653 2.334255
v -0.143939 0.895900 2.271717
v -0.109006 0.882484 2.422401
v -0.115771 0.890260 2.363824
v -0.120427 0.899611 2.299694
v -0.088482 0.884329 2.430150
v -0.093821 0.891895 2.375589
v -0.097990 0.900429 2.314565
v -0.118852 0.996577 1.591161
v -0.171674 0.972480 1.712154
v -0.173948 0.981314 1.632875
v -0.178508 0.992379 1.558145
v -0.128796 1.005370 1.517841
v -0.067168 1.011196 1.494340
v -0.058727 1.004766 1.546165
v -0.044340 1.000177 1.584946
v -0.080728 0.995338 1.621217
v -0.099851 0.986814 1.686363
v -0.134513 0.983893 1.685565
v -0.066191 0.816474 2.894788
v -0.084586 0.820597 2.796588
v -0.072626 0.827745 2.810888
v -0.063190 0.831742 2.804769
v -0.059863 0.824902 2.858684
v -0.055459 0.820642 2.894278
v -0.055794 0.815345 2.926637
v -0.051762 0.807485 2.964110
v -0.058794 0.804353 2.955331
v -0.064786 0.796239 2.961266
v -0.070969 0.802447 2.930845
v -0.078026 0.801200 2.905554
v -0.079184 0.811046 2.863523
v -0.031399 1.525367 3.167616
v -0.030599 1.532019 3.134665
v -0.029902 1.538411 3.100155
v -0.022121 1.560527 3.191492
v -0.021562 1.567856 3.159779
v -0.021060 1.574339 3.126262
v -0.011417 1.573480 3.200289
v -0.011130 1.581060 3.169032
v -0.010868 1.587575 3.135881
v -0.124730 0.939662 2.016382
v -0.152905 0.917649 2.115728
v -0.159316 0.930713 2.011055
v -0.165027 0.947447 1.899437
v -0.134765 0.956832 1.887905
v -0.106334 0.962626 1.867016
v -0.099823 0.949938 1.960056
v -0.088021 0.940526 2.029516
v -0.098557 0.932368 2.086275
v -0.102004 0.921390 2.164189
v -0.126431 0.922895 2.133332
v -0.082946 0.858277 2.594369
v -0.101693 0.842512 2.625744
v -0.109553 0.854156 2.548383
v -0.115552 0.864191 2.495639
v -0.093472 0.867485 2.528229
v -0.075605 0.870414 2.528228
v -0.068020 0.864381 2.570616
v -0.059706 0.860336 2.600030
v -0.065488 0.855133 2.634342
v -0.066858 0.847808 2.684977
v -0.081710 0.847127 2.664876
v -0.034089 1.449426 3.291444
v -0.034151 1.488943 3.299695
v -0.033288 1.513013 3.296219
v -0.024625 1.473362 3.312190
v -0.024450 1.513069 3.319355
v -0.023974 1.532822 3.311064
v -0.012907 1.482282 3.320065
v -0.012749 1.522022 3.326654
v -0.012541 1.540370 3.316593
v -0.029214 1.544755 3.032862
v -0.028918 1.544206 3.004372
v -0.028292 1.540961 2.981010
v -0.020528 1.579116 3.061403
v -0.020414 1.575275 3.031640
v -0.020258 1.565864 3.002615
v -0.010581 1.591782 3.071919
v -0.010556 1.586776 3.041691
v -0.010565 1.575253 3.010659
v -0.020455 0.989982 1.685375
v -0.033381 0.989896 1.704136
v -0.024241 0.990016 1.679133
v -0.012808 0.990952 1.663279
v -0.011830 0.990274 1.678826
v -0.012808 0.991248 1.698051
v -0.024242 0.990728 1.701553
v -0.042522 1.074650 2.243251
v -0.042309 1.070929 2.189416
v -0.041926 1.068207 2.131778
v -0.029999 1.082683 2.243865
v -0.029832 1.078710 2.190536
v -0.029550 1.075472 2.133453
v -0.015495 1.085642 2.244092
v -0.015403 1.081577 2.190949
v -0.015255 1.078148 2.134069
v -0.061503 0.886136 2.427314
v -0.065155 0.892689 2.378932
v -0.068244 0.899868 2.326223
v -0.056107 0.892724 2.428236
v -0.059425 0.897959 2.380510
v -0.062293 0.904036 2.329204
v -0.054068 0.910282 2.432947
v -0.057258 0.912365 2.384011
v -0.060058 0.916039 2.332362
v -0.041978 0.808691 2.984727
v -0.046505 0.813013 2.955246
v -0.049172 0.817153 2.923985
v -0.039462 0.808889 2.987643
v -0.043902 0.812495 2.959382
v -0.046862 0.816858 2.927059
v -0.037143 0.808921 2.986185
v -0.040972 0.811977 2.959382
v -0.043412 0.816493 2.927102
v -0.068336 0.947819 1.980228
v -0.069898 0.957349 1.911401
v -0.069377 0.967562 1.836830
v -0.063640 0.950848 1.975706
v -0.063756 0.960583 1.903234
v -0.061919 0.970087 1.830345
v -0.061868 0.957598 1.973974
v -0.061450 0.966831 1.899407
v -0.058999 0.975073 1.826637
v -0.010350 0.796367 3.032103
v -0.020043 0.797735 3.029706
v -0.028552 0.800563 3.022736
v -0.009511 0.801456 3.031607
v -0.018526 0.802116 3.029259
v -0.026618 0.803574 3.022595
v -0.009361 0.803613 3.024305
v -0.018130 0.804079 3.022390
v -0.025781 0.805053 3.016709
v -0.071108 0.915719 2.210953
v -0.070356 0.923835 2.152431
v -0.068393 0.931598 2.096633
v -0.064956 0.917762 2.220698
v -0.064633 0.925191 2.164561
v -0.063744 0.933017 2.106499
v -0.062678 0.926340 2.225466
v -0.062505 0.932741 2.169846
v -0.061979 0.940050 2.110556
v -0.034406 1.000414 3.011705
v -0.035090 1.162606 3.120057
v -0.034583 1.292960 3.205848
v -0.025037 0.996358 3.014271
v -0.025235 1.159481 3.125150
v -0.025035 1.298050 3.216346
v -0.013185 0.995246 3.015292
v -0.013197 1.158822 3.127289
v -0.013136 1.300780 3.220854
v -0.041892 1.058364 1.815148
v -0.042706 1.053242 1.791656
v -0.042324 1.047082 1.774201
v -0.030245 1.061168 1.806123
v -0.030607 1.056363 1.781824
v -0.030560 1.049873 1.765416
v -0.015845 1.062252 1.802814
v -0.015969 1.057525 1.778174
v -0.016012 1.050902 1.762019
v -0.032572 1.522808 3.267332
v -0.032960 1.518407 3.246141
v -0.032791 1.517294 3.223207
v -0.023362 1.543831 3.278654
v -0.023313 1.545715 3.261309
v -0.023076 1.548826 3.242200
v -0.012196 1.551790 3.283021
v -0.012068 1.555841 3.266970
v -0.011904 1.560451 3.249206
v -0.034522 1.149940 2.509032
v -0.035081 1.134530 2.486547
v -0.035118 1.123708 2.466095
v -0.024192 1.159835 2.512469
v -0.024661 1.144128 2.492781
v -0.025040 1.130877 2.472113
v -0.012450 1.163480 2.513731
v -0.012723 1.147658 2.495052
v -0.013031 1.133523 2.474298
v -0.028507 1.500203 2.919531
v -0.029046 1.464826 2.878347
v -0.028774 1.431782 2.839134
v -0.020457 1.519562 2.933336
v -0.020681 1.484468 2.892039
v -0.020658 1.447046 2.849438
v -0.010681 1.527102 2.938792
v -0.010752 1.491812 2.897159
v -0.010790 1.452637 2.853129
v -0.046287 1.083330 2.865214
v -0.045050 1.085989 2.823720
v -0.044186 1.091504 2.783238
v -0.045410 1.217677 2.957937
v -0.044202 1.219885 2.916459
v -0.043323 1.225576 2.875403
v -0.043058 1.349275 3.047942
v -0.041928 1.352716 3.009078
v -0.041050 1.358671 2.969866
v -0.037253 1.104398 2.417640
v -0.039478 1.094131 2.383217
v -0.041220 1.085868 2.341219
v -0.026785 1.109254 2.417976
v -0.028094 1.100449 2.381927
v -0.029173 1.093291 2.340116
v -0.013992 1.111139 2.418295
v -0.014586 1.102814 2.381533
v -0.015095 1.096030 2.339719
v -0.029033 1.362759 2.760474
v -0.029626 1.325989 2.718476
v -0.029498 1.294625 2.678985
v -0.020869 1.369425 2.761048
v -0.021135 1.332023 2.716981
v -0.021210 1.298282 2.675596
v -0.010906 1.372155 2.761500
v -0.010999 1.334296 2.716432
v -0.011088 1.299499 2.674094
v -0.041778 1.065048 2.004214
v -0.041732 1.064240 1.941380
v -0.041191 1.063538 1.887933
v -0.029448 1.070759 2.007862
v -0.029590 1.068922 1.944619
v -0.029638 1.067044 1.887760
v -0.015205 1.072864 2.009189
v -0.015339 1.070654 1.945680
v -0.015501 1.068364 1.887370
v -0.030268 1.244898 2.618446
v -0.031548 1.220691 2.592453
v -0.032647 1.194916 2.563668
v -0.021814 1.242784 2.607814
v -0.022457 1.219598 2.580835
v -0.023067 1.197928 2.555905
v -0.011414 1.242096 2.603918
v -0.011663 1.219241 2.576582
v -0.011925 1.199044 2.553048
v -0.094763 0.745713 2.821824
v -0.104224 0.720767 2.715522
v -0.108546 0.753914 2.716556
v -0.105231 0.784090 2.737881
v -0.093725 0.776640 2.824932
v -0.087571 0.775010 2.877234
v -0.088944 0.755697 2.875131
v -0.088436 0.742768 2.882333
v -0.089807 0.730835 2.862080
v -0.088667 0.712119 2.848323
v -0.093538 0.715651 2.801196
v -0.060052 1.021688 1.888773
v -0.061564 0.990530 1.972089
v -0.061128 0.996939 1.895698
v -0.058596 1.000193 1.828003
v -0.057954 1.017646 1.824046
v -0.055524 1.031795 1.807415
v -0.056869 1.037755 1.840657
v -0.054766 1.047624 1.866747
v -0.056938 1.041012 1.917426
v -0.057319 1.036381 1.985407
v -0.060476 1.014237 1.974582
v -0.062142 0.971376 2.232718
v -0.062031 0.973302 2.175778
v -0.061588 0.977447 2.114757
v -0.061013 1.003601 2.236951
v -0.060900 1.002897 2.179759
v -0.060465 1.004819 2.118449
v -0.057999 1.034324 2.240058
v -0.057837 1.031963 2.183824
v -0.057392 1.031845 2.123557
v -0.048114 1.256863 3.107024
v -0.046396 1.054203 3.006090
v -0.048864 1.085426 2.990466
v -0.048902 1.090014 2.953482
v -0.047936 1.231439 3.047966
v -0.045269 1.358454 3.127415
v -0.045360 1.382693 3.172846
v -0.043701 1.430519 3.224572
v -0.045638 1.369116 3.201846
v -0.044803 1.323085 3.193499
v -0.046550 1.204837 3.108458
v -0.042746 1.003440 1.747421
v -0.029970 1.004319 1.734419
v -0.015423 1.004704 1.729407
v -0.043221 1.016412 1.755653
v -0.030690 1.016659 1.742769
v -0.015914 1.016809 1.737941
v -0.042482 1.028908 1.759097
v -0.030648 1.029528 1.748515
v -0.016049 1.029845 1.744514
v -0.054679 1.038487 2.413911
v -0.053324 0.996745 2.457850
v -0.056461 0.984229 2.400855
v -0.059358 0.976061 2.343982
v -0.058250 1.016234 2.349028
v -0.055615 1.048359 2.347072
v -0.052644 1.064169 2.394921
v -0.048477 1.087937 2.430505
v -0.049608 1.085147 2.452518
v -0.048464 1.099083 2.491011
v -0.051902 1.053485 2.474826
v -0.043579 1.252293 2.729720
v -0.044339 1.103864 2.700464
v -0.045562 1.095509 2.649259
v -0.047649 1.058413 2.583475
v -0.046632 1.141594 2.611554
v -0.044357 1.177395 2.600890
v -0.042163 1.229630 2.654231
v -0.039441 1.265211 2.676555
v -0.040226 1.296592 2.725901
v -0.038481 1.351222 2.777368
v -0.039723 1.368350 2.811188
v -0.038097 1.429458 2.876585
v -0.040134 1.389960 2.865739
v -0.040578 1.372416 2.890248
v -0.043222 1.240587 2.788656
v -0.027921 0.807557 2.983266
v -0.030125 0.809687 2.954555
v -0.031753 0.812318 2.919530
v -0.019915 0.806375 2.983474
v -0.021506 0.807999 2.951608
v -0.023073 0.809801 2.913879
v -0.010353 0.805488 2.982745
v -0.011199 0.806517 2.948637
v -0.012143 0.807262 2.908101
v 0.207953 0.618083 1.331347
v 0.147258 0.613909 1.328888
v 0.076221 0.612636 1.328030
v 0.200788 0.618614 1.400997
v 0.143171 0.615990 1.391630
v 0.074422 0.615421 1.388345
v 0.190275 0.619781 1.468412
v 0.137379 0.618303 1.458465
v 0.071945 0.618247 1.455067
v 0.207996 0.612635 0.986894
v 0.146798 0.604497 1.030897
v 0.075839 0.601501 1.047108
v 0.212151 0.616053 1.074134
v 0.149428 0.607200 1.111331
v 0.077112 0.603956 1.125037
v 0.213325 0.617572 1.165762
v 0.150314 0.609670 1.190014
v 0.077586 0.606818 1.198956
v 0.210285 0.742228 -0.611910
v 0.251381 0.758927 -0.513059
v 0.251267 0.768993 -0.592966
v 0.255436 0.780025 -0.659310
v 0.226250 0.759018 -0.673801
v 0.200027 0.747331 -0.698191
v 0.181820 0.735171 -0.668613
v 0.156893 0.722038 -0.649751
v 0.170678 0.720008 -0.594022
v 0.176774 0.713116 -0.518003
v 0.214873 0.733557 -0.519569
v 0.086700 1.243621 -0.422295
v 0.165532 1.240900 -0.425220
v 0.229348 1.233782 -0.433135
v 0.087228 1.241629 -0.405369
v 0.167858 1.238358 -0.408491
v 0.235619 1.229566 -0.416991
v 0.087595 1.241571 -0.387827
v 0.169264 1.238026 -0.389699
v 0.239122 1.228416 -0.394782
v 0.255245 0.710047 -0.101673
v 0.254863 0.725039 -0.225023
v 0.254200 0.737715 -0.330562
v 0.219679 0.686597 -0.117143
v 0.219065 0.700415 -0.231931
v 0.218293 0.712649 -0.334686
v 0.181195 0.667971 -0.133407
v 0.180449 0.680589 -0.238284
v 0.179756 0.692390 -0.337017
v 0.335282 0.879420 -0.039758
v 0.335803 0.896465 -0.188832
v 0.334887 0.904943 -0.303540
v 0.324049 0.816335 -0.053046
v 0.324443 0.834302 -0.199735
v 0.323776 0.846630 -0.312806
v 0.307914 0.771508 -0.068962
v 0.308096 0.788963 -0.209088
v 0.307578 0.802390 -0.319679
v 0.106038 0.644649 -0.157472
v 0.104571 0.655458 -0.246838
v 0.103945 0.666625 -0.338701
v 0.070914 0.638584 -0.160319
v 0.069068 0.649179 -0.247836
v 0.068446 0.660295 -0.338903
v 0.035893 0.634848 -0.156053
v 0.034356 0.645861 -0.246609
v 0.033970 0.657148 -0.338771
v 0.233758 1.277385 -0.275550
v 0.168128 1.279661 -0.286581
v 0.087895 1.280608 -0.290619
v 0.239105 1.261343 -0.301520
v 0.169714 1.264720 -0.314083
v 0.088016 1.266009 -0.318685
v 0.241065 1.245275 -0.333307
v 0.170240 1.251415 -0.341701
v 0.087987 1.253683 -0.344791
v 0.234596 1.357949 -0.078699
v 0.168954 1.366210 -0.074230
v 0.088397 1.369378 -0.072425
v 0.237626 1.349753 -0.100602
v 0.169837 1.359280 -0.096277
v 0.088476 1.362848 -0.094662
v 0.234379 1.344459 -0.122566
v 0.168795 1.352871 -0.119374
v 0.088312 1.356040 -0.118278
v 0.283430 0.892177 -0.859814
v 0.302305 0.941905 -0.774978
v 0.293242 0.949636 -0.839040
v 0.283321 0.962844 -0.891396
v 0.276670 0.922504 -0.905606
v 0.262382 0.899752 -0.923169
v 0.261773 0.882700 -0.904209
v 0.248502 0.867531 -0.904084
v 0.260831 0.863733 -0.884143
v 0.262085 0.847755 -0.867469
v 0.280090 0.854196 -0.832543
v 0.290268 0.853618 -0.778040
v 0.297430 0.892345 -0.782236
v 0.235746 0.786222 -0.807636
v 0.260982 0.798618 -0.767267
v 0.257448 0.805588 -0.811829
v 0.246916 0.811621 -0.846780
v 0.233545 0.799089 -0.842709
v 0.216578 0.792317 -0.844476
v 0.215122 0.782037 -0.823800
v 0.198090 0.770146 -0.806896
v 0.209381 0.768210 -0.789003
v 0.213534 0.763717 -0.761688
v 0.238649 0.778888 -0.764960
v 0.328793 0.916894 -0.481193
v 0.323729 0.924416 -0.559311
v 0.317468 0.930699 -0.633675
v 0.319153 0.865287 -0.489373
v 0.315314 0.873969 -0.567438
v 0.310584 0.881470 -0.641204
v 0.304231 0.823469 -0.496647
v 0.301789 0.832755 -0.574581
v 0.299189 0.841174 -0.646458
v 0.103247 0.687649 -0.512127
v 0.102372 0.696601 -0.584480
v 0.101430 0.704371 -0.641723
v 0.068274 0.681435 -0.511097
v 0.068691 0.691030 -0.584406
v 0.070297 0.700322 -0.645559
v 0.033974 0.678362 -0.510734
v 0.034513 0.688222 -0.584570
v 0.036035 0.698128 -0.647524
v 0.326777 1.146499 -0.520610
v 0.322530 1.178621 -0.420829
v 0.314736 1.186401 -0.462268
v 0.299235 1.205297 -0.474051
v 0.306040 1.195170 -0.506255
v 0.293756 1.205487 -0.535204
v 0.305071 1.186030 -0.563850
v 0.303973 1.174887 -0.612607
v 0.320319 1.125976 -0.606087
v 0.324315 1.059348 -0.612432
v 0.332419 1.060054 -0.536406
v 0.339018 1.056780 -0.457640
v 0.336489 1.128894 -0.441286
v 0.221338 0.973267 -1.008721
v 0.253121 0.990938 -0.971712
v 0.233495 1.006208 -1.002183
v 0.215941 1.024986 -1.024304
v 0.204379 1.006829 -1.031286
v 0.187327 1.003289 -1.040708
v 0.190338 0.985994 -1.031651
v 0.179182 0.974894 -1.029530
v 0.201009 0.958466 -1.013212
v 0.210105 0.938165 -0.999029
v 0.227721 0.937596 -0.990665
v 0.243258 0.928894 -0.972679
v 0.248650 0.956724 -0.974868
v 0.148223 0.992091 -1.051152
v 0.155400 1.000815 -1.052844
v 0.158843 1.012063 -1.055684
v 0.142406 0.995095 -1.055714
v 0.145643 1.004779 -1.058010
v 0.148724 1.017133 -1.060038
v 0.133480 0.997615 -1.059175
v 0.135568 1.007363 -1.061147
v 0.138162 1.020695 -1.062339
v 0.103113 0.734436 -0.758720
v 0.044323 0.719963 -0.734759
v 0.084509 0.720917 -0.728506
v 0.115298 0.721453 -0.712733
v 0.134386 0.731829 -0.733701
v 0.160335 0.741945 -0.747841
v 0.146306 0.745104 -0.769555
v 0.139582 0.751675 -0.788721
v 0.099344 0.746324 -0.785522
v 0.051400 0.744047 -0.785391
v 0.049649 0.732029 -0.762637
v 0.291114 1.152659 -0.800484
v 0.291076 1.177171 -0.714441
v 0.281873 1.188911 -0.749693
v 0.266477 1.206199 -0.762474
v 0.270954 1.196357 -0.793441
v 0.258382 1.204607 -0.821935
v 0.269086 1.187227 -0.840879
v 0.267658 1.175973 -0.875411
v 0.283053 1.133721 -0.865793
v 0.287483 1.075793 -0.869406
v 0.297822 1.074719 -0.812504
v 0.307020 1.067157 -0.750234
v 0.303685 1.130574 -0.735127
v 0.060429 1.224841 -0.998152
v 0.057639 1.219575 -1.012441
v 0.054373 1.208031 -1.025529
v 0.115564 1.222973 -0.997813
v 0.111342 1.217404 -1.011888
v 0.105456 1.205889 -1.025119
v 0.160777 1.217557 -0.996778
v 0.157469 1.210730 -1.010403
v 0.149995 1.198912 -1.024119
v 0.110467 1.076469 -1.059358
v 0.118507 1.113018 -1.054104
v 0.128675 1.149068 -1.046600
v 0.078714 1.076061 -1.059396
v 0.083648 1.115487 -1.053852
v 0.090633 1.153838 -1.046381
v 0.041248 1.071324 -1.059914
v 0.043233 1.114549 -1.053939
v 0.046773 1.154825 -1.046362
v 0.151314 1.063986 -1.060322
v 0.162190 1.052200 -1.059756
v 0.170726 1.037722 -1.056712
v 0.162949 1.092007 -1.055804
v 0.173958 1.073894 -1.055636
v 0.182183 1.052816 -1.052611
v 0.176945 1.119709 -1.047905
v 0.188001 1.095939 -1.047747
v 0.195054 1.070061 -1.045208
v 0.089589 1.012016 -1.064805
v 0.100512 1.002592 -1.063741
v 0.105207 1.010494 -1.064258
v 0.105521 1.023597 -1.064068
v 0.083311 1.021697 -1.064600
v 0.059461 1.015108 -1.065234
v 0.079255 1.006736 -1.064884
v 0.239105 1.141504 -0.988417
v 0.249020 1.172065 -0.945758
v 0.235326 1.179205 -0.970937
v 0.217980 1.193502 -0.985920
v 0.218845 1.175360 -1.001075
v 0.208091 1.160236 -1.019300
v 0.221091 1.127621 -1.016562
v 0.224866 1.089187 -1.016902
v 0.242154 1.088091 -0.992380
v 0.259471 1.082196 -0.959416
v 0.257991 1.131885 -0.952776
v 0.220098 1.234133 -0.565285
v 0.158180 1.241101 -0.569262
v 0.082673 1.243749 -0.570600
v 0.222700 1.230513 -0.594585
v 0.157790 1.239550 -0.599768
v 0.081759 1.242906 -0.601618
v 0.221832 1.228039 -0.627138
v 0.156419 1.238420 -0.630024
v 0.080777 1.242248 -0.631079
v 0.235055 1.390161 -0.008379
v 0.169321 1.400895 0.002179
v 0.088600 1.404988 0.006276
v 0.238054 1.378270 -0.026426
v 0.170177 1.390122 -0.015386
v 0.088663 1.394553 -0.011258
v 0.234799 1.371379 -0.042757
v 0.169121 1.381248 -0.033889
v 0.088489 1.384949 -0.030620
v 0.343183 1.242468 -0.137602
v 0.330681 1.294199 0.052551
v 0.326136 1.318173 -0.032878
v 0.310761 1.347497 -0.043487
v 0.320444 1.319998 -0.079325
v 0.309746 1.326449 -0.088417
v 0.319992 1.303308 -0.121270
v 0.309348 1.306051 -0.146337
v 0.319728 1.282902 -0.174072
v 0.309394 1.274645 -0.216586
v 0.324553 1.246857 -0.233723
v 0.328224 1.212117 -0.291773
v 0.344319 1.166325 -0.270030
v 0.347157 1.077785 -0.274613
v 0.348716 1.092596 -0.153928
v 0.348260 1.078875 -0.000869
v 0.346004 1.197594 0.024711
v 0.234132 1.328350 -0.168252
v 0.168592 1.334824 -0.170651
v 0.088200 1.337347 -0.171415
v 0.237108 1.315703 -0.194937
v 0.169424 1.322376 -0.199144
v 0.088249 1.324870 -0.200724
v 0.233784 1.303717 -0.224034
v 0.168320 1.309013 -0.228923
v 0.088050 1.310953 -0.230935
v 0.191438 1.228720 -0.854086
v 0.136985 1.234643 -0.859480
v 0.071410 1.236898 -0.861422
v 0.194481 1.224960 -0.873806
v 0.137384 1.232628 -0.879826
v 0.071064 1.235476 -0.882015
v 0.194358 1.221735 -0.895219
v 0.136866 1.230673 -0.899235
v 0.070628 1.233968 -0.900710
v 0.201267 1.231944 -0.760824
v 0.145267 1.237966 -0.757825
v 0.076115 1.240258 -0.756542
v 0.200998 1.230214 -0.785841
v 0.143642 1.237088 -0.784264
v 0.074826 1.239663 -0.783677
v 0.195415 1.230705 -0.811187
v 0.140390 1.236706 -0.811373
v 0.073333 1.238985 -0.811593
v 0.156522 0.933047 -1.002850
v 0.144965 0.950365 -1.017029
v 0.126521 0.969519 -1.033762
v 0.113698 0.931438 -1.003260
v 0.103103 0.950464 -1.018898
v 0.089299 0.971971 -1.036786
v 0.059851 0.931462 -1.003928
v 0.053589 0.951928 -1.020733
v 0.046183 0.975663 -1.040128
v 0.186917 1.218534 -0.937357
v 0.132706 1.227660 -0.935759
v 0.068786 1.231023 -0.935175
v 0.180266 1.218821 -0.955297
v 0.129032 1.226727 -0.952589
v 0.067215 1.229645 -0.951621
v 0.171418 1.220108 -0.970401
v 0.124238 1.226082 -0.968287
v 0.065203 1.228300 -0.967572
v 0.227148 1.236548 -0.466888
v 0.163911 1.243865 -0.462902
v 0.085857 1.246649 -0.461272
v 0.228743 1.235207 -0.489637
v 0.163782 1.243393 -0.486221
v 0.085406 1.246458 -0.484951
v 0.224025 1.236004 -0.514110
v 0.161559 1.243037 -0.511932
v 0.084584 1.245704 -0.511239
v 0.216257 1.227889 -0.685557
v 0.153166 1.237792 -0.679837
v 0.079289 1.241443 -0.677730
v 0.212235 1.229848 -0.706608
v 0.151418 1.238139 -0.698443
v 0.078747 1.241215 -0.695446
v 0.205819 1.232376 -0.723062
v 0.148849 1.238639 -0.715521
v 0.078050 1.241013 -0.712735
v 0.160490 0.788568 -0.852614
v 0.115667 0.788631 -0.855828
v 0.060583 0.788704 -0.857134
v 0.156200 0.779287 -0.837529
v 0.111062 0.778652 -0.840243
v 0.057697 0.778385 -0.841290
v 0.147557 0.769418 -0.821524
v 0.105311 0.768014 -0.823113
v 0.054797 0.767332 -0.823749
v 0.193380 0.880251 -0.946492
v 0.136726 0.876548 -0.951096
v 0.070711 0.875181 -0.952793
v 0.191581 0.871306 -0.936906
v 0.135777 0.868813 -0.943098
v 0.070354 0.867870 -0.945382
v 0.186370 0.863014 -0.930479
v 0.133716 0.861125 -0.935863
v 0.069804 0.860368 -0.937866
v 0.183815 0.818399 -0.886584
v 0.130247 0.819697 -0.894361
v 0.067440 0.820174 -0.897226
v 0.178518 0.810607 -0.880044
v 0.127743 0.812711 -0.887348
v 0.066537 0.813476 -0.890039
v 0.170748 0.803630 -0.873406
v 0.123947 0.805524 -0.879260
v 0.065117 0.806206 -0.881438
v 0.176931 0.625149 1.622757
v 0.126437 0.624275 1.631586
v 0.065907 0.624417 1.634370
v 0.173515 0.630051 1.719318
v 0.121562 0.628062 1.737845
v 0.062612 0.627714 1.744490
v 0.166611 0.636705 1.824441
v 0.115618 0.632313 1.847515
v 0.059181 0.630959 1.856020
v 0.174631 0.910433 -0.983532
v 0.128463 0.905049 -0.980905
v 0.067977 0.903194 -0.980064
v 0.183742 0.903590 -0.975965
v 0.133221 0.897047 -0.973284
v 0.069882 0.894681 -0.972340
v 0.189382 0.896669 -0.967383
v 0.135706 0.890379 -0.966317
v 0.070695 0.888067 -0.965930
v 0.184669 0.850534 -0.917835
v 0.132300 0.847292 -0.921873
v 0.069017 0.846095 -0.923439
v 0.188328 0.844381 -0.909452
v 0.133036 0.840796 -0.914710
v 0.068815 0.839478 -0.916676
v 0.188937 0.836192 -0.901229
v 0.132832 0.833861 -0.907735
v 0.068485 0.833003 -0.910136
v 0.227698 1.094753 1.090360
v 0.164117 1.092636 1.107852
v 0.085897 1.091749 1.114656
v 0.232499 1.109442 1.057196
v 0.166382 1.108036 1.076146
v 0.086736 1.107512 1.083247
v 0.230765 1.124659 1.031116
v 0.166457 1.124251 1.046701
v 0.087172 1.124184 1.052475
v 0.044632 0.610431 0.081061
v 0.074469 0.610299 0.110957
v 0.053741 0.611687 0.063569
v 0.028721 0.613233 0.032552
v 0.025595 0.610832 0.069651
v 0.028451 0.608909 0.119200
v 0.053897 0.609153 0.119524
v 0.051771 0.826040 2.861529
v 0.050113 0.834188 2.862339
v 0.047930 0.857402 2.876243
v 0.052393 0.831225 2.826345
v 0.050627 0.844625 2.829204
v 0.049491 0.880657 2.851542
v 0.052298 0.836681 2.785803
v 0.050121 0.851590 2.791536
v 0.049251 0.891055 2.817062
v 0.050859 0.848295 2.698824
v 0.047742 0.861608 2.710332
v 0.046590 0.898515 2.736793
v 0.049677 0.853961 2.658676
v 0.046529 0.866938 2.671253
v 0.045355 0.903327 2.697588
v 0.048222 0.858945 2.624256
v 0.045533 0.872155 2.635128
v 0.044499 0.908671 2.660177
v 0.192472 1.003440 1.472489
v 0.142105 1.017336 1.425567
v 0.075308 1.022768 1.406446
v 0.201162 1.004466 1.446976
v 0.147093 1.020599 1.398026
v 0.077495 1.026635 1.379467
v 0.208891 1.010228 1.403424
v 0.150738 1.024579 1.371026
v 0.078819 1.029877 1.359025
v 0.232230 1.152403 0.977996
v 0.167655 1.155395 0.987100
v 0.087834 1.156460 0.990716
v 0.235689 1.166597 0.947072
v 0.168894 1.170398 0.956188
v 0.088111 1.171823 0.959604
v 0.232959 1.182507 0.919710
v 0.168157 1.186129 0.926508
v 0.088091 1.187581 0.928939
v 0.243848 1.408472 0.080550
v 0.172379 1.430435 0.085717
v 0.089142 1.438154 0.087578
v 0.241375 1.409338 0.035421
v 0.171511 1.427221 0.048260
v 0.089000 1.433538 0.052980
v 0.235655 1.407704 0.016151
v 0.169641 1.420817 0.029152
v 0.088727 1.425545 0.034024
v 0.148387 0.654092 2.021810
v 0.103215 0.641296 2.039264
v 0.052897 0.636636 2.045727
v 0.138316 0.659780 2.106848
v 0.097118 0.644550 2.117984
v 0.050051 0.638913 2.122277
v 0.126896 0.659308 2.186434
v 0.090494 0.645962 2.193874
v 0.047059 0.640906 2.197045
v 0.092629 0.619296 0.016484
v 0.113067 0.626636 -0.005082
v 0.084278 0.622839 -0.022996
v 0.059291 0.619480 -0.018347
v 0.080750 0.616447 0.028204
v 0.105639 0.615693 0.077909
v 0.113724 0.620323 0.047162
v 0.056230 0.985390 1.702953
v 0.047327 0.985504 1.706562
v 0.043238 0.986677 1.707815
v 0.041896 0.991366 1.656391
v 0.034038 0.990594 1.664109
v 0.030382 0.990417 1.668757
v 0.022378 0.994970 1.627793
v 0.017791 0.993803 1.637473
v 0.015657 0.993024 1.644224
v 0.163591 0.603529 0.666160
v 0.119348 0.601289 0.698200
v 0.062834 0.600447 0.709888
v 0.178195 0.604110 0.742830
v 0.128535 0.600772 0.785161
v 0.067219 0.599537 0.800656
v 0.190859 0.605790 0.821878
v 0.136310 0.601001 0.868319
v 0.070880 0.599236 0.885417
v 0.333232 1.122559 0.848610
v 0.342434 1.021535 0.467401
v 0.334938 0.980307 0.766413
v 0.320544 0.917537 1.048363
v 0.315867 0.996488 1.117049
v 0.299383 1.025016 1.199061
v 0.304889 1.069217 1.089546
v 0.292226 1.075775 1.103420
v 0.306247 1.092340 1.027837
v 0.298614 1.097624 1.030782
v 0.311588 1.116371 0.965310
v 0.303718 1.133574 0.953425
v 0.314177 1.148178 0.903018
v 0.305268 1.174525 0.878527
v 0.314927 1.185143 0.841184
v 0.305889 1.225544 0.799386
v 0.315570 1.230030 0.755526
v 0.307068 1.280209 0.650432
v 0.321481 1.252522 0.587260
v 0.327711 1.255862 0.404892
v 0.341323 1.143997 0.474578
v 0.218737 1.058465 1.204183
v 0.156778 1.053472 1.231603
v 0.081795 1.051546 1.242183
v 0.224074 1.065771 1.171046
v 0.159552 1.060277 1.200587
v 0.082948 1.058226 1.211648
v 0.223418 1.073369 1.145997
v 0.160588 1.068616 1.170340
v 0.083942 1.066852 1.179425
v 0.233252 1.212813 0.868744
v 0.168394 1.220104 0.869356
v 0.088221 1.222777 0.869728
v 0.236416 1.230146 0.840623
v 0.169448 1.239416 0.840457
v 0.088410 1.242896 0.840391
v 0.233615 1.252494 0.811264
v 0.168675 1.261283 0.810442
v 0.088375 1.264734 0.809982
v 0.000000 0.785345 2.852274
v 0.000000 0.785372 2.852276
v 0.000000 0.785438 2.852281
v 0.000000 0.767457 2.850791
v 0.000000 0.767674 2.850810
v 0.000000 0.768203 2.850854
v 0.000000 0.749607 2.849313
v 0.000000 0.750288 2.849369
v 0.000000 0.752002 2.849511
v 0.219381 1.034065 1.299082
v 0.154879 1.035385 1.318598
v 0.080034 1.035870 1.325797
v 0.219828 1.045109 1.263212
v 0.155239 1.040650 1.296741
v 0.080284 1.038995 1.309167
v 0.215968 1.050124 1.246764
v 0.154382 1.044492 1.278829
v 0.080434 1.042366 1.290918
v 0.088711 1.361413 0.636700
v 0.169279 1.355252 0.640057
v 0.234359 1.339262 0.648116
v 0.088750 1.337110 0.696238
v 0.170063 1.330727 0.699914
v 0.237177 1.313656 0.709565
v 0.088550 1.312370 0.741289
v 0.168990 1.307241 0.744057
v 0.233997 1.293410 0.751813
v 0.089169 1.431555 0.236799
v 0.172273 1.421994 0.246621
v 0.243289 1.395033 0.273217
v 0.089059 1.419859 0.345089
v 0.171370 1.410621 0.357948
v 0.240528 1.384828 0.393226
v 0.088822 1.403782 0.456710
v 0.169573 1.396266 0.466225
v 0.234935 1.375707 0.492944
v 0.312885 0.714569 0.704886
v 0.305150 0.719486 0.338102
v 0.298812 0.686355 0.572485
v 0.283461 0.653844 0.763073
v 0.291768 0.662397 0.884426
v 0.292549 0.659010 1.047064
v 0.309506 0.698503 0.982065
v 0.317177 0.753807 0.969966
v 0.324847 0.786547 0.698871
v 0.330161 0.822048 0.414885
v 0.319930 0.759084 0.391694
v 0.217459 0.632604 0.329855
v 0.183241 0.640692 0.094011
v 0.179077 0.627852 0.190878
v 0.164361 0.618314 0.239473
v 0.189335 0.618194 0.358721
v 0.198957 0.613441 0.491168
v 0.223767 0.620510 0.523248
v 0.248112 0.629874 0.587567
v 0.253945 0.648931 0.407769
v 0.255684 0.670844 0.220626
v 0.221026 0.653042 0.162137
v 0.210918 0.832731 2.020488
v 0.271698 0.809732 1.582114
v 0.241078 0.766975 1.807960
v 0.214773 0.718842 1.928844
v 0.194350 0.737027 2.060189
v 0.168443 0.716567 2.188891
v 0.168107 0.745234 2.250998
v 0.147073 0.742712 2.412374
v 0.159658 0.788865 2.370572
v 0.147073 0.816792 2.449830
v 0.166181 0.839152 2.316953
v 0.163948 0.857849 2.311743
v 0.183083 0.863054 2.191379
v 0.185163 0.883659 2.132231
v 0.200603 0.888119 2.011450
v 0.206693 0.918231 1.879207
v 0.218308 0.914148 1.816442
v 0.226889 0.943416 1.683440
v 0.238571 0.923293 1.696548
v 0.260354 0.937234 1.560809
v 0.262694 0.876255 1.631282
v 0.279743 0.641918 1.346812
v 0.265909 0.635290 1.456119
v 0.244986 0.630472 1.540518
v 0.290394 0.665566 1.372003
v 0.273254 0.652837 1.510386
v 0.249225 0.642355 1.612091
v 0.289746 0.700130 1.420947
v 0.268948 0.679432 1.586659
v 0.243050 0.660738 1.703483
v 0.111407 0.663531 2.338880
v 0.077911 0.650591 2.364038
v 0.040143 0.645664 2.373020
v 0.105073 0.669663 2.430636
v 0.071655 0.654492 2.463959
v 0.036358 0.648854 2.476120
v 0.094654 0.671942 2.542241
v 0.064561 0.657800 2.570484
v 0.032738 0.652597 2.580987
v 0.052472 0.603004 0.500028
v 0.100526 0.603720 0.495746
v 0.140512 0.605588 0.486108
v 0.046651 0.604365 0.386956
v 0.090548 0.605156 0.384341
v 0.129313 0.607299 0.377712
v 0.040453 0.605769 0.280014
v 0.078770 0.606458 0.278059
v 0.112988 0.608397 0.271631
v 3.010724 1.470618 0.490125
v 3.034236 1.465369 0.493549
v 3.013674 1.457070 0.488461
v 3.027064 1.485680 0.382981
v 3.052347 1.481204 0.381161
v 3.030186 1.472020 0.381303
v 3.000115 1.496306 0.277618
v 3.023014 1.492332 0.270735
v 3.003061 1.482782 0.275958
v 0.651313 1.484353 0.058666
v 0.650928 1.474802 0.028221
v 0.651243 1.458178 0.055452
v 0.443170 1.487881 0.054293
v 0.442906 1.477571 0.023543
v 0.443119 1.460134 0.050886
v 0.224273 1.492250 0.049776
v 0.224139 1.480966 0.018682
v 0.224246 1.462497 0.046122
v 0.000000 1.475388 0.245434
v 0.000000 1.458117 0.230008
v 0.000000 1.437628 0.240798
v 0.000000 1.451660 0.448754
v 0.000000 1.431562 0.446286
v 0.000000 1.411464 0.443818
v 0.000000 1.425496 0.651774
v 0.000000 1.405006 0.662564
v 0.000000 1.387736 0.647138
v 2.509845 1.408771 0.719990
v 2.512533 1.392888 0.741288
v 2.512732 1.382457 0.716759
v 2.694776 1.422657 0.688983
v 2.699473 1.409331 0.708748
v 2.697788 1.400669 0.686283
v 2.844721 1.437977 0.644957
v 2.854305 1.427787 0.661482
v 2.847584 1.420485 0.642809
v 0.658033 1.371588 0.615622
v 0.447736 1.371977 0.615009
v 0.226582 1.372457 0.614374
v 0.655982 1.389987 0.447128
v 0.446340 1.390396 0.445278
v 0.225876 1.390865 0.443337
v 0.653943 1.412879 0.279186
v 0.444953 1.413574 0.276131
v 0.225174 1.414376 0.272927
v 2.500343 1.447944 0.542502
v 2.685219 1.457202 0.524095
v 2.836004 1.466015 0.503122
v 2.494744 1.466247 0.408959
v 2.681595 1.474125 0.399929
v 2.837820 1.481185 0.392451
v 2.489085 1.480021 0.274889
v 2.674052 1.487047 0.275510
v 2.825606 1.492608 0.282098
v 1.027026 1.430215 0.623796
v 1.189624 1.431163 0.623141
v 1.349568 1.432628 0.620343
v 1.023847 1.452696 0.458027
v 1.185965 1.453517 0.458659
v 1.345482 1.454818 0.457717
v 1.020654 1.470861 0.291729
v 1.182303 1.471459 0.293636
v 1.341420 1.472411 0.294527
v 2.096740 1.363906 0.566247
v 1.894006 1.362451 0.581738
v 1.699451 1.364536 0.595491
v 2.091681 1.378881 0.419975
v 1.889134 1.378172 0.430000
v 1.694793 1.381017 0.438927
v 2.086279 1.399139 0.274351
v 1.884016 1.399157 0.278909
v 1.689984 1.402582 0.282987
v 1.031256 1.385989 0.844675
v 1.031765 1.369889 0.871589
v 1.031182 1.360765 0.841578
v 1.194530 1.386786 0.842253
v 1.195150 1.370429 0.868912
v 1.194515 1.360989 0.839085
v 1.355132 1.387876 0.836890
v 1.355901 1.371026 0.863167
v 1.355272 1.361006 0.833591
v 2.075911 1.474180 0.084672
v 2.076015 1.461822 0.057764
v 2.077911 1.443437 0.080897
v 1.874915 1.475009 0.081868
v 1.874775 1.462831 0.054029
v 1.876346 1.444372 0.078106
v 1.682156 1.477576 0.079235
v 1.681785 1.466039 0.050632
v 1.683037 1.447991 0.075603
v 2.820652 1.499101 0.137618
v 2.828450 1.493277 0.118348
v 2.823504 1.481682 0.135479
v 2.668549 1.492603 0.107063
v 2.671299 1.484433 0.084421
v 2.671546 1.470715 0.104375
v 2.483454 1.483999 0.093080
v 2.484200 1.473685 0.068535
v 2.486326 1.457808 0.089864
v 2.842631 1.426977 0.498329
v 2.692284 1.406225 0.517836
v 2.507100 1.386436 0.534950
v 2.844936 1.439879 0.387379
v 2.689176 1.419638 0.393239
v 2.501989 1.400325 0.400865
v 2.832222 1.453645 0.277313
v 2.681103 1.436170 0.269263
v 2.495828 1.418635 0.267352
v 1.697379 1.434084 0.604030
v 1.890640 1.434472 0.590581
v 2.092035 1.436175 0.575121
v 1.692572 1.455578 0.448082
v 1.885525 1.455384 0.439480
v 2.086637 1.456360 0.429488
v 1.687917 1.471989 0.291509
v 1.880657 1.471032 0.287734
v 2.081584 1.471262 0.283206
v 1.704326 1.388675 0.811414
v 1.705580 1.370557 0.836376
v 1.705212 1.358949 0.807765
v 1.898309 1.389256 0.791383
v 1.899884 1.370725 0.815451
v 1.899748 1.358474 0.787604
v 2.100402 1.391877 0.768574
v 2.102304 1.373419 0.791698
v 2.102414 1.360989 0.764782
v 0.227572 1.394077 0.849741
v 0.227680 1.375598 0.877180
v 0.227546 1.364303 0.846085
v 0.449689 1.390496 0.848245
v 0.449902 1.373038 0.875586
v 0.449639 1.362707 0.844833
v 0.660895 1.387716 0.846899
v 0.661211 1.371061 0.874126
v 0.660826 1.361480 0.843677
v 0.226645 1.442199 0.622937
v 0.447855 1.437056 0.623000
v 0.658195 1.433015 0.623164
v 0.225943 1.465698 0.452525
v 0.446468 1.460213 0.453850
v 0.656156 1.455876 0.455219
v 0.225236 1.484096 0.281487
v 0.445072 1.478611 0.284117
v 0.654106 1.474245 0.286721
v 1.349895 1.369758 0.612623
v 1.189589 1.370797 0.615729
v 1.026853 1.371184 0.616548
v 1.345831 1.387412 0.449440
v 1.185926 1.388794 0.450712
v 1.023660 1.389396 0.450255
v 1.341745 1.409662 0.286822
v 1.182266 1.411203 0.286237
v 1.020479 1.411924 0.284492
v 1.336042 1.481163 0.073559
v 1.335413 1.471203 0.043991
v 1.336180 1.454414 0.070275
v 1.177376 1.481267 0.070279
v 1.176741 1.471882 0.040459
v 1.177360 1.455579 0.067125
v 1.016325 1.481279 0.066698
v 1.015741 1.472203 0.036693
v 1.016250 1.456151 0.063612
v 0.048613 0.867050 2.569057
v 0.045901 0.881364 2.572291
v 0.044830 0.918588 2.592133
v 0.051027 0.870973 2.541195
v 0.047534 0.884620 2.542229
v 0.046190 0.919711 2.558282
v 0.054144 0.875321 2.508654
v 0.049878 0.886652 2.509064
v 0.048259 0.915886 2.520517
v 0.036877 0.755538 3.003529
v 0.014867 0.771104 3.019069
v 0.028149 0.776072 3.017513
v 0.037883 0.786280 3.011172
v 0.045918 0.776421 3.003013
v 0.055778 0.769265 2.995790
v 0.053010 0.749260 2.992784
v 0.052622 0.726863 2.975753
v 0.037955 0.726526 2.979327
v 0.019813 0.724899 2.979781
v 0.017925 0.749954 3.004171
v 0.079831 0.742811 2.937726
v 0.082778 0.713337 2.899505
v 0.077965 0.717712 2.924397
v 0.071635 0.722248 2.948368
v 0.072748 0.744083 2.962949
v 0.071770 0.765744 2.970401
v 0.077128 0.768327 2.950395
v 0.081039 0.772110 2.930320
v 0.083220 0.754365 2.922896
v 0.085403 0.742413 2.908420
v 0.084278 0.730675 2.909252
v 0.054035 0.674651 2.842943
v 0.028182 0.663012 2.765965
v 0.026798 0.671435 2.839165
v 0.024140 0.683813 2.898514
v 0.045114 0.686444 2.903243
v 0.059346 0.693022 2.915704
v 0.066839 0.685448 2.881492
v 0.076318 0.686122 2.857265
v 0.073673 0.679057 2.815165
v 0.076178 0.674599 2.746970
v 0.054384 0.666123 2.761202
v 0.868998 0.776349 2.732417
v 0.895555 0.768349 2.737953
v 0.868998 0.761654 2.731199
v 0.895555 0.782457 2.655942
v 0.924544 0.774531 2.657645
v 0.895555 0.767260 2.654683
v 0.868998 0.788662 2.575153
v 0.895555 0.781367 2.572672
v 0.868998 0.773966 2.573935
v 0.657871 0.799864 2.451669
v 0.666746 0.792469 2.438460
v 0.657871 0.783207 2.450288
v 0.473519 0.804844 2.412500
v 0.476233 0.796003 2.396557
v 0.473519 0.784964 2.410853
v 0.247667 0.809125 2.381979
v 0.248006 0.798719 2.364795
v 0.247667 0.786061 2.380067
v 0.000000 0.807980 2.470117
v 0.000000 0.792965 2.461109
v 0.000000 0.776939 2.467544
v 0.000000 0.801732 2.590722
v 0.000000 0.784716 2.586977
v 0.000000 0.767395 2.587877
v 0.000000 0.793965 2.719257
v 0.000000 0.776162 2.717490
v 0.000000 0.758321 2.716303
v 0.247667 0.779331 2.844841
v 0.248006 0.764844 2.853245
v 0.247667 0.751742 2.842555
v 0.473519 0.774592 2.837494
v 0.476233 0.762929 2.850312
v 0.473519 0.753344 2.835733
v 0.657871 0.771911 2.822795
v 0.666746 0.762379 2.835812
v 0.657871 0.755083 2.821400
v 0.657871 0.752449 2.715802
v 0.473519 0.748858 2.714223
v 0.247667 0.745063 2.713201
v 0.666746 0.757241 2.635463
v 0.476233 0.754374 2.621355
v 0.248006 0.752028 2.606555
v 0.657871 0.764677 2.554134
v 0.473519 0.762900 2.530163
v 0.247667 0.761599 2.506840
v 0.247667 0.803793 2.718068
v 0.473519 0.796656 2.718184
v 0.657871 0.790441 2.718950
v 0.248006 0.811535 2.611486
v 0.476233 0.804558 2.625514
v 0.666746 0.797607 2.638808
v 0.247667 0.815803 2.511332
v 0.473519 0.809329 2.534010
v 0.657871 0.802498 2.557268
v 0.130689 0.878330 2.397330
v 0.109006 0.882484 2.422401
v 0.088482 0.884329 2.430150
v 0.139382 0.885653 2.334256
v 0.115771 0.890260 2.363824
v 0.093821 0.891895 2.375589
v 0.143939 0.895900 2.271717
v 0.120427 0.899611 2.299694
v 0.097990 0.900429 2.314565
v 0.118852 0.996577 1.591162
v 0.171674 0.972480 1.712154
v 0.134513 0.983893 1.685565
v 0.099851 0.986814 1.686363
v 0.080728 0.995338 1.621217
v 0.044340 1.000177 1.584946
v 0.058727 1.004766 1.546166
v 0.067168 1.011196 1.494340
v 0.128796 1.005370 1.517841
v 0.178508 0.992379 1.558145
v 0.173948 0.981314 1.632875
v 0.066191 0.816474 2.894789
v 0.084586 0.820597 2.796588
v 0.079184 0.811046 2.863523
v 0.078026 0.801200 2.905554
v 0.070969 0.802447 2.930845
v 0.064786 0.796239 2.961267
v 0.058794 0.804353 2.955330
v 0.051762 0.807485 2.964110
v 0.055794 0.815345 2.926637
v 0.055459 0.820642 2.894278
v 0.059863 0.824902 2.858684
v 0.063190 0.831742 2.804770
v 0.072626 0.827745 2.810888
v 0.031399 1.525367 3.167615
v 0.022121 1.560527 3.191492
v 0.011417 1.573480 3.200289
v 0.030599 1.532019 3.134664
v 0.021562 1.567856 3.159779
v 0.011130 1.581060 3.169032
v 0.029902 1.538411 3.100155
v 0.021060 1.574339 3.126262
v 0.010868 1.587575 3.135881
v 0.124730 0.939662 2.016382
v 0.152905 0.917649 2.115728
v 0.126431 0.922895 2.133332
v 0.102004 0.921390 2.164189
v 0.098557 0.932368 2.086275
v 0.088021 0.940526 2.029516
v 0.099823 0.949938 1.960056
v 0.106334 0.962626 1.867016
v 0.134765 0.956832 1.887905
v 0.165027 0.947447 1.899436
v 0.159316 0.930713 2.011055
v 0.082946 0.858277 2.594369
v 0.101693 0.842512 2.625743
v 0.081710 0.847127 2.664876
v 0.066858 0.847808 2.684977
v 0.065488 0.855133 2.634342
v 0.059706 0.860336 2.600030
v 0.068020 0.864381 2.570616
v 0.075605 0.870414 2.528228
v 0.093472 0.867485 2.528229
v 0.115552 0.864191 2.495639
v 0.109553 0.854156 2.548383
v 0.034089 1.449426 3.291444
v 0.024625 1.473362 3.312190
v 0.012907 1.482282 3.320065
v 0.034151 1.488943 3.299695
v 0.024450 1.513069 3.319355
v 0.012749 1.522022 3.326654
v 0.033288 1.513013 3.296219
v 0.023974 1.532822 3.311064
v 0.012541 1.540370 3.316593
v 0.029214 1.544755 3.032862
v 0.020528 1.579116 3.061403
v 0.010581 1.591782 3.071919
v 0.028918 1.544206 3.004372
v 0.020414 1.575275 3.031640
v 0.010556 1.586776 3.041691
v 0.028292 1.540961 2.981010
v 0.020258 1.565864 3.002615
v 0.010565 1.575253 3.010659
v 0.020455 0.989982 1.685375
v 0.033381 0.989896 1.704136
v 0.024242 0.990728 1.701554
v 0.012808 0.991248 1.698052
v 0.011830 0.990274 1.678826
v 0.012808 0.990952 1.663279
v 0.024241 0.990016 1.679133
v 0.042522 1.074650 2.243251
v 0.029999 1.082683 2.243866
v 0.015495 1.085642 2.244092
v 0.042309 1.070929 2.189416
v 0.029832 1.078710 2.190536
v 0.015403 1.081577 2.190949
v 0.041926 1.068207 2.131778
v 0.029550 1.075472 2.133452
v 0.015255 1.078148 2.134069
v 0.061503 0.886136 2.427314
v 0.056107 0.892724 2.428236
v 0.054068 0.910282 2.432947
v 0.065155 0.892689 2.378933
v 0.059425 0.897959 2.380509
v 0.057258 0.912365 2.384010
v 0.068244 0.899868 2.326224
v 0.062293 0.904036 2.329204
v 0.060058 0.916039 2.332362
v 0.041978 0.808691 2.984727
v 0.039462 0.808889 2.987643
v 0.037143 0.808921 2.986185
v 0.046505 0.813013 2.955246
v 0.043902 0.812495 2.959381
v 0.040972 0.811977 2.959383
v 0.049172 0.817153 2.923985
v 0.046862 0.816858 2.927059
v 0.043412 0.816493 2.927102
v 0.068336 0.947819 1.980228
v 0.063640 0.950848 1.975706
v 0.061868 0.957598 1.973974
v 0.069898 0.957349 1.911401
v 0.063756 0.960583 1.903234
v 0.061450 0.966831 1.899407
v 0.069377 0.967562 1.836829
v 0.061919 0.970087 1.830345
v 0.058999 0.975073 1.826637
v 0.010350 0.796367 3.032103
v 0.009511 0.801456 3.031607
v 0.009361 0.803613 3.024305
v 0.020043 0.797735 3.029705
v 0.018526 0.802116 3.029259
v 0.018130 0.804079 3.022390
v 0.028552 0.800563 3.022736
v 0.026618 0.803574 3.022595
v 0.025781 0.805053 3.016709
v 0.071108 0.915719 2.210954
v 0.064956 0.917762 2.220699
v 0.062678 0.926340 2.225467
v 0.070356 0.923835 2.152431
v 0.064633 0.925191 2.164561
v 0.062505 0.932741 2.169846
v 0.068393 0.931598 2.096632
v 0.063744 0.933017 2.106499
v 0.061979 0.940050 2.110556
v 0.034406 1.000414 3.011705
v 0.025037 0.996358 3.014271
v 0.013185 0.995246 3.015292
v 0.035090 1.162605 3.120057
v 0.025235 1.159481 3.125150
v 0.013197 1.158822 3.127289
v 0.034583 1.292960 3.205848
v 0.025035 1.298050 3.216346
v 0.013136 1.300780 3.220854
v 0.041892 1.058364 1.815148
v 0.030245 1.061168 1.806123
v 0.015845 1.062252 1.802814
v 0.042706 1.053242 1.791656
v 0.030607 1.056363 1.781824
v 0.015969 1.057525 1.778174
v 0.042324 1.047082 1.774201
v 0.030560 1.049873 1.765416
v 0.016012 1.050902 1.762018
v 0.032572 1.522808 3.267332
v 0.023362 1.543832 3.278654
v 0.012196 1.551790 3.283021
v 0.032960 1.518407 3.246140
v 0.023313 1.545715 3.261309
v 0.012068 1.555841 3.266970
v 0.032791 1.517294 3.223207
v 0.023076 1.548826 3.242199
v 0.011904 1.560451 3.249206
v 0.034522 1.149940 2.509033
v 0.024192 1.159835 2.512469
v 0.012450 1.163480 2.513731
v 0.035081 1.134530 2.486547
v 0.024661 1.144128 2.492781
v 0.012723 1.147658 2.495052
v 0.035118 1.123708 2.466094
v 0.025040 1.130877 2.472113
v 0.013031 1.133523 2.474298
v 0.028507 1.500203 2.919531
v 0.020457 1.519562 2.933336
v 0.010681 1.527102 2.938792
v 0.029046 1.464826 2.878347
v 0.020681 1.484468 2.892039
v 0.010752 1.491812 2.897159
v 0.028774 1.431782 2.839134
v 0.020658 1.447046 2.849438
v 0.010790 1.452637 2.853129
v 0.046287 1.083330 2.865214
v 0.045410 1.217677 2.957937
v 0.043058 1.349275 3.047942
v 0.045050 1.085989 2.823720
v 0.044202 1.219885 2.916459
v 0.041928 1.352716 3.009078
v 0.044186 1.091504 2.783238
v 0.043323 1.225576 2.875403
v 0.041050 1.358671 2.969866
v 0.037253 1.104398 2.417640
v 0.026785 1.109254 2.417976
v 0.013992 1.111139 2.418295
v 0.039478 1.094131 2.383217
v 0.028094 1.100449 2.381927
v 0.014586 1.102814 2.381533
v 0.041220 1.085868 2.341219
v 0.029173 1.093291 2.340116
v 0.015095 1.096030 2.339719
v 0.029033 1.362759 2.760474
v 0.020869 1.369425 2.761048
v 0.010906 1.372155 2.761500
v 0.029626 1.325989 2.718476
v 0.021135 1.332023 2.716981
v 0.010999 1.334296 2.716432
v 0.029498 1.294626 2.678985
v 0.021210 1.298282 2.675596
v 0.011088 1.299499 2.674094
v 0.041778 1.065048 2.004214
v 0.029448 1.070759 2.007862
v 0.015205 1.072864 2.009189
v 0.041732 1.064240 1.941380
v 0.029590 1.068922 1.944619
v 0.015339 1.070654 1.945680
v 0.041191 1.063538 1.887933
v 0.029638 1.067044 1.887760
v 0.015501 1.068364 1.887370
v 0.030268 1.244898 2.618446
v 0.021814 1.242784 2.607814
v 0.011414 1.242096 2.603918
v 0.031548 1.220691 2.592453
v 0.022457 1.219598 2.580835
v 0.011663 1.219241 2.576582
v 0.032647 1.194916 2.563668
v 0.023067 1.197928 2.555905
v 0.011925 1.199044 2.553048
v 0.094763 0.745713 2.821824
v 0.104224 0.720767 2.715522
v 0.093538 0.715651 2.801196
v 0.088667 0.712119 2.848323
v 0.089807 0.730835 2.862080
v 0.088436 0.742768 2.882333
v 0.088944 0.755697 2.875131
v 0.087571 0.775010 2.877234
v 0.093725 0.776640 2.824932
v 0.105231 0.784090 2.737882
v 0.108546 0.753914 2.716556
v 0.060052 1.021687 1.888773
v 0.061564 0.990530 1.972089
v 0.060476 1.014237 1.974582
v 0.057319 1.036382 1.985407
v 0.056938 1.041012 1.917426
v 0.054766 1.047624 1.866747
v 0.056869 1.037755 1.840657
v 0.055524 1.031795 1.807415
v 0.057954 1.017646 1.824046
v 0.058596 1.000193 1.828003
v 0.061128 0.996939 1.895698
v 0.062142 0.971376 2.232718
v 0.061013 1.003601 2.236951
v 0.057999 1.034324 2.240058
v 0.062031 0.973302 2.175778
v 0.060900 1.002897 2.179759
v 0.057837 1.031963 2.183824
v 0.061588 0.977447 2.114757
v 0.060465 1.004819 2.118449
v 0.057392 1.031845 2.123557
v 0.048114 1.256863 3.107024
v 0.046396 1.054203 3.006090
v 0.046550 1.204837 3.108458
v 0.044803 1.323085 3.193499
v 0.045638 1.369117 3.201846
v 0.043701 1.430519 3.224572
v 0.045360 1.382693 3.172846
v 0.045269 1.358454 3.127415
v 0.047936 1.231439 3.047966
v 0.048902 1.090014 2.953482
v 0.048864 1.085426 2.990466
v 0.042746 1.003440 1.747421
v 0.043221 1.016412 1.755653
v 0.042482 1.028908 1.759097
v 0.029970 1.004319 1.734419
v 0.030690 1.016659 1.742769
v 0.030648 1.029528 1.748515
v 0.015423 1.004704 1.729407
v 0.015914 1.016809 1.737941
v 0.016049 1.029845 1.744514
v 0.054679 1.038487 2.413910
v 0.053324 0.996745 2.457850
v 0.051902 1.053485 2.474826
v 0.048464 1.099083 2.491011
v 0.049608 1.085147 2.452518
v 0.048477 1.087937 2.430505
v 0.052644 1.064169 2.394921
v 0.055615 1.048359 2.347072
v 0.058250 1.016234 2.349028
v 0.059358 0.976061 2.343983
v 0.056461 0.984229 2.400856
v 0.043579 1.252293 2.729719
v 0.044339 1.103864 2.700463
v 0.043222 1.240587 2.788656
v 0.040578 1.372416 2.890248
v 0.040134 1.389960 2.865739
v 0.038097 1.429458 2.876585
v 0.039723 1.368350 2.811188
v 0.038481 1.351222 2.777368
v 0.040226 1.296592 2.725901
v 0.039441 1.265211 2.676555
v 0.042163 1.229630 2.654231
v 0.044357 1.177395 2.600890
v 0.046632 1.141594 2.611554
v 0.047649 1.058413 2.583476
v 0.045562 1.095509 2.649258
v 0.027921 0.807557 2.983266
v 0.019915 0.806375 2.983474
v 0.010353 0.805488 2.982745
v 0.030125 0.809687 2.954555
v 0.021506 0.807999 2.951608
v 0.011199 0.806517 2.948637
v 0.031753 0.812318 2.919530
v 0.023073 0.809801 2.913879
v 0.012143 0.807262 2.908101
vn 0.0671 0.9970 -0.0374
vn 0.0393 0.9985 -0.0380
vn 0.0175 0.9993 -0.0343
vn 0.0066 0.9994 -0.0351
vn 0.2414 0.9703 0.0160
vn 0.1866 0.9821 -0.0267
vn 0.1237 0.9917 -0.0365
vn 0.0766 0.9963 -0.0390
vn 0.0211 0.9991 -0.0363
vn -0.0010 0.9994 -0.0346
vn -0.0037 0.9993 -0.0368
vn -0.0018 0.9991 -0.0423
vn 0.0006 0.9989 -0.0461
vn 0.0032 0.9989 -0.0466
vn 0.0303 0.9990 -0.0322
vn 0.0974 0.9952 -0.0074
vn 0.1539 0.9876 -0.0314
vn 0.1482 0.9889 -0.0145
vn 0.0494 0.9983 -0.0319
vn 0.0506 0.9982 -0.0308
vn 0.3470 0.9372 -0.0348
vn 0.3610 0.9323 -0.0237
vn 0.3294 0.9442 0.0055
vn 0.2882 0.9574 0.0193
vn 0.1266 0.9919 -0.0057
vn 0.0429 0.9986 -0.0303
vn 0.0056 0.9990 -0.0437
vn 0.0069 0.9992 -0.0386
vn 0.0066 0.9995 -0.0314
vn 0.0053 0.9998 -0.0207
vn 0.0411 0.9988 -0.0258
vn 0.1374 0.9899 -0.0350
vn 0.5799 0.8082 0.1026
vn 0.4658 0.8771 0.1169
vn 0.4356 0.8892 0.1401
vn 0.4646 0.8822 0.0767
vn 0.6027 0.7957 0.0604
vn 0.7049 0.7028 0.0963
vn 0.5786 0.8090 0.1038
vn 0.7083 0.6993 0.0963
vn 0.3669 0.9234 0.1129
vn 0.3634 0.9241 0.1180
vn 0.4681 0.8770 0.1086
vn 0.3203 0.9340 0.1584
vn 0.3546 0.9192 0.1713
vn 0.3505 0.9272 0.1323
vn 0.3647 0.9216 0.1330
vn 0.5033 0.8596 0.0884
vn 0.3569 0.9257 0.1255
vn 0.7757 0.6251 0.0867
vn 0.7419 0.6675 0.0644
vn 0.6357 0.7692 0.0640
vn 0.0385 -0.9926 -0.1155
vn 0.0406 -0.9992 -0.0025
vn 0.1260 -0.9832 -0.1319
vn 0.1296 -0.9915 -0.0078
vn 0.0044 -0.9934 -0.1143
vn 0.0050 -0.9937 -0.1121
vn 0.0054 -1.0000 -0.0011
vn 0.0051 -0.9835 0.1808
vn 0.0385 -0.9829 0.1803
vn 0.1222 -0.9779 0.1698
vn 0.3035 -0.9385 0.1645
vn 0.3273 -0.9443 -0.0353
vn 0.3040 -0.9440 -0.1285
vn 0.2540 -0.9577 -0.1352
vn 0.1120 -0.9856 -0.1265
vn 0.0344 -0.9926 -0.1162
vn 0.5777 0.8101 0.1002
vn 0.4697 0.8762 0.1080
vn 0.5770 0.8105 0.1010
vn 0.4681 0.8771 0.1079
vn 0.7055 0.7034 0.0865
vn 0.5796 0.8088 0.1000
vn 0.4733 0.8743 0.1080
vn 0.3804 0.9178 0.1138
vn 0.3735 0.9207 0.1134
vn 0.3700 0.9222 0.1128
vn 0.3669 0.9235 0.1121
vn 0.4682 0.8770 0.1079
vn 0.5773 0.8101 0.1023
vn 0.7030 0.7051 0.0927
vn 0.7026 0.7060 0.0894
vn 0.7034 0.7054 0.0875
vn 0.9850 0.1720 0.0162
vn 0.9444 0.3266 0.0375
vn 0.9841 0.1762 0.0209
vn 0.9426 0.3312 0.0417
vn 0.9961 0.0878 0.0007
vn 0.9860 0.1664 0.0120
vn 0.9468 0.3199 0.0340
vn 0.8447 0.5315 0.0634
vn 0.8417 0.5360 0.0657
vn 0.8402 0.5379 0.0693
vn 0.8398 0.5376 0.0758
vn 0.9403 0.3362 0.0522
vn 0.9827 0.1818 0.0346
vn 0.9952 0.0941 0.0269
vn 0.9958 0.0913 0.0110
vn 0.9960 0.0897 0.0053
vn 0.1784 0.9765 0.1210
vn 0.0902 0.9885 0.1216
vn 0.1762 0.9770 0.1200
vn 0.0898 0.9886 0.1213
vn 0.2868 0.9505 0.1192
vn 0.1866 0.9747 0.1229
vn 0.0905 0.9883 0.1224
vn 0.0254 0.9926 0.1190
vn 0.0247 0.9923 0.1211
vn 0.0244 0.9923 0.1216
vn 0.0243 0.9923 0.1218
vn 0.0890 0.9886 0.1211
vn 0.1734 0.9776 0.1192
vn 0.2690 0.9561 0.1160
vn 0.2732 0.9548 0.1170
vn 0.2774 0.9535 0.1180
vn 0.1145 -0.8556 0.5049
vn 0.1232 -0.8887 0.4417
vn 0.0343 -0.8790 0.4756
vn 0.0386 -0.9005 0.4331
vn 0.2184 -0.8543 0.4718
vn 0.2927 -0.7954 0.5307
vn 0.3035 -0.8468 0.4369
vn 0.2991 -0.8933 0.3354
vn 0.1214 -0.9314 0.3433
vn 0.0388 -0.9383 0.3436
vn 0.0052 -0.9392 0.3432
vn 0.0051 -0.9043 0.4269
vn 0.0044 -0.8872 0.4615
vn 0.0038 -0.8860 0.4636
vn 0.0299 -0.8808 0.4725
vn 0.0982 -0.8629 0.4957
vn 0.0995 -0.9504 0.2948
vn 0.1192 -0.9611 0.2493
vn 0.0314 -0.9590 0.2815
vn 0.0366 -0.9602 0.2771
vn 0.1847 -0.9192 0.3477
vn 0.2349 -0.9206 0.3120
vn 0.2823 -0.9223 0.2640
vn 0.2765 -0.9407 0.1968
vn 0.1096 -0.9567 0.2698
vn 0.0335 -0.9544 0.2967
vn 0.0043 -0.9518 0.3065
vn 0.0048 -0.9605 0.2783
vn 0.0041 -0.9602 0.2792
vn 0.0033 -0.9486 0.3164
vn 0.0259 -0.9476 0.3184
vn 0.0825 -0.9404 0.3299
vn 0.9860 0.0752 0.1486
vn 0.9632 0.1978 0.1820
vn 0.8581 0.3471 0.3783
vn 0.6462 0.5695 0.5080
vn 0.8954 0.3450 0.2815
vn 0.9744 0.0878 0.2068
vn 0.9915 0.0365 0.1252
vn 0.9882 0.0941 0.1211
vn 0.9892 0.0225 0.1447
vn 0.9050 0.4161 0.0885
vn 0.9072 0.3856 0.1684
vn 0.9704 0.2194 0.1012
vn 0.5607 0.5494 0.6194
vn 0.5656 0.5738 0.5923
vn 0.8250 0.4384 0.3566
vn 0.3470 0.6938 0.6311
vn 0.4493 0.6771 0.5828
vn 0.4519 0.6493 0.6117
vn 0.5773 0.6125 0.5400
vn 0.8824 0.2500 0.3986
vn 0.5766 0.6476 0.4981
vn 0.9634 0.0126 0.2676
vn 0.9819 0.0123 0.1892
vn 0.9499 0.0689 0.3048
vn 0.6380 0.7514 0.1681
vn 0.4847 0.8483 0.2132
vn 0.3254 0.8959 0.3023
vn 0.3760 0.8400 0.3912
vn 0.5990 0.7391 0.3081
vn 0.8006 0.5899 0.1048
vn 0.6520 0.7506 0.1074
vn 0.8019 0.5731 0.1689
vn 0.4041 0.9008 0.1587
vn 0.3497 0.8990 0.2635
vn 0.5142 0.8465 0.1379
vn 0.1645 0.9001 0.4034
vn 0.1967 0.8902 0.4108
vn 0.2273 0.9178 0.3255
vn 0.1629 0.8388 0.5196
vn 0.2692 0.7933 0.5460
vn 0.1890 0.8678 0.4596
vn 0.5220 0.6318 0.5731
vn 0.7395 0.5895 0.3249
vn 0.4099 0.7194 0.5608
vn 0.9821 0.1708 0.0801
vn 0.9431 0.3222 0.0822
vn 0.9842 0.1488 0.0954
vn 0.9508 0.2962 0.0911
vn 0.9941 0.0938 0.0551
vn 0.9815 0.1824 0.0586
vn 0.9396 0.3353 0.0688
vn 0.8418 0.5332 0.0840
vn 0.8478 0.5228 0.0889
vn 0.8605 0.5015 0.0899
vn 0.9049 0.4160 0.0903
vn 0.9608 0.2586 0.1005
vn 0.9867 0.1215 0.1081
vn 0.9919 0.0531 0.1154
vn 0.9923 0.0704 0.1015
vn 0.9930 0.0853 0.0818
vn 0.1617 0.9791 0.1231
vn 0.0818 0.9883 0.1289
vn 0.1614 0.9776 0.1353
vn 0.0717 0.9864 0.1480
vn 0.2655 0.9572 0.1155
vn 0.1703 0.9782 0.1192
vn 0.0873 0.9887 0.1219
vn 0.0240 0.9921 0.1231
vn 0.0227 0.9910 0.1322
vn 0.0203 0.9877 0.1549
vn 0.0180 0.9791 0.2025
vn 0.0634 0.9792 0.1926
vn 0.1478 0.9741 0.1714
vn 0.2373 0.9603 0.1465
vn 0.2559 0.9586 0.1245
vn 0.2566 0.9594 0.1171
vn 0.9423 -0.3132 0.1184
vn 0.9923 -0.0594 0.1083
vn 0.9919 -0.0696 0.1064
vn 0.9481 -0.3047 0.0910
vn 0.7794 -0.6166 0.1110
vn 0.7820 -0.6225 0.0305
vn 0.6716 -0.7246 0.1544
vn 0.9537 -0.2840 0.0995
vn 0.6899 -0.7212 0.0628
vn 0.9976 0.0426 0.0550
vn 0.9957 0.0360 0.0849
vn 0.9970 -0.0437 0.0639
vn 0.9936 0.0090 0.1130
vn 0.9899 -0.0764 0.1192
vn 0.9949 0.0198 0.0990
vn 0.7396 -0.6654 0.1014
vn 0.7288 -0.6768 0.1038
vn 0.9471 -0.2945 0.1273
vn 0.4207 -0.9040 0.0768
vn 0.5491 -0.8332 0.0651
vn 0.6613 -0.7477 0.0606
vn 0.4517 -0.8912 -0.0421
vn 0.5694 -0.8211 -0.0387
vn 0.5581 -0.8294 0.0256
vn 0.7865 0.1725 0.5930
vn 0.6959 0.1893 0.6928
vn 0.3908 0.3591 0.8475
vn 0.2899 0.4525 0.8433
vn 0.5081 0.3285 0.7962
vn 0.6944 0.1736 0.6984
vn 0.9203 0.0300 0.3900
vn 0.8918 0.0754 0.4462
vn 0.8580 0.0614 0.5100
vn 0.5578 0.5649 0.6081
vn 0.4682 0.5150 0.7180
vn 0.8276 0.1945 0.5265
vn 0.1457 0.5445 0.8260
vn 0.1666 0.5135 0.8418
vn 0.2497 0.5673 0.7847
vn 0.1708 0.5898 0.7893
vn 0.2737 0.4871 0.8294
vn 0.1833 0.5410 0.8208
vn 0.4121 0.2923 0.8630
vn 0.5130 0.2087 0.8326
vn 0.3602 0.3906 0.8472
vn 0.7044 0.0893 0.7042
vn 0.7835 0.0793 0.6163
vn 0.6228 0.1267 0.7721
vn 0.3823 0.4689 0.7962
vn 0.2678 0.3061 0.9136
vn 0.3356 0.3259 0.8838
vn 0.2397 0.2152 0.9467
vn -0.0430 0.9663 -0.2539
vn 0.5104 0.8495 0.1339
vn 0.2737 0.3692 0.8881
vn 0.1275 0.3107 0.9419
vn 0.1113 0.2200 0.9691
vn 0.0615 0.1007 0.9930
vn 0.0751 0.0146 0.9971
vn 0.1757 0.1111 0.9782
vn 0.2853 0.2298 0.9305
vn 0.3375 0.3083 0.8894
vn 0.3455 0.3905 0.8533
vn 0.2803 0.4953 0.8223
vn 0.0814 0.9203 0.3827
vn 0.0408 0.8848 0.4642
vn 0.0875 0.9060 0.4142
vn 0.2152 0.9369 0.2754
vn 0.1693 0.9359 0.3090
vn 0.0196 0.9557 0.2935
vn 0.0201 0.9169 0.3985
vn 0.0736 0.9560 0.2840
vn 0.0116 0.8529 0.5219
vn 0.0394 0.8590 0.5104
vn 0.0180 0.8785 0.4774
vn 0.1006 0.8918 0.4410
vn 0.1492 0.9181 0.3671
vn 0.0593 0.8946 0.4429
vn 0.2935 0.9388 0.1804
vn 0.2924 0.9350 0.2008
vn 0.2704 0.9321 0.2410
vn 0.2442 0.9428 0.2270
vn 0.1521 0.9569 0.2474
vn 0.2725 0.9340 0.2311
vn 0.9384 -0.3160 0.1397
vn 0.9872 -0.0842 0.1356
vn 0.9805 -0.0860 0.1765
vn 0.9401 -0.3106 0.1401
vn 0.7592 -0.6329 0.1517
vn 0.7750 -0.6260 0.0869
vn 0.7456 -0.6642 0.0546
vn 0.9508 -0.2921 0.1037
vn 0.7347 -0.6764 0.0510
vn 0.9916 0.0062 0.1290
vn 0.9893 -0.0038 0.1457
vn 0.9892 -0.0773 0.1248
vn 0.9645 -0.0106 0.2640
vn 0.9663 -0.0802 0.2448
vn 0.9830 -0.0109 0.1831
vn 0.7481 -0.6315 0.2036
vn 0.7259 -0.6696 0.1573
vn 0.9347 -0.2719 0.2291
vn 0.4096 -0.9073 0.0945
vn 0.5233 -0.8469 0.0950
vn 0.5451 -0.8253 0.1475
vn 0.4053 -0.9124 0.0575
vn 0.5618 -0.8270 0.0226
vn 0.5184 -0.8507 0.0868
vn 0.0414 -0.9348 0.3526
vn 0.1438 -0.9047 0.4011
vn 0.0366 -0.7449 0.6662
vn 0.1280 -0.7192 0.6829
vn 0.0029 -0.9907 0.1363
vn 0.0344 -0.9895 0.1406
vn 0.1211 -0.9765 0.1785
vn 0.2350 -0.9372 0.2576
vn 0.3425 -0.8041 0.4860
vn 0.3032 -0.6339 0.7115
vn 0.1961 -0.4461 0.8732
vn 0.0763 -0.4724 0.8781
vn 0.0201 -0.4757 0.8794
vn 0.0006 -0.4754 0.8798
vn 0.0023 -0.7478 0.6640
vn 0.0031 -0.9383 0.3458
vn 0.0029 -0.1417 0.9899
vn -0.0011 -0.1394 0.9902
vn 0.0193 -0.1985 0.9799
vn 0.0039 -0.1905 0.9817
vn -0.0009 -0.0937 0.9956
vn -0.0001 -0.1028 0.9947
vn 0.0002 -0.1070 0.9943
vn 0.0008 -0.1086 0.9941
vn -0.0010 -0.1370 0.9906
vn -0.0004 -0.1849 0.9828
vn 0.0007 -0.2801 0.9600
vn 0.0133 -0.2878 0.9576
vn 0.0506 -0.2996 0.9527
vn 0.1377 -0.3052 0.9423
vn 0.0585 -0.2066 0.9767
vn 0.0138 -0.1433 0.9896
vn 0.1595 -0.1000 0.9821
vn 0.2792 -0.1609 0.9467
vn 0.3366 -0.0004 0.9417
vn 0.4495 -0.0474 0.8920
vn 0.0333 -0.0667 0.9972
vn 0.0395 -0.1431 0.9889
vn 0.1136 -0.2189 0.9691
vn 0.2577 -0.3017 0.9179
vn 0.4517 -0.2043 0.8685
vn 0.5801 -0.0786 0.8107
vn 0.6328 0.0185 0.7741
vn 0.5574 0.0528 0.8286
vn 0.4609 0.1089 0.8807
vn 0.3718 0.1680 0.9130
vn 0.2648 0.0962 0.9595
vn 0.1246 -0.0058 0.9922
vn 0.0270 0.0813 0.9963
vn 0.0231 -0.0127 0.9997
vn 0.0210 -0.0347 0.9992
vn 0.0600 0.2631 0.9629
vn 0.0173 0.1824 0.9831
vn 0.0573 0.1485 0.9872
vn 0.0400 -0.0569 0.9976
vn 0.0104 -0.0743 0.9972
vn 0.0407 0.0199 0.9990
vn 0.0086 -0.0436 0.9990
vn 0.0337 0.0311 0.9989
vn 0.0071 -0.0784 0.9969
vn 0.8755 -0.2727 0.3989
vn 0.8882 -0.0867 0.4511
vn 0.8161 -0.0852 0.5715
vn 0.7548 -0.2500 0.6064
vn 0.7665 -0.4328 0.4744
vn 0.7487 -0.6233 0.2257
vn 0.9197 -0.2572 0.2968
vn 0.7117 -0.6523 0.2607
vn 0.9253 -0.0289 0.3781
vn 0.8712 -0.0200 0.4906
vn 0.9412 -0.0869 0.3264
vn 0.7353 -0.0019 0.6778
vn 0.7138 -0.0925 0.6942
vn 0.8056 -0.0086 0.5924
vn 0.4361 -0.3881 0.8119
vn 0.5550 -0.4491 0.7002
vn 0.6268 -0.2309 0.7442
vn 0.4718 -0.8281 0.3027
vn 0.6070 -0.7476 0.2698
vn 0.5582 -0.6414 0.5263
vn 0.1182 -0.9867 0.1114
vn 0.1436 -0.9865 0.0788
vn 0.0359 -0.9980 0.0512
vn 0.0450 -0.9982 0.0393
vn 0.2237 -0.9715 0.0782
vn 0.2801 -0.9554 0.0932
vn 0.3509 -0.9265 0.1360
vn 0.3786 -0.9227 0.0729
vn 0.1584 -0.9865 0.0408
vn 0.0509 -0.9984 0.0244
vn 0.0068 -0.9998 0.0188
vn 0.0059 -0.9997 0.0225
vn 0.0046 -0.9996 0.0273
vn 0.0039 -0.9995 0.0317
vn 0.0304 -0.9985 0.0460
vn 0.0984 -0.9913 0.0870
vn 0.0557 -0.8523 0.5200
vn 0.0858 -0.8964 0.4348
vn 0.0176 -0.8592 0.5113
vn 0.0262 -0.8954 0.4444
vn 0.0642 -0.7929 0.6060
vn 0.1276 -0.8378 0.5308
vn 0.2159 -0.8834 0.4158
vn 0.2824 -0.9347 0.2157
vn 0.0894 -0.9256 0.3678
vn 0.0271 -0.9248 0.3795
vn 0.0035 -0.9244 0.3813
vn 0.0034 -0.8951 0.4458
vn 0.0021 -0.8606 0.5093
vn 0.0007 -0.8149 0.5797
vn 0.0087 -0.8130 0.5822
vn 0.0292 -0.8056 0.5917
vn 0.9873 -0.1589 0.0079
vn 0.9998 -0.0180 -0.0046
vn 0.9993 -0.0329 0.0170
vn 0.9529 -0.2831 0.1091
vn 0.7492 -0.5920 0.2971
vn 0.7400 -0.6262 0.2457
vn 0.6604 -0.6952 0.2837
vn 0.8952 -0.4359 0.0926
vn 0.9100 -0.4125 -0.0409
vn 0.9884 -0.1499 -0.0239
vn 0.9072 -0.4207 -0.0031
vn 0.9989 0.0466 -0.0041
vn 0.9990 0.0447 0.0010
vn 0.9998 -0.0142 -0.0108
vn 0.9985 0.0470 0.0286
vn 0.9984 -0.0406 0.0405
vn 0.9989 0.0465 0.0107
vn 0.6603 -0.7003 0.2713
vn 0.6677 -0.6756 0.3125
vn 0.9508 -0.2839 0.1241
vn 0.4019 -0.8142 0.4190
vn 0.5175 -0.7736 0.3658
vn 0.6108 -0.7212 0.3267
vn 0.4004 -0.8627 0.3090
vn 0.5727 -0.8050 0.1551
vn 0.5125 -0.7930 0.3295
vn 0.3340 -0.8812 0.3346
vn 0.6006 -0.7855 0.1493
vn 0.4787 -0.8305 0.2848
vn 0.2874 -0.8106 0.5103
vn 0.7308 -0.6749 0.1023
vn 0.3864 -0.7928 0.4714
vn 0.1046 -0.9125 0.3956
vn 0.1143 -0.9139 0.3895
vn 0.0326 -0.9196 0.3914
vn 0.0360 -0.9113 0.4103
vn 0.2091 -0.9072 0.3651
vn 0.2519 -0.8851 0.3914
vn 0.2762 -0.8940 0.3528
vn 0.2490 -0.9006 0.3563
vn 0.1040 -0.9048 0.4129
vn 0.0327 -0.8999 0.4349
vn 0.0043 -0.8965 0.4429
vn 0.0047 -0.9082 0.4184
vn 0.0042 -0.9206 0.3905
vn 0.0038 -0.9355 0.3532
vn 0.0292 -0.9346 0.3544
vn 0.0937 -0.9282 0.3602
vn 0.1170 -0.9885 0.0956
vn 0.1469 -0.9780 0.1482
vn 0.0371 -0.9945 0.0978
vn 0.0460 -0.9938 0.1013
vn 0.2222 -0.9699 0.0992
vn 0.2822 -0.9495 0.1374
vn 0.3569 -0.9096 0.2127
vn 0.3842 -0.9072 0.1717
vn 0.1607 -0.9797 0.1198
vn 0.0516 -0.9942 0.0943
vn 0.0069 -0.9963 0.0858
vn 0.0061 -0.9967 0.0805
vn 0.0048 -0.9976 0.0690
vn 0.0040 -0.9987 0.0515
vn 0.0311 -0.9973 0.0668
vn 0.1008 -0.9887 0.1107
vn 0.1047 -0.9937 0.0394
vn 0.1188 -0.9929 0.0069
vn 0.0324 -0.9989 0.0352
vn 0.0372 -0.9991 0.0185
vn 0.2049 -0.9764 0.0679
vn 0.2498 -0.9658 0.0695
vn 0.2874 -0.9578 -0.0006
vn 0.2619 -0.9646 -0.0314
vn 0.1085 -0.9941 0.0087
vn 0.0340 -0.9991 0.0261
vn 0.0044 -0.9994 0.0336
vn 0.0049 -0.9997 0.0246
vn 0.0042 -0.9997 0.0221
vn 0.0037 -0.9998 0.0195
vn 0.0280 -0.9991 0.0333
vn 0.0914 -0.9951 0.0366
vn 0.0308 0.6208 0.7834
vn 0.0093 0.6318 0.7750
vn 0.0328 0.6395 0.7681
vn 0.0098 0.6357 0.7719
vn 0.0527 0.5811 0.8121
vn 0.0256 0.6211 0.7833
vn 0.0079 0.6357 0.7719
vn 0.0010 0.6397 0.7686
vn 0.0012 0.6344 0.7730
vn 0.0013 0.6325 0.7746
vn 0.0007 0.6319 0.7750
vn 0.0047 0.6404 0.7681
vn 0.0170 0.6643 0.7473
vn 0.0678 0.6982 0.7127
vn 0.0866 0.6204 0.7795
vn 0.0737 0.5877 0.8057
vn 0.1645 -0.9853 0.0452
vn 0.1522 -0.9883 0.0050
vn 0.0518 -0.9964 0.0666
vn 0.0462 -0.9974 0.0551
vn 0.3980 -0.9083 0.1283
vn 0.4017 -0.9130 0.0710
vn 0.3858 -0.9226 -0.0015
vn 0.3210 -0.9470 0.0116
vn 0.1234 -0.9912 0.0477
vn 0.0366 -0.9966 0.0735
vn 0.0044 -0.9959 0.0907
vn 0.0059 -0.9964 0.0848
vn 0.0068 -0.9964 0.0841
vn 0.0071 -0.9963 0.0852
vn 0.0534 -0.9952 0.0815
vn 0.1664 -0.9823 0.0859
vn 0.1136 -0.9933 0.0207
vn 0.1254 -0.9921 -0.0081
vn 0.0355 -0.9993 0.0087
vn 0.0388 -0.9991 0.0172
vn 0.2305 -0.9731 -0.0012
vn 0.2723 -0.9615 0.0376
vn 0.3088 -0.9505 -0.0338
vn 0.2789 -0.9590 -0.0496
vn 0.1118 -0.9937 0.0014
vn 0.0344 -0.9991 0.0248
vn 0.0045 -0.9994 0.0345
vn 0.0051 -0.9996 0.0288
vn 0.0046 -1.0000 0.0082
vn 0.0042 -0.9991 -0.0425
vn 0.0326 -0.9986 -0.0420
vn 0.1040 -0.9942 -0.0271
vn 0.1602 -0.9852 -0.0611
vn 0.1469 -0.9847 -0.0940
vn 0.0498 -0.9987 -0.0140
vn 0.0432 -0.9988 -0.0227
vn 0.3902 -0.9206 0.0159
vn 0.3811 -0.9244 -0.0132
vn 0.3807 -0.9122 -0.1515
vn 0.3090 -0.9443 -0.1134
vn 0.1138 -0.9929 -0.0354
vn 0.0335 -0.9994 0.0003
vn 0.0043 -0.9999 0.0149
vn 0.0055 -0.9999 0.0119
vn 0.0065 -0.9999 0.0131
vn 0.0070 -0.9998 0.0159
vn 0.0525 -0.9986 0.0056
vn 0.1636 -0.9865 -0.0093
vn 0.0358 0.8557 0.5162
vn 0.0426 0.8605 0.5076
vn 0.0116 0.8437 0.5367
vn 0.0145 0.8516 0.5240
vn 0.0729 0.8416 0.5352
vn 0.0830 0.8731 0.4804
vn 0.0971 0.8725 0.4789
vn 0.0994 0.8773 0.4696
vn 0.0473 0.8710 0.4890
vn 0.0181 0.8595 0.5107
vn 0.0037 0.8509 0.5253
vn 0.0023 0.8462 0.5329
vn 0.0016 0.8381 0.5455
vn 0.0014 0.8232 0.5677
vn 0.0104 0.8274 0.5615
vn 0.0322 0.8387 0.5436
vn 0.1025 0.7368 0.6683
vn 0.1124 0.6518 0.7500
vn 0.0327 0.7204 0.6928
vn 0.0352 0.6899 0.7230
vn 0.2343 0.7492 0.6195
vn 0.2551 0.7337 0.6298
vn 0.2770 0.5968 0.7530
vn 0.2518 0.5389 0.8038
vn 0.1003 0.6505 0.7528
vn 0.0308 0.6929 0.7204
vn 0.0040 0.7085 0.7057
vn 0.0046 0.7079 0.7063
vn 0.0044 0.7120 0.7021
vn 0.0036 0.7150 0.6991
vn 0.0275 0.7390 0.6732
vn 0.0878 0.7360 0.6712
vn 0.0899 0.6755 0.7319
vn 0.0683 0.7265 0.6837
vn 0.0265 0.7130 0.7007
vn 0.0196 0.7519 0.6590
vn 0.2623 0.6140 0.7444
vn 0.2336 0.6495 0.7236
vn 0.1847 0.7086 0.6810
vn 0.1213 0.7766 0.6182
vn 0.0445 0.7902 0.6112
vn 0.0133 0.7947 0.6069
vn 0.0017 0.7971 0.6039
vn 0.0025 0.7639 0.6453
vn 0.0034 0.7318 0.6815
vn 0.0042 0.7112 0.7030
vn 0.0323 0.6897 0.7233
vn 0.1051 0.6484 0.7540
vn 0.0263 0.9983 -0.0516
vn 0.0621 0.9958 -0.0671
vn -0.0007 0.9994 -0.0356
vn 0.0103 0.9992 -0.0393
vn 0.0528 0.9967 -0.0617
vn 0.1107 0.9900 -0.0870
vn 0.2167 0.9682 -0.1249
vn 0.3758 0.9104 -0.1731
vn 0.1259 0.9879 -0.0902
vn 0.0309 0.9985 -0.0459
vn 0.0017 0.9996 -0.0294
vn -0.0019 0.9996 -0.0290
vn -0.0040 0.9995 -0.0298
vn -0.0045 0.9995 -0.0322
vn -0.0040 0.9994 -0.0341
vn 0.0142 0.9991 -0.0405
vn 0.0372 0.6775 0.7346
vn 0.0550 0.7115 0.7006
vn 0.0103 0.6707 0.7417
vn 0.0152 0.6949 0.7189
vn 0.0670 0.6331 0.7712
vn 0.1082 0.6690 0.7353
vn 0.1673 0.7108 0.6832
vn 0.2107 0.7419 0.6366
vn 0.0726 0.7342 0.6750
vn 0.0211 0.7123 0.7016
vn 0.0028 0.7080 0.7062
vn 0.0019 0.6917 0.7221
vn 0.0012 0.6693 0.7430
vn 0.0009 0.6512 0.7589
vn 0.0082 0.6507 0.7593
vn 0.0283 0.6474 0.7616
vn 0.0973 0.7322 0.6741
vn 0.1123 0.7063 0.6990
vn 0.0308 0.7149 0.6986
vn 0.0361 0.7092 0.7041
vn 0.1880 0.7466 0.6382
vn 0.2282 0.7347 0.6388
vn 0.2674 0.6728 0.6898
vn 0.2767 0.6095 0.7429
vn 0.1140 0.6516 0.7499
vn 0.0362 0.6891 0.7238
vn 0.0048 0.7078 0.7064
vn 0.0048 0.7108 0.7034
vn 0.0040 0.7148 0.6993
vn 0.0035 0.7136 0.7005
vn 0.0268 0.7138 0.6998
vn 0.0852 0.7287 0.6795
vn 0.0914 -0.8932 -0.4403
vn 0.1188 -0.8696 -0.4792
vn 0.0289 -0.8931 -0.4490
vn 0.0367 -0.8784 -0.4764
vn 0.1483 -0.9137 -0.3784
vn 0.2162 -0.8807 -0.4214
vn 0.2923 -0.8343 -0.4674
vn 0.3162 -0.7812 -0.5382
vn 0.1106 -0.8707 -0.4793
vn 0.0338 -0.8795 -0.4748
vn 0.0044 -0.8807 -0.4737
vn 0.0048 -0.8797 -0.4755
vn 0.0038 -0.8929 -0.4502
vn 0.0026 -0.9181 -0.3962
vn 0.0201 -0.9183 -0.3954
vn 0.0647 -0.9186 -0.3898
vn 0.0443 0.9978 0.0486
vn 0.0101 0.9993 0.0356
vn 0.0167 0.9979 0.0632
vn 0.0926 0.9950 0.0387
vn 0.0440 0.9986 0.0280
vn 0.0734 0.9954 0.0610
vn 0.0012 0.9997 0.0239
vn 0.0002 0.9992 0.0388
vn 0.0140 0.9996 0.0234
vn 0.0091 0.9948 0.1012
vn 0.0420 0.9955 0.0852
vn -0.0015 0.9977 0.0676
vn 0.9798 -0.1948 -0.0460
vn 0.9917 -0.1285 -0.0105
vn 0.9947 -0.0357 -0.0965
vn 0.9995 -0.0302 -0.0021
vn 0.2687 -0.9534 -0.1372
vn 0.4491 -0.8833 -0.1346
vn 0.5046 -0.8546 -0.1223
vn 0.4465 -0.8865 -0.1215
vn 0.9890 -0.1480 0.0093
vn 0.9988 -0.0399 0.0277
vn 0.9993 -0.0223 0.0290
vn 1.0000 -0.0039 -0.0048
vn 0.9984 0.0068 -0.0567
vn -0.5731 0.1797 -0.7996
vn 0.8487 -0.4906 -0.1974
vn 0.8117 -0.5437 -0.2133
vn 0.9738 -0.2273 -0.0008
vn 0.9732 -0.2299 -0.0064
vn 0.9985 -0.0494 0.0254
vn 0.9989 -0.0442 0.0166
vn 0.3671 -0.9226 -0.1184
vn 0.3126 -0.9418 -0.1237
vn 0.3094 -0.9429 -0.1234
vn 0.3938 -0.9107 -0.1246
vn 0.9825 -0.1856 -0.0175
vn 0.9996 -0.0298 0.0022
vn 1.0000 -0.0061 0.0057
vn 0.9997 -0.0160 0.0196
vn 0.9993 -0.0223 0.0287
vn 0.9991 -0.0251 0.0333
vn 0.9984 -0.0470 0.0305
vn 0.9814 -0.1916 0.0064
vn 0.1772 -0.9791 -0.0997
vn 0.1502 -0.9763 -0.1558
vn 0.0447 -0.9911 -0.1255
vn 0.0452 -0.9874 -0.1516
vn 0.5225 -0.8526 0.0001
vn 0.4843 -0.8701 -0.0916
vn 0.3704 -0.9124 -0.1740
vn 0.3119 -0.9237 -0.2227
vn 0.1256 -0.9708 -0.2046
vn 0.0412 -0.9816 -0.1867
vn 0.0057 -0.9854 -0.1702
vn 0.0054 -0.9872 -0.1592
vn 0.0048 -0.9898 -0.1423
vn 0.0044 -0.9910 -0.1336
vn 0.0390 -0.9910 -0.1278
vn 0.1427 -0.9831 -0.1149
vn 0.1031 -0.8932 -0.4376
vn 0.1132 -0.8790 -0.4631
vn 0.0320 -0.8961 -0.4428
vn 0.0350 -0.8889 -0.4568
vn 0.2101 -0.8772 -0.4318
vn 0.2507 -0.8689 -0.4269
vn 0.2817 -0.8414 -0.4611
vn 0.2646 -0.7872 -0.5570
vn 0.1020 -0.8479 -0.5203
vn 0.0308 -0.8665 -0.4983
vn 0.0040 -0.8729 -0.4879
vn 0.0046 -0.8902 -0.4555
vn 0.0042 -0.8962 -0.4436
vn 0.0037 -0.8917 -0.4525
vn 0.0291 -0.8918 -0.4516
vn 0.0933 -0.8905 -0.4453
vn 0.2867 -0.9539 0.0885
vn 0.1772 -0.9278 0.3283
vn 0.0886 -0.9873 0.1321
vn 0.0482 -0.9201 0.3887
vn 0.6635 -0.7445 -0.0739
vn 0.6260 -0.7796 0.0194
vn 0.5754 -0.8159 -0.0568
vn 0.3185 -0.8997 0.2987
vn 0.0414 -0.8008 0.5975
vn 0.0096 -0.7925 0.6098
vn 0.0005 -0.7924 0.6100
vn 0.0049 -0.9181 0.3963
vn 0.0098 -0.9903 0.1384
vn 0.0118 -0.9999 -0.0048
vn 0.1045 -0.9943 -0.0212
vn 0.3242 -0.9445 -0.0530
vn 0.3066 0.9466 -0.0996
vn 0.3572 0.9329 -0.0457
vn 0.0983 0.9940 -0.0487
vn 0.1215 0.9922 -0.0291
vn 0.5432 0.8140 -0.2057
vn 0.6469 0.7436 -0.1690
vn 0.6884 0.7202 -0.0861
vn 0.6718 0.7389 -0.0530
vn 0.3506 0.9358 -0.0368
vn 0.1175 0.9927 -0.0273
vn 0.0156 0.9995 -0.0266
vn 0.0162 0.9995 -0.0273
vn 0.0126 0.9995 -0.0302
vn 0.0068 0.9995 -0.0308
vn 0.0620 0.9966 -0.0541
vn 0.2172 0.9693 -0.1152
vn 0.2095 0.9690 0.1313
vn 0.1737 0.9795 0.1018
vn 0.1190 0.9857 0.1190
vn 0.2915 0.9480 0.1279
vn 0.3013 0.9462 0.1181
vn 0.1890 0.9728 0.1341
vn 0.1740 0.9824 0.0678
vn 0.1181 0.9896 0.0826
vn 0.2538 0.9627 0.0938
vn 0.0345 0.9920 0.1215
vn 0.1077 0.9853 0.1329
vn 0.0675 0.9926 0.1014
vn 0.0540 -0.9933 -0.1022
vn 0.0125 -0.9936 -0.1121
vn 0.2761 -0.9611 -0.0012
vn 0.0491 -0.9959 -0.0764
vn 0.0163 -0.9917 -0.1279
vn 0.0088 -0.9922 -0.1246
vn 0.0035 -0.9924 -0.1227
vn 0.0006 -0.9925 -0.1219
vn 0.0005 -0.9928 -0.1199
vn 0.0002 -0.9934 -0.1148
vn -0.0038 -0.9935 -0.1141
vn 0.0539 -0.9972 -0.0509
vn 0.4956 -0.8590 0.1284
vn 0.9601 -0.2306 0.1582
vn 0.6663 -0.7454 0.0204
vn 0.1315 -0.9852 -0.1102
vn 0.0493 0.9988 0.0018
vn 0.0749 0.9972 -0.0092
vn 0.0134 0.9999 0.0074
vn 0.0203 0.9998 -0.0009
vn 0.0907 0.9958 0.0081
vn 0.1461 0.9893 0.0007
vn 0.2127 0.9771 -0.0084
vn 0.2835 0.9587 -0.0213
vn 0.1063 0.9941 -0.0224
vn 0.0303 0.9995 -0.0127
vn 0.0038 1.0000 -0.0072
vn 0.0025 1.0000 0.0037
vn 0.0016 0.9999 0.0101
vn 0.0014 0.9999 0.0125
vn 0.0110 0.9999 0.0121
vn 0.0364 0.9993 0.0122
vn 0.9996 -0.0075 -0.0261
vn 0.9890 -0.1430 -0.0364
vn 0.9448 -0.3188 -0.0758
vn 0.8672 -0.4384 -0.2362
vn 0.8991 -0.3007 -0.3181
vn 0.7570 -0.5687 -0.3218
vn 0.6200 -0.7132 -0.3271
vn 0.6626 -0.6965 -0.2755
vn 0.9725 -0.1950 -0.1276
vn 0.9978 -0.0021 -0.0655
vn 0.9988 0.0476 -0.0087
vn 0.9999 -0.0082 -0.0150
vn 0.9986 0.0500 -0.0165
vn 0.9222 -0.3843 -0.0419
vn 0.9212 -0.3855 -0.0528
vn 0.9901 -0.1382 -0.0241
vn 0.7444 -0.6449 -0.1734
vn 0.7763 -0.5974 -0.2012
vn 0.8820 -0.4621 -0.0921
vn 0.4393 -0.7442 -0.5031
vn 0.5431 -0.6901 -0.4784
vn 0.7327 -0.5981 -0.3247
vn 0.4780 -0.7108 -0.5161
vn 0.5702 -0.6544 -0.4966
vn 0.6065 -0.6504 -0.4573
vn 0.4112 -0.8027 -0.4320
vn 0.6475 -0.6109 -0.4555
vn 0.5272 -0.7494 -0.4006
vn 0.2575 -0.8941 -0.3665
vn 0.6209 -0.6701 -0.4067
vn 0.4632 -0.7947 -0.3922
vn 0.0852 -0.9729 -0.2150
vn 0.3616 -0.8863 -0.2893
vn 0.1793 -0.9523 -0.2471
vn 0.6974 -0.6706 -0.2530
vn 0.9717 -0.1854 -0.1462
vn 0.6741 -0.6902 -0.2630
vn 0.9970 0.0056 -0.0766
vn 0.9985 0.0322 -0.0438
vn 0.9950 -0.0235 -0.0974
vn 0.0168 -0.9763 -0.2157
vn 0.0402 -0.9629 -0.2668
vn 0.0051 -0.9768 -0.2139
vn 0.0115 -0.9658 -0.2589
vn 0.0106 -0.9818 -0.1894
vn 0.0451 -0.9740 -0.2220
vn 0.1200 -0.9509 -0.2853
vn 0.1588 -0.9251 -0.3451
vn 0.0566 -0.9423 -0.3300
vn 0.0164 -0.9466 -0.3219
vn 0.0021 -0.9472 -0.3206
vn 0.0015 -0.9662 -0.2576
vn 0.0007 -0.9769 -0.2136
vn 0.0002 -0.9821 -0.1881
vn 0.0013 -0.9821 -0.1882
vn 0.0042 -0.9821 -0.1883
vn 0.0996 -0.8420 -0.5302
vn 0.1087 -0.7960 -0.5955
vn 0.0303 -0.8305 -0.5561
vn 0.0342 -0.8082 -0.5879
vn 0.2021 -0.8419 -0.5003
vn 0.2529 -0.8415 -0.4774
vn 0.2644 -0.7617 -0.5916
vn 0.2380 -0.7504 -0.6166
vn 0.0998 -0.7935 -0.6003
vn 0.0314 -0.8078 -0.5886
vn 0.0041 -0.8124 -0.5831
vn 0.0045 -0.8122 -0.5833
vn 0.0039 -0.8237 -0.5669
vn 0.0034 -0.8458 -0.5335
vn 0.0263 -0.8462 -0.5321
vn 0.0861 -0.8480 -0.5230
vn 0.0908 -0.9678 -0.2346
vn 0.0403 -0.9774 -0.2077
vn 0.0242 -0.9825 -0.1850
vn 0.0084 -0.9833 -0.1817
vn 0.2926 -0.9184 -0.2664
vn 0.2693 -0.9195 -0.2864
vn 0.1619 -0.9539 -0.2529
vn 0.1213 -0.9570 -0.2634
vn 0.0066 -0.9827 -0.1852
vn 0.0014 -0.9834 -0.1814
vn 0.0002 -0.9835 -0.1809
vn 0.0010 -0.9841 -0.1777
vn 0.0031 -0.9846 -0.1747
vn 0.0051 -0.9849 -0.1729
vn 0.0383 -0.9823 -0.1835
vn 0.1177 -0.9667 -0.2272
vn 0.0550 -0.9244 -0.3773
vn 0.0470 -0.8755 -0.4810
vn 0.1780 -0.9114 -0.3711
vn 0.1543 -0.8707 -0.4670
vn 0.0067 -0.9618 -0.2736
vn 0.0069 -0.9260 -0.3775
vn 0.0061 -0.8757 -0.4829
vn 0.0044 -0.8294 -0.5586
vn 0.0337 -0.8296 -0.5574
vn 0.1108 -0.8285 -0.5490
vn 0.2763 -0.8056 -0.5241
vn 0.3860 -0.8203 -0.4221
vn 0.4210 -0.8440 -0.3324
vn 0.3862 -0.8849 -0.2604
vn 0.1820 -0.9443 -0.2740
vn 0.0565 -0.9600 -0.2743
vn 0.1012 -0.9891 -0.1069
vn 0.0884 -0.9859 -0.1422
vn 0.3206 -0.9420 -0.0988
vn 0.2873 -0.9489 -0.1306
vn 0.0114 -0.9975 -0.0696
vn 0.0114 -0.9941 -0.1078
vn 0.0101 -0.9896 -0.1436
vn 0.0078 -0.9813 -0.1925
vn 0.0685 -0.9790 -0.1918
vn 0.2254 -0.9566 -0.1846
vn 0.5059 -0.8471 -0.1627
vn 0.6218 -0.7760 -0.1058
vn 0.6675 -0.7405 -0.0783
vn 0.6660 -0.7433 -0.0628
vn 0.3218 -0.9442 -0.0700
vn 0.1022 -0.9923 -0.0699
vn 0.9454 0.3253 0.0204
vn 0.9871 0.1598 0.0015
vn 0.9865 0.1633 -0.0082
vn 0.9109 0.4125 0.0130
vn 0.8885 0.4579 0.0286
vn 0.8444 0.5320 0.0628
vn 0.9467 0.3205 0.0331
vn 0.8403 0.5396 0.0523
vn 0.9961 0.0883 -0.0017
vn 0.9964 0.0838 -0.0082
vn 0.9859 0.1667 0.0109
vn 0.9981 0.0108 -0.0601
vn 0.9909 0.1307 -0.0306
vn 0.9983 0.0484 -0.0314
vn 0.5670 0.8237 0.0095
vn 0.6323 0.7747 0.0084
vn 0.9110 0.4125 -0.0023
vn 0.6271 0.7788 0.0117
vn 0.7878 0.6145 0.0414
vn 0.6725 0.7401 0.0040
vn 0.4627 0.8812 0.0969
vn 0.5682 0.8182 0.0876
vn 0.5207 0.8506 0.0733
vn 0.3559 0.9319 0.0699
vn 0.3866 0.9186 0.0819
vn 0.3833 0.9161 0.1179
vn 0.4738 0.8739 0.1087
vn 0.3811 0.9183 0.1067
vn 0.7051 0.7039 0.0858
vn 0.6988 0.7111 0.0768
vn 0.5792 0.8091 0.0993
vn 0.5189 0.8544 0.0292
vn 0.3976 0.9166 0.0418
vn 0.6570 0.7514 0.0610
vn 0.1670 0.9851 0.0401
vn 0.1929 0.9800 0.0492
vn 0.2713 0.9614 0.0452
vn 0.2153 0.9749 0.0573
vn 0.3233 0.9423 0.0871
vn 0.2262 0.9728 0.0491
vn 0.9897 -0.0305 -0.1400
vn 0.9538 -0.2422 -0.1779
vn 0.7959 -0.5784 -0.1786
vn 0.9408 -0.3017 -0.1545
vn 0.9705 -0.2022 -0.1315
vn 0.9736 -0.1613 -0.1617
vn 0.9887 -0.0285 -0.1470
vn 0.9801 0.1537 -0.1254
vn 0.9727 0.2085 -0.1015
vn 0.9809 0.1008 -0.1665
vn 0.9960 0.0155 -0.0884
vn 0.9941 -0.0165 -0.1076
vn 0.9918 0.0134 -0.1273
vn 0.7114 -0.6675 -0.2200
vn 0.7245 -0.6572 -0.2079
vn 0.9710 -0.1841 -0.1528
vn 0.4503 -0.8734 -0.1853
vn 0.6213 -0.7649 -0.1700
vn 0.5883 -0.7856 -0.1919
vn 0.7206 -0.6767 -0.1508
vn 0.7803 -0.6011 -0.1728
vn 0.7952 -0.5915 -0.1334
vn 0.8111 -0.5646 -0.1529
vn 0.9016 -0.3977 -0.1703
vn 0.8458 -0.5159 -0.1360
vn 0.8733 -0.4432 -0.2025
vn 0.9634 -0.1723 -0.2052
vn 0.9099 -0.3764 -0.1743
vn 0.9637 -0.2166 -0.1563
vn 0.9890 -0.0112 -0.1473
vn 0.9513 -0.2606 -0.1649
vn 0.9366 0.3334 -0.1079
vn 0.9351 0.3372 -0.1092
vn 0.9813 0.1417 -0.1304
vn 0.8680 0.4876 -0.0945
vn 0.8899 0.4334 -0.1424
vn 0.9249 0.3652 -0.1054
vn 0.9029 0.3919 -0.1769
vn 0.9787 0.1246 -0.1634
vn 0.9223 0.3467 -0.1707
vn 0.8734 0.4801 -0.0814
vn 0.9846 0.1365 -0.1094
vn 0.6982 0.7034 -0.1329
vn 0.9142 0.3639 -0.1785
vn 0.4944 0.8692 -0.0020
vn 0.9155 0.4011 -0.0320
vn 0.9927 0.1061 -0.0568
vn 0.9970 0.0215 -0.0743
vn 0.9923 0.0278 -0.1211
vn 0.9658 0.1817 -0.1850
vn 0.7842 0.5750 -0.2332
vn 0.5936 0.7803 -0.1971
vn 0.3599 0.9236 -0.1320
vn 0.1990 0.9778 -0.0654
vn 0.3390 0.9387 -0.0622
vn 0.4836 0.8745 -0.0372
vn 0.4165 0.9047 -0.0892
vn 0.4626 0.8844 -0.0612
vn 0.1403 0.9890 -0.0474
vn 0.1717 0.9843 -0.0420
vn 0.6666 0.7242 -0.1769
vn 0.7511 0.6452 -0.1398
vn 0.7700 0.6313 -0.0929
vn 0.7713 0.6318 -0.0763
vn 0.4627 0.8851 -0.0499
vn 0.1754 0.9835 -0.0441
vn 0.0248 0.9986 -0.0467
vn 0.0239 0.9990 -0.0365
vn 0.0185 0.9993 -0.0316
vn 0.0147 0.9995 -0.0285
vn 0.1128 0.9927 -0.0429
vn 0.3470 0.9340 -0.0854
vn 0.0138 0.9998 0.0127
vn 0.0172 0.9998 0.0141
vn 0.0427 0.9990 0.0167
vn 0.0521 0.9985 0.0180
vn 0.0014 0.9999 0.0121
vn 0.0018 0.9999 0.0121
vn 0.0022 0.9999 0.0133
vn 0.0020 0.9999 0.0164
vn 0.0171 0.9997 0.0165
vn 0.0526 0.9984 0.0214
vn 0.1153 0.9928 0.0330
vn 0.1149 0.9930 0.0280
vn 0.0947 0.9952 0.0255
vn 0.0749 0.9969 0.0231
vn 0.0347 0.9993 0.0159
vn 0.0110 0.9999 0.0126
vn -0.1919 0.9674 0.1653
vn -0.1777 0.9827 0.0518
vn -0.3879 -0.9192 -0.0685
vn -0.3747 -0.9072 -0.1910
vn -0.0299 0.9826 0.1832
vn -0.0081 0.9903 0.1386
vn -0.0033 0.9950 0.0995
vn 0.0008 0.9985 0.0544
vn -0.1486 0.9861 -0.0749
vn -0.3392 -0.8842 -0.3211
vn -0.1861 -0.9633 -0.1933
vn -0.1898 -0.9706 -0.1480
vn -0.1937 -0.9752 -0.1074
vn -0.2146 -0.9748 -0.0607
vn -0.3905 -0.9168 0.0831
vn -0.2026 0.9308 0.3041
vn -0.0225 0.9538 -0.2995
vn -0.0255 0.9478 -0.3180
vn -0.0034 -0.8535 -0.5211
vn -0.0026 -0.8431 -0.5377
vn -0.0134 0.9999 0.0005
vn -0.0197 0.9998 -0.0030
vn -0.0235 0.9997 -0.0093
vn -0.0253 0.9995 -0.0175
vn -0.0270 0.9396 -0.3411
vn -0.0026 -0.8296 -0.5584
vn 0.0018 -0.9660 -0.2586
vn 0.0016 -0.9681 -0.2506
vn 0.0010 -0.9697 -0.2443
vn -0.0002 -0.9706 -0.2408
vn -0.0054 -0.8591 -0.5118
vn -0.0176 0.9571 -0.2892
vn -0.0329 0.8032 0.5948
vn -0.0748 0.8350 0.5452
vn -0.1476 -0.9097 0.3881
vn -0.2124 -0.9170 0.3376
vn 0.0159 0.9586 0.2843
vn 0.0262 0.9613 0.2742
vn 0.0233 0.9662 0.2569
vn 0.0043 0.9721 0.2346
vn -0.1438 0.8774 0.4577
vn -0.3138 -0.9172 0.2457
vn -0.1733 -0.9848 -0.0075
vn -0.1357 -0.9906 0.0160
vn -0.1035 -0.9940 0.0346
vn -0.0734 -0.9962 0.0463
vn -0.1074 -0.9030 0.4159
vn -0.0299 0.7843 0.6196
vn 0.0015 -0.9941 -0.1085
vn 0.0007 -0.9908 -0.1350
vn 0.0018 -0.9942 -0.1079
vn 0.0009 -0.9907 -0.1358
vn 0.0020 -0.9972 -0.0750
vn 0.0010 -0.9941 -0.1089
vn 0.0004 -0.9909 -0.1347
vn 0.0003 -0.9858 -0.1682
vn 0.0008 -0.9855 -0.1696
vn 0.0011 -0.9851 -0.1721
vn 0.0012 -0.9845 -0.1753
vn 0.0010 -0.9906 -0.1367
vn 0.0020 -0.9943 -0.1070
vn 0.0043 -0.9977 -0.0680
vn 0.0040 -0.9975 -0.0712
vn 0.0033 -0.9973 -0.0737
vn 0.0359 0.9899 0.1372
vn 0.0368 0.9937 0.1054
vn 0.0389 0.9899 0.1361
vn 0.0398 0.9934 0.1072
vn 0.0238 0.9826 0.1844
vn 0.0255 0.9901 0.1378
vn 0.0267 0.9943 0.1033
vn 0.0284 0.9978 0.0595
vn 0.0381 0.9971 0.0665
vn 0.0398 0.9965 0.0734
vn 0.0319 0.9963 0.0793
vn 0.0317 0.9937 0.1075
vn 0.0307 0.9903 0.1352
vn 0.0310 0.9851 0.1689
vn 0.0369 0.9839 0.1748
vn 0.0346 0.9829 0.1808
vn 0.0052 0.9909 0.1348
vn 0.0055 0.9941 0.1082
vn 0.0067 0.9908 0.1354
vn 0.0075 0.9942 0.1074
vn -0.0020 0.9858 0.1680
vn -0.0021 0.9909 0.1343
vn -0.0024 0.9941 0.1085
vn -0.0030 0.9972 0.0747
vn 0.0046 0.9973 0.0733
vn 0.0064 0.9975 0.0707
vn 0.0019 0.9978 0.0667
vn 0.0031 0.9944 0.1060
vn 0.0018 0.9908 0.1352
vn -0.0022 0.9851 0.1717
vn 0.0040 0.9855 0.1695
vn 0.0039 0.9855 0.1695
vn 0.0007 -0.9947 -0.1030
vn 0.0033 -0.9905 -0.1375
vn 0.0180 -0.9944 -0.1041
vn 0.0208 -0.9904 -0.1368
vn -0.0320 -0.9979 -0.0555
vn -0.0283 -0.9943 -0.1028
vn -0.0263 -0.9900 -0.1387
vn -0.0249 -0.9825 -0.1848
vn 0.0042 -0.9829 -0.1842
vn 0.0212 -0.9831 -0.1816
vn 0.0256 -0.9837 -0.1781
vn 0.0257 -0.9904 -0.1362
vn 0.0231 -0.9941 -0.1056
vn 0.0175 -0.9976 -0.0664
vn 0.0121 -0.9980 -0.0618
vn -0.0046 -0.9983 -0.0578
vn -0.0034 0.8582 0.5133
vn -0.0155 0.8524 0.5226
vn -0.0057 -0.9568 0.2908
vn -0.0143 -0.9534 0.3014
vn -0.0023 0.9705 0.2410
vn 0.0031 0.9705 0.2413
vn -0.0016 0.9696 0.2447
vn -0.0107 0.9680 0.2507
vn -0.0332 0.8418 0.5388
vn -0.0206 -0.9471 0.3204
vn 0.0033 -0.9999 0.0104
vn -0.0002 -1.0000 0.0035
vn 0.0006 -1.0000 -0.0003
vn 0.0004 -1.0000 -0.0005
vn -0.0016 -0.9570 0.2901
vn -0.0040 0.8586 0.5127
vn -0.0096 0.9087 -0.4173
vn -0.0177 0.9160 -0.4008
vn -0.0050 -0.7827 -0.6224
vn 0.0070 -0.7938 -0.6081
vn 0.0122 0.9988 -0.0475
vn -0.0020 0.9988 -0.0484
vn -0.0093 0.9991 -0.0416
vn -0.0091 0.9995 -0.0308
vn -0.0185 0.9272 -0.3742
vn 0.0096 -0.8107 -0.5854
vn 0.0221 -0.9631 -0.2683
vn 0.0185 -0.9605 -0.2777
vn 0.0029 -0.9588 -0.2841
vn -0.0242 -0.9585 -0.2842
vn -0.0258 -0.7830 -0.6214
vn 0.0055 0.9096 -0.4154
vn -0.0079 0.9581 -0.2864
vn 0.0179 0.9398 -0.3413
vn -0.1668 -0.8382 -0.5192
vn -0.1013 -0.8192 -0.5644
vn 0.0191 0.9998 0.0059
vn 0.0347 0.9994 0.0023
vn 0.0382 0.9991 -0.0175
vn 0.0301 0.9989 -0.0359
vn 0.0224 0.9214 -0.3879
vn -0.0569 -0.7981 -0.5998
vn -0.0600 -0.9594 -0.2756
vn -0.0934 -0.9606 -0.2616
vn -0.1265 -0.9608 -0.2466
vn -0.1643 -0.9556 -0.2445
vn -0.2559 -0.8534 -0.4542
vn -0.0800 0.9739 -0.2126
vn -0.1220 -0.9865 -0.1092
vn -0.1226 -0.9829 -0.1371
vn -0.0959 -0.9897 -0.1062
vn -0.0961 -0.9858 -0.1377
vn -0.1471 -0.9861 -0.0773
vn -0.1494 -0.9825 -0.1111
vn -0.1494 -0.9790 -0.1390
vn -0.1495 -0.9747 -0.1660
vn -0.1221 -0.9778 -0.1704
vn -0.0945 -0.9798 -0.1763
vn -0.0626 -0.9813 -0.1819
vn -0.0644 -0.9883 -0.1385
vn -0.0653 -0.9925 -0.1038
vn -0.0666 -0.9962 -0.0567
vn -0.0961 -0.9934 -0.0621
vn -0.1222 -0.9900 -0.0701
vn -0.0075 0.9906 0.1363
vn -0.0056 0.9946 0.1041
vn -0.0021 0.9906 0.1370
vn -0.0003 0.9947 0.1026
vn -0.0108 0.9846 0.1746
vn -0.0059 0.9907 0.1357
vn -0.0042 0.9946 0.1041
vn -0.0052 0.9981 0.0618
vn -0.0061 0.9983 0.0572
vn -0.0001 0.9985 0.0543
vn 0.0123 0.9984 0.0547
vn 0.0113 0.9947 0.1017
vn 0.0097 0.9904 0.1376
vn 0.0062 0.9828 0.1844
vn -0.0069 0.9833 0.1819
vn -0.0127 0.9839 0.1783
vn -0.0622 0.8092 0.5842
vn -0.0606 0.7928 0.6065
vn -0.0412 -0.9260 0.3752
vn -0.0593 -0.9138 0.4017
vn -0.0218 0.9657 0.2588
vn -0.0248 0.9629 0.2686
vn -0.0189 0.9604 0.2781
vn -0.0042 0.9587 0.2845
vn -0.0480 0.7826 0.6207
vn -0.0810 -0.9048 0.4182
vn -0.0421 -0.9980 0.0477
vn -0.0170 -0.9990 0.0413
vn -0.0008 -0.9995 0.0309
vn 0.0059 -0.9998 0.0198
vn -0.0281 -0.9379 0.3459
vn -0.0528 0.8269 0.5599
vn -0.0171 0.8294 0.5585
vn -0.0145 0.8428 0.5380
vn 0.0084 -0.9399 0.3414
vn 0.0038 -0.9479 0.3185
vn -0.0223 0.9633 0.2674
vn -0.0206 0.9658 0.2586
vn -0.0170 0.9680 0.2505
vn -0.0109 0.9696 0.2443
vn -0.0099 0.8531 0.5217
vn 0.0017 -0.9539 0.3002
vn 0.0019 -1.0000 0.0029
vn 0.0031 -1.0000 0.0093
vn 0.0038 -0.9998 0.0174
vn 0.0077 -0.9996 0.0264
vn 0.0090 -0.9306 0.3659
vn -0.0183 0.8144 0.5801
vn -0.0230 0.9905 0.1354
vn -0.0241 0.9939 0.1075
vn -0.0189 0.9907 0.1346
vn -0.0199 0.9939 0.1081
vn -0.0224 0.9843 0.1751
vn -0.0249 0.9903 0.1365
vn -0.0260 0.9939 0.1068
vn -0.0260 0.9974 0.0679
vn -0.0240 0.9972 0.0709
vn -0.0199 0.9971 0.0733
vn -0.0129 0.9971 0.0747
vn -0.0126 0.9940 0.1085
vn -0.0120 0.9909 0.1342
vn -0.0108 0.9857 0.1679
vn -0.0170 0.9854 0.1692
vn -0.0207 0.9849 0.1718
vn 0.0085 -0.9942 -0.1073
vn 0.0096 -0.9908 -0.1353
vn 0.0029 -0.9941 -0.1083
vn 0.0033 -0.9909 -0.1349
vn 0.0122 -0.9974 -0.0704
vn 0.0167 -0.9941 -0.1071
vn 0.0185 -0.9906 -0.1357
vn 0.0180 -0.9845 -0.1746
vn 0.0089 -0.9851 -0.1717
vn 0.0026 -0.9855 -0.1695
vn -0.0000 -0.9857 -0.1682
vn 0.0005 -0.9909 -0.1347
vn 0.0006 -0.9941 -0.1089
vn 0.0006 -0.9972 -0.0749
vn 0.0015 -0.9973 -0.0734
vn 0.0056 -0.9973 -0.0733
vn -0.0072 0.9476 -0.3193
vn -0.0067 0.9538 -0.3003
vn -0.0045 -0.8427 -0.5384
vn -0.0083 -0.8531 -0.5217
vn -0.0021 0.9998 -0.0194
vn 0.0028 0.9999 -0.0099
vn 0.0019 1.0000 -0.0032
vn -0.0045 1.0000 0.0004
vn -0.0109 0.9571 -0.2897
vn -0.0081 -0.8588 -0.5123
vn -0.0015 -0.9705 -0.2410
vn -0.0000 -0.9697 -0.2444
vn 0.0056 -0.9681 -0.2505
vn 0.0144 -0.9659 -0.2587
vn 0.0028 -0.8282 -0.5604
vn -0.0123 0.9386 -0.3449
vn 0.9828 -0.1700 -0.0718
vn 0.9635 -0.2372 -0.1240
vn 0.9992 -0.0072 -0.0404
vn 0.9985 -0.0139 -0.0533
vn 0.5336 -0.8214 -0.2016
vn 0.3163 -0.9301 -0.1865
vn 0.2378 -0.9563 -0.1703
vn 0.1760 -0.9715 -0.1591
vn 0.9291 -0.3451 -0.1328
vn 0.9977 -0.0316 -0.0603
vn 0.9981 0.0204 -0.0585
vn 0.9985 0.0213 -0.0496
vn 0.9993 0.0161 -0.0332
vn 0.9999 0.0060 -0.0133
vn 0.9997 -0.0135 -0.0192
vn 0.9885 -0.1444 -0.0440
vn 0.2895 0.5229 -0.8017
vn 0.0800 0.6922 -0.7173
vn 0.2032 0.5949 -0.7777
vn 0.4898 0.1954 -0.8496
vn 0.6289 0.1228 -0.7677
vn 0.0392 0.4769 -0.8781
vn 0.0435 0.5711 -0.8197
vn 0.2792 0.4224 -0.8624
vn 0.0121 0.8339 -0.5518
vn 0.0407 0.8285 -0.5585
vn 0.0205 0.7041 -0.7098
vn 0.2929 0.7249 -0.6235
vn 0.5230 0.5095 -0.6833
vn 0.0959 0.7965 -0.5969
vn 0.7500 -0.1644 -0.6406
vn 0.6921 -0.2839 -0.6636
vn 0.6741 0.2028 -0.7103
vn 0.8499 -0.1726 -0.4979
vn 0.6592 0.1741 -0.7316
vn 0.7744 -0.2538 -0.5796
vn 0.9533 0.2065 -0.2206
vn 0.9790 0.0806 -0.1872
vn 0.9712 -0.0200 -0.2375
vn 0.9664 0.0435 -0.2532
vn 0.9338 0.2304 -0.2738
vn 0.9344 0.2957 -0.1986
vn 0.9752 0.1632 -0.1493
vn 0.8723 0.4147 -0.2591
vn 0.9904 0.0439 -0.1308
vn 0.9896 -0.0230 -0.1418
vn 0.9861 0.0954 -0.1364
vn 0.9774 -0.1155 -0.1771
vn 0.9611 -0.1641 -0.2223
vn 0.9884 -0.0588 -0.1402
vn 0.9229 -0.1589 -0.3507
vn 0.9085 0.1258 -0.3984
vn 0.9496 -0.1721 -0.2621
vn 0.7268 0.5369 -0.4283
vn 0.8210 0.4808 -0.3078
vn 0.8395 0.3379 -0.4255
vn 0.1006 0.9882 -0.1156
vn 0.4033 0.9120 -0.0744
vn 0.3872 0.9130 -0.1289
vn 0.2124 0.9432 -0.2553
vn 0.0769 0.9763 -0.2023
vn 0.0175 0.9974 -0.0697
vn 0.1301 0.9890 -0.0698
vn 0.0136 0.9931 -0.1163
vn 0.7638 0.6412 -0.0738
vn 0.7577 0.6486 -0.0725
vn 0.4369 0.8978 -0.0556
vn 0.8186 0.5614 -0.1210
vn 0.6331 0.7401 -0.2271
vn 0.7638 0.6412 -0.0741
vn 0.3859 0.8294 -0.4040
vn 0.1589 0.9014 -0.4028
vn 0.5220 0.7956 -0.3075
vn 0.0182 0.9340 -0.3567
vn 0.0139 0.9787 -0.2047
vn 0.0659 0.9261 -0.3714
vn -0.2530 0.9535 0.1640
vn -0.2644 0.9643 -0.0126
vn -0.2414 -0.9703 0.0127
vn -0.2557 -0.9528 -0.1639
vn -0.0920 0.9810 0.1708
vn -0.0845 0.9908 0.1059
vn -0.0869 0.9951 0.0479
vn -0.0879 0.9960 -0.0168
vn -0.2426 0.9500 -0.1967
vn -0.2370 -0.9089 -0.3433
vn -0.0806 -0.9820 -0.1709
vn -0.0771 -0.9912 -0.1077
vn -0.0719 -0.9963 -0.0477
vn -0.0779 -0.9968 0.0168
vn -0.2035 -0.9565 0.2090
vn -0.2164 0.9091 0.3558
vn -0.1107 0.8970 -0.4278
vn -0.0805 0.8775 -0.4728
vn -0.1082 -0.8205 -0.5613
vn -0.0779 -0.7962 -0.6000
vn -0.0746 0.9936 -0.0846
vn -0.0491 0.9953 -0.0836
vn -0.0374 0.9941 -0.1019
vn -0.0333 0.9918 -0.1233
vn -0.0678 0.8540 -0.5158
vn -0.0653 -0.7690 -0.6359
vn -0.0278 -0.9652 -0.2602
vn -0.0320 -0.9688 -0.2459
vn -0.0437 -0.9713 -0.2336
vn -0.0696 -0.9692 -0.2363
vn -0.1744 -0.8484 -0.4998
vn -0.1777 0.9155 -0.3610
vn -0.0386 0.5021 0.8640
vn -0.0638 0.7448 0.6642
vn -0.0279 -0.6324 0.7741
vn -0.0501 -0.8388 0.5422
vn -0.0279 -0.0825 0.9962
vn -0.0454 0.9432 0.3290
vn -0.0404 0.9653 0.2582
vn -0.0517 0.9719 0.2297
vn -0.1260 0.8394 0.5287
vn -0.1125 -0.9127 0.3928
vn -0.0376 -0.9961 0.0794
vn -0.0252 -0.9932 0.1138
vn -0.0128 -0.9812 0.1925
vn -0.0279 -0.0826 0.9962
vn -0.0199 -0.9981 -0.0587
vn -0.0219 -0.9954 -0.0934
vn -0.0170 -0.9981 -0.0588
vn -0.0163 -0.9955 -0.0936
vn -0.0271 -0.9996 -0.0108
vn -0.0325 -0.9979 -0.0559
vn -0.0366 -0.9947 -0.0959
vn -0.0420 -0.9901 -0.1342
vn -0.0276 -0.9900 -0.1385
vn -0.0203 -0.9898 -0.1411
vn -0.0175 -0.9893 -0.1447
vn -0.0144 -0.9953 -0.0956
vn -0.0180 -0.9977 -0.0651
vn -0.0362 -0.9971 -0.0668
vn -0.0191 -0.9997 -0.0157
vn -0.0185 -0.9998 -0.0092
vn -0.0314 0.9958 0.0858
vn -0.0274 0.9983 0.0512
vn -0.0332 0.9958 0.0859
vn -0.0325 0.9979 0.0563
vn -0.0536 0.9965 0.0639
vn -0.0330 0.9968 0.0725
vn -0.0259 0.9988 0.0425
vn -0.0258 0.9996 -0.0065
vn -0.0282 0.9996 0.0040
vn -0.0355 0.9993 0.0120
vn -0.0499 0.9986 0.0193
vn -0.0467 0.9973 0.0574
vn -0.0450 0.9946 0.0939
vn -0.0411 0.9893 0.1397
vn -0.0339 0.9902 0.1357
vn -0.0360 0.9919 0.1219
vn 0.3650 -0.9165 -0.1638
vn 0.3787 -0.9115 -0.1604
vn 0.1445 -0.9781 -0.1498
vn 0.1516 -0.9774 -0.1471
vn 0.6168 -0.7640 -0.1896
vn 0.6614 -0.7292 -0.1758
vn 0.6732 -0.7204 -0.1671
vn 0.5895 -0.7927 -0.1551
vn 0.3256 -0.9336 -0.1498
vn 0.1302 -0.9812 -0.1425
vn 0.0225 -0.9901 -0.1384
vn 0.0268 -0.9899 -0.1391
vn 0.0261 -0.9898 -0.1401
vn 0.0259 -0.9896 -0.1418
vn 0.1371 -0.9785 -0.1539
vn 0.3499 -0.9206 -0.1732
vn 0.2161 -0.9697 -0.1142
vn 0.1539 -0.9760 -0.1539
vn 0.0440 -0.9905 -0.1301
vn 0.0369 -0.9907 -0.1309
vn 0.0859 -0.9908 -0.1044
vn 0.4371 -0.8947 -0.0922
vn 0.4584 -0.8814 -0.1139
vn 0.2152 -0.9694 -0.1183
vn 0.2463 -0.9470 -0.2062
vn 0.1215 -0.9787 -0.1656
vn 0.3335 -0.9246 -0.1839
vn 0.0048 -0.9917 -0.1283
vn 0.0056 -0.9921 -0.1251
vn 0.0378 -0.9905 -0.1320
vn 0.0016 -0.9925 -0.1222
vn 0.0082 -0.9922 -0.1242
vn 0.0049 -0.9923 -0.1234
vn 0.0204 -0.9915 -0.1288
vn 0.0861 -0.9886 -0.1234
vn 0.0182 -0.9923 -0.1227
vn 0.6396 -0.7521 -0.1589
vn 0.3088 -0.9410 -0.1384
vn 0.3514 -0.9235 -0.1540
vn 0.6165 -0.7546 -0.2246
vn 0.6651 -0.6936 -0.2767
vn 0.7187 -0.6749 -0.1673
vn 0.8422 -0.5126 -0.1671
vn 0.5752 -0.8028 -0.1572
vn 0.8796 -0.4506 -0.1529
vn 0.0399 -0.9906 -0.1311
vn 0.0492 -0.9905 -0.1281
vn 0.2704 -0.9532 -0.1355
vn 0.0513 -0.9907 -0.1260
vn 0.2267 -0.9615 -0.1551
vn 0.0600 -0.9901 -0.1273
vn 0.8119 -0.4919 -0.3145
vn 0.7682 -0.5438 -0.3379
vn 0.5667 -0.7952 -0.2159
vn 0.7696 -0.4829 -0.4177
vn 0.8302 -0.4736 -0.2940
vn 0.6985 -0.5775 -0.4225
vn 0.9374 -0.3190 -0.1399
vn 0.9205 -0.3740 -0.1129
vn 0.8669 -0.4498 -0.2149
vn 0.9721 -0.2318 -0.0364
vn 0.9739 -0.2253 -0.0290
vn 0.8063 -0.5764 -0.1324
vn 0.8149 -0.5699 -0.1056
vn 0.9934 -0.1146 0.0053
vn 0.9944 -0.1056 0.0028
vn 0.9950 -0.1001 0.0016
vn 0.9952 -0.0974 0.0006
vn 0.9738 -0.2266 -0.0180
vn 0.8133 -0.5781 -0.0662
vn 0.1848 -0.9755 -0.1194
vn 0.1859 -0.9640 -0.1899
vn 0.1805 -0.9555 -0.2333
vn 0.1702 -0.9515 -0.2564
vn 0.7885 -0.5963 -0.1507
vn 0.9683 -0.2463 -0.0409
vn 0.2767 -0.9518 -0.1324
vn 0.2699 -0.9501 -0.1563
vn 0.0971 -0.9852 -0.1411
vn 0.0756 -0.9863 -0.1465
vn 0.1086 -0.9850 -0.1340
vn 0.4855 -0.8633 -0.1376
vn 0.5303 -0.8367 -0.1369
vn 0.2690 -0.9533 -0.1374
vn 0.4681 -0.8664 -0.1740
vn 0.2393 -0.9589 -0.1524
vn 0.5351 -0.8272 -0.1712
vn 0.0204 -0.9908 -0.1338
vn 0.0208 -0.9904 -0.1369
vn 0.0857 -0.9872 -0.1343
vn 0.0041 -0.9903 -0.1387
vn 0.0117 -0.9901 -0.1401
vn 0.0156 -0.9902 -0.1387
vn 0.0188 -0.9902 -0.1381
vn 0.1090 -0.9844 -0.1384
vn 0.0188 -0.9903 -0.1377
vn 0.4833 -0.8633 -0.1450
vn 0.4483 -0.8674 -0.2160
vn 0.1595 -0.9730 -0.1670
vn 0.1281 -0.9770 -0.1706
vn 0.2250 -0.9652 -0.1335
vn 0.8289 -0.5375 -0.1550
vn 0.7817 -0.6001 -0.1697
vn 0.5599 -0.8161 -0.1435
vn 0.7982 -0.5262 -0.2934
vn 0.3979 -0.8912 -0.2177
vn 0.8095 -0.5342 -0.2438
vn 0.0251 -0.9893 -0.1440
vn 0.0288 -0.9888 -0.1467
vn 0.1398 -0.9759 -0.1675
vn 0.0050 -0.9893 -0.1461
vn 0.0139 -0.9889 -0.1476
vn 0.0233 -0.9887 -0.1479
vn 0.0391 -0.9900 -0.1358
vn 0.2710 -0.9528 -0.1368
vn 0.0371 -0.9896 -0.1388
vn 0.8512 0.1086 -0.5135
vn 0.9309 -0.0847 -0.3554
vn 0.4670 0.1550 -0.8705
vn 0.6607 -0.3040 -0.6863
vn 0.9058 0.1650 -0.3903
vn 0.9655 0.0653 -0.2520
vn 0.9843 -0.0090 -0.1760
vn 0.9884 -0.0886 -0.1232
vn 0.9358 -0.2920 -0.1975
vn 0.6215 -0.7264 -0.2934
vn 0.1027 -0.9229 -0.3710
vn 0.1191 -0.4784 -0.8700
vn 0.0697 0.1629 -0.9842
vn 0.0373 0.4193 -0.9071
vn 0.2793 0.4026 -0.8717
vn 0.6800 0.3060 -0.6663
vn 0.9605 -0.2754 0.0392
vn 0.9250 -0.3600 0.1217
vn 0.7345 -0.6694 0.1115
vn 0.5944 -0.7540 0.2798
vn 0.9951 -0.0986 0.0013
vn 0.9937 -0.1117 0.0125
vn 0.9872 -0.1521 0.0476
vn 0.9586 -0.2497 0.1369
vn 0.8088 -0.5119 0.2893
vn 0.3890 -0.7971 0.4619
vn 0.0549 -0.8629 0.5024
vn 0.0971 -0.9311 0.3515
vn 0.1432 -0.9756 0.1666
vn 0.1729 -0.9849 -0.0035
vn 0.7940 -0.6079 -0.0009
vn 0.9709 -0.2394 0.0009
vn 0.1105 -0.9913 0.0716
vn 0.0197 -0.9988 -0.0448
vn 0.0749 -0.9957 0.0543
vn 0.6734 -0.7230 0.1542
vn 0.2212 -0.9749 0.0254
vn 0.2806 -0.9393 0.1973
vn -0.0009 -0.9941 -0.1086
vn 0.0190 -0.9985 -0.0516
vn -0.0243 -0.9947 -0.1004
vn 0.0475 -0.9731 0.2253
vn 0.1179 -0.9631 0.2420
vn 0.0357 -0.9984 0.0439
vn 0.5366 -0.8414 0.0644
vn 0.5252 -0.8494 0.0508
vn 0.1982 -0.9773 0.0751
vn 0.1929 -0.9794 0.0595
vn 0.8540 -0.5183 0.0455
vn 0.8515 -0.5229 0.0395
vn 0.8436 -0.5361 0.0309
vn 0.8280 -0.5604 0.0203
vn 0.5020 -0.8640 0.0383
vn 0.1819 -0.9822 0.0466
vn 0.0247 -0.9986 0.0478
vn 0.0263 -0.9978 0.0607
vn 0.0270 -0.9967 0.0765
vn 0.0270 -0.9950 0.0958
vn 0.1984 -0.9756 0.0936
vn 0.5380 -0.8392 0.0791
vn 0.7762 -0.6186 -0.1218
vn 0.6899 -0.7134 -0.1231
vn 0.9929 -0.0968 -0.0689
vn 0.9891 -0.1334 -0.0631
vn 0.1242 -0.9808 -0.1506
vn 0.0913 -0.9859 -0.1404
vn 0.0701 -0.9879 -0.1387
vn 0.0558 -0.9889 -0.1376
vn 0.6091 -0.7840 -0.1195
vn 0.9842 -0.1699 -0.0507
vn 0.9993 -0.0100 -0.0363
vn 0.9986 -0.0028 -0.0525
vn 0.9981 0.0059 -0.0610
vn 0.9979 0.0146 -0.0625
vn 0.9959 -0.0607 -0.0669
vn 0.8652 -0.4891 -0.1102
vn 0.2634 -0.9509 -0.1627
vn 0.0180 -0.9906 -0.1354
vn -0.0599 -0.9913 -0.1171
vn -0.1726 -0.9772 -0.1236
vn 0.8008 -0.5175 -0.3015
vn 0.5035 -0.8404 -0.2005
vn 0.1741 -0.9742 -0.1439
vn 0.0830 -0.9870 -0.1376
vn 0.1565 -0.9651 -0.2101
vn -0.0933 -0.9240 -0.3707
vn -0.4820 -0.8210 -0.3060
vn -0.2496 -0.9614 -0.1156
vn -0.1725 -0.9811 -0.0872
vn -0.1250 -0.9885 -0.0856
vn 0.0836 -0.9835 -0.1607
vn 0.6000 -0.7539 -0.2677
vn 0.4438 -0.8863 -0.1328
vn 0.3257 -0.9370 -0.1260
vn 0.9642 -0.2627 -0.0368
vn 0.9332 -0.3587 -0.0233
vn 0.0717 -0.9869 -0.1446
vn 0.0378 -0.9894 -0.1403
vn 0.0284 -0.9902 -0.1371
vn 0.0225 -0.9908 -0.1337
vn 0.2254 -0.9672 -0.1173
vn 0.8637 -0.5040 0.0023
vn 0.9953 -0.0485 0.0835
vn 0.9993 -0.0213 0.0312
vn 0.9999 -0.0164 0.0036
vn 0.9999 -0.0142 -0.0044
vn 0.9767 -0.2118 -0.0349
vn 0.5500 -0.8257 -0.1255
vn 0.2407 -0.1334 -0.9614
vn 0.5801 -0.2788 -0.7653
vn 0.0036 -0.9590 -0.2833
vn 0.0506 -0.9610 -0.2718
vn 0.0372 0.4171 -0.9081
vn 0.2718 0.3653 -0.8903
vn 0.6553 0.1446 -0.7414
vn 0.8578 -0.1775 -0.4823
vn 0.7328 -0.4926 -0.4695
vn 0.1163 -0.9671 -0.2264
vn -0.1103 -0.9910 -0.0756
vn -0.0782 -0.9948 -0.0653
vn -0.0409 -0.9976 -0.0556
vn -0.0114 -0.9986 -0.0510
vn -0.0059 -0.9592 -0.2825
vn 0.0287 -0.0921 -0.9953
vn 0.4699 -0.8754 -0.1132
vn 0.4488 -0.8865 -0.1126
vn 0.9696 -0.2436 -0.0250
vn 0.9663 -0.2563 -0.0230
vn 0.0454 -0.9895 -0.1371
vn 0.0377 -0.9899 -0.1368
vn 0.0351 -0.9900 -0.1365
vn 0.0442 -0.9896 -0.1370
vn 0.5011 -0.8580 -0.1127
vn 0.9729 -0.2298 -0.0250
vn 0.9999 -0.0170 0.0024
vn 0.9998 -0.0204 0.0056
vn 0.9998 -0.0198 0.0008
vn 0.9998 -0.0159 -0.0143
vn 0.9775 -0.2079 -0.0343
vn 0.5335 -0.8380 -0.1148
vn 0.4254 0.5091 -0.7482
vn 0.5183 0.4688 -0.7153
vn 0.1230 0.5580 -0.8207
vn 0.1758 0.5410 -0.8224
vn 0.6114 0.4248 -0.6676
vn 0.8587 0.2872 -0.4245
vn 0.8633 0.2751 -0.4231
vn 0.8541 0.2705 -0.4442
vn 0.5553 0.4284 -0.7128
vn 0.2022 0.5046 -0.8393
vn 0.0267 0.5151 -0.8567
vn 0.0232 0.5502 -0.8347
vn 0.0160 0.5649 -0.8250
vn 0.0046 0.5707 -0.8211
vn 0.0370 0.5663 -0.8233
vn 0.1440 0.5494 -0.8231
vn 0.3641 -0.9125 0.1863
vn 0.4620 -0.8331 0.3041
vn 0.1173 -0.9746 0.1910
vn 0.1634 -0.9172 0.3633
vn 0.5678 -0.8146 0.1181
vn 0.7137 -0.6854 0.1443
vn 0.7916 -0.5810 0.1893
vn 0.8255 -0.4878 0.2839
vn 0.5402 -0.6688 0.5108
vn 0.2009 -0.7463 0.6345
vn 0.0269 -0.7483 0.6628
vn 0.0220 -0.9251 0.3792
vn 0.0152 -0.9820 0.1883
vn 0.0115 -0.9954 0.0952
vn 0.0892 -0.9912 0.0975
vn 0.2799 -0.9547 0.1009
vn 0.9228 -0.3833 -0.0390
vn 0.9488 -0.3134 -0.0393
vn 0.6177 -0.7636 -0.1878
vn 0.7056 -0.6875 -0.1719
vn 0.9754 -0.2203 -0.0002
vn 0.9820 -0.1876 0.0210
vn 0.9887 -0.1491 0.0145
vn 0.9917 -0.1283 0.0101
vn 0.9616 -0.2714 -0.0413
vn 0.7583 -0.6317 -0.1611
vn 0.1549 -0.9527 -0.2614
vn 0.1322 -0.9559 -0.2624
vn 0.1029 -0.9591 -0.2636
vn 0.0869 -0.9605 -0.2644
vn 0.5574 -0.8040 -0.2070
vn 0.9027 -0.4245 -0.0700
vn 0.4820 -0.6905 0.5394
vn 0.4176 -0.7684 0.4850
vn 0.1656 -0.7537 0.6360
vn 0.1366 -0.8197 0.5563
vn 0.8729 -0.3969 0.2837
vn 0.8370 -0.4609 0.2951
vn 0.7897 -0.5429 0.2858
vn 0.7299 -0.6345 0.2543
vn 0.3682 -0.8444 0.3892
vn 0.1178 -0.8931 0.4342
vn 0.0155 -0.8977 0.4404
vn 0.0182 -0.8242 0.5660
vn 0.0224 -0.7601 0.6495
vn 0.0289 -0.7338 0.6788
vn 0.2113 -0.7214 0.6595
vn 0.5660 -0.6276 0.5346
vn 0.5900 -0.6169 0.5210
vn 0.5641 -0.6202 0.5451
vn 0.2221 -0.7440 0.6302
vn 0.2055 -0.7312 0.6504
vn 0.8780 -0.3834 0.2864
vn 0.8776 -0.3693 0.3058
vn 0.8696 -0.3746 0.3216
vn 0.8202 -0.4314 0.3757
vn 0.4942 -0.6514 0.5756
vn 0.1715 -0.7354 0.6555
vn 0.0227 -0.7458 0.6658
vn 0.0275 -0.7462 0.6651
vn 0.0298 -0.7626 0.6462
vn 0.0343 -0.7999 0.5991
vn 0.2558 -0.7737 0.5797
vn 0.6403 -0.6142 0.4612
vn 0.9993 -0.0257 0.0277
vn 0.9996 -0.0193 0.0187
vn 0.9990 -0.0356 0.0259
vn 0.9994 -0.0296 0.0179
vn 0.9992 -0.0243 0.0332
vn 0.9994 -0.0209 0.0284
vn 0.9997 -0.0145 0.0194
vn 1.0000 -0.0055 0.0062
vn 0.9999 -0.0110 0.0066
vn 0.9997 -0.0224 0.0075
vn 0.9990 -0.0446 0.0071
vn 0.9987 -0.0499 0.0141
vn 0.9983 -0.0553 0.0197
vn 0.9978 -0.0615 0.0249
vn 0.9987 -0.0403 0.0318
vn 0.9990 -0.0295 0.0332
vn 0.4067 -0.8908 0.2028
vn 0.4925 -0.8599 0.1345
vn 0.1370 -0.9666 0.2167
vn 0.1747 -0.9722 0.1556
vn 0.6536 -0.7205 0.2317
vn 0.7448 -0.6511 0.1460
vn 0.8244 -0.5609 0.0762
vn 0.8499 -0.5245 0.0516
vn 0.5285 -0.8432 0.0979
vn 0.1929 -0.9742 0.1174
vn 0.0262 -0.9924 0.1205
vn 0.0235 -0.9870 0.1589
vn 0.0181 -0.9757 0.2185
vn 0.0142 -0.9506 0.3102
vn 0.1087 -0.9451 0.3082
vn 0.3366 -0.8951 0.2923
vn 0.5008 -0.6614 0.5584
vn 0.5521 -0.6467 0.5262
vn 0.1778 -0.7537 0.6328
vn 0.2034 -0.7566 0.6214
vn 0.7510 -0.4964 0.4355
vn 0.8157 -0.4408 0.3745
vn 0.8535 -0.4067 0.3257
vn 0.8301 -0.4516 0.3271
vn 0.5141 -0.6761 0.5278
vn 0.1836 -0.7654 0.6168
vn 0.0243 -0.7750 0.6315
vn 0.0274 -0.7719 0.6351
vn 0.0235 -0.7659 0.6425
vn 0.0198 -0.7564 0.6538
vn 0.1517 -0.7476 0.6466
vn 0.4431 -0.6764 0.5883
vn 0.4139 -0.9100 0.0255
vn 0.3525 -0.9353 0.0306
vn 0.1430 -0.9891 0.0341
vn 0.1177 -0.9923 0.0386
vn 0.8012 -0.5983 0.0104
vn 0.7572 -0.6531 0.0090
vn 0.6900 -0.7236 0.0165
vn 0.6045 -0.7965 0.0110
vn 0.2907 -0.9560 0.0388
vn 0.0942 -0.9943 0.0509
vn 0.0123 -0.9984 0.0549
vn 0.0157 -0.9991 0.0401
vn 0.0193 -0.9992 0.0356
vn 0.0224 -0.9990 0.0384
vn 0.1651 -0.9856 0.0371
vn 0.4652 -0.8848 0.0284
vn 0.5440 -0.6272 0.5573
vn 0.5954 -0.6097 0.5232
vn 0.1894 -0.7469 0.6374
vn 0.2261 -0.7379 0.6359
vn 0.7980 -0.4368 0.4151
vn 0.8646 -0.3694 0.3405
vn 0.8818 -0.3633 0.3007
vn 0.8831 -0.3776 0.2785
vn 0.6076 -0.6044 0.5153
vn 0.2380 -0.7263 0.6448
vn 0.0328 -0.7450 0.6663
vn 0.0306 -0.7587 0.6508
vn 0.0247 -0.7671 0.6411
vn 0.0212 -0.7726 0.6346
vn 0.1630 -0.7592 0.6301
vn 0.4771 -0.6690 0.5699
vn 0.9846 0.1320 -0.1149
vn 0.9912 -0.0163 -0.1311
vn 0.9913 -0.0576 -0.1184
vn 0.9977 0.0012 -0.0683
vn 0.9899 0.1179 -0.0783
vn 0.9413 0.3218 -0.1025
vn 0.9831 0.1321 -0.1267
vn 0.9509 0.2964 -0.0890
vn 0.9649 -0.2086 -0.1595
vn 0.9729 -0.1809 -0.1441
vn 0.9894 -0.0150 -0.1444
vn 0.9871 -0.1260 -0.0990
vn 0.9915 -0.0664 -0.1118
vn 0.9836 -0.1440 -0.1087
vn 0.9946 -0.0147 -0.1032
vn 0.9944 0.0605 -0.0872
vn 0.9933 -0.0364 -0.1092
vn 0.9695 0.2297 -0.0851
vn 0.9610 0.2649 -0.0795
vn 0.9880 0.1255 -0.0895
vn 0.9989 -0.0461 0.0018
vn 0.9988 -0.0334 0.0358
vn 0.9931 -0.1018 0.0584
vn 0.9794 -0.2018 -0.0026
vn 0.9902 -0.1392 -0.0039
vn 1.0000 -0.0058 -0.0030
vn 1.0000 -0.0042 0.0063
vn 0.9991 -0.0431 -0.0062
vn 0.9938 -0.0182 0.1100
vn 0.9925 -0.0497 0.1120
vn 0.9993 0.0029 0.0377
vn 0.9590 -0.1897 0.2104
vn 0.9571 -0.2673 0.1118
vn 0.9815 -0.0927 0.1678
vn 0.8371 -0.5467 0.0178
vn 0.8918 -0.4519 -0.0207
vn 0.9263 -0.3740 0.0449
vn 0.9587 -0.2844 -0.0032
vn 0.9925 -0.1223 -0.0073
vn 0.9460 -0.3242 -0.0024
vn 0.9994 -0.0353 0.0024
vn 0.9992 -0.0390 0.0059
vn 0.9951 -0.0983 0.0070
vn 0.9944 -0.1058 0.0076
vn 0.9999 -0.0050 -0.0138
vn 1.0000 -0.0072 0.0017
vn 0.9999 -0.0076 0.0067
vn 1.0000 -0.0068 0.0030
vn 0.9992 -0.0411 0.0009
vn 0.9936 -0.1131 0.0009
vn 0.9654 -0.2608 0.0060
vn 0.9693 -0.2454 0.0144
vn 0.9719 -0.2348 0.0176
vn 0.9738 -0.2272 0.0141
vn 0.9960 -0.0897 -0.0027
vn 0.9995 -0.0298 -0.0113
vn 0.9968 0.0458 -0.0659
vn 1.0000 -0.0057 -0.0017
vn 0.9994 -0.0313 0.0165
vn 0.9995 -0.0299 -0.0044
vn 0.9977 0.0291 -0.0605
vn 0.9621 0.1610 -0.2200
vn 0.9960 0.0513 -0.0731
vn 0.9772 0.1214 -0.1741
vn 0.9994 -0.0213 0.0290
vn 0.9992 -0.0274 0.0300
vn 1.0000 0.0009 -0.0032
vn 0.9967 -0.0708 0.0392
vn 0.9962 -0.0760 0.0425
vn 0.9985 -0.0423 0.0349
vn 0.9951 -0.0991 -0.0074
vn 0.9981 -0.0299 -0.0543
vn 0.9959 -0.0878 0.0199
vn 0.9711 0.1107 -0.2114
vn 0.9753 0.1194 -0.1861
vn 0.9925 0.0366 -0.1164
vn 0.6661 -0.3821 0.6405
vn 0.2684 -0.5290 0.8050
vn 0.6545 -0.2366 0.7181
vn 0.2507 -0.3954 0.8836
vn 0.9035 -0.3110 0.2950
vn 0.5472 -0.6772 0.4919
vn 0.2182 -0.7901 0.5728
vn 0.0409 -0.8183 0.5733
vn 0.0405 -0.5746 0.8174
vn 0.0336 -0.4497 0.8926
vn 0.0285 -0.5157 0.8563
vn 0.2184 -0.4813 0.8489
vn 0.5948 -0.3435 0.7268
vn 0.9139 -0.0947 0.3947
vn 0.9395 -0.0469 0.3394
vn 0.9326 -0.1288 0.3372
vn 0.9990 -0.0123 -0.0425
vn 0.9986 -0.0216 -0.0478
vn 0.9959 -0.0837 -0.0342
vn 0.9930 -0.1102 -0.0427
vn 0.9972 -0.0742 -0.0028
vn 0.9983 0.0158 -0.0567
vn 0.9983 0.0099 -0.0571
vn 0.9991 -0.0052 -0.0413
vn 0.9993 -0.0014 -0.0361
vn 0.9991 -0.0269 -0.0341
vn 0.9986 0.0019 -0.0526
vn 0.9738 -0.2272 0.0056
vn 0.9744 -0.2245 0.0137
vn 0.9958 -0.0887 -0.0219
vn 0.9334 -0.3547 0.0545
vn 0.9642 -0.2647 0.0160
vn 0.9680 -0.2505 0.0128
vn 0.9793 -0.1819 0.0888
vn 0.9981 -0.0620 -0.0023
vn 0.9748 -0.2062 0.0847
vn 1.0000 -0.0038 -0.0068
vn 0.9995 -0.0019 -0.0307
vn 0.9981 -0.0586 0.0163
vn 0.9928 -0.1080 0.0510
vn 0.9965 -0.0718 0.0424
vn 0.9977 -0.0600 0.0313
vn 0.9998 -0.0219 0.0024
vn 0.9999 0.0047 -0.0099
vn 0.9996 0.0130 -0.0260
vn 1.0000 -0.0027 -0.0062
vn 0.9982 0.0159 -0.0570
vn 0.9993 -0.0066 -0.0364
vn 0.9987 0.0180 -0.0485
vn 0.9779 -0.1788 0.1084
vn 0.9802 -0.1647 0.1102
vn 0.9979 -0.0636 0.0135
vn 0.9451 -0.2671 0.1886
vn 0.9613 -0.2254 0.1587
vn 0.9739 -0.1876 0.1281
vn 0.9531 -0.2364 0.1893
vn 0.9778 -0.1704 0.1222
vn 0.9543 -0.2298 0.1911
vn 0.9811 -0.1641 0.1026
vn 0.9958 -0.0866 0.0300
vn 0.9800 -0.1589 0.1197
vn 0.9992 -0.0407 0.0005
vn 0.9999 -0.0161 -0.0023
vn 0.9988 -0.0478 0.0058
vn -0.1441 -0.9876 -0.0622
vn -0.2126 -0.9751 -0.0634
vn -0.0958 -0.9943 -0.0459
vn -0.1537 -0.9873 -0.0408
vn -0.1353 -0.9890 -0.0596
vn -0.1726 -0.9820 -0.0763
vn -0.2473 -0.9649 -0.0883
vn -0.3932 -0.9128 -0.1100
vn -0.3160 -0.9466 -0.0638
vn -0.2441 -0.9691 -0.0357
vn -0.1108 -0.9938 -0.0053
vn -0.0595 -0.9981 -0.0170
vn -0.0346 -0.9990 -0.0293
vn -0.0198 -0.9991 -0.0375
vn -0.0616 -0.9974 -0.0364
vn -0.1058 -0.9933 -0.0473
vn -0.0435 0.9990 -0.0121
vn -0.0175 0.9993 -0.0343
vn -0.0240 0.9995 -0.0210
vn -0.0066 0.9994 -0.0351
vn -0.2414 0.9703 0.0160
vn -0.0974 0.9952 -0.0074
vn -0.0303 0.9990 -0.0322
vn -0.0032 0.9989 -0.0466
vn -0.0006 0.9989 -0.0461
vn 0.0018 0.9991 -0.0423
vn 0.0037 0.9993 -0.0368
vn 0.0010 0.9994 -0.0346
vn -0.0147 0.9994 -0.0308
vn -0.0564 0.9982 -0.0194
vn -0.0974 0.9952 -0.0071
vn -0.1447 0.9894 0.0083
vn -0.1539 0.9876 -0.0314
vn -0.0494 0.9983 -0.0319
vn -0.1482 0.9889 -0.0145
vn -0.0506 0.9982 -0.0308
vn -0.3470 0.9372 -0.0348
vn -0.1374 0.9899 -0.0350
vn -0.0411 0.9988 -0.0258
vn -0.0053 0.9998 -0.0207
vn -0.0066 0.9995 -0.0314
vn -0.0069 0.9992 -0.0386
vn -0.0056 0.9990 -0.0437
vn -0.0429 0.9986 -0.0303
vn -0.1266 0.9919 -0.0057
vn -0.2882 0.9574 0.0193
vn -0.3294 0.9442 0.0055
vn -0.3610 0.9323 -0.0237
vn -0.5799 0.8082 0.1026
vn -0.5757 0.8116 0.0988
vn -0.4646 0.8822 0.0767
vn -0.4087 0.9080 0.0921
vn -0.4658 0.8771 0.1169
vn -0.7049 0.7028 0.0963
vn -0.7083 0.6993 0.0963
vn -0.5786 0.8090 0.1038
vn -0.7757 0.6251 0.0867
vn -0.6120 0.7852 0.0945
vn -0.7175 0.6905 0.0921
vn -0.3981 0.9068 0.1384
vn -0.3569 0.9257 0.1255
vn -0.5033 0.8596 0.0884
vn -0.3169 0.9360 0.1531
vn -0.3344 0.9352 0.1168
vn -0.3461 0.9266 0.1468
vn -0.3669 0.9234 0.1129
vn -0.4681 0.8770 0.1086
vn -0.3634 0.9241 0.1180
vn -0.0385 -0.9926 -0.1156
vn -0.1260 -0.9832 -0.1319
vn -0.0406 -0.9992 -0.0025
vn -0.1296 -0.9915 -0.0078
vn -0.0044 -0.9934 -0.1143
vn -0.0344 -0.9926 -0.1162
vn -0.1120 -0.9856 -0.1265
vn -0.2540 -0.9577 -0.1352
vn -0.3040 -0.9440 -0.1285
vn -0.3352 -0.9421 0.0041
vn -0.3072 -0.9359 0.1722
vn -0.1245 -0.9763 0.1772
vn -0.0385 -0.9829 0.1803
vn -0.0051 -0.9835 0.1808
vn -0.0054 -1.0000 -0.0011
vn -0.0050 -0.9937 -0.1121
vn -0.5777 0.8101 0.1002
vn -0.5770 0.8105 0.1010
vn -0.4697 0.8762 0.1080
vn -0.4681 0.8771 0.1079
vn -0.7055 0.7034 0.0865
vn -0.7034 0.7054 0.0875
vn -0.7026 0.7060 0.0894
vn -0.7030 0.7051 0.0927
vn -0.5773 0.8101 0.1023
vn -0.4677 0.8773 0.1077
vn -0.3682 0.9229 0.1127
vn -0.3700 0.9222 0.1128
vn -0.3735 0.9207 0.1134
vn -0.3804 0.9178 0.1138
vn -0.4733 0.8743 0.1080
vn -0.5796 0.8088 0.1000
vn -0.9850 0.1720 0.0162
vn -0.9841 0.1762 0.0209
vn -0.9444 0.3266 0.0375
vn -0.9426 0.3312 0.0417
vn -0.9961 0.0878 0.0007
vn -0.9960 0.0897 0.0053
vn -0.9958 0.0913 0.0110
vn -0.9952 0.0941 0.0269
vn -0.9827 0.1818 0.0346
vn -0.9403 0.3362 0.0522
vn -0.8398 0.5376 0.0758
vn -0.8402 0.5379 0.0693
vn -0.8417 0.5360 0.0657
vn -0.8447 0.5315 0.0634
vn -0.9468 0.3199 0.0340
vn -0.9860 0.1664 0.0120
vn -0.1784 0.9765 0.1210
vn -0.1762 0.9770 0.1200
vn -0.0906 0.9884 0.1217
vn -0.0902 0.9885 0.1214
vn -0.2868 0.9505 0.1192
vn -0.2774 0.9535 0.1180
vn -0.2732 0.9548 0.1170
vn -0.2710 0.9555 0.1169
vn -0.1749 0.9773 0.1198
vn -0.0898 0.9885 0.1213
vn -0.0244 0.9923 0.1218
vn -0.0247 0.9923 0.1217
vn -0.0250 0.9923 0.1212
vn -0.0243 0.9927 0.1184
vn -0.0936 0.9879 0.1241
vn -0.1866 0.9747 0.1229
vn -0.1145 -0.8556 0.5049
vn -0.0343 -0.8790 0.4756
vn -0.1232 -0.8887 0.4417
vn -0.0386 -0.9005 0.4331
vn -0.2922 -0.7965 0.5294
vn -0.0982 -0.8629 0.4957
vn -0.0299 -0.8808 0.4725
vn -0.0038 -0.8860 0.4636
vn -0.0044 -0.8872 0.4615
vn -0.0051 -0.9043 0.4269
vn -0.0052 -0.9392 0.3432
vn -0.0388 -0.9383 0.3436
vn -0.1214 -0.9314 0.3433
vn -0.2991 -0.8933 0.3354
vn -0.3035 -0.8468 0.4369
vn -0.2927 -0.7954 0.5307
vn -0.1101 -0.9358 0.3349
vn -0.0359 -0.9538 0.2984
vn -0.1192 -0.9611 0.2492
vn -0.0342 -0.9626 0.2686
vn -0.2086 -0.8808 0.4250
vn -0.0915 -0.9257 0.3670
vn -0.0296 -0.9425 0.3329
vn -0.0039 -0.9479 0.3186
vn -0.0048 -0.9595 0.2818
vn -0.0044 -0.9608 0.2770
vn -0.0043 -0.9518 0.3065
vn -0.0335 -0.9544 0.2967
vn -0.1096 -0.9567 0.2698
vn -0.2765 -0.9407 0.1968
vn -0.2729 -0.9381 0.2134
vn -0.2537 -0.8918 0.3747
vn -0.9860 0.0752 0.1486
vn -0.9744 0.0878 0.2068
vn -0.8954 0.3450 0.2815
vn -0.6462 0.5695 0.5080
vn -0.8536 0.3425 0.3924
vn -0.9632 0.1978 0.1820
vn -0.9915 0.0365 0.1252
vn -0.9892 0.0225 0.1447
vn -0.9882 0.0941 0.1211
vn -0.9634 0.0126 0.2676
vn -0.9499 0.0689 0.3048
vn -0.9825 0.0102 0.1858
vn -0.5773 0.6125 0.5400
vn -0.5766 0.6476 0.4981
vn -0.8824 0.2500 0.3986
vn -0.3470 0.6938 0.6310
vn -0.4519 0.6493 0.6117
vn -0.4493 0.6771 0.5828
vn -0.5658 0.5731 0.5928
vn -0.8245 0.4509 0.3419
vn -0.5568 0.5587 0.6146
vn -0.9050 0.4161 0.0885
vn -0.9704 0.2194 0.1012
vn -0.9072 0.3856 0.1684
vn -0.6422 0.7470 0.1721
vn -0.5990 0.7391 0.3081
vn -0.3760 0.8400 0.3912
vn -0.3254 0.8959 0.3023
vn -0.4847 0.8483 0.2132
vn -0.7758 0.6254 0.0836
vn -0.7912 0.5915 0.1553
vn -0.6385 0.7632 0.0986
vn -0.5220 0.6318 0.5731
vn -0.4694 0.6827 0.5599
vn -0.7395 0.5895 0.3249
vn -0.1629 0.8388 0.5196
vn -0.1890 0.8678 0.4596
vn -0.2692 0.7933 0.5460
vn -0.1645 0.9001 0.4034
vn -0.2273 0.9178 0.3255
vn -0.1967 0.8902 0.4108
vn -0.3662 0.9095 0.1969
vn -0.5142 0.8465 0.1379
vn -0.3497 0.8990 0.2635
vn -0.9821 0.1707 0.0801
vn -0.9842 0.1488 0.0954
vn -0.9431 0.3222 0.0822
vn -0.9508 0.2962 0.0911
vn -0.9941 0.0938 0.0551
vn -0.9930 0.0853 0.0818
vn -0.9923 0.0704 0.1015
vn -0.9919 0.0531 0.1154
vn -0.9867 0.1215 0.1081
vn -0.9608 0.2586 0.1005
vn -0.8816 0.4674 0.0653
vn -0.8605 0.5015 0.0899
vn -0.8478 0.5228 0.0889
vn -0.8418 0.5332 0.0840
vn -0.9396 0.3353 0.0688
vn -0.9815 0.1824 0.0586
vn -0.1699 0.9773 0.1269
vn -0.1614 0.9776 0.1353
vn -0.0871 0.9875 0.1312
vn -0.0817 0.9848 0.1530
vn -0.2689 0.9560 0.1170
vn -0.2649 0.9566 0.1216
vn -0.2559 0.9586 0.1245
vn -0.2373 0.9603 0.1465
vn -0.1478 0.9741 0.1714
vn -0.0740 0.9773 0.1987
vn -0.0206 0.9787 0.2043
vn -0.0226 0.9875 0.1562
vn -0.0239 0.9909 0.1327
vn -0.0243 0.9921 0.1232
vn -0.0890 0.9885 0.1226
vn -0.1734 0.9775 0.1205
vn -0.9423 -0.3132 0.1184
vn -0.7820 -0.6225 0.0305
vn -0.7794 -0.6166 0.1110
vn -0.9481 -0.3047 0.0910
vn -0.9919 -0.0696 0.1064
vn -0.9936 -0.0795 0.0800
vn -0.6716 -0.7246 0.1544
vn -0.6899 -0.7212 0.0628
vn -0.9537 -0.2840 0.0995
vn -0.4517 -0.8912 -0.0421
vn -0.5581 -0.8294 0.0256
vn -0.5694 -0.8211 -0.0387
vn -0.4207 -0.9040 0.0768
vn -0.6145 -0.7439 0.2626
vn -0.5491 -0.8332 0.0651
vn -0.7396 -0.6654 0.1014
vn -0.9461 -0.2998 0.1228
vn -0.7288 -0.6768 0.1038
vn -0.9936 0.0090 0.1130
vn -0.9949 0.0198 0.0990
vn -0.9899 -0.0764 0.1192
vn -0.9977 0.0415 0.0539
vn -0.9971 -0.0484 0.0592
vn -0.9965 0.0305 0.0783
vn -0.7677 0.0413 0.6395
vn -0.6944 0.1736 0.6984
vn -0.5081 0.3285 0.7962
vn -0.2899 0.4525 0.8433
vn -0.4481 0.3683 0.8146
vn -0.6959 0.1893 0.6928
vn -0.9079 -0.0177 0.4187
vn -0.8403 0.0017 0.5421
vn -0.8838 0.0255 0.4671
vn -0.7044 0.0893 0.7042
vn -0.6228 0.1267 0.7721
vn -0.7835 0.0793 0.6163
vn -0.4121 0.2923 0.8630
vn -0.3602 0.3906 0.8472
vn -0.5130 0.2087 0.8326
vn -0.1708 0.5898 0.7893
vn -0.1833 0.5410 0.8208
vn -0.2737 0.4871 0.8294
vn -0.1674 0.5706 0.8040
vn -0.2497 0.5673 0.7847
vn -0.2018 0.5263 0.8260
vn -0.5578 0.5649 0.6081
vn -0.8276 0.1945 0.5265
vn -0.4682 0.5150 0.7180
vn -0.3823 0.4689 0.7962
vn -0.3356 0.3259 0.8838
vn -0.2678 0.3061 0.9136
vn -0.2397 0.2152 0.9467
vn 0.0430 0.9663 -0.2539
vn -0.3770 0.4655 0.8008
vn -0.3455 0.3905 0.8533
vn -0.3376 0.3083 0.8894
vn -0.2853 0.2297 0.9305
vn -0.1757 0.1111 0.9782
vn -0.0751 0.0146 0.9971
vn -0.1371 0.0455 0.9895
vn -0.1562 0.1776 0.9716
vn -0.1374 0.3003 0.9439
vn -0.2737 0.3692 0.8881
vn -0.5104 0.8495 0.1339
vn -0.0814 0.9203 0.3827
vn -0.1752 0.9344 0.3102
vn -0.2152 0.9369 0.2754
vn -0.1364 0.9215 0.3637
vn -0.0408 0.8848 0.4642
vn -0.0196 0.9557 0.2935
vn -0.0736 0.9560 0.2840
vn -0.0201 0.9169 0.3985
vn -0.2442 0.9428 0.2270
vn -0.2725 0.9340 0.2311
vn -0.1521 0.9569 0.2474
vn -0.2998 0.9314 0.2063
vn -0.2704 0.9321 0.2410
vn -0.2924 0.9350 0.2008
vn -0.1421 0.9091 0.3917
vn -0.0593 0.8946 0.4429
vn -0.2041 0.9263 0.3168
vn -0.0065 0.8588 0.5122
vn -0.0115 0.8845 0.4663
vn -0.0254 0.8744 0.4845
vn -0.9384 -0.3160 0.1397
vn -0.7750 -0.6260 0.0869
vn -0.7592 -0.6329 0.1517
vn -0.9401 -0.3106 0.1401
vn -0.9805 -0.0860 0.1765
vn -0.9872 -0.0842 0.1356
vn -0.7456 -0.6642 0.0546
vn -0.7347 -0.6764 0.0510
vn -0.9508 -0.2921 0.1037
vn -0.4053 -0.9124 0.0575
vn -0.5184 -0.8507 0.0868
vn -0.5618 -0.8270 0.0226
vn -0.4096 -0.9073 0.0945
vn -0.5451 -0.8253 0.1475
vn -0.5233 -0.8469 0.0950
vn -0.7481 -0.6315 0.2036
vn -0.9347 -0.2719 0.2291
vn -0.7259 -0.6696 0.1573
vn -0.9645 -0.0106 0.2640
vn -0.9830 -0.0109 0.1831
vn -0.9663 -0.0802 0.2448
vn -0.9925 0.0008 0.1220
vn -0.9895 -0.0807 0.1202
vn -0.9899 -0.0068 0.1413
vn -0.0337 -0.9258 0.3764
vn -0.0370 -0.7456 0.6654
vn -0.1157 -0.8765 0.4672
vn -0.1258 -0.7166 0.6860
vn -0.0031 -0.9908 0.1357
vn -0.0030 -0.9381 0.3463
vn -0.0031 -0.7496 0.6619
vn -0.0021 -0.4782 0.8782
vn -0.0274 -0.4867 0.8731
vn -0.0966 -0.4926 0.8649
vn -0.2412 -0.4673 0.8506
vn -0.2987 -0.6312 0.7158
vn -0.2778 -0.7549 0.5941
vn -0.2350 -0.9372 0.2576
vn -0.1010 -0.9669 0.2343
vn -0.0300 -0.9873 0.1558
vn 0.0006 -0.1393 0.9902
vn -0.0064 -0.1901 0.9817
vn 0.0036 -0.1371 0.9906
vn 0.0022 -0.1851 0.9827
vn -0.0129 -0.1010 0.9948
vn -0.0071 -0.1407 0.9900
vn -0.0288 -0.1959 0.9802
vn -0.0885 -0.2861 0.9541
vn -0.0301 -0.2839 0.9584
vn -0.0059 -0.2795 0.9601
vn 0.0009 -0.2779 0.9606
vn 0.0022 -0.1830 0.9831
vn 0.0022 -0.1359 0.9907
vn -0.0063 -0.1161 0.9932
vn -0.0015 -0.1086 0.9941
vn -0.0046 -0.1070 0.9943
vn -0.1637 -0.0904 0.9824
vn -0.3367 0.0038 0.9416
vn -0.2857 -0.1265 0.9499
vn -0.4479 -0.0344 0.8934
vn -0.0125 -0.0904 0.9958
vn -0.0994 -0.0439 0.9941
vn -0.2542 0.0532 0.9657
vn -0.3722 0.1664 0.9131
vn -0.4605 0.1102 0.8808
vn -0.5558 0.0588 0.8292
vn -0.6361 0.0091 0.7716
vn -0.5750 -0.0637 0.8156
vn -0.4482 -0.1563 0.8802
vn -0.2726 -0.2340 0.9332
vn -0.1338 -0.1771 0.9751
vn -0.0467 -0.1330 0.9900
vn -0.0409 0.0651 0.9970
vn -0.0363 -0.0136 0.9992
vn -0.0231 -0.0127 0.9997
vn -0.0696 0.2484 0.9662
vn -0.0829 0.1140 0.9900
vn -0.0461 0.1415 0.9889
vn -0.0086 -0.0436 0.9990
vn -0.0181 -0.0679 0.9975
vn -0.0337 0.0312 0.9989
vn -0.0400 -0.0569 0.9976
vn -0.0407 0.0199 0.9990
vn -0.0104 -0.0743 0.9972
vn -0.8797 -0.2653 0.3946
vn -0.7665 -0.4328 0.4744
vn -0.7514 -0.2166 0.6232
vn -0.8161 -0.0852 0.5715
vn -0.8882 -0.0867 0.4511
vn -0.7446 -0.6264 0.2307
vn -0.7475 -0.6232 0.2299
vn -0.9141 -0.2664 0.3057
vn -0.4717 -0.8281 0.3027
vn -0.5582 -0.6414 0.5263
vn -0.6070 -0.7475 0.2698
vn -0.4390 -0.3206 0.8394
vn -0.6151 -0.1808 0.7674
vn -0.5554 -0.4442 0.7030
vn -0.7298 -0.0076 0.6837
vn -0.8171 0.0102 0.5765
vn -0.7138 -0.0925 0.6942
vn -0.9253 -0.0289 0.3781
vn -0.9359 -0.0739 0.3445
vn -0.8712 -0.0200 0.4906
vn -0.1182 -0.9867 0.1114
vn -0.0359 -0.9980 0.0512
vn -0.1436 -0.9865 0.0788
vn -0.0450 -0.9982 0.0393
vn -0.2935 -0.9403 0.1726
vn -0.0984 -0.9913 0.0870
vn -0.0304 -0.9985 0.0460
vn -0.0039 -0.9995 0.0317
vn -0.0046 -0.9996 0.0273
vn -0.0059 -0.9997 0.0225
vn -0.0068 -0.9998 0.0188
vn -0.0509 -0.9984 0.0244
vn -0.1584 -0.9865 0.0408
vn -0.3786 -0.9227 0.0729
vn -0.3509 -0.9265 0.1360
vn -0.3580 -0.9148 0.1868
vn -0.0581 -0.8380 0.5425
vn -0.0199 -0.8527 0.5220
vn -0.0829 -0.9121 0.4014
vn -0.0238 -0.9009 0.4334
vn -0.0631 -0.7695 0.6356
vn -0.0308 -0.7904 0.6118
vn -0.0108 -0.8054 0.5926
vn -0.0013 -0.8130 0.5822
vn -0.0027 -0.8593 0.5114
vn -0.0030 -0.8958 0.4444
vn -0.0030 -0.9252 0.3795
vn -0.0239 -0.9303 0.3661
vn -0.0832 -0.9420 0.3251
vn -0.2824 -0.9347 0.2157
vn -0.2314 -0.9145 0.3319
vn -0.1251 -0.8156 0.5649
vn -0.9873 -0.1589 0.0079
vn -0.8952 -0.4359 0.0926
vn -0.6604 -0.6952 0.2837
vn -0.7400 -0.6262 0.2457
vn -0.7492 -0.5920 0.2971
vn -0.9529 -0.2831 0.1091
vn -0.9993 -0.0329 0.0170
vn -0.9998 -0.0180 -0.0046
vn -0.9201 -0.3877 -0.0554
vn -0.9072 -0.4207 -0.0031
vn -0.9899 -0.1388 -0.0288
vn -0.2874 -0.8106 0.5103
vn -0.3864 -0.7928 0.4714
vn -0.7308 -0.6749 0.1023
vn -0.3340 -0.8812 0.3346
vn -0.4787 -0.8305 0.2848
vn -0.4639 -0.7812 0.4177
vn -0.4004 -0.8627 0.3090
vn -0.5125 -0.7930 0.3295
vn -0.5768 -0.7663 0.2830
vn -0.4019 -0.8142 0.4190
vn -0.6174 -0.6285 0.4730
vn -0.5175 -0.7736 0.3658
vn -0.6603 -0.7003 0.2713
vn -0.9531 -0.2749 0.1265
vn -0.6677 -0.6756 0.3125
vn -0.9985 0.0470 0.0286
vn -0.9989 0.0465 0.0107
vn -0.9984 -0.0406 0.0405
vn -0.9989 0.0458 -0.0047
vn -0.9998 -0.0163 -0.0125
vn -0.9990 0.0444 0.0008
vn -0.1148 -0.9026 0.4150
vn -0.0359 -0.9162 0.3992
vn -0.1143 -0.9139 0.3895
vn -0.0360 -0.9113 0.4103
vn -0.2533 -0.8673 0.4285
vn -0.1047 -0.9171 0.3847
vn -0.0327 -0.9311 0.3633
vn -0.0043 -0.9350 0.3546
vn -0.0047 -0.9201 0.3917
vn -0.0047 -0.9082 0.4184
vn -0.0043 -0.8965 0.4429
vn -0.0327 -0.8999 0.4349
vn -0.1040 -0.9048 0.4129
vn -0.2490 -0.9006 0.3563
vn -0.2762 -0.8940 0.3528
vn -0.2792 -0.8607 0.4257
vn -0.1482 -0.9754 0.1631
vn -0.0371 -0.9945 0.0978
vn -0.1469 -0.9780 0.1482
vn -0.0460 -0.9938 0.1013
vn -0.2964 -0.9334 0.2024
vn -0.1008 -0.9887 0.1107
vn -0.0311 -0.9973 0.0668
vn -0.0040 -0.9987 0.0515
vn -0.0048 -0.9976 0.0690
vn -0.0061 -0.9967 0.0805
vn -0.0069 -0.9963 0.0858
vn -0.0516 -0.9942 0.0943
vn -0.1607 -0.9797 0.1198
vn -0.3842 -0.9072 0.1717
vn -0.3569 -0.9096 0.2127
vn -0.3623 -0.8994 0.2445
vn -0.1168 -0.9907 0.0698
vn -0.0324 -0.9989 0.0351
vn -0.1188 -0.9929 0.0069
vn -0.0372 -0.9991 0.0185
vn -0.2417 -0.9582 0.1530
vn -0.1028 -0.9921 0.0719
vn -0.0280 -0.9991 0.0333
vn -0.0037 -0.9998 0.0195
vn -0.0042 -0.9997 0.0221
vn -0.0049 -0.9997 0.0246
vn -0.0044 -0.9994 0.0336
vn -0.0340 -0.9991 0.0261
vn -0.1085 -0.9941 0.0087
vn -0.2619 -0.9646 -0.0314
vn -0.2874 -0.9578 -0.0006
vn -0.2772 -0.9527 0.1247
vn -0.0308 0.6208 0.7834
vn -0.0328 0.6395 0.7681
vn -0.0093 0.6318 0.7750
vn -0.0098 0.6357 0.7719
vn -0.0527 0.5811 0.8121
vn -0.0737 0.5877 0.8057
vn -0.0866 0.6204 0.7795
vn -0.0678 0.6982 0.7127
vn -0.0170 0.6643 0.7473
vn -0.0047 0.6404 0.7681
vn -0.0007 0.6319 0.7750
vn -0.0013 0.6325 0.7746
vn -0.0012 0.6344 0.7730
vn -0.0010 0.6397 0.7686
vn -0.0079 0.6357 0.7719
vn -0.0256 0.6211 0.7833
vn -0.1645 -0.9853 0.0452
vn -0.0518 -0.9964 0.0666
vn -0.1522 -0.9883 0.0050
vn -0.0462 -0.9974 0.0551
vn -0.3980 -0.9083 0.1283
vn -0.1664 -0.9823 0.0859
vn -0.0534 -0.9952 0.0815
vn -0.0071 -0.9963 0.0852
vn -0.0068 -0.9964 0.0841
vn -0.0059 -0.9964 0.0848
vn -0.0044 -0.9959 0.0907
vn -0.0366 -0.9966 0.0735
vn -0.1234 -0.9912 0.0477
vn -0.3210 -0.9470 0.0116
vn -0.3858 -0.9226 -0.0015
vn -0.4017 -0.9130 0.0710
vn -0.1223 -0.9912 0.0498
vn -0.0387 -0.9990 0.0204
vn -0.1254 -0.9921 -0.0081
vn -0.0388 -0.9991 0.0172
vn -0.2639 -0.9589 0.1048
vn -0.1141 -0.9934 0.0141
vn -0.0362 -0.9990 -0.0270
vn -0.0042 -0.9991 -0.0425
vn -0.0046 -1.0000 0.0082
vn -0.0051 -0.9996 0.0288
vn -0.0045 -0.9994 0.0345
vn -0.0344 -0.9991 0.0248
vn -0.1118 -0.9937 0.0014
vn -0.2789 -0.9590 -0.0496
vn -0.3088 -0.9505 -0.0338
vn -0.2920 -0.9519 0.0925
vn -0.1602 -0.9852 -0.0611
vn -0.0498 -0.9987 -0.0140
vn -0.1469 -0.9847 -0.0940
vn -0.0432 -0.9988 -0.0227
vn -0.3803 -0.9248 -0.0093
vn -0.1636 -0.9865 -0.0093
vn -0.0524 -0.9986 0.0056
vn -0.0070 -0.9998 0.0159
vn -0.0065 -0.9999 0.0131
vn -0.0055 -0.9999 0.0119
vn -0.0043 -0.9999 0.0149
vn -0.0335 -0.9994 0.0003
vn -0.1138 -0.9929 -0.0354
vn -0.3090 -0.9443 -0.1134
vn -0.3807 -0.9122 -0.1515
vn -0.3656 -0.9258 -0.0962
vn -0.0358 0.8557 0.5162
vn -0.0116 0.8437 0.5367
vn -0.0426 0.8605 0.5076
vn -0.0145 0.8516 0.5240
vn -0.0855 0.8610 0.5014
vn -0.0322 0.8387 0.5436
vn -0.0104 0.8274 0.5615
vn -0.0014 0.8232 0.5677
vn -0.0016 0.8381 0.5455
vn -0.0023 0.8462 0.5329
vn -0.0037 0.8509 0.5253
vn -0.0181 0.8595 0.5107
vn -0.0473 0.8710 0.4890
vn -0.0994 0.8773 0.4696
vn -0.0971 0.8725 0.4789
vn -0.0830 0.8731 0.4804
vn -0.1025 0.7368 0.6683
vn -0.0327 0.7204 0.6928
vn -0.1124 0.6518 0.7500
vn -0.0352 0.6899 0.7230
vn -0.2519 0.7717 0.5840
vn -0.1014 0.7736 0.6255
vn -0.0275 0.7390 0.6732
vn -0.0036 0.7150 0.6991
vn -0.0044 0.7120 0.7021
vn -0.0046 0.7079 0.7063
vn -0.0040 0.7085 0.7057
vn -0.0308 0.6929 0.7204
vn -0.1003 0.6505 0.7528
vn -0.2518 0.5389 0.8038
vn -0.2770 0.5968 0.7530
vn -0.2551 0.7337 0.6298
vn -0.0899 0.6755 0.7319
vn -0.0265 0.7130 0.7007
vn -0.0683 0.7265 0.6837
vn -0.0196 0.7519 0.6590
vn -0.2623 0.6140 0.7444
vn -0.1051 0.6484 0.7540
vn -0.0323 0.6897 0.7233
vn -0.0042 0.7111 0.7030
vn -0.0034 0.7318 0.6815
vn -0.0025 0.7639 0.6453
vn -0.0017 0.7971 0.6039
vn -0.0133 0.7947 0.6069
vn -0.0445 0.7902 0.6112
vn -0.1213 0.7766 0.6182
vn -0.1847 0.7086 0.6810
vn -0.2336 0.6495 0.7236
vn -0.0263 0.9983 -0.0516
vn 0.0007 0.9994 -0.0356
vn -0.0621 0.9958 -0.0671
vn -0.0103 0.9992 -0.0393
vn -0.0528 0.9967 -0.0617
vn -0.0142 0.9991 -0.0405
vn 0.0040 0.9994 -0.0341
vn 0.0045 0.9995 -0.0322
vn 0.0040 0.9995 -0.0298
vn 0.0019 0.9996 -0.0290
vn -0.0017 0.9996 -0.0294
vn -0.0309 0.9985 -0.0459
vn -0.1259 0.9879 -0.0902
vn -0.3758 0.9104 -0.1731
vn -0.2167 0.9682 -0.1249
vn -0.1107 0.9900 -0.0870
vn -0.0542 0.7073 0.7049
vn -0.0147 0.6850 0.7284
vn -0.0751 0.7515 0.6554
vn -0.0214 0.7185 0.6952
vn -0.0971 0.6497 0.7540
vn -0.0335 0.6552 0.7547
vn -0.0095 0.6541 0.7564
vn -0.0012 0.6519 0.7583
vn -0.0018 0.6717 0.7408
vn -0.0027 0.6958 0.7182
vn -0.0036 0.7126 0.7015
vn -0.0275 0.7388 0.6734
vn -0.0900 0.7742 0.6265
vn -0.2364 0.7637 0.6007
vn -0.2093 0.7383 0.6412
vn -0.1588 0.6964 0.6999
vn -0.1093 0.7780 0.6187
vn -0.0358 0.7384 0.6734
vn -0.1109 0.7001 0.7054
vn -0.0361 0.7092 0.7041
vn -0.2220 0.8320 0.5085
vn -0.0962 0.7725 0.6277
vn -0.0307 0.7318 0.6809
vn -0.0035 0.7136 0.7005
vn -0.0040 0.7148 0.6993
vn -0.0048 0.7107 0.7034
vn -0.0048 0.7078 0.7064
vn -0.0362 0.6890 0.7238
vn -0.1140 0.6516 0.7499
vn -0.2767 0.6095 0.7429
vn -0.2678 0.6739 0.6885
vn -0.2551 0.7972 0.5472
vn -0.0997 -0.9043 -0.4150
vn -0.0332 -0.8981 -0.4386
vn -0.1145 -0.8614 -0.4949
vn -0.0344 -0.8754 -0.4822
vn -0.1616 -0.9272 -0.3378
vn -0.0709 -0.9263 -0.3699
vn -0.0233 -0.9215 -0.3877
vn -0.0031 -0.9186 -0.3951
vn -0.0045 -0.8937 -0.4486
vn -0.0044 -0.8792 -0.4764
vn -0.0039 -0.8801 -0.4748
vn -0.0306 -0.8754 -0.4825
vn -0.1026 -0.8580 -0.5033
vn -0.3162 -0.7812 -0.5382
vn -0.2935 -0.8111 -0.5060
vn -0.2261 -0.8967 -0.3806
vn -0.0380 0.9984 0.0423
vn -0.0167 0.9979 0.0632
vn -0.0023 0.9992 0.0389
vn -0.0987 0.9942 0.0433
vn -0.0738 0.9954 0.0615
vn -0.0458 0.9985 0.0292
vn -0.0091 0.9948 0.1012
vn 0.0015 0.9977 0.0676
vn -0.0420 0.9955 0.0852
vn 0.0006 0.9997 0.0246
vn -0.0099 0.9996 0.0246
vn 0.0031 0.9992 0.0405
vn -0.9798 -0.1948 -0.0460
vn -0.9996 -0.0183 -0.0213
vn -0.9903 -0.1383 -0.0163
vn -0.9996 -0.0274 0.0083
vn -0.2687 -0.9534 -0.1372
vn -0.9792 -0.1929 -0.0633
vn -0.8487 -0.4906 -0.1974
vn -0.9953 0.0298 -0.0916
vn -0.9984 0.0068 -0.0567
vn -1.0000 -0.0060 0.0052
vn -0.9993 -0.0224 0.0293
vn -0.9989 -0.0416 0.0226
vn -0.9833 -0.1816 -0.0104
vn -0.4466 -0.8865 -0.1214
vn -0.5046 -0.8546 -0.1223
vn -0.4491 -0.8833 -0.1346
vn -0.9727 -0.2320 -0.0041
vn -0.9985 -0.0497 0.0242
vn -0.9780 -0.2083 0.0112
vn -0.9988 -0.0429 0.0213
vn -0.3165 -0.9398 -0.1286
vn -0.9757 -0.2190 -0.0108
vn -0.9985 -0.0489 0.0247
vn -0.9992 -0.0250 0.0325
vn -0.9993 -0.0223 0.0287
vn -0.9997 -0.0161 0.0206
vn -1.0000 -0.0061 0.0059
vn -0.9996 -0.0290 0.0060
vn -0.9861 -0.1660 -0.0009
vn -0.5655 -0.8226 -0.0592
vn -0.3631 -0.9259 -0.1041
vn -0.3106 -0.9424 -0.1243
vn -0.1772 -0.9791 -0.0997
vn -0.0447 -0.9911 -0.1255
vn -0.1502 -0.9763 -0.1558
vn -0.0452 -0.9874 -0.1516
vn -0.5226 -0.8526 0.0001
vn -0.1427 -0.9831 -0.1149
vn -0.0390 -0.9910 -0.1278
vn -0.0044 -0.9910 -0.1336
vn -0.0048 -0.9898 -0.1423
vn -0.0061 -0.9876 -0.1570
vn -0.0051 -0.9849 -0.1729
vn -0.0412 -0.9816 -0.1867
vn -0.1256 -0.9708 -0.2046
vn -0.3119 -0.9237 -0.2227
vn -0.3704 -0.9124 -0.1740
vn -0.4843 -0.8701 -0.0916
vn -0.1091 -0.8987 -0.4247
vn -0.0344 -0.8986 -0.4375
vn -0.1000 -0.8645 -0.4926
vn -0.0302 -0.8835 -0.4675
vn -0.2405 -0.8931 -0.3801
vn -0.1018 -0.8987 -0.4265
vn -0.0321 -0.8951 -0.4447
vn -0.0042 -0.8923 -0.4515
vn -0.0045 -0.8966 -0.4428
vn -0.0039 -0.8894 -0.4571
vn -0.0034 -0.8721 -0.4893
vn -0.0308 -0.8665 -0.4983
vn -0.1020 -0.8479 -0.5203
vn -0.2646 -0.7872 -0.5570
vn -0.2565 -0.8129 -0.5229
vn -0.2657 -0.8770 -0.4004
vn -0.2488 -0.9685 -0.0049
vn -0.0711 -0.9937 0.0869
vn -0.1679 -0.9768 0.1327
vn -0.0360 -0.9465 0.3208
vn -0.6635 -0.7445 -0.0739
vn -0.3242 -0.9445 -0.0530
vn -0.1045 -0.9943 -0.0212
vn -0.0118 -0.9999 -0.0048
vn -0.0075 -0.9912 0.1323
vn -0.0030 -0.9214 0.3886
vn -0.0004 -0.7926 0.6097
vn -0.0075 -0.8030 0.5959
vn -0.0449 -0.8443 0.5341
vn -0.3185 -0.8997 0.2987
vn -0.5754 -0.8159 -0.0568
vn -0.5833 -0.8077 -0.0854
vn -0.3066 0.9466 -0.0996
vn -0.0983 0.9940 -0.0487
vn -0.3572 0.9329 -0.0457
vn -0.1215 0.9922 -0.0291
vn -0.5432 0.8140 -0.2057
vn -0.2172 0.9693 -0.1152
vn -0.0620 0.9966 -0.0541
vn -0.0068 0.9995 -0.0308
vn -0.0126 0.9995 -0.0302
vn -0.0162 0.9995 -0.0273
vn -0.0156 0.9995 -0.0266
vn -0.1175 0.9927 -0.0273
vn -0.3506 0.9358 -0.0368
vn -0.6718 0.7389 -0.0530
vn -0.6884 0.7202 -0.0861
vn -0.6469 0.7436 -0.1690
vn -0.2212 0.9678 0.1197
vn -0.1119 0.9874 0.1123
vn -0.1737 0.9795 0.1018
vn -0.3030 0.9455 0.1196
vn -0.2061 0.9705 0.1255
vn -0.3034 0.9462 0.1126
vn -0.0296 0.9934 0.1110
vn -0.0626 0.9936 0.0936
vn -0.0940 0.9880 0.1222
vn -0.1740 0.9824 0.0678
vn -0.2538 0.9627 0.0938
vn -0.1181 0.9896 0.0826
vn -0.0212 -0.9924 -0.1208
vn -0.0740 -0.9926 -0.0959
vn -0.0047 -0.9925 -0.1219
vn -0.0054 -0.9932 -0.1164
vn -0.0111 -0.9915 -0.1299
vn -0.1315 -0.9852 -0.1102
vn -0.6663 -0.7454 0.0204
vn -0.9601 -0.2306 0.1582
vn -0.0834 -0.9942 -0.0678
vn 0.0119 -0.9936 -0.1127
vn 0.0037 -0.9925 -0.1219
vn 0.0005 -0.9925 -0.1219
vn -0.0006 -0.9925 -0.1219
vn -0.0032 -0.9924 -0.1232
vn -0.0068 -0.9920 -0.1262
vn -0.0493 0.9988 0.0018
vn -0.0134 0.9999 0.0074
vn -0.0749 0.9972 -0.0092
vn -0.0203 0.9998 -0.0009
vn -0.0907 0.9958 0.0081
vn -0.0364 0.9993 0.0122
vn -0.0110 0.9999 0.0121
vn -0.0016 0.9999 0.0124
vn -0.0016 0.9999 0.0101
vn -0.0025 1.0000 0.0037
vn -0.0038 1.0000 -0.0072
vn -0.0303 0.9995 -0.0127
vn -0.1063 0.9941 -0.0224
vn -0.2835 0.9587 -0.0213
vn -0.2127 0.9771 -0.0084
vn -0.1461 0.9893 0.0007
vn -0.9996 -0.0075 -0.0261
vn -0.9987 0.0155 -0.0475
vn -0.9725 -0.1950 -0.1276
vn -0.6626 -0.6965 -0.2755
vn -0.6200 -0.7132 -0.3271
vn -0.7570 -0.5687 -0.3218
vn -0.9014 -0.4161 -0.1197
vn -0.8672 -0.4384 -0.2362
vn -0.9448 -0.3188 -0.0758
vn -0.9890 -0.1430 -0.0364
vn -0.9988 0.0476 -0.0087
vn -0.9986 0.0500 -0.0165
vn -0.9998 -0.0140 -0.0131
vn -0.9977 0.0387 -0.0553
vn -0.9971 0.0072 -0.0762
vn -0.9982 0.0516 -0.0309
vn -0.6974 -0.6706 -0.2530
vn -0.6741 -0.6902 -0.2630
vn -0.9717 -0.1854 -0.1462
vn -0.0852 -0.9729 -0.2150
vn -0.1793 -0.9522 -0.2471
vn -0.3616 -0.8863 -0.2893
vn -0.2575 -0.8941 -0.3665
vn -0.4632 -0.7947 -0.3922
vn -0.3301 -0.8985 -0.2894
vn -0.4112 -0.8027 -0.4320
vn -0.5272 -0.7494 -0.4006
vn -0.5931 -0.7143 -0.3715
vn -0.4740 -0.7917 -0.3853
vn -0.5612 -0.7466 -0.3574
vn -0.6056 -0.7062 -0.3667
vn -0.4393 -0.7442 -0.5031
vn -0.7368 -0.6366 -0.2277
vn -0.5431 -0.6901 -0.4784
vn -0.7792 -0.6155 -0.1182
vn -0.8995 -0.4367 -0.0138
vn -0.7763 -0.5974 -0.2012
vn -0.9222 -0.3843 -0.0419
vn -0.9901 -0.1382 -0.0241
vn -0.9212 -0.3855 -0.0528
vn -0.0166 -0.9758 -0.2178
vn -0.0049 -0.9767 -0.2147
vn -0.0396 -0.9565 -0.2891
vn -0.0094 -0.9639 -0.2661
vn -0.0106 -0.9819 -0.1892
vn -0.0042 -0.9821 -0.1883
vn -0.0013 -0.9822 -0.1881
vn -0.0002 -0.9821 -0.1881
vn -0.0006 -0.9769 -0.2138
vn -0.0011 -0.9660 -0.2586
vn -0.0017 -0.9469 -0.3216
vn -0.0138 -0.9441 -0.3293
vn -0.0534 -0.9338 -0.3539
vn -0.2191 -0.8534 -0.4729
vn -0.1556 -0.9267 -0.3422
vn -0.0455 -0.9737 -0.2233
vn -0.0996 -0.8420 -0.5302
vn -0.0303 -0.8305 -0.5561
vn -0.1087 -0.7960 -0.5955
vn -0.0342 -0.8082 -0.5879
vn -0.2614 -0.8638 -0.4307
vn -0.1015 -0.8615 -0.4975
vn -0.0308 -0.8516 -0.5232
vn -0.0040 -0.8466 -0.5322
vn -0.0046 -0.8247 -0.5656
vn -0.0045 -0.8122 -0.5833
vn -0.0041 -0.8124 -0.5831
vn -0.0314 -0.8078 -0.5886
vn -0.0998 -0.7935 -0.6003
vn -0.2380 -0.7504 -0.6166
vn -0.2644 -0.7617 -0.5916
vn -0.2529 -0.8415 -0.4774
vn 1.0000 -0.0000 -0.0000
vn -1.0000 -0.0000 -0.0000
vn -0.0000 -0.1219 0.9925
vn -0.0870 -0.9518 -0.2941
vn -0.0174 -0.9720 -0.2344
vn -0.0575 -0.9586 -0.2788
vn -0.0061 -0.9778 -0.2094
vn -0.2675 -0.9208 -0.2840
vn -0.0987 -0.9602 -0.2613
vn -0.0278 -0.9744 -0.2232
vn -0.0032 -0.9832 -0.1826
vn -0.0012 -0.9828 -0.1847
vn -0.0002 -0.9834 -0.1817
vn -0.0000 -0.9834 -0.1814
vn -0.0009 -0.9827 -0.1852
vn -0.0096 -0.9797 -0.2002
vn -0.1213 -0.9570 -0.2634
vn -0.2657 -0.8919 -0.3659
vn -0.2672 -0.9058 -0.3289
vn -0.0550 -0.9244 -0.3773
vn -0.1780 -0.9114 -0.3711
vn -0.0470 -0.8755 -0.4810
vn -0.1543 -0.8707 -0.4670
vn -0.0067 -0.9618 -0.2736
vn -0.0565 -0.9600 -0.2743
vn -0.1820 -0.9443 -0.2740
vn -0.3862 -0.8849 -0.2604
vn -0.4210 -0.8440 -0.3324
vn -0.3860 -0.8203 -0.4221
vn -0.2763 -0.8056 -0.5241
vn -0.1108 -0.8285 -0.5490
vn -0.0337 -0.8296 -0.5574
vn -0.0044 -0.8294 -0.5586
vn -0.0061 -0.8757 -0.4829
vn -0.0069 -0.9260 -0.3775
vn -0.1012 -0.9891 -0.1069
vn -0.3206 -0.9420 -0.0988
vn -0.0884 -0.9859 -0.1422
vn -0.2873 -0.9489 -0.1306
vn -0.0114 -0.9975 -0.0696
vn -0.1022 -0.9923 -0.0699
vn -0.3218 -0.9442 -0.0700
vn -0.6660 -0.7433 -0.0628
vn -0.6675 -0.7405 -0.0783
vn -0.6218 -0.7760 -0.1058
vn -0.5059 -0.8471 -0.1627
vn -0.2254 -0.9566 -0.1846
vn -0.0685 -0.9790 -0.1918
vn -0.0078 -0.9813 -0.1925
vn -0.0101 -0.9896 -0.1436
vn -0.0114 -0.9941 -0.1078
vn -0.9454 0.3253 0.0204
vn -0.8991 0.4378 0.0023
vn -0.9109 0.4125 0.0130
vn -0.9906 0.1365 -0.0042
vn -0.9871 0.1598 0.0015
vn -0.8444 0.5320 0.0628
vn -0.8403 0.5396 0.0523
vn -0.9467 0.3205 0.0331
vn -0.6385 0.7697 -0.0032
vn -0.6749 0.7379 -0.0058
vn -0.7980 0.6017 0.0323
vn -0.5670 0.8237 0.0095
vn -0.9110 0.4125 -0.0023
vn -0.6323 0.7747 0.0084
vn -0.9981 0.0108 -0.0601
vn -0.9983 0.0484 -0.0314
vn -0.9951 0.0950 -0.0267
vn -0.9965 0.0829 -0.0044
vn -0.9874 0.1578 0.0071
vn -0.9973 0.0726 -0.0134
vn -0.4627 0.8812 0.0969
vn -0.3689 0.9268 0.0702
vn -0.4039 0.9127 0.0621
vn -0.5207 0.8506 0.0733
vn -0.5622 0.8220 0.0910
vn -0.3833 0.9161 0.1179
vn -0.3811 0.9183 0.1067
vn -0.4738 0.8739 0.1087
vn -0.1992 0.9789 0.0464
vn -0.2236 0.9735 0.0478
vn -0.3135 0.9465 0.0764
vn -0.1861 0.9820 0.0327
vn -0.3075 0.9511 0.0282
vn -0.2283 0.9726 0.0436
vn -0.5189 0.8544 0.0292
vn -0.6570 0.7514 0.0610
vn -0.3976 0.9166 0.0418
vn -0.7073 0.7018 0.0847
vn -0.5810 0.8079 0.0984
vn -0.6977 0.7122 0.0774
vn -0.9897 -0.0305 -0.1400
vn -0.9796 0.1048 -0.1714
vn -0.9788 0.0939 -0.1821
vn -0.9801 0.1537 -0.1254
vn -0.9887 -0.0285 -0.1470
vn -0.9736 -0.1613 -0.1617
vn -0.9652 -0.2345 -0.1156
vn -0.9764 -0.1965 -0.0897
vn -0.7959 -0.5784 -0.1786
vn -0.9538 -0.2422 -0.1779
vn -0.9960 0.0155 -0.0884
vn -0.9918 0.0134 -0.1273
vn -0.9941 -0.0165 -0.1076
vn -0.8752 0.4253 -0.2305
vn -0.9080 0.3720 -0.1927
vn -0.9762 0.1239 -0.1783
vn -0.8888 0.4341 -0.1471
vn -0.9284 0.3355 -0.1599
vn -0.8899 0.4334 -0.1424
vn -0.9366 0.3334 -0.1079
vn -0.9813 0.1417 -0.1304
vn -0.9351 0.3372 -0.1092
vn -0.9637 -0.2166 -0.1563
vn -0.9513 -0.2606 -0.1649
vn -0.9890 -0.0112 -0.1473
vn -0.8733 -0.4432 -0.2025
vn -0.9099 -0.3764 -0.1743
vn -0.9392 -0.2956 -0.1747
vn -0.7907 -0.5977 -0.1324
vn -0.8272 -0.5476 -0.1260
vn -0.8955 -0.4205 -0.1456
vn -0.7555 -0.6437 -0.1220
vn -0.8102 -0.5752 -0.1125
vn -0.8464 -0.5161 -0.1316
vn -0.4503 -0.8734 -0.1853
vn -0.5883 -0.7856 -0.1919
vn -0.6213 -0.7649 -0.1700
vn -0.7114 -0.6675 -0.2200
vn -0.9710 -0.1841 -0.1528
vn -0.7245 -0.6572 -0.2079
vn -0.8734 0.4801 -0.0814
vn -0.6982 0.7034 -0.1329
vn -0.9846 0.1365 -0.1094
vn -0.9142 0.3639 -0.1785
vn -0.5634 0.8260 0.0154
vn -0.4836 0.8745 -0.0372
vn -0.3390 0.9387 -0.0622
vn -0.1990 0.9778 -0.0654
vn -0.3599 0.9236 -0.1320
vn -0.5936 0.7803 -0.1971
vn -0.7842 0.5750 -0.2332
vn -0.9658 0.1817 -0.1850
vn -0.9923 0.0278 -0.1211
vn -0.9970 0.0215 -0.0743
vn -0.9927 0.1061 -0.0568
vn -0.9155 0.4011 -0.0320
vn -0.4165 0.9047 -0.0892
vn -0.1403 0.9890 -0.0474
vn -0.4626 0.8845 -0.0612
vn -0.1717 0.9843 -0.0420
vn -0.6666 0.7242 -0.1769
vn -0.3470 0.9340 -0.0854
vn -0.1128 0.9927 -0.0429
vn -0.0147 0.9995 -0.0285
vn -0.0185 0.9993 -0.0316
vn -0.0239 0.9990 -0.0365
vn -0.0248 0.9986 -0.0467
vn -0.1754 0.9835 -0.0441
vn -0.4627 0.8851 -0.0499
vn -0.7713 0.6318 -0.0763
vn -0.7700 0.6313 -0.0929
vn -0.7511 0.6452 -0.1398
vn -0.0138 0.9998 0.0127
vn -0.0427 0.9989 0.0167
vn -0.0173 0.9998 0.0141
vn -0.0521 0.9985 0.0180
vn -0.0018 0.9999 0.0119
vn -0.0110 0.9999 0.0126
vn -0.0347 0.9993 0.0159
vn -0.0749 0.9969 0.0231
vn -0.0947 0.9952 0.0255
vn -0.1149 0.9930 0.0280
vn -0.1153 0.9928 0.0330
vn -0.0526 0.9984 0.0214
vn -0.0143 0.9997 0.0173
vn -0.0011 0.9999 0.0168
vn -0.0020 0.9999 0.0133
vn -0.0022 0.9999 0.0119
vn 0.1919 0.9674 0.1653
vn 0.3816 -0.9218 -0.0684
vn 0.1858 0.9812 0.0514
vn 0.3748 -0.9072 -0.1910
vn 0.0299 0.9826 0.1832
vn 0.2026 0.9308 0.3041
vn 0.3590 -0.9309 0.0677
vn 0.1921 -0.9795 -0.0602
vn 0.1920 -0.9756 -0.1065
vn 0.1898 -0.9706 -0.1480
vn 0.1861 -0.9633 -0.1933
vn 0.3392 -0.8842 -0.3211
vn 0.1817 0.9790 -0.0926
vn 0.0218 0.9983 0.0536
vn 0.0053 0.9949 0.1003
vn 0.0081 0.9903 0.1386
vn 0.0225 0.9538 -0.2995
vn 0.0009 -0.8431 -0.5377
vn 0.0255 0.9478 -0.3180
vn -0.0005 -0.8296 -0.5584
vn 0.0134 0.9999 0.0005
vn 0.0176 0.9571 -0.2892
vn 0.0038 -0.8535 -0.5211
vn -0.0014 -0.9697 -0.2443
vn -0.0036 -0.9681 -0.2506
vn -0.0048 -0.9660 -0.2586
vn -0.0052 -0.9635 -0.2675
vn -0.0007 -0.8145 -0.5801
vn 0.0270 0.9396 -0.3411
vn 0.0253 0.9995 -0.0175
vn 0.0235 0.9997 -0.0093
vn 0.0197 0.9998 -0.0030
vn 0.0304 0.8321 0.5538
vn 0.1476 -0.9097 0.3881
vn 0.0748 0.8350 0.5452
vn 0.2124 -0.9170 0.3376
vn -0.0134 0.9618 0.2735
vn 0.0300 0.8031 0.5951
vn 0.1074 -0.9030 0.4159
vn 0.0734 -0.9962 0.0463
vn 0.1035 -0.9940 0.0346
vn 0.1357 -0.9906 0.0160
vn 0.1750 -0.9846 -0.0060
vn 0.2894 -0.9330 0.2140
vn 0.1438 0.8774 0.4577
vn -0.0043 0.9721 0.2346
vn -0.0210 0.9710 0.2382
vn -0.0228 0.9662 0.2569
vn -0.0015 -0.9941 -0.1085
vn -0.0018 -0.9942 -0.1079
vn -0.0007 -0.9908 -0.1350
vn -0.0009 -0.9907 -0.1358
vn -0.0020 -0.9972 -0.0750
vn -0.0033 -0.9973 -0.0737
vn -0.0040 -0.9975 -0.0712
vn -0.0043 -0.9977 -0.0680
vn -0.0020 -0.9943 -0.1070
vn -0.0010 -0.9906 -0.1367
vn -0.0012 -0.9845 -0.1753
vn -0.0011 -0.9851 -0.1721
vn -0.0008 -0.9855 -0.1696
vn -0.0003 -0.9858 -0.1682
vn -0.0004 -0.9909 -0.1347
vn -0.0010 -0.9941 -0.1089
vn -0.0359 0.9899 0.1372
vn -0.0389 0.9899 0.1361
vn -0.0381 0.9939 0.1037
vn -0.0410 0.9936 0.1057
vn -0.0238 0.9826 0.1844
vn -0.0346 0.9829 0.1808
vn -0.0369 0.9839 0.1748
vn -0.0310 0.9851 0.1689
vn -0.0307 0.9903 0.1352
vn -0.0328 0.9938 0.1065
vn -0.0372 0.9966 0.0730
vn -0.0437 0.9968 0.0668
vn -0.0419 0.9973 0.0600
vn -0.0309 0.9980 0.0553
vn -0.0275 0.9944 0.1021
vn -0.0255 0.9901 0.1378
vn -0.0055 0.9909 0.1345
vn -0.0073 0.9908 0.1348
vn -0.0050 0.9941 0.1087
vn -0.0066 0.9941 0.1082
vn 0.0020 0.9858 0.1680
vn -0.0051 0.9857 0.1682
vn -0.0040 0.9855 0.1695
vn 0.0022 0.9851 0.1717
vn -0.0018 0.9908 0.1352
vn -0.0018 0.9942 0.1072
vn 0.0012 0.9975 0.0705
vn -0.0040 0.9973 0.0733
vn -0.0033 0.9972 0.0748
vn 0.0031 0.9972 0.0749
vn 0.0025 0.9941 0.1086
vn 0.0022 0.9909 0.1344
vn -0.0016 -0.9948 -0.1018
vn -0.0193 -0.9946 -0.1024
vn -0.0032 -0.9905 -0.1377
vn -0.0208 -0.9904 -0.1368
vn 0.0320 -0.9979 -0.0556
vn 0.0030 -0.9985 -0.0546
vn -0.0147 -0.9983 -0.0572
vn -0.0206 -0.9979 -0.0616
vn -0.0245 -0.9943 -0.1039
vn -0.0257 -0.9904 -0.1362
vn -0.0256 -0.9837 -0.1781
vn -0.0212 -0.9831 -0.1816
vn -0.0042 -0.9829 -0.1842
vn 0.0249 -0.9825 -0.1848
vn 0.0260 -0.9900 -0.1384
vn 0.0282 -0.9943 -0.1026
vn 0.0034 0.8582 0.5133
vn 0.0081 -0.9534 0.3016
vn 0.0123 0.8419 0.5395
vn 0.0143 -0.9534 0.3014
vn 0.0023 0.9705 0.2410
vn 0.0040 0.8586 0.5127
vn 0.0017 -0.9568 0.2908
vn -0.0002 -1.0000 -0.0003
vn 0.0014 -1.0000 0.0035
vn 0.0002 -1.0000 0.0035
vn -0.0033 -0.9999 0.0104
vn 0.0206 -0.9471 0.3204
vn 0.0297 0.8272 0.5611
vn 0.0067 0.9658 0.2593
vn -0.0016 0.9680 0.2510
vn -0.0031 0.9705 0.2413
vn 0.0096 0.9087 -0.4173
vn 0.0073 -0.7934 -0.6087
vn 0.0177 0.9160 -0.4008
vn -0.0032 -0.8105 -0.5857
vn -0.0122 0.9988 -0.0475
vn -0.0055 0.9096 -0.4154
vn 0.0255 -0.7816 -0.6233
vn 0.0238 -0.9582 -0.2852
vn -0.0006 -0.9605 -0.2784
vn -0.0146 -0.9631 -0.2686
vn -0.0175 -0.9658 -0.2586
vn -0.0051 -0.8282 -0.5604
vn 0.0185 0.9272 -0.3742
vn 0.0091 0.9995 -0.0308
vn 0.0093 0.9991 -0.0416
vn 0.0020 0.9988 -0.0484
vn 0.0274 0.9413 -0.3364
vn 0.1666 -0.8116 -0.5600
vn -0.0179 0.9398 -0.3413
vn 0.0966 -0.7938 -0.6005
vn -0.0177 0.9998 0.0044
vn 0.1061 0.9629 -0.2481
vn 0.2559 -0.8534 -0.4542
vn 0.1643 -0.9556 -0.2445
vn 0.1226 -0.9573 -0.2616
vn 0.0883 -0.9569 -0.2765
vn 0.0563 -0.9567 -0.2855
vn 0.0529 -0.7809 -0.6224
vn -0.0224 0.9214 -0.3879
vn -0.0301 0.9989 -0.0359
vn -0.0382 0.9991 -0.0175
vn -0.0347 0.9994 0.0023
vn 0.1239 -0.9859 -0.1121
vn 0.0976 -0.9892 -0.1089
vn 0.1226 -0.9829 -0.1371
vn 0.0961 -0.9858 -0.1377
vn 0.1529 -0.9845 -0.0855
vn 0.1263 -0.9889 -0.0786
vn 0.0996 -0.9926 -0.0699
vn 0.0688 -0.9957 -0.0613
vn 0.0662 -0.9922 -0.1053
vn 0.0644 -0.9883 -0.1385
vn 0.0626 -0.9813 -0.1819
vn 0.0945 -0.9798 -0.1763
vn 0.1221 -0.9778 -0.1704
vn 0.1495 -0.9747 -0.1660
vn 0.1494 -0.9790 -0.1390
vn 0.1508 -0.9821 -0.1126
vn 0.0075 0.9906 0.1363
vn 0.0021 0.9906 0.1370
vn 0.0056 0.9946 0.1041
vn 0.0003 0.9947 0.1026
vn 0.0108 0.9846 0.1746
vn 0.0127 0.9839 0.1783
vn 0.0069 0.9833 0.1819
vn -0.0062 0.9828 0.1844
vn -0.0097 0.9904 0.1376
vn -0.0113 0.9947 0.1017
vn -0.0123 0.9984 0.0547
vn 0.0020 0.9984 0.0573
vn 0.0092 0.9981 0.0617
vn 0.0087 0.9978 0.0664
vn 0.0057 0.9944 0.1057
vn 0.0059 0.9907 0.1357
vn 0.0602 0.7928 0.6065
vn 0.0412 -0.9260 0.3752
vn 0.0598 0.7825 0.6197
vn 0.0593 -0.9138 0.4017
vn 0.0179 0.9630 0.2689
vn 0.0498 0.8095 0.5850
vn 0.0281 -0.9379 0.3459
vn -0.0059 -0.9998 0.0198
vn 0.0008 -0.9995 0.0309
vn 0.0170 -0.9990 0.0413
vn 0.0421 -0.9980 0.0477
vn 0.0810 -0.9048 0.4182
vn 0.0481 0.7846 0.6181
vn 0.0045 0.9590 0.2833
vn 0.0173 0.9587 0.2839
vn 0.0218 0.9603 0.2780
vn 0.0171 0.8294 0.5585
vn -0.0084 -0.9399 0.3414
vn 0.0145 0.8428 0.5380
vn -0.0068 -0.9538 0.3002
vn 0.0223 0.9633 0.2674
vn 0.0183 0.8144 0.5801
vn -0.0090 -0.9306 0.3659
vn -0.0077 -0.9996 0.0264
vn -0.0071 -0.9999 0.0093
vn -0.0058 -1.0000 0.0030
vn -0.0035 -1.0000 -0.0005
vn -0.0035 -0.9570 0.2901
vn 0.0099 0.8531 0.5217
vn 0.0109 0.9696 0.2443
vn 0.0170 0.9680 0.2505
vn 0.0206 0.9658 0.2586
vn 0.0238 0.9904 0.1365
vn 0.0196 0.9906 0.1355
vn 0.0235 0.9940 0.1068
vn 0.0194 0.9940 0.1076
vn 0.0247 0.9836 0.1788
vn 0.0228 0.9843 0.1751
vn 0.0188 0.9849 0.1718
vn 0.0118 0.9855 0.1693
vn 0.0124 0.9908 0.1347
vn 0.0124 0.9941 0.1082
vn 0.0120 0.9972 0.0735
vn 0.0183 0.9973 0.0710
vn 0.0221 0.9974 0.0679
vn 0.0239 0.9976 0.0645
vn 0.0254 0.9940 0.1060
vn 0.0258 0.9902 0.1376
vn -0.0085 -0.9942 -0.1073
vn -0.0029 -0.9941 -0.1083
vn -0.0096 -0.9908 -0.1353
vn -0.0033 -0.9909 -0.1349
vn -0.0152 -0.9977 -0.0665
vn -0.0078 -0.9975 -0.0705
vn -0.0015 -0.9973 -0.0734
vn -0.0006 -0.9972 -0.0749
vn -0.0006 -0.9941 -0.1089
vn -0.0005 -0.9909 -0.1347
vn -0.0026 -0.9855 -0.1695
vn -0.0089 -0.9851 -0.1717
vn -0.0180 -0.9845 -0.1746
vn -0.0185 -0.9906 -0.1357
vn -0.0179 -0.9942 -0.1058
vn 0.0072 0.9476 -0.3193
vn 0.0080 -0.8531 -0.5217
vn 0.0067 0.9538 -0.3003
vn 0.0103 -0.8588 -0.5123
vn 0.0021 0.9998 -0.0194
vn 0.0123 0.9386 -0.3449
vn 0.0016 -0.8427 -0.5383
vn -0.0101 -0.9681 -0.2504
vn -0.0023 -0.9697 -0.2444
vn 0.0018 -0.9705 -0.2410
vn 0.0016 -0.9706 -0.2409
vn 0.0082 -0.8591 -0.5118
vn 0.0109 0.9571 -0.2897
vn 0.0045 1.0000 0.0004
vn -0.0019 1.0000 -0.0032
vn -0.0028 0.9999 -0.0099
vn -0.9642 -0.2379 -0.1171
vn -0.9984 -0.0128 -0.0556
vn -0.9635 -0.2372 -0.1240
vn -0.9970 -0.0269 -0.0721
vn -0.5336 -0.8214 -0.2016
vn -0.9830 -0.1714 -0.0657
vn -0.9996 -0.0151 -0.0257
vn -0.9998 0.0063 -0.0164
vn -0.9991 0.0161 -0.0396
vn -0.9982 0.0196 -0.0567
vn -0.9977 0.0157 -0.0655
vn -0.9952 -0.0563 -0.0802
vn -0.9291 -0.3451 -0.1328
vn -0.1760 -0.9715 -0.1591
vn -0.2378 -0.9563 -0.1703
vn -0.3163 -0.9301 -0.1865
vn -0.2896 0.5229 -0.8017
vn -0.6289 0.1228 -0.7677
vn -0.4869 0.1897 -0.8526
vn -0.2032 0.5949 -0.7777
vn -0.0800 0.6922 -0.7173
vn -0.0392 0.4769 -0.8781
vn -0.2791 0.4224 -0.8624
vn -0.0301 0.5793 -0.8145
vn -0.8593 -0.1644 -0.4844
vn -0.8187 -0.2328 -0.5249
vn -0.6661 0.1752 -0.7250
vn -0.6643 -0.3039 -0.6829
vn -0.6719 0.2001 -0.7131
vn -0.6213 -0.4077 -0.6691
vn -0.2931 0.7249 -0.6234
vn -0.0959 0.7965 -0.5969
vn -0.5230 0.5095 -0.6833
vn -0.0121 0.8339 -0.5518
vn -0.0204 0.7041 -0.7098
vn -0.0408 0.8285 -0.5585
vn -0.9533 0.2065 -0.2206
vn -0.9315 0.2222 -0.2880
vn -0.9664 0.0435 -0.2532
vn -0.9812 -0.0083 -0.1927
vn -0.9812 0.0475 -0.1872
vn -0.9344 0.2957 -0.1986
vn -0.8723 0.4147 -0.2591
vn -0.9752 0.1632 -0.1493
vn -0.7349 0.5494 -0.3976
vn -0.8357 0.3338 -0.4361
vn -0.8208 0.4792 -0.3108
vn -0.9094 -0.1019 -0.4032
vn -0.9488 -0.1568 -0.2743
vn -0.9085 0.1258 -0.3984
vn -0.9774 -0.1155 -0.1771
vn -0.9877 -0.0613 -0.1436
vn -0.9611 -0.1641 -0.2223
vn -0.9914 0.0005 -0.1311
vn -0.9863 0.0845 -0.1417
vn -0.9896 -0.0230 -0.1418
vn -0.1358 0.9853 -0.1034
vn -0.0863 0.9745 -0.2071
vn -0.2124 0.9432 -0.2553
vn -0.3885 0.9127 -0.1266
vn -0.4033 0.9120 -0.0744
vn -0.0219 0.9974 -0.0683
vn -0.0182 0.9932 -0.1146
vn -0.1580 0.9855 -0.0610
vn -0.0088 0.9358 -0.3525
vn -0.0365 0.9332 -0.3574
vn -0.0118 0.9789 -0.2038
vn -0.3859 0.8294 -0.4040
vn -0.5220 0.7956 -0.3075
vn -0.1590 0.9014 -0.4028
vn -0.8183 0.5618 -0.1216
vn -0.7850 0.6172 -0.0543
vn -0.6348 0.7412 -0.2182
vn -0.7638 0.6412 -0.0738
vn -0.4369 0.8978 -0.0556
vn -0.7577 0.6486 -0.0725
vn 0.2530 0.9535 0.1640
vn 0.2421 -0.9702 0.0127
vn 0.2637 0.9645 -0.0126
vn 0.2557 -0.9528 -0.1639
vn 0.0920 0.9810 0.1708
vn 0.2164 0.9091 0.3558
vn 0.1917 -0.9611 0.1990
vn 0.0628 -0.9979 0.0169
vn 0.0722 -0.9962 -0.0479
vn 0.0771 -0.9912 -0.1077
vn 0.0806 -0.9820 -0.1709
vn 0.2370 -0.9089 -0.3433
vn 0.2554 0.9445 -0.2064
vn 0.1029 0.9946 -0.0168
vn 0.0866 0.9951 0.0476
vn 0.0845 0.9908 0.1059
vn 0.1225 0.8767 -0.4653
vn 0.1082 -0.8205 -0.5613
vn 0.0805 0.8775 -0.4729
vn 0.0792 -0.7684 -0.6351
vn 0.0700 0.9945 -0.0781
vn 0.1882 0.9054 -0.3805
vn 0.1744 -0.8484 -0.4998
vn 0.0696 -0.9692 -0.2363
vn 0.0432 -0.9685 -0.2452
vn 0.0308 -0.9651 -0.2601
vn 0.0262 -0.9610 -0.2753
vn 0.0654 -0.7397 -0.6698
vn 0.0678 0.8540 -0.5158
vn 0.0333 0.9918 -0.1233
vn 0.0374 0.9941 -0.1019
vn 0.0491 0.9953 -0.0836
vn 0.0386 0.5021 0.8639
vn 0.0001 -0.8356 0.5494
vn 0.0638 0.7448 0.6642
vn 0.0306 -0.8992 0.4364
vn 0.1025 0.9394 0.3272
vn 0.0279 -0.0826 0.9962
vn -0.0143 -0.6319 0.7749
vn 0.0128 -0.9812 0.1925
vn 0.0160 -0.9963 0.0848
vn 0.0396 -0.9958 0.0831
vn 0.1011 -0.9261 0.3635
vn 0.1260 0.8394 0.5287
vn 0.0517 0.9719 0.2297
vn 0.0404 0.9653 0.2582
vn 0.0454 0.9432 0.3290
vn 0.0193 -0.9982 -0.0574
vn 0.0170 -0.9981 -0.0588
vn 0.0219 -0.9954 -0.0934
vn 0.0163 -0.9955 -0.0936
vn 0.0313 -0.9993 -0.0186
vn 0.0196 -0.9997 -0.0120
vn 0.0168 -0.9998 -0.0092
vn 0.0185 -0.9997 -0.0157
vn 0.0180 -0.9977 -0.0651
vn 0.0144 -0.9953 -0.0956
vn 0.0175 -0.9893 -0.1447
vn 0.0203 -0.9898 -0.1411
vn 0.0276 -0.9900 -0.1385
vn 0.0420 -0.9901 -0.1342
vn 0.0366 -0.9947 -0.0959
vn 0.0335 -0.9978 -0.0575
vn 0.0260 0.9970 0.0725
vn 0.0332 0.9958 0.0859
vn 0.0244 0.9988 0.0425
vn 0.0305 0.9982 0.0511
vn 0.0536 0.9965 0.0639
vn 0.0360 0.9919 0.1219
vn 0.0339 0.9902 0.1357
vn 0.0411 0.9893 0.1397
vn 0.0450 0.9946 0.0939
vn 0.0454 0.9975 0.0549
vn 0.0463 0.9989 0.0103
vn 0.0335 0.9994 0.0038
vn 0.0258 0.9996 -0.0065
vn 0.0230 0.9996 -0.0183
vn 0.0224 0.9992 0.0324
vn 0.0252 0.9982 0.0549
vn -0.3758 -0.9132 -0.1578
vn -0.1517 -0.9774 -0.1473
vn -0.3547 -0.9182 -0.1763
vn -0.1369 -0.9788 -0.1527
vn -0.6476 -0.7435 -0.1667
vn -0.3661 -0.9159 -0.1649
vn -0.1451 -0.9778 -0.1515
vn -0.0259 -0.9896 -0.1418
vn -0.0269 -0.9898 -0.1399
vn -0.0232 -0.9899 -0.1400
vn -0.0197 -0.9901 -0.1392
vn -0.1167 -0.9822 -0.1474
vn -0.2939 -0.9414 -0.1658
vn -0.5541 -0.8062 -0.2074
vn -0.6634 -0.7224 -0.1951
vn -0.6713 -0.7223 -0.1660
vn -0.2161 -0.9697 -0.1142
vn -0.0859 -0.9908 -0.1044
vn -0.0404 -0.9949 -0.0922
vn -0.0440 -0.9905 -0.1301
vn -0.1449 -0.9799 -0.1372
vn -0.4371 -0.8947 -0.0922
vn -0.2152 -0.9694 -0.1183
vn -0.4584 -0.8814 -0.1139
vn -0.0212 -0.9914 -0.1290
vn -0.0182 -0.9923 -0.1227
vn -0.0888 -0.9883 -0.1242
vn -0.0010 -0.9927 -0.1206
vn -0.0025 -0.9930 -0.1184
vn -0.0094 -0.9929 -0.1183
vn -0.0048 -0.9917 -0.1283
vn -0.0378 -0.9905 -0.1320
vn -0.0056 -0.9921 -0.1251
vn -0.2413 -0.9548 -0.1737
vn -0.3246 -0.9326 -0.1579
vn -0.1164 -0.9822 -0.1473
vn -0.6396 -0.7521 -0.1589
vn -0.7129 -0.6782 -0.1785
vn -0.6651 -0.6936 -0.2767
vn -0.6165 -0.7546 -0.2246
vn -0.3520 -0.9243 -0.1477
vn -0.3088 -0.9410 -0.1384
vn -0.8422 -0.5126 -0.1671
vn -0.8796 -0.4506 -0.1529
vn -0.5752 -0.8028 -0.1572
vn -0.9362 -0.3200 -0.1451
vn -0.8666 -0.4480 -0.2198
vn -0.9055 -0.4013 -0.1376
vn -0.7696 -0.4829 -0.4177
vn -0.6985 -0.5775 -0.4225
vn -0.8303 -0.4735 -0.2940
vn -0.8119 -0.4919 -0.3145
vn -0.5667 -0.7952 -0.2159
vn -0.7682 -0.5438 -0.3379
vn -0.0512 -0.9907 -0.1263
vn -0.0563 -0.9905 -0.1255
vn -0.2384 -0.9594 -0.1505
vn -0.0399 -0.9906 -0.1311
vn -0.2704 -0.9532 -0.1355
vn -0.0492 -0.9905 -0.1281
vn -0.9730 -0.2295 -0.0227
vn -0.8173 -0.5644 -0.1160
vn -0.9744 -0.2239 -0.0218
vn -0.8213 -0.5623 -0.0965
vn -0.9929 -0.1172 0.0202
vn -0.9698 -0.2433 -0.0185
vn -0.8048 -0.5804 -0.1247
vn -0.1817 -0.9508 -0.2509
vn -0.1891 -0.9547 -0.2298
vn -0.1914 -0.9634 -0.1878
vn -0.1867 -0.9752 -0.1187
vn -0.8151 -0.5758 -0.0637
vn -0.9739 -0.2264 -0.0169
vn -0.9953 -0.0971 -0.0007
vn -0.9949 -0.1008 0.0054
vn -0.9942 -0.1072 0.0118
vn -0.2677 -0.9539 -0.1355
vn -0.1086 -0.9850 -0.1340
vn -0.0695 -0.9892 -0.1293
vn -0.0971 -0.9852 -0.1411
vn -0.2414 -0.9592 -0.1471
vn -0.5298 -0.8390 -0.1241
vn -0.2778 -0.9512 -0.1343
vn -0.5371 -0.8327 -0.1349
vn -0.0188 -0.9902 -0.1381
vn -0.0188 -0.9903 -0.1377
vn -0.1090 -0.9844 -0.1384
vn -0.0038 -0.9904 -0.1381
vn -0.0118 -0.9906 -0.1362
vn -0.0133 -0.9904 -0.1373
vn -0.0204 -0.9908 -0.1338
vn -0.0857 -0.9872 -0.1343
vn -0.0208 -0.9904 -0.1369
vn -0.3822 -0.9118 -0.1503
vn -0.4702 -0.8690 -0.1543
vn -0.2030 -0.9692 -0.1394
vn -0.4425 -0.8791 -0.1773
vn -0.2250 -0.9652 -0.1335
vn -0.1187 -0.9845 -0.1293
vn -0.1595 -0.9730 -0.1670
vn -0.4482 -0.8674 -0.2160
vn -0.7994 -0.5735 -0.1790
vn -0.5130 -0.8428 -0.1626
vn -0.7734 -0.6026 -0.1971
vn -0.0391 -0.9900 -0.1358
vn -0.0371 -0.9896 -0.1388
vn -0.2710 -0.9528 -0.1368
vn -0.0058 -0.9895 -0.1444
vn -0.0198 -0.9897 -0.1417
vn -0.0234 -0.9897 -0.1410
vn -0.0251 -0.9893 -0.1440
vn -0.1596 -0.9737 -0.1624
vn -0.0288 -0.9888 -0.1467
vn -0.7982 -0.5262 -0.2934
vn -0.8095 -0.5342 -0.2438
vn -0.3979 -0.8912 -0.2177
vn -0.8512 0.1086 -0.5136
vn -0.4670 0.1550 -0.8705
vn -0.9309 -0.0847 -0.3554
vn -0.6607 -0.3039 -0.6863
vn -0.9058 0.1650 -0.3903
vn -0.6800 0.3060 -0.6663
vn -0.2793 0.4026 -0.8718
vn -0.0373 0.4193 -0.9071
vn -0.0697 0.1629 -0.9842
vn -0.1192 -0.4784 -0.8700
vn -0.0893 -0.9206 -0.3801
vn -0.5729 -0.7379 -0.3568
vn -0.9358 -0.2920 -0.1975
vn -0.9884 -0.0886 -0.1232
vn -0.9843 -0.0090 -0.1760
vn -0.9655 0.0652 -0.2520
vn -0.9609 -0.2764 0.0153
vn -0.7148 -0.6932 0.0922
vn -0.9280 -0.3649 0.0755
vn -0.5519 -0.7924 0.2599
vn -0.9953 -0.0965 -0.0060
vn -0.9707 -0.2401 -0.0063
vn -0.7893 -0.6140 -0.0071
vn -0.1692 -0.9856 -0.0049
vn -0.1302 -0.9781 0.1621
vn -0.0809 -0.9344 0.3469
vn -0.0489 -0.8640 0.5011
vn -0.3627 -0.8117 0.4578
vn -0.8031 -0.5298 0.2725
vn -0.9766 -0.2101 0.0461
vn -0.9922 -0.1243 -0.0065
vn -0.9946 -0.1034 -0.0082
vn 0.0006 -1.0000 -0.0050
vn -0.0640 -0.9961 0.0609
vn -0.0197 -0.9988 -0.0448
vn -0.6735 -0.7230 0.1542
vn -0.2806 -0.9393 0.1974
vn -0.2212 -0.9749 0.0254
vn -0.0318 -0.9711 0.2365
vn -0.0240 -0.9984 0.0518
vn -0.1229 -0.9633 0.2388
vn 0.0009 -0.9941 -0.1086
vn 0.0243 -0.9947 -0.1004
vn -0.0190 -0.9985 -0.0516
vn -0.5243 -0.8494 0.0608
vn -0.1923 -0.9786 0.0735
vn -0.5013 -0.8641 0.0441
vn -0.1814 -0.9818 0.0566
vn -0.8512 -0.5230 0.0440
vn -0.5355 -0.8409 0.0784
vn -0.1977 -0.9758 0.0935
vn -0.0270 -0.9950 0.0958
vn -0.0262 -0.9967 0.0763
vn -0.0247 -0.9979 0.0602
vn -0.0223 -0.9986 0.0471
vn -0.1647 -0.9854 0.0425
vn -0.4651 -0.8848 0.0289
vn -0.8016 -0.5977 0.0081
vn -0.8277 -0.5607 0.0226
vn -0.8432 -0.5365 0.0349
vn -0.6912 -0.7073 -0.1480
vn -0.9882 -0.1285 -0.0828
vn -0.6146 -0.7760 -0.1417
vn -0.9837 -0.1636 -0.0744
vn -0.1242 -0.9808 -0.1506
vn -0.7751 -0.6138 -0.1500
vn -0.9921 -0.0925 -0.0846
vn -0.9976 0.0081 -0.0686
vn -0.9979 0.0002 -0.0651
vn -0.9985 -0.0063 -0.0546
vn -0.9992 -0.0117 -0.0371
vn -0.9782 -0.1986 -0.0603
vn -0.5458 -0.8272 -0.1337
vn -0.0471 -0.9891 -0.1392
vn -0.0570 -0.9884 -0.1408
vn -0.0704 -0.9871 -0.1435
vn -0.0444 -0.9875 -0.1516
vn 0.0599 -0.9913 -0.1171
vn -0.0543 -0.9893 -0.1356
vn 0.1031 -0.9869 -0.1238
vn -0.7373 -0.5939 -0.3220
vn -0.3688 -0.8931 -0.2576
vn -0.0836 -0.9835 -0.1607
vn 0.1250 -0.9885 -0.0856
vn 0.1725 -0.9811 -0.0872
vn 0.2497 -0.9614 -0.1156
vn 0.4820 -0.8210 -0.3060
vn -0.8458 -0.5103 -0.1556
vn -0.8060 -0.5802 -0.1173
vn -0.2725 -0.9541 -0.1240
vn -0.1207 -0.9817 -0.1473
vn -0.3831 -0.8996 -0.2097
vn -0.4437 -0.8863 -0.1328
vn -0.9642 -0.2627 -0.0368
vn -0.3257 -0.9370 -0.1260
vn -0.9332 -0.3587 -0.0233
vn -0.0717 -0.9869 -0.1446
vn -0.5500 -0.8257 -0.1255
vn -0.9767 -0.2118 -0.0349
vn -0.9999 -0.0142 -0.0044
vn -0.9999 -0.0164 0.0036
vn -0.9993 -0.0213 0.0312
vn -0.9953 -0.0485 0.0835
vn -0.8637 -0.5040 0.0023
vn -0.2254 -0.9672 -0.1173
vn -0.0225 -0.9908 -0.1337
vn -0.0284 -0.9902 -0.1371
vn -0.0378 -0.9894 -0.1403
vn -0.2136 -0.1719 -0.9617
vn -0.0036 -0.9590 -0.2833
vn -0.5137 -0.3663 -0.7758
vn -0.0506 -0.9610 -0.2718
vn -0.0362 0.4163 -0.9085
vn -0.0236 -0.1008 -0.9946
vn 0.0059 -0.9592 -0.2825
vn 0.0114 -0.9986 -0.0510
vn 0.0409 -0.9976 -0.0556
vn 0.0782 -0.9948 -0.0653
vn 0.1103 -0.9910 -0.0756
vn -0.1163 -0.9671 -0.2264
vn -0.6095 -0.6325 -0.4779
vn -0.8500 -0.1902 -0.4912
vn -0.6589 0.1473 -0.7377
vn -0.2701 0.3642 -0.8913
vn -0.4561 -0.8823 -0.1165
vn -0.9670 -0.2531 -0.0279
vn -0.4852 -0.8682 -0.1037
vn -0.9720 -0.2344 -0.0167
vn -0.0401 -0.9896 -0.1383
vn -0.4861 -0.8648 -0.1256
vn -0.9712 -0.2342 -0.0427
vn -0.9997 -0.0170 -0.0148
vn -0.9998 -0.0196 0.0009
vn -0.9998 -0.0176 0.0067
vn -0.9999 -0.0170 0.0024
vn -0.9765 -0.2147 -0.0210
vn -0.5393 -0.8356 -0.1047
vn -0.0630 -0.9893 -0.1316
vn -0.0387 -0.9901 -0.1350
vn -0.0366 -0.9899 -0.1371
vn -0.5181 0.4766 -0.7102
vn -0.1230 0.5580 -0.8207
vn -0.5183 0.4688 -0.7153
vn -0.1757 0.5410 -0.8224
vn -0.6113 0.4248 -0.6677
vn -0.1441 0.5494 -0.8230
vn -0.0370 0.5663 -0.8233
vn -0.0046 0.5707 -0.8211
vn -0.0160 0.5649 -0.8250
vn -0.0232 0.5502 -0.8347
vn -0.0267 0.5151 -0.8567
vn -0.2021 0.5046 -0.8394
vn -0.5553 0.4284 -0.7128
vn -0.8541 0.2705 -0.4442
vn -0.8522 0.2871 -0.4375
vn -0.8655 0.2800 -0.4154
vn -0.3641 -0.9125 0.1863
vn -0.1173 -0.9746 0.1910
vn -0.4621 -0.8331 0.3041
vn -0.1634 -0.9172 0.3633
vn -0.5678 -0.8146 0.1181
vn -0.2799 -0.9547 0.1009
vn -0.0892 -0.9912 0.0975
vn -0.0115 -0.9954 0.0952
vn -0.0152 -0.9820 0.1883
vn -0.0220 -0.9251 0.3792
vn -0.0270 -0.7483 0.6628
vn -0.2009 -0.7463 0.6345
vn -0.5402 -0.6688 0.5108
vn -0.8255 -0.4878 0.2839
vn -0.7916 -0.5810 0.1893
vn -0.7137 -0.6854 0.1443
vn -0.9308 -0.3610 0.0579
vn -0.6882 -0.7215 -0.0764
vn -0.9517 -0.3064 0.0219
vn -0.7464 -0.6583 -0.0979
vn -0.9746 -0.2119 0.0723
vn -0.9141 -0.4054 0.0092
vn -0.6100 -0.7803 -0.1378
vn -0.1026 -0.9621 -0.2527
vn -0.1314 -0.9614 -0.2416
vn -0.1542 -0.9567 -0.2469
vn -0.1700 -0.9525 -0.2526
vn -0.7822 -0.6116 -0.1188
vn -0.9634 -0.2681 -0.0051
vn -0.9907 -0.1321 0.0328
vn -0.9869 -0.1529 0.0520
vn -0.9799 -0.1830 0.0790
vn -0.3954 -0.7622 0.5125
vn -0.1125 -0.7780 0.6181
vn -0.3303 -0.8345 0.4410
vn -0.0873 -0.8394 0.5365
vn -0.8400 -0.4598 0.2882
vn -0.4868 -0.6929 0.5319
vn -0.1614 -0.7444 0.6479
vn -0.0210 -0.7365 0.6761
vn -0.0138 -0.7631 0.6461
vn -0.0105 -0.8265 0.5628
vn -0.0113 -0.8986 0.4387
vn -0.0893 -0.9016 0.4233
vn -0.3045 -0.8801 0.3644
vn -0.6824 -0.7100 0.1738
vn -0.7690 -0.6072 0.1998
vn -0.8045 -0.5333 0.2615
vn -0.5922 -0.6150 0.5206
vn -0.2246 -0.7432 0.6303
vn -0.5226 -0.6502 0.5515
vn -0.1760 -0.7395 0.6497
vn -0.8885 -0.3585 0.2864
vn -0.6541 -0.6002 0.4602
vn -0.2690 -0.7686 0.5804
vn -0.0368 -0.7995 0.5995
vn -0.0304 -0.7625 0.6463
vn -0.0228 -0.7469 0.6645
vn -0.0191 -0.7463 0.6653
vn -0.1478 -0.7412 0.6548
vn -0.4481 -0.6779 0.5829
vn -0.7947 -0.4802 0.3714
vn -0.8638 -0.3947 0.3132
vn -0.8795 -0.3649 0.3054
vn -0.9993 -0.0258 0.0281
vn -0.9990 -0.0360 0.0272
vn -0.9996 -0.0193 0.0187
vn -0.9994 -0.0294 0.0173
vn -0.9992 -0.0243 0.0333
vn -0.9990 -0.0296 0.0334
vn -0.9986 -0.0411 0.0340
vn -0.9974 -0.0639 0.0323
vn -0.9981 -0.0568 0.0240
vn -0.9986 -0.0501 0.0148
vn -0.9990 -0.0435 0.0041
vn -0.9998 -0.0214 0.0048
vn -0.9999 -0.0106 0.0054
vn -1.0000 -0.0054 0.0058
vn -0.9997 -0.0147 0.0198
vn -0.9994 -0.0210 0.0288
vn -0.4923 -0.8423 0.2194
vn -0.1744 -0.9580 0.2276
vn -0.5286 -0.8368 0.1427
vn -0.1929 -0.9680 0.1608
vn -0.7460 -0.6235 0.2341
vn -0.3927 -0.8676 0.3051
vn -0.1306 -0.9399 0.3153
vn -0.0173 -0.9501 0.3114
vn -0.0234 -0.9751 0.2204
vn -0.0262 -0.9868 0.1598
vn -0.0270 -0.9923 0.1208
vn -0.1979 -0.9730 0.1188
vn -0.5371 -0.8375 0.1001
vn -0.8537 -0.5180 0.0533
vn -0.8503 -0.5197 0.0831
vn -0.8278 -0.5405 0.1502
vn -0.5467 -0.6338 0.5472
vn -0.2018 -0.7473 0.6331
vn -0.5144 -0.6707 0.5344
vn -0.1838 -0.7620 0.6209
vn -0.8113 -0.4296 0.3965
vn -0.4910 -0.6512 0.5786
vn -0.1740 -0.7422 0.6472
vn -0.0231 -0.7560 0.6542
vn -0.0272 -0.7654 0.6429
vn -0.0244 -0.7724 0.6347
vn -0.0243 -0.7750 0.6315
vn -0.1836 -0.7654 0.6168
vn -0.5141 -0.6761 0.5278
vn -0.8301 -0.4516 0.3271
vn -0.8275 -0.4463 0.3407
vn -0.8482 -0.3970 0.3506
vn -0.3569 -0.9341 0.0123
vn -0.1185 -0.9925 0.0286
vn -0.2906 -0.9567 0.0155
vn -0.0938 -0.9951 0.0328
vn -0.7618 -0.6478 -0.0050
vn -0.4161 -0.9092 0.0169
vn -0.1432 -0.9892 0.0321
vn -0.0193 -0.9991 0.0377
vn -0.0158 -0.9993 0.0347
vn -0.0123 -0.9992 0.0392
vn -0.0123 -0.9984 0.0549
vn -0.0942 -0.9943 0.0509
vn -0.2907 -0.9560 0.0388
vn -0.6045 -0.7965 0.0110
vn -0.6131 -0.7899 -0.0123
vn -0.7026 -0.7115 -0.0113
vn -0.5440 -0.6272 0.5573
vn -0.1893 -0.7469 0.6374
vn -0.5954 -0.6097 0.5232
vn -0.2261 -0.7379 0.6359
vn -0.7981 -0.4368 0.4151
vn -0.4771 -0.6690 0.5699
vn -0.1631 -0.7592 0.6301
vn -0.0212 -0.7726 0.6346
vn -0.0246 -0.7671 0.6411
vn -0.0306 -0.7587 0.6508
vn -0.0292 -0.7461 0.6652
vn -0.2140 -0.7368 0.6414
vn -0.5696 -0.6354 0.5214
vn -0.8831 -0.3776 0.2785
vn -0.8818 -0.3633 0.3007
vn -0.8646 -0.3694 0.3405
vn -0.9846 0.1320 -0.1149
vn -0.9900 0.1051 -0.0944
vn -0.9977 0.0012 -0.0683
vn -0.9913 -0.0576 -0.1184
vn -0.9910 -0.0199 -0.1327
vn -0.9362 0.3351 -0.1062
vn -0.9410 0.3239 -0.0980
vn -0.9814 0.1424 -0.1284
vn -0.9628 0.2628 -0.0625
vn -0.9880 0.1257 -0.0892
vn -0.9525 0.2981 -0.0624
vn -0.9945 0.0221 -0.1024
vn -0.9946 -0.0180 -0.1024
vn -0.9944 0.0605 -0.0872
vn -0.9871 -0.1260 -0.0990
vn -0.9836 -0.1440 -0.1087
vn -0.9915 -0.0664 -0.1118
vn -0.9730 -0.1796 -0.1450
vn -0.9899 -0.0086 -0.1418
vn -0.9795 -0.1540 -0.1297
vn -0.9989 -0.0460 0.0018
vn -0.9902 -0.1392 -0.0039
vn -0.9826 -0.1850 0.0180
vn -0.9931 -0.1018 0.0584
vn -0.9990 -0.0290 0.0342
vn -1.0000 -0.0058 -0.0030
vn -0.9990 -0.0451 -0.0070
vn -1.0000 -0.0042 0.0063
vn -0.9587 -0.2844 -0.0032
vn -0.9460 -0.3242 -0.0024
vn -0.9925 -0.1223 -0.0073
vn -0.8484 -0.5281 0.0374
vn -0.9283 -0.3664 0.0638
vn -0.9181 -0.3961 0.0110
vn -0.9590 -0.1897 0.2104
vn -0.9815 -0.0927 0.1678
vn -0.9571 -0.2673 0.1118
vn -0.9938 -0.0182 0.1100
vn -0.9993 0.0039 0.0376
vn -0.9925 -0.0497 0.1120
vn -0.9993 -0.0383 0.0007
vn -0.9944 -0.1052 0.0033
vn -0.9991 -0.0416 0.0044
vn -0.9935 -0.1136 0.0035
vn -0.9999 -0.0049 -0.0137
vn -0.9994 -0.0332 -0.0134
vn -0.9953 -0.0970 -0.0065
vn -0.9721 -0.2343 0.0113
vn -0.9694 -0.2452 0.0131
vn -0.9653 -0.2612 0.0076
vn -0.9587 -0.2844 -0.0034
vn -0.9924 -0.1233 -0.0039
vn -0.9990 -0.0439 -0.0005
vn -1.0000 -0.0068 0.0030
vn -1.0000 -0.0072 0.0070
vn -1.0000 -0.0069 0.0018
vn -0.9968 0.0458 -0.0659
vn -0.9978 0.0283 -0.0599
vn -0.9995 -0.0299 -0.0044
vn -0.9993 -0.0318 0.0190
vn -1.0000 -0.0057 -0.0017
vn -0.9621 0.1610 -0.2200
vn -0.9772 0.1214 -0.1741
vn -0.9960 0.0513 -0.0731
vn -0.9693 0.1166 -0.2165
vn -0.9922 0.0394 -0.1182
vn -0.9780 0.1105 -0.1769
vn -0.9951 -0.0991 -0.0074
vn -0.9959 -0.0878 0.0199
vn -0.9981 -0.0299 -0.0544
vn -0.9973 -0.0680 0.0292
vn -0.9986 -0.0419 0.0334
vn -0.9970 -0.0730 0.0261
vn -0.9994 -0.0213 0.0290
vn -1.0000 0.0009 -0.0032
vn -0.9992 -0.0274 0.0300
vn -0.6702 -0.3887 0.6323
vn -0.6871 -0.2981 0.6626
vn -0.2861 -0.5443 0.7886
vn -0.2844 -0.4293 0.8572
vn -0.9003 -0.2910 0.3238
vn -0.9353 -0.1646 0.3133
vn -0.9395 -0.0469 0.3394
vn -0.9139 -0.0948 0.3947
vn -0.6249 -0.3906 0.6760
vn -0.2388 -0.5012 0.8317
vn -0.0324 -0.5195 0.8539
vn -0.0436 -0.4594 0.8872
vn -0.0545 -0.5864 0.8082
vn -0.0580 -0.8270 0.5593
vn -0.2219 -0.7916 0.5692
vn -0.5194 -0.6668 0.5344
vn -0.9985 -0.0207 -0.0504
vn -0.9972 -0.0742 -0.0028
vn -0.9902 -0.1355 0.0337
vn -0.9959 -0.0837 -0.0342
vn -0.9986 -0.0216 -0.0478
vn -0.9980 0.0113 -0.0619
vn -0.9989 -0.0113 -0.0460
vn -0.9981 0.0058 -0.0610
vn -0.9793 -0.1819 0.0888
vn -0.9748 -0.2062 0.0847
vn -0.9981 -0.0620 -0.0023
vn -0.9067 -0.3934 0.1521
vn -0.9457 -0.3103 0.0964
vn -0.9580 -0.2666 0.1056
vn -0.9742 -0.2256 0.0061
vn -0.9964 -0.0829 -0.0195
vn -0.9677 -0.2519 0.0095
vn -0.9993 -0.0014 -0.0361
vn -0.9986 0.0019 -0.0526
vn -0.9991 -0.0269 -0.0341
vn -0.9997 -0.0004 -0.0238
vn -0.9998 -0.0219 0.0024
vn -0.9977 -0.0600 0.0313
vn -0.9924 -0.0909 0.0825
vn -0.9957 -0.0702 0.0605
vn -0.9981 -0.0586 0.0163
vn -0.9995 -0.0019 -0.0307
vn -0.9999 0.0055 -0.0133
vn -0.9999 -0.0013 -0.0106
vn -0.9994 0.0140 -0.0331
vn -0.9992 -0.0407 0.0005
vn -0.9988 -0.0478 0.0058
vn -0.9999 -0.0161 -0.0023
vn -0.9811 -0.1641 0.1026
vn -0.9800 -0.1589 0.1197
vn -0.9958 -0.0866 0.0300
vn -0.9380 -0.2559 0.2337
vn -0.9543 -0.2298 0.1911
vn -0.9731 -0.1746 0.1500
vn -0.9529 -0.2325 0.1949
vn -0.9734 -0.1705 0.1530
vn -0.9710 -0.1862 0.1497
vn -0.9794 -0.1720 0.1061
vn -0.9981 -0.0596 0.0128
vn -0.9802 -0.1647 0.1102
vn -0.9982 0.0159 -0.0570
vn -0.9987 0.0180 -0.0485
vn -0.9993 -0.0066 -0.0364
vn 0.1441 -0.9876 -0.0622
vn 0.0958 -0.9943 -0.0459
vn 0.2126 -0.9751 -0.0634
vn 0.1537 -0.9873 -0.0408
vn 0.1723 -0.9828 -0.0663
vn 0.1442 -0.9878 -0.0588
vn 0.0959 -0.9942 -0.0478
vn 0.0198 -0.9991 -0.0375
vn 0.0346 -0.9990 -0.0293
vn 0.0595 -0.9981 -0.0170
vn 0.1108 -0.9938 -0.0053
vn 0.2441 -0.9691 -0.0357
vn 0.3160 -0.9466 -0.0638
vn 0.3932 -0.9128 -0.1100
vn 0.2473 -0.9649 -0.0883
vn 0.1726 -0.9820 -0.0763
vn 0.0435 0.9990 -0.0121
vn 0.0240 0.9995 -0.0210
vn 0.0061 0.9989 -0.0463
vn -0.0014 0.9991 -0.0423
vn 0.1882 0.9821 -0.0119
vn 0.1447 0.9894 0.0083
vn 0.0974 0.9952 -0.0071
vn 0.0564 0.9982 -0.0194
vn 0.0147 0.9994 -0.0308
vn -0.0040 0.9993 -0.0368
vn -0.0045 0.9993 -0.0376
vn -0.0037 0.9990 -0.0443
vn -0.0019 0.9988 -0.0492
vn 0.0006 0.9988 -0.0499
vn 0.0173 0.9988 -0.0468
vn 0.0672 0.9972 -0.0335
vn 0.1560 0.9874 -0.0281
vn 0.1356 0.9903 -0.0296
vn 0.0506 0.9983 -0.0306
vn 0.0439 0.9983 -0.0384
vn 0.3464 0.9380 -0.0147
vn 0.3621 0.9319 -0.0193
vn 0.3156 0.9488 -0.0117
vn 0.2500 0.9682 -0.0077
vn 0.1009 0.9944 -0.0308
vn 0.0308 0.9986 -0.0438
vn 0.0032 0.9989 -0.0464
vn 0.0055 0.9992 -0.0401
vn 0.0067 0.9995 -0.0313
vn 0.0062 0.9998 -0.0198
vn 0.0466 0.9987 -0.0196
vn 0.1458 0.9891 -0.0199
vn 0.5773 0.8098 0.1047
vn 0.4498 0.8869 0.1056
vn 0.4087 0.9080 0.0921
vn 0.4585 0.8805 0.1206
vn 0.5757 0.8116 0.0988
vn 0.7081 0.6999 0.0936
vn 0.5799 0.8081 0.1029
vn 0.7170 0.6915 0.0881
vn 0.3642 0.9246 0.1116
vn 0.3549 0.9281 0.1126
vn 0.4666 0.8779 0.1078
vn 0.3169 0.9360 0.1531
vn 0.3461 0.9266 0.1468
vn 0.3344 0.9352 0.1168
vn 0.3981 0.9068 0.1384
vn 0.4901 0.8643 0.1128
vn 0.3603 0.9197 0.1563
vn 0.7418 0.6676 0.0637
vn 0.7175 0.6905 0.0921
vn 0.6120 0.7852 0.0945
vn 0.0457 -0.9885 -0.1439
vn 0.0437 -0.9989 -0.0144
vn 0.1502 -0.9693 -0.1948
vn 0.1383 -0.9899 -0.0294
vn 0.0050 -0.9931 -0.1171
vn 0.0059 -0.9932 -0.1166
vn 0.0058 -1.0000 -0.0032
vn 0.0053 -0.9837 0.1800
vn 0.0397 -0.9836 0.1760
vn 0.1245 -0.9763 0.1772
vn 0.3072 -0.9359 0.1722
vn 0.3352 -0.9421 0.0041
vn 0.3763 -0.8979 -0.2286
vn 0.3417 -0.8990 -0.2738
vn 0.1308 -0.9754 -0.1772
vn 0.0392 -0.9902 -0.1343
vn 0.5770 0.8105 0.1007
vn 0.4681 0.8769 0.1088
vn 0.5773 0.8103 0.1008
vn 0.4677 0.8772 0.1081
vn 0.7034 0.7053 0.0876
vn 0.5778 0.8099 0.1009
vn 0.4702 0.8757 0.1097
vn 0.3745 0.9198 0.1172
vn 0.3701 0.9218 0.1152
vn 0.3682 0.9228 0.1137
vn 0.3682 0.9229 0.1127
vn 0.4677 0.8773 0.1077
vn 0.5785 0.8093 0.1015
vn 0.7047 0.7036 0.0914
vn 0.7029 0.7056 0.0892
vn 0.7025 0.7062 0.0880
vn 0.9841 0.1765 0.0190
vn 0.9426 0.3316 0.0401
vn 0.9827 0.1832 0.0258
vn 0.9403 0.3372 0.0454
vn 0.9959 0.0903 0.0022
vn 0.9849 0.1722 0.0149
vn 0.9444 0.3267 0.0371
vn 0.8416 0.5360 0.0656
vn 0.8400 0.5384 0.0670
vn 0.8397 0.5386 0.0697
vn 0.8416 0.5350 0.0739
vn 0.9397 0.3378 0.0534
vn 0.9819 0.1858 0.0376
vn 0.9947 0.0979 0.0303
vn 0.9953 0.0961 0.0150
vn 0.9957 0.0920 0.0070
vn 0.1762 0.9768 0.1220
vn 0.0906 0.9884 0.1217
vn 0.1749 0.9772 0.1205
vn 0.0902 0.9885 0.1214
vn 0.2786 0.9524 0.1236
vn 0.1787 0.9757 0.1264
vn 0.0936 0.9879 0.1241
vn 0.0243 0.9927 0.1184
vn 0.0250 0.9923 0.1212
vn 0.0247 0.9923 0.1217
vn 0.0244 0.9923 0.1218
vn 0.0898 0.9885 0.1213
vn 0.1749 0.9773 0.1198
vn 0.2710 0.9555 0.1169
vn 0.2710 0.9553 0.1180
vn 0.2733 0.9544 0.1199
vn 0.1273 -0.8746 0.4678
vn 0.1283 -0.8944 0.4284
vn 0.0399 -0.8865 0.4610
vn 0.0409 -0.9035 0.4266
vn 0.2922 -0.7965 0.5294
vn 0.3098 -0.8361 0.4527
vn 0.3142 -0.8549 0.4128
vn 0.3012 -0.8938 0.3322
vn 0.1219 -0.9317 0.3422
vn 0.0389 -0.9385 0.3432
vn 0.0052 -0.9393 0.3432
vn 0.0055 -0.9048 0.4259
vn 0.0053 -0.8883 0.4592
vn 0.0044 -0.8867 0.4623
vn 0.0338 -0.8856 0.4633
vn 0.1091 -0.8770 0.4679
vn 0.1101 -0.9358 0.3349
vn 0.1095 -0.9565 0.2703
vn 0.0359 -0.9538 0.2984
vn 0.0342 -0.9626 0.2686
vn 0.2086 -0.8808 0.4250
vn 0.2537 -0.8918 0.3747
vn 0.2729 -0.9381 0.2134
vn 0.2170 -0.9345 0.2821
vn 0.0965 -0.9497 0.2980
vn 0.0299 -0.9514 0.3066
vn 0.0039 -0.9514 0.3080
vn 0.0044 -0.9608 0.2770
vn 0.0048 -0.9595 0.2818
vn 0.0039 -0.9479 0.3186
vn 0.0296 -0.9425 0.3329
vn 0.0915 -0.9257 0.3670
vn 0.9789 0.1034 0.1764
vn 0.9624 0.2090 0.1732
vn 0.8536 0.3425 0.3924
vn 0.8561 0.3951 0.3333
vn 0.8721 0.3388 0.3531
vn 0.9744 0.0923 0.2050
vn 0.9928 0.0285 0.1163
vn 0.9906 0.0813 0.1102
vn 0.9896 0.0209 0.1425
vn 0.9195 0.3775 0.1097
vn 0.9092 0.3784 0.1738
vn 0.9744 0.1927 0.1158
vn 0.5658 0.5731 0.5928
vn 0.5568 0.5587 0.6146
vn 0.8245 0.4509 0.3419
vn 0.4535 0.6678 0.5902
vn 0.5893 0.5207 0.6177
vn 0.5387 0.7014 0.4667
vn 0.5809 0.6131 0.5355
vn 0.8837 0.2490 0.3963
vn 0.5601 0.6248 0.5439
vn 0.9594 -0.0096 0.2819
vn 0.9825 0.0102 0.1858
vn 0.9483 0.0456 0.3142
vn 0.6422 0.7470 0.1721
vn 0.4646 0.8669 0.1806
vn 0.3978 0.8733 0.2814
vn 0.4321 0.8376 0.3344
vn 0.5994 0.7386 0.3086
vn 0.7758 0.6254 0.0836
vn 0.6385 0.7632 0.0986
vn 0.7912 0.5915 0.1553
vn 0.3662 0.9095 0.1969
vn 0.3253 0.9239 0.2014
vn 0.5004 0.8562 0.1290
vn 0.1884 0.8990 0.3954
vn 0.2092 0.8865 0.4128
vn 0.2913 0.9139 0.2827
vn 0.1929 0.8421 0.5037
vn 0.3607 0.7641 0.5348
vn 0.2124 0.8809 0.4230
vn 0.5245 0.6055 0.5986
vn 0.7394 0.5898 0.3246
vn 0.4694 0.6827 0.5599
vn 0.9859 0.1539 0.0656
vn 0.9514 0.3008 0.0657
vn 0.9890 0.1266 0.0763
vn 0.9624 0.2636 0.0657
vn 0.9946 0.0903 0.0517
vn 0.9831 0.1753 0.0527
vn 0.9434 0.3259 0.0618
vn 0.8475 0.5251 0.0778
vn 0.8600 0.5048 0.0742
vn 0.8816 0.4679 0.0615
vn 0.8816 0.4674 0.0653
vn 0.9725 0.2211 0.0730
vn 0.9911 0.0990 0.0889
vn 0.9939 0.0407 0.1026
vn 0.9944 0.0578 0.0886
vn 0.9946 0.0755 0.0717
vn 0.1699 0.9773 0.1269
vn 0.0871 0.9875 0.1312
vn 0.1451 0.9787 0.1449
vn 0.0817 0.9848 0.1530
vn 0.2689 0.9560 0.1170
vn 0.1734 0.9775 0.1205
vn 0.0890 0.9885 0.1226
vn 0.0243 0.9921 0.1232
vn 0.0239 0.9909 0.1327
vn 0.0226 0.9875 0.1562
vn 0.0206 0.9787 0.2043
vn 0.0740 0.9773 0.1987
vn 0.1325 0.9738 0.1849
vn 0.2131 0.9630 0.1651
vn 0.2373 0.9621 0.1345
vn 0.2649 0.9566 0.1216
vn 0.9393 -0.3409 0.0393
vn 0.9936 -0.0795 0.0800
vn 0.9921 -0.0820 0.0947
vn 0.9271 -0.3425 0.1523
vn 0.9082 -0.4107 0.0805
vn 0.9051 -0.4141 0.0964
vn 0.6628 -0.7352 0.1419
vn 0.9496 -0.3017 0.0854
vn 0.6775 -0.7354 -0.0106
vn 0.9977 0.0415 0.0539
vn 0.9965 0.0305 0.0783
vn 0.9971 -0.0484 0.0592
vn 0.9925 0.0161 0.1212
vn 0.9896 -0.0712 0.1246
vn 0.9941 0.0257 0.1057
vn 0.7294 -0.6745 0.1144
vn 0.6917 -0.7005 0.1757
vn 0.9461 -0.2998 0.1228
vn 0.5410 -0.8369 0.0834
vn 0.6422 -0.7666 -0.0007
vn 0.6145 -0.7439 0.2626
vn 0.5608 -0.8276 -0.0262
vn 0.7293 -0.6735 -0.1207
vn 0.6142 -0.7807 0.1157
vn 0.7677 0.0413 0.6395
vn 0.7060 0.2152 0.6747
vn 0.4481 0.3683 0.8146
vn 0.4493 0.3704 0.8130
vn 0.4802 0.3092 0.8208
vn 0.7007 0.1189 0.7035
vn 0.9079 -0.0177 0.4187
vn 0.8838 0.0255 0.4671
vn 0.8403 0.0017 0.5421
vn 0.5560 0.5716 0.6035
vn 0.4757 0.5572 0.6806
vn 0.8277 0.2016 0.5238
vn 0.1674 0.5706 0.8040
vn 0.2018 0.5263 0.8260
vn 0.3499 0.5295 0.7728
vn 0.1908 0.5885 0.7856
vn 0.3086 0.4683 0.8279
vn 0.2043 0.5398 0.8166
vn 0.3958 0.2843 0.8732
vn 0.5058 0.2083 0.8371
vn 0.3578 0.3835 0.8514
vn 0.6971 0.0416 0.7157
vn 0.7701 0.0307 0.6372
vn 0.6276 0.1029 0.7717
vn 0.3373 0.3224 0.8845
vn 0.2319 0.2404 0.9426
vn 0.2880 0.2246 0.9309
vn 0.1722 0.1209 0.9776
vn 0.3082 0.5487 0.7771
vn 0.4223 0.4101 0.8084
vn 0.2577 0.3330 0.9070
vn 0.1374 0.3003 0.9439
vn 0.1562 0.1776 0.9716
vn 0.1371 0.0455 0.9895
vn 0.0261 -0.0407 0.9988
vn 0.1076 0.0229 0.9939
vn 0.2361 0.1291 0.9631
vn 0.3110 0.2359 0.9207
vn 0.3290 0.3246 0.8868
vn 0.3770 0.4655 0.8008
vn 0.0689 0.9258 0.3718
vn 0.0711 0.9080 0.4128
vn 0.1364 0.9215 0.3637
vn 0.1584 0.9419 0.2961
vn 0.1752 0.9344 0.3102
vn 0.0178 0.9563 0.2918
vn 0.0170 0.9188 0.3944
vn 0.0661 0.9580 0.2789
vn 0.0065 0.8588 0.5122
vn 0.0254 0.8744 0.4845
vn 0.0115 0.8845 0.4663
vn 0.1421 0.9091 0.3917
vn 0.2041 0.9263 0.3168
vn 0.0779 0.8735 0.4806
vn 0.2998 0.9314 0.2063
vn 0.2566 0.9446 0.2048
vn 0.2175 0.9360 0.2767
vn 0.2475 0.9464 0.2076
vn 0.1477 0.9554 0.2558
vn 0.2711 0.9377 0.2172
vn 0.9399 -0.3345 0.0677
vn 0.9824 -0.1081 0.1524
vn 0.9824 -0.1081 0.1526
vn 0.9172 -0.3377 0.2112
vn 0.8943 -0.4316 0.1183
vn 0.8887 -0.4339 0.1480
vn 0.7391 -0.6726 0.0374
vn 0.9496 -0.2988 0.0943
vn 0.7250 -0.6876 -0.0397
vn 0.9925 0.0008 0.1220
vn 0.9899 -0.0068 0.1413
vn 0.9895 -0.0807 0.1202
vn 0.9688 -0.0221 0.2470
vn 0.9679 -0.0887 0.2350
vn 0.9838 -0.0140 0.1785
vn 0.7303 -0.6425 0.2323
vn 0.6917 -0.6777 0.2495
vn 0.9279 -0.2827 0.2432
vn 0.5210 -0.8474 0.1022
vn 0.6065 -0.7942 0.0376
vn 0.6891 -0.6843 0.2384
vn 0.5185 -0.8518 0.0750
vn 0.7285 -0.6834 -0.0468
vn 0.5843 -0.7940 0.1679
vn 0.0337 -0.9258 0.3764
vn 0.1157 -0.8765 0.4672
vn 0.0370 -0.7456 0.6654
vn 0.1258 -0.7166 0.6860
vn 0.0031 -0.9908 0.1357
vn 0.0300 -0.9873 0.1558
vn 0.1010 -0.9669 0.2343
vn 0.2926 -0.8616 0.4148
vn 0.2778 -0.7549 0.5941
vn 0.2987 -0.6312 0.7158
vn 0.2412 -0.4673 0.8506
vn 0.0966 -0.4926 0.8649
vn 0.0274 -0.4867 0.8731
vn 0.0021 -0.4782 0.8782
vn 0.0032 -0.7496 0.6619
vn 0.0030 -0.9381 0.3463
vn -0.0006 -0.1393 0.9902
vn -0.0036 -0.1371 0.9906
vn 0.0064 -0.1901 0.9817
vn -0.0022 -0.1851 0.9827
vn 0.0129 -0.1010 0.9948
vn 0.0046 -0.1070 0.9943
vn 0.0015 -0.1086 0.9941
vn 0.0063 -0.1161 0.9932
vn -0.0022 -0.1359 0.9907
vn -0.0022 -0.1830 0.9831
vn -0.0009 -0.2779 0.9606
vn 0.0059 -0.2795 0.9601
vn 0.0301 -0.2839 0.9584
vn 0.0884 -0.2861 0.9541
vn 0.0288 -0.1959 0.9802
vn 0.0071 -0.1407 0.9900
vn 0.1637 -0.0904 0.9824
vn 0.2857 -0.1265 0.9499
vn 0.3366 0.0038 0.9416
vn 0.4479 -0.0344 0.8934
vn 0.0125 -0.0904 0.9958
vn 0.0467 -0.1330 0.9900
vn 0.1338 -0.1771 0.9751
vn 0.2726 -0.2340 0.9332
vn 0.4482 -0.1563 0.8802
vn 0.5750 -0.0637 0.8156
vn 0.6361 0.0091 0.7716
vn 0.5558 0.0588 0.8292
vn 0.4605 0.1102 0.8808
vn 0.3722 0.1664 0.9131
vn 0.2542 0.0532 0.9657
vn 0.0994 -0.0439 0.9941
vn 0.0409 0.0652 0.9970
vn -0.0024 -0.0196 0.9998
vn 0.0363 -0.0136 0.9992
vn 0.0697 0.2484 0.9662
vn 0.0461 0.1415 0.9889
vn 0.0829 0.1141 0.9900
vn 0.0053 -0.0704 0.9975
vn 0.0050 -0.0779 0.9969
vn 0.0027 0.0354 0.9994
vn 0.0376 -0.0674 0.9970
vn 0.0712 -0.0127 0.9974
vn 0.0181 -0.0679 0.9975
vn 0.8797 -0.2653 0.3946
vn 0.8897 -0.0841 0.4488
vn 0.8185 -0.0888 0.5676
vn 0.7514 -0.2166 0.6232
vn 0.8178 -0.3075 0.4865
vn 0.7446 -0.6264 0.2307
vn 0.9141 -0.2664 0.3057
vn 0.7475 -0.6232 0.2299
vn 0.9354 0.0014 0.3536
vn 0.8845 0.0102 0.4665
vn 0.9359 -0.0739 0.3445
vn 0.7298 -0.0076 0.6837
vn 0.7037 -0.0754 0.7065
vn 0.8171 0.0102 0.5765
vn 0.4390 -0.3206 0.8394
vn 0.5554 -0.4442 0.7030
vn 0.6151 -0.1808 0.7674
vn 0.5638 -0.7528 0.3398
vn 0.7274 -0.6490 0.2229
vn 0.6029 -0.5282 0.5979
vn 0.1418 -0.9885 0.0521
vn 0.1585 -0.9864 0.0440
vn 0.0448 -0.9986 0.0285
vn 0.0509 -0.9984 0.0240
vn 0.2935 -0.9403 0.1726
vn 0.3580 -0.9148 0.1868
vn 0.3791 -0.9219 0.0802
vn 0.3875 -0.9200 0.0593
vn 0.1626 -0.9862 0.0314
vn 0.0523 -0.9984 0.0203
vn 0.0070 -0.9998 0.0181
vn 0.0068 -0.9998 0.0201
vn 0.0059 -0.9997 0.0239
vn 0.0046 -0.9995 0.0297
vn 0.0356 -0.9988 0.0326
vn 0.1148 -0.9922 0.0482
vn 0.0581 -0.8380 0.5425
vn 0.0829 -0.9121 0.4014
vn 0.0199 -0.8527 0.5220
vn 0.0238 -0.9009 0.4334
vn 0.0631 -0.7695 0.6356
vn 0.1251 -0.8156 0.5649
vn 0.2314 -0.9145 0.3319
vn 0.1865 -0.9211 0.3417
vn 0.0832 -0.9420 0.3251
vn 0.0239 -0.9303 0.3661
vn 0.0030 -0.9252 0.3795
vn 0.0030 -0.8958 0.4444
vn 0.0027 -0.8593 0.5114
vn 0.0013 -0.8130 0.5822
vn 0.0108 -0.8054 0.5926
vn 0.0308 -0.7904 0.6118
vn 0.9836 -0.1773 -0.0319
vn 0.9993 -0.0376 0.0070
vn 0.9992 -0.0384 0.0135
vn 0.9373 -0.3057 0.1677
vn 0.9094 -0.3844 0.1587
vn 0.9087 -0.3878 0.1544
vn 0.9061 -0.3896 0.1648
vn 0.9318 -0.3488 0.1005
vn 0.9201 -0.3877 -0.0554
vn 0.9899 -0.1388 -0.0288
vn 0.8884 -0.4521 -0.0796
vn 0.9989 0.0458 -0.0047
vn 0.9990 0.0444 0.0008
vn 0.9998 -0.0163 -0.0125
vn 0.9987 0.0440 0.0258
vn 0.9984 -0.0343 0.0447
vn 0.9990 0.0432 0.0076
vn 0.6567 -0.7020 0.2756
vn 0.6446 -0.6733 0.3622
vn 0.9531 -0.2749 0.1265
vn 0.5127 -0.7639 0.3920
vn 0.5917 -0.7522 0.2899
vn 0.6174 -0.6285 0.4730
vn 0.5015 -0.8143 0.2924
vn 0.5768 -0.7663 0.2830
vn 0.5981 -0.7111 0.3696
vn 0.4710 -0.8243 0.3141
vn 0.4639 -0.7812 0.4177
vn 0.5374 -0.7592 0.3671
vn 0.3638 -0.7866 0.4990
vn 0.8786 -0.4758 -0.0419
vn 0.3849 -0.7795 0.4942
vn 0.1148 -0.9026 0.4150
vn 0.1039 -0.9060 0.4104
vn 0.0359 -0.9162 0.3992
vn 0.0324 -0.9077 0.4184
vn 0.2533 -0.8673 0.4285
vn 0.2792 -0.8607 0.4258
vn 0.2501 -0.8848 0.3931
vn 0.2083 -0.8842 0.4181
vn 0.0932 -0.8955 0.4351
vn 0.0291 -0.8961 0.4429
vn 0.0038 -0.8960 0.4441
vn 0.0042 -0.9077 0.4196
vn 0.0047 -0.9201 0.3917
vn 0.0043 -0.9350 0.3546
vn 0.0327 -0.9311 0.3633
vn 0.1047 -0.9171 0.3847
vn 0.1482 -0.9754 0.1631
vn 0.1598 -0.9817 0.1032
vn 0.0451 -0.9966 0.0696
vn 0.0513 -0.9954 0.0815
vn 0.2964 -0.9334 0.2024
vn 0.3623 -0.8994 0.2445
vn 0.3811 -0.9139 0.1398
vn 0.3977 -0.9062 0.1439
vn 0.1664 -0.9807 0.1030
vn 0.0534 -0.9947 0.0876
vn 0.0071 -0.9964 0.0848
vn 0.0069 -0.9970 0.0774
vn 0.0060 -0.9979 0.0647
vn 0.0047 -0.9988 0.0494
vn 0.0359 -0.9980 0.0524
vn 0.1146 -0.9911 0.0683
vn 0.1168 -0.9907 0.0698
vn 0.1085 -0.9937 0.0270
vn 0.0372 -0.9990 0.0236
vn 0.2417 -0.9582 0.1530
vn 0.2772 -0.9527 0.1247
vn 0.2582 -0.9653 0.0382
vn 0.2162 -0.9757 0.0347
vn 0.0973 -0.9947 0.0331
vn 0.0306 -0.9989 0.0348
vn 0.0040 -0.9994 0.0349
vn 0.0044 -0.9997 0.0257
vn 0.0049 -0.9998 0.0203
vn 0.0043 -0.9998 0.0176
vn 0.0327 -0.9992 0.0208
vn 0.1028 -0.9921 0.0719
vn 0.0334 0.6235 0.7811
vn 0.0100 0.6327 0.7743
vn 0.0214 0.6312 0.7754
vn 0.0060 0.6316 0.7753
vn 0.0747 0.6016 0.7953
vn 0.0310 0.6281 0.7775
vn 0.0093 0.6382 0.7698
vn 0.0011 0.6400 0.7684
vn 0.0012 0.6345 0.7729
vn 0.0007 0.6318 0.7751
vn -0.0005 0.6308 0.7760
vn -0.0041 0.6328 0.7743
vn -0.0162 0.6487 0.7609
vn -0.0455 0.7024 0.7103
vn 0.0724 0.6157 0.7846
vn 0.0859 0.5962 0.7982
vn 0.1474 -0.9853 0.0868
vn 0.1218 -0.9895 0.0779
vn 0.0456 -0.9951 0.0877
vn 0.0363 -0.9954 0.0886
vn 0.3949 -0.9090 0.1335
vn 0.3666 -0.9225 0.1211
vn 0.3066 -0.9467 0.0990
vn 0.2448 -0.9622 0.1192
vn 0.1048 -0.9900 0.0949
vn 0.0304 -0.9951 0.0945
vn 0.0031 -0.9954 0.0958
vn 0.0044 -0.9958 0.0910
vn 0.0059 -0.9961 0.0879
vn 0.0068 -0.9962 0.0864
vn 0.0515 -0.9948 0.0880
vn 0.1625 -0.9820 0.0961
vn 0.1223 -0.9912 0.0498
vn 0.1110 -0.9935 0.0234
vn 0.0387 -0.9990 0.0204
vn 0.0343 -0.9990 0.0297
vn 0.2639 -0.9589 0.1048
vn 0.2920 -0.9519 0.0925
vn 0.2699 -0.9627 0.0207
vn 0.2229 -0.9745 0.0258
vn 0.0981 -0.9947 0.0304
vn 0.0303 -0.9989 0.0353
vn 0.0039 -0.9993 0.0361
vn 0.0045 -0.9995 0.0307
vn 0.0051 -1.0000 0.0064
vn 0.0047 -0.9990 -0.0448
vn 0.0362 -0.9990 -0.0269
vn 0.1141 -0.9934 0.0141
vn 0.1358 -0.9907 -0.0057
vn 0.1109 -0.9938 -0.0124
vn 0.0417 -0.9990 0.0141
vn 0.0330 -0.9994 0.0130
vn 0.3803 -0.9248 -0.0093
vn 0.3656 -0.9258 -0.0962
vn 0.2840 -0.9581 -0.0365
vn 0.2191 -0.9757 -0.0012
vn 0.0941 -0.9955 0.0078
vn 0.0285 -0.9995 0.0160
vn 0.0037 -0.9998 0.0172
vn 0.0043 -0.9998 0.0174
vn 0.0055 -0.9998 0.0176
vn 0.0065 -0.9998 0.0177
vn 0.0489 -0.9987 0.0171
vn 0.1540 -0.9880 0.0122
vn 0.0437 0.8472 0.5295
vn 0.0478 0.8557 0.5153
vn 0.0149 0.8391 0.5438
vn 0.0181 0.8472 0.5309
vn 0.0855 0.8610 0.5014
vn 0.1000 0.8599 0.5006
vn 0.1009 0.8703 0.4821
vn 0.0982 0.8780 0.4686
vn 0.0563 0.8627 0.5026
vn 0.0249 0.8518 0.5233
vn 0.0065 0.8474 0.5309
vn 0.0037 0.8442 0.5360
vn 0.0023 0.8368 0.5474
vn 0.0017 0.8226 0.5686
vn 0.0123 0.8241 0.5662
vn 0.0386 0.8308 0.5552
vn 0.1082 0.7210 0.6845
vn 0.0977 0.6959 0.7115
vn 0.0347 0.7123 0.7010
vn 0.0305 0.7085 0.7050
vn 0.2519 0.7717 0.5840
vn 0.2572 0.7301 0.6330
vn 0.2322 0.6828 0.6928
vn 0.1941 0.6744 0.7124
vn 0.0863 0.6971 0.7118
vn 0.0269 0.7090 0.7047
vn 0.0035 0.7109 0.7033
vn 0.0040 0.7109 0.7033
vn 0.0046 0.7109 0.7033
vn 0.0044 0.7109 0.7033
vn 0.0328 0.7149 0.6985
vn 0.1014 0.7736 0.6255
vn 0.0697 0.7191 0.6914
vn 0.0506 0.7582 0.6500
vn 0.0208 0.7327 0.6802
vn 0.0150 0.7649 0.6440
vn 0.2289 0.6621 0.7136
vn 0.1873 0.7031 0.6859
vn 0.1319 0.7564 0.6407
vn 0.0860 0.8044 0.5879
vn 0.0384 0.7992 0.5999
vn 0.0118 0.7979 0.6027
vn 0.0015 0.7976 0.6032
vn 0.0019 0.7659 0.6430
vn 0.0027 0.7348 0.6782
vn 0.0035 0.7146 0.6995
vn 0.0266 0.7119 0.7018
vn 0.0870 0.6938 0.7149
vn 0.0517 0.9979 -0.0379
vn 0.1056 0.9934 -0.0442
vn 0.0093 0.9995 -0.0302
vn 0.0285 0.9991 -0.0299
vn 0.0823 0.9957 -0.0434
vn 0.1554 0.9863 -0.0556
vn 0.2865 0.9548 -0.0792
vn 0.4673 0.8771 -0.1110
vn 0.1912 0.9800 -0.0550
vn 0.0585 0.9978 -0.0312
vn 0.0067 0.9996 -0.0267
vn 0.0016 0.9996 -0.0271
vn -0.0019 0.9996 -0.0286
vn -0.0040 0.9995 -0.0318
vn -0.0009 0.9995 -0.0323
vn 0.0235 0.9991 -0.0355
vn 0.0542 0.7073 0.7049
vn 0.0751 0.7515 0.6554
vn 0.0147 0.6850 0.7284
vn 0.0214 0.7185 0.6952
vn 0.0970 0.6497 0.7540
vn 0.1588 0.6964 0.6999
vn 0.2093 0.7383 0.6412
vn 0.2364 0.7637 0.6007
vn 0.0900 0.7742 0.6265
vn 0.0275 0.7388 0.6734
vn 0.0036 0.7126 0.7015
vn 0.0027 0.6958 0.7182
vn 0.0018 0.6717 0.7408
vn 0.0012 0.6519 0.7583
vn 0.0095 0.6541 0.7564
vn 0.0335 0.6552 0.7547
vn 0.1093 0.7780 0.6187
vn 0.1109 0.7001 0.7054
vn 0.0358 0.7384 0.6734
vn 0.0357 0.7111 0.7022
vn 0.2220 0.8320 0.5085
vn 0.2551 0.7972 0.5472
vn 0.2678 0.6739 0.6885
vn 0.2530 0.6513 0.7154
vn 0.1002 0.6909 0.7160
vn 0.0316 0.7084 0.7051
vn 0.0042 0.7109 0.7033
vn 0.0048 0.7109 0.7033
vn 0.0307 0.7318 0.6809
vn 0.0962 0.7725 0.6277
vn 0.0997 -0.9043 -0.4150
vn 0.1145 -0.8614 -0.4949
vn 0.0332 -0.8981 -0.4386
vn 0.0344 -0.8754 -0.4822
vn 0.1616 -0.9272 -0.3378
vn 0.2261 -0.8967 -0.3806
vn 0.2935 -0.8111 -0.5060
vn 0.2287 -0.8457 -0.4822
vn 0.1026 -0.8580 -0.5033
vn 0.0306 -0.8754 -0.4825
vn 0.0039 -0.8801 -0.4748
vn 0.0044 -0.8792 -0.4764
vn 0.0045 -0.8937 -0.4486
vn 0.0031 -0.9186 -0.3951
vn 0.0233 -0.9215 -0.3877
vn 0.0709 -0.9263 -0.3699
vn 0.0380 0.9984 0.0423
vn 0.0023 0.9992 0.0389
vn 0.0167 0.9979 0.0630
vn 0.0986 0.9942 0.0433
vn 0.0458 0.9985 0.0292
vn 0.0738 0.9954 0.0615
vn -0.0006 0.9997 0.0246
vn -0.0031 0.9992 0.0405
vn 0.0099 0.9996 0.0246
vn 0.0117 0.9954 0.0953
vn 0.0412 0.9957 0.0829
vn 0.0020 0.9979 0.0644
vn 0.9914 -0.1194 -0.0530
vn 0.9903 -0.1383 -0.0163
vn 0.9996 -0.0183 -0.0213
vn 0.9996 -0.0274 0.0083
vn 0.3953 -0.9064 -0.1491
vn 0.4698 -0.8721 -0.1368
vn 0.4509 -0.8847 -0.1180
vn 0.3674 -0.9228 -0.1159
vn 0.9833 -0.1816 -0.0104
vn 0.9989 -0.0416 0.0226
vn 0.9993 -0.0224 0.0293
vn 1.0000 -0.0060 0.0052
vn 0.9955 0.0479 -0.0814
vn 0.9953 0.0298 -0.0916
vn 0.9897 -0.0075 -0.1430
vn 0.9792 -0.1929 -0.0633
vn 0.9727 -0.2320 -0.0041
vn 0.9780 -0.2083 0.0112
vn 0.9985 -0.0497 0.0242
vn 0.9988 -0.0429 0.0213
vn 0.3165 -0.9398 -0.1286
vn 0.3106 -0.9424 -0.1243
vn 0.3631 -0.9259 -0.1041
vn 0.5655 -0.8226 -0.0592
vn 0.9861 -0.1660 -0.0009
vn 0.9996 -0.0290 0.0060
vn 1.0000 -0.0061 0.0059
vn 0.9997 -0.0161 0.0206
vn 0.9992 -0.0250 0.0325
vn 0.9985 -0.0489 0.0247
vn 0.9757 -0.2190 -0.0108
vn 0.1603 -0.9764 -0.1447
vn 0.1493 -0.9751 -0.1639
vn 0.0469 -0.9883 -0.1454
vn 0.0461 -0.9861 -0.1594
vn 0.3256 -0.9313 -0.1634
vn 0.3847 -0.9077 -0.1675
vn 0.3654 -0.9122 -0.1855
vn 0.3075 -0.9264 -0.2172
vn 0.1218 -0.9737 -0.1927
vn 0.0387 -0.9839 -0.1742
vn 0.0061 -0.9876 -0.1570
vn 0.0059 -0.9893 -0.1459
vn 0.0052 -0.9908 -0.1352
vn 0.0414 -0.9898 -0.1366
vn 0.1375 -0.9802 -0.1427
vn 0.1091 -0.8987 -0.4247
vn 0.1000 -0.8645 -0.4926
vn 0.0344 -0.8986 -0.4375
vn 0.0302 -0.8835 -0.4675
vn 0.2405 -0.8931 -0.3801
vn 0.2657 -0.8770 -0.4004
vn 0.2565 -0.8129 -0.5229
vn 0.2021 -0.8406 -0.5025
vn 0.0860 -0.8643 -0.4955
vn 0.0262 -0.8719 -0.4891
vn 0.0034 -0.8721 -0.4893
vn 0.0039 -0.8894 -0.4571
vn 0.0045 -0.8966 -0.4428
vn 0.0042 -0.8923 -0.4515
vn 0.0321 -0.8951 -0.4447
vn 0.1018 -0.8987 -0.4265
vn 0.2488 -0.9685 -0.0049
vn 0.1679 -0.9768 0.1327
vn 0.0711 -0.9937 0.0869
vn 0.0360 -0.9465 0.3208
vn 0.6326 -0.7733 -0.0427
vn 0.5833 -0.8077 -0.0854
vn 0.3775 -0.9065 0.1889
vn 0.0998 -0.8301 0.5485
vn 0.0449 -0.8443 0.5341
vn 0.0075 -0.8031 0.5959
vn 0.0004 -0.7926 0.6097
vn 0.0030 -0.9214 0.3886
vn 0.0075 -0.9912 0.1323
vn 0.0103 -0.9999 -0.0025
vn 0.0924 -0.9957 -0.0048
vn 0.2950 -0.9553 -0.0201
vn 0.3617 0.9299 -0.0664
vn 0.3525 0.9346 -0.0482
vn 0.1219 0.9920 -0.0340
vn 0.1178 0.9925 -0.0312
vn 0.6309 0.7639 -0.1360
vn 0.6989 0.7033 -0.1298
vn 0.6753 0.7317 -0.0926
vn 0.6211 0.7802 -0.0738
vn 0.3344 0.9414 -0.0442
vn 0.1114 0.9933 -0.0303
vn 0.0146 0.9995 -0.0271
vn 0.0156 0.9995 -0.0277
vn 0.0162 0.9995 -0.0277
vn 0.0125 0.9996 -0.0272
vn 0.0965 0.9948 -0.0337
vn 0.2961 0.9527 -0.0678
vn 0.2212 0.9678 0.1197
vn 0.1600 0.9841 0.0771
vn 0.1119 0.9874 0.1123
vn 0.3030 0.9455 0.1196
vn 0.3034 0.9462 0.1126
vn 0.2061 0.9705 0.1255
vn 0.1573 0.9861 0.0529
vn 0.1061 0.9920 0.0682
vn 0.2455 0.9660 0.0809
vn 0.0296 0.9934 0.1110
vn 0.0940 0.9880 0.1222
vn 0.0626 0.9936 0.0936
vn 0.0212 -0.9924 -0.1208
vn 0.0047 -0.9925 -0.1219
vn 0.0740 -0.9926 -0.0959
vn 0.0054 -0.9932 -0.1164
vn 0.0111 -0.9915 -0.1299
vn 0.0068 -0.9920 -0.1262
vn 0.0032 -0.9924 -0.1232
vn -0.0005 -0.9925 -0.1219
vn -0.0037 -0.9925 -0.1219
vn -0.0119 -0.9936 -0.1127
vn 0.0834 -0.9942 -0.0678
vn 0.4942 -0.8615 0.1163
vn 0.2855 -0.9577 -0.0350
vn 0.0579 -0.9921 -0.1117
vn 0.0569 0.9983 0.0120
vn 0.0832 0.9965 0.0050
vn 0.0174 0.9998 0.0109
vn 0.0257 0.9997 0.0047
vn 0.0963 0.9951 0.0220
vn 0.1433 0.9895 0.0198
vn 0.2081 0.9780 0.0126
vn 0.2803 0.9599 0.0002
vn 0.1150 0.9933 -0.0062
vn 0.0362 0.9993 -0.0060
vn 0.0048 1.0000 -0.0062
vn 0.0034 1.0000 0.0044
vn 0.0023 0.9999 0.0106
vn 0.0016 0.9999 0.0124
vn 0.0122 0.9998 0.0130
vn 0.0397 0.9991 0.0150
vn 0.9998 0.0005 -0.0216
vn 0.9883 -0.1496 -0.0300
vn 0.9747 -0.2147 -0.0629
vn 0.9419 -0.2946 -0.1615
vn 0.9014 -0.4161 -0.1198
vn 0.9367 -0.2946 -0.1893
vn 0.9400 -0.2838 -0.1894
vn 0.8291 -0.5173 -0.2121
vn 0.9655 -0.2059 -0.1592
vn 0.9987 0.0155 -0.0475
vn 0.9988 0.0478 -0.0086
vn 0.9998 -0.0140 -0.0131
vn 0.9988 0.0464 -0.0186
vn 0.9241 -0.3794 -0.0452
vn 0.9180 -0.3947 -0.0386
vn 0.9904 -0.1361 -0.0251
vn 0.7792 -0.6155 -0.1182
vn 0.7959 -0.5689 -0.2072
vn 0.8995 -0.4367 -0.0138
vn 0.5428 -0.6953 -0.4710
vn 0.5949 -0.6384 -0.4884
vn 0.7368 -0.6366 -0.2277
vn 0.4740 -0.7917 -0.3853
vn 0.6056 -0.7062 -0.3667
vn 0.5612 -0.7466 -0.3574
vn 0.5279 -0.7459 -0.4062
vn 0.5931 -0.7143 -0.3715
vn 0.5882 -0.7359 -0.3353
vn 0.4207 -0.8336 -0.3579
vn 0.3301 -0.8985 -0.2894
vn 0.5007 -0.8008 -0.3285
vn 0.1134 -0.9697 -0.2163
vn 0.6831 -0.6607 -0.3112
vn 0.1758 -0.9543 -0.2417
vn 0.6764 -0.6875 -0.2644
vn 0.9759 -0.1698 -0.1371
vn 0.6646 -0.6807 -0.3081
vn 0.9977 0.0387 -0.0553
vn 0.9982 0.0516 -0.0309
vn 0.9971 0.0072 -0.0762
vn 0.0166 -0.9758 -0.2178
vn 0.0396 -0.9565 -0.2891
vn 0.0049 -0.9767 -0.2147
vn 0.0094 -0.9639 -0.2661
vn 0.0106 -0.9819 -0.1892
vn 0.0455 -0.9737 -0.2233
vn 0.1556 -0.9267 -0.3422
vn 0.2191 -0.8534 -0.4729
vn 0.0534 -0.9338 -0.3539
vn 0.0138 -0.9441 -0.3293
vn 0.0017 -0.9469 -0.3216
vn 0.0011 -0.9660 -0.2586
vn 0.0006 -0.9769 -0.2138
vn 0.0013 -0.9822 -0.1881
vn 0.1127 -0.8242 -0.5549
vn 0.1016 -0.8053 -0.5841
vn 0.0349 -0.8241 -0.5654
vn 0.0316 -0.8119 -0.5830
vn 0.2614 -0.8638 -0.4307
vn 0.2793 -0.8031 -0.5264
vn 0.2463 -0.7824 -0.5720
vn 0.2042 -0.7864 -0.5831
vn 0.0904 -0.8056 -0.5855
vn 0.0281 -0.8121 -0.5829
vn 0.0036 -0.8130 -0.5823
vn 0.0041 -0.8128 -0.5825
vn 0.0046 -0.8247 -0.5656
vn 0.0040 -0.8466 -0.5322
vn 0.0308 -0.8516 -0.5232
vn 0.1015 -0.8615 -0.4975
vn 0.0870 -0.9518 -0.2941
vn 0.0575 -0.9586 -0.2788
vn 0.0174 -0.9720 -0.2344
vn 0.0061 -0.9778 -0.2094
vn 0.2675 -0.9208 -0.2840
vn 0.2672 -0.9058 -0.3289
vn 0.2657 -0.8919 -0.3659
vn 0.0198 -0.9799 -0.1984
vn 0.0096 -0.9797 -0.2002
vn 0.0009 -0.9827 -0.1852
vn 0.0002 -0.9834 -0.1817
vn 0.0012 -0.9828 -0.1847
vn 0.0032 -0.9832 -0.1826
vn 0.0278 -0.9744 -0.2232
vn 0.0987 -0.9602 -0.2613
vn 0.0555 -0.9242 -0.3779
vn 0.0400 -0.8817 -0.4701
vn 0.1783 -0.9111 -0.3715
vn 0.1371 -0.8892 -0.4364
vn 0.0078 -0.9615 -0.2747
vn 0.0072 -0.9258 -0.3779
vn 0.0051 -0.8765 -0.4814
vn 0.0038 -0.8301 -0.5576
vn 0.0296 -0.8344 -0.5504
vn 0.0995 -0.8443 -0.5266
vn 0.2573 -0.8723 -0.4157
vn 0.3656 -0.8572 -0.3627
vn 0.4275 -0.8385 -0.3377
vn 0.4343 -0.8531 -0.2891
vn 0.1951 -0.9382 -0.2857
vn 0.0616 -0.9582 -0.2794
vn 0.0952 -0.9902 -0.1019
vn 0.0764 -0.9883 -0.1323
vn 0.3085 -0.9472 -0.0876
vn 0.2601 -0.9601 -0.1024
vn 0.0121 -0.9975 -0.0702
vn 0.0109 -0.9942 -0.1074
vn 0.0087 -0.9897 -0.1426
vn 0.0075 -0.9813 -0.1922
vn 0.0631 -0.9803 -0.1872
vn 0.2080 -0.9637 -0.1676
vn 0.4775 -0.8757 -0.0723
vn 0.6057 -0.7942 -0.0480
vn 0.6570 -0.7512 -0.0629
vn 0.6726 -0.7368 -0.0693
vn 0.3288 -0.9413 -0.0763
vn 0.1055 -0.9917 -0.0730
vn 0.9398 0.3407 0.0273
vn 0.9865 0.1640 0.0011
vn 0.9906 0.1365 -0.0042
vn 0.9107 0.4128 0.0128
vn 0.8991 0.4378 0.0023
vn 0.8479 0.5267 0.0606
vn 0.9492 0.3133 0.0303
vn 0.8377 0.5434 0.0542
vn 0.9965 0.0829 -0.0044
vn 0.9973 0.0726 -0.0134
vn 0.9874 0.1578 0.0071
vn 0.9978 0.0517 -0.0405
vn 0.9951 0.0950 -0.0267
vn 0.9971 0.0740 -0.0193
vn 0.6069 0.7943 0.0265
vn 0.6412 0.7671 0.0191
vn 0.9185 0.3955 0.0007
vn 0.6385 0.7697 -0.0032
vn 0.7980 0.6017 0.0323
vn 0.6749 0.7379 -0.0058
vn 0.4624 0.8813 0.0976
vn 0.5622 0.8220 0.0910
vn 0.5284 0.8461 0.0701
vn 0.4039 0.9127 0.0621
vn 0.3689 0.9268 0.0702
vn 0.3899 0.9139 0.1128
vn 0.4772 0.8723 0.1065
vn 0.3815 0.9184 0.1053
vn 0.7073 0.7018 0.0847
vn 0.6977 0.7122 0.0774
vn 0.5810 0.8079 0.0984
vn 0.5328 0.8461 0.0167
vn 0.4206 0.9068 0.0272
vn 0.6625 0.7468 0.0577
vn 0.1861 0.9820 0.0327
vn 0.2283 0.9726 0.0436
vn 0.3075 0.9511 0.0282
vn 0.1992 0.9789 0.0464
vn 0.3135 0.9465 0.0764
vn 0.2236 0.9735 0.0478
vn 0.9907 -0.0209 -0.1341
vn 0.9501 -0.2700 -0.1566
vn 0.9093 -0.3741 -0.1822
vn 0.9764 -0.1965 -0.0897
vn 0.9652 -0.2345 -0.1156
vn 0.9862 -0.0758 -0.1472
vn 0.9885 -0.0301 -0.1485
vn 0.9806 0.1516 -0.1246
vn 0.9788 0.0939 -0.1821
vn 0.9796 0.1048 -0.1714
vn 0.9941 -0.0156 -0.1074
vn 0.9916 -0.0440 -0.1220
vn 0.9911 0.0070 -0.1331
vn 0.7071 -0.6727 -0.2179
vn 0.7350 -0.6523 -0.1850
vn 0.9658 -0.2110 -0.1505
vn 0.5697 -0.7981 -0.1962
vn 0.6409 -0.7400 -0.2042
vn 0.8068 -0.5699 -0.1559
vn 0.7555 -0.6437 -0.1220
vn 0.8464 -0.5161 -0.1316
vn 0.8102 -0.5752 -0.1125
vn 0.7907 -0.5977 -0.1324
vn 0.8955 -0.4205 -0.1456
vn 0.8272 -0.5476 -0.1260
vn 0.9251 -0.3269 -0.1933
vn 0.9392 -0.2956 -0.1747
vn 0.9204 -0.3561 -0.1617
vn 0.9564 -0.2379 -0.1695
vn 0.9885 -0.0189 -0.1503
vn 0.9503 -0.2546 -0.1795
vn 0.9350 0.3373 -0.1091
vn 0.9318 0.3439 -0.1161
vn 0.9802 0.1483 -0.1313
vn 0.8888 0.4341 -0.1471
vn 0.9200 0.3711 -0.1262
vn 0.9284 0.3355 -0.1599
vn 0.8752 0.4253 -0.2305
vn 0.9762 0.1239 -0.1783
vn 0.9080 0.3720 -0.1927
vn 0.8470 0.5286 -0.0563
vn 0.9840 0.1435 -0.1056
vn 0.6710 0.7368 -0.0826
vn 0.9107 0.3886 -0.1397
vn 0.5634 0.8260 0.0154
vn 0.9024 0.4303 -0.0225
vn 0.9947 0.0771 -0.0676
vn 0.9955 -0.0154 -0.0930
vn 0.9918 0.0209 -0.1261
vn 0.9685 0.1905 -0.1605
vn 0.8222 0.5443 -0.1667
vn 0.6342 0.7621 -0.1302
vn 0.3825 0.9205 -0.0795
vn 0.1983 0.9791 -0.0459
vn 0.3053 0.9520 -0.0214
vn 0.4211 0.9070 0.0017
vn 0.4644 0.8833 -0.0636
vn 0.4691 0.8812 -0.0586
vn 0.1699 0.9848 -0.0367
vn 0.1744 0.9838 -0.0411
vn 0.7113 0.6962 -0.0965
vn 0.7722 0.6282 -0.0953
vn 0.7786 0.6217 -0.0854
vn 0.7666 0.6373 -0.0785
vn 0.4380 0.8971 -0.0576
vn 0.1554 0.9866 -0.0500
vn 0.0213 0.9986 -0.0478
vn 0.0244 0.9990 -0.0363
vn 0.0236 0.9993 -0.0298
vn 0.0184 0.9995 -0.0269
vn 0.1370 0.9900 -0.0329
vn 0.3981 0.9154 -0.0592
vn 0.0172 0.9997 0.0144
vn 0.0173 0.9998 0.0141
vn 0.0516 0.9984 0.0211
vn 0.0531 0.9984 0.0185
vn 0.0018 0.9999 0.0119
vn 0.0022 0.9999 0.0119
vn 0.0020 0.9999 0.0133
vn 0.0011 0.9999 0.0168
vn 0.0143 0.9997 0.0173
vn 0.0484 0.9986 0.0191
vn 0.1073 0.9938 0.0282
vn 0.1170 0.9927 0.0290
vn 0.1135 0.9930 0.0334
vn 0.0934 0.9951 0.0315
vn 0.0419 0.9989 0.0199
vn 0.0136 0.9998 0.0140
vn -0.1835 0.9689 0.1661
vn -0.1858 0.9812 0.0514
vn -0.3816 -0.9218 -0.0684
vn -0.3827 -0.9039 -0.1909
vn -0.0069 0.9828 0.1847
vn -0.0054 0.9901 0.1400
vn -0.0053 0.9949 0.1003
vn -0.0218 0.9983 0.0536
vn -0.1817 0.9790 -0.0926
vn -0.3696 -0.8664 -0.3359
vn -0.2093 -0.9584 -0.1939
vn -0.1928 -0.9702 -0.1467
vn -0.1920 -0.9756 -0.1065
vn -0.1921 -0.9795 -0.0602
vn -0.3590 -0.9309 0.0677
vn -0.1677 0.9416 0.2919
vn -0.0198 0.9479 -0.3180
vn -0.0222 0.9397 -0.3411
vn -0.0009 -0.8431 -0.5377
vn 0.0005 -0.8296 -0.5584
vn -0.0119 0.9999 -0.0029
vn -0.0171 0.9998 -0.0093
vn -0.0203 0.9996 -0.0175
vn -0.0219 0.9994 -0.0264
vn -0.0235 0.9304 -0.3658
vn 0.0007 -0.8145 -0.5801
vn 0.0052 -0.9635 -0.2675
vn 0.0048 -0.9660 -0.2586
vn 0.0036 -0.9681 -0.2506
vn 0.0014 -0.9697 -0.2443
vn -0.0038 -0.8535 -0.5211
vn -0.0160 0.9540 -0.2995
vn -0.0304 0.8321 0.5538
vn -0.0506 0.8629 0.5028
vn -0.1482 -0.9264 0.3461
vn -0.2078 -0.9340 0.2904
vn 0.0134 0.9618 0.2735
vn 0.0228 0.9662 0.2569
vn 0.0210 0.9710 0.2382
vn 0.0056 0.9723 0.2336
vn -0.1141 0.8964 0.4283
vn -0.2894 -0.9330 0.2140
vn -0.1750 -0.9846 -0.0060
vn -0.1380 -0.9904 -0.0010
vn -0.1071 -0.9941 0.0178
vn -0.0761 -0.9965 0.0355
vn -0.1088 -0.9145 0.3898
vn -0.0300 0.8031 0.5951
vn 0.0010 -0.9942 -0.1079
vn 0.0013 -0.9907 -0.1358
vn 0.0012 -0.9943 -0.1070
vn 0.0016 -0.9906 -0.1367
vn 0.0011 -0.9973 -0.0737
vn 0.0007 -0.9941 -0.1085
vn 0.0008 -0.9908 -0.1350
vn 0.0013 -0.9855 -0.1696
vn 0.0025 -0.9851 -0.1720
vn 0.0031 -0.9845 -0.1753
vn 0.0034 -0.9839 -0.1788
vn 0.0018 -0.9905 -0.1377
vn 0.0013 -0.9944 -0.1060
vn 0.0021 -0.9979 -0.0645
vn 0.0020 -0.9977 -0.0680
vn 0.0016 -0.9975 -0.0712
vn 0.0352 0.9901 0.1360
vn 0.0381 0.9939 0.1037
vn 0.0383 0.9901 0.1351
vn 0.0410 0.9936 0.1057
vn 0.0218 0.9834 0.1803
vn 0.0249 0.9903 0.1368
vn 0.0275 0.9944 0.1021
vn 0.0309 0.9980 0.0553
vn 0.0419 0.9973 0.0600
vn 0.0437 0.9968 0.0668
vn 0.0372 0.9966 0.0730
vn 0.0328 0.9938 0.1065
vn 0.0303 0.9904 0.1348
vn 0.0267 0.9863 0.1628
vn 0.0341 0.9851 0.1688
vn 0.0319 0.9841 0.1747
vn 0.0055 0.9909 0.1345
vn 0.0050 0.9941 0.1087
vn 0.0073 0.9908 0.1348
vn 0.0066 0.9941 0.1082
vn -0.0022 0.9909 0.1344
vn -0.0025 0.9941 0.1086
vn -0.0031 0.9972 0.0749
vn 0.0033 0.9972 0.0748
vn 0.0040 0.9973 0.0733
vn -0.0012 0.9975 0.0705
vn 0.0018 0.9942 0.1072
vn 0.0024 0.9907 0.1359
vn 0.0003 0.9846 0.1750
vn 0.0060 0.9851 0.1719
vn 0.0051 0.9857 0.1682
vn 0.0016 -0.9948 -0.1018
vn 0.0032 -0.9905 -0.1377
vn 0.0193 -0.9946 -0.1024
vn 0.0203 -0.9905 -0.1363
vn -0.0320 -0.9979 -0.0556
vn -0.0282 -0.9943 -0.1026
vn -0.0260 -0.9900 -0.1384
vn -0.0245 -0.9824 -0.1853
vn 0.0029 -0.9832 -0.1823
vn 0.0189 -0.9838 -0.1783
vn 0.0228 -0.9844 -0.1745
vn 0.0251 -0.9905 -0.1355
vn 0.0245 -0.9943 -0.1039
vn 0.0206 -0.9979 -0.0616
vn 0.0147 -0.9983 -0.0572
vn -0.0030 -0.9985 -0.0546
vn -0.0058 0.8524 0.5229
vn -0.0123 0.8419 0.5395
vn -0.0081 -0.9534 0.3016
vn -0.0111 -0.9471 0.3206
vn -0.0023 0.9705 0.2412
vn 0.0011 0.9696 0.2447
vn 0.0016 0.9680 0.2510
vn -0.0067 0.9658 0.2593
vn -0.0297 0.8272 0.5611
vn -0.0171 -0.9380 0.3461
vn 0.0075 -0.9998 0.0199
vn 0.0032 -0.9999 0.0104
vn -0.0014 -1.0000 0.0035
vn 0.0002 -1.0000 -0.0003
vn -0.0017 -0.9568 0.2908
vn -0.0041 0.8582 0.5133
vn -0.0120 0.9161 -0.4008
vn -0.0220 0.9271 -0.3742
vn -0.0073 -0.7934 -0.6087
vn 0.0032 -0.8105 -0.5857
vn 0.0125 0.9988 -0.0480
vn -0.0047 0.9991 -0.0414
vn -0.0137 0.9994 -0.0309
vn -0.0142 0.9997 -0.0197
vn -0.0236 0.9383 -0.3450
vn 0.0051 -0.8282 -0.5604
vn 0.0175 -0.9658 -0.2586
vn 0.0146 -0.9631 -0.2686
vn 0.0006 -0.9605 -0.2784
vn -0.0238 -0.9582 -0.2852
vn -0.0255 -0.7816 -0.6233
vn 0.0058 0.9087 -0.4174
vn -0.0274 0.9413 -0.3364
vn 0.0200 0.9215 -0.3879
vn -0.1666 -0.8116 -0.5600
vn -0.0966 -0.7938 -0.6005
vn 0.0177 0.9998 0.0044
vn 0.0392 0.9991 -0.0175
vn 0.0437 0.9984 -0.0356
vn 0.0338 0.9983 -0.0469
vn 0.0252 0.9093 -0.4155
vn -0.0529 -0.7809 -0.6224
vn -0.0563 -0.9567 -0.2855
vn -0.0883 -0.9569 -0.2765
vn -0.1226 -0.9573 -0.2616
vn -0.1622 -0.9565 -0.2424
vn -0.2765 -0.8310 -0.4826
vn -0.1061 0.9629 -0.2481
vn -0.1239 -0.9859 -0.1121
vn -0.1211 -0.9829 -0.1389
vn -0.0976 -0.9892 -0.1089
vn -0.0947 -0.9857 -0.1395
vn -0.1529 -0.9845 -0.0855
vn -0.1508 -0.9821 -0.1126
vn -0.1487 -0.9790 -0.1396
vn -0.1434 -0.9744 -0.1731
vn -0.1178 -0.9770 -0.1776
vn -0.0907 -0.9789 -0.1829
vn -0.0601 -0.9807 -0.1860
vn -0.0636 -0.9882 -0.1396
vn -0.0662 -0.9922 -0.1053
vn -0.0688 -0.9957 -0.0613
vn -0.0996 -0.9926 -0.0699
vn -0.1263 -0.9889 -0.0786
vn -0.0071 0.9906 0.1369
vn -0.0069 0.9947 0.1024
vn -0.0020 0.9905 0.1372
vn -0.0011 0.9949 0.1013
vn -0.0083 0.9839 0.1784
vn -0.0053 0.9906 0.1364
vn -0.0057 0.9944 0.1057
vn -0.0087 0.9978 0.0664
vn -0.0092 0.9981 0.0617
vn -0.0020 0.9984 0.0573
vn 0.0112 0.9948 0.1015
vn 0.0094 0.9905 0.1372
vn 0.0059 0.9830 0.1837
vn -0.0058 0.9829 0.1839
vn -0.0107 0.9833 0.1817
vn -0.0602 0.7928 0.6065
vn -0.0598 0.7825 0.6197
vn -0.0395 -0.9147 0.4022
vn -0.0584 -0.9062 0.4187
vn -0.0179 0.9630 0.2689
vn -0.0218 0.9603 0.2780
vn -0.0173 0.9587 0.2839
vn -0.0045 0.9590 0.2833
vn -0.0481 0.7846 0.6181
vn -0.0811 -0.9054 0.4167
vn -0.0422 -0.9980 0.0471
vn -0.0151 -0.9987 0.0484
vn 0.0026 -0.9991 0.0418
vn 0.0102 -0.9995 0.0312
vn -0.0253 -0.9265 0.3755
vn -0.0498 0.8095 0.5850
vn -0.0136 0.8428 0.5381
vn -0.0116 0.8531 0.5217
vn 0.0050 -0.9479 0.3185
vn 0.0068 -0.9538 0.3002
vn -0.0187 0.9658 0.2586
vn -0.0173 0.9680 0.2505
vn -0.0143 0.9696 0.2443
vn -0.0092 0.9705 0.2409
vn -0.0082 0.8586 0.5126
vn 0.0035 -0.9570 0.2901
vn 0.0035 -1.0000 -0.0005
vn 0.0058 -1.0000 0.0030
vn 0.0071 -0.9999 0.0093
vn 0.0042 -0.9998 0.0174
vn 0.0054 -0.9399 0.3414
vn -0.0145 0.8294 0.5585
vn -0.0238 0.9904 0.1365
vn -0.0235 0.9940 0.1068
vn -0.0196 0.9906 0.1355
vn -0.0194 0.9940 0.1076
vn -0.0247 0.9836 0.1788
vn -0.0258 0.9902 0.1376
vn -0.0254 0.9940 0.1060
vn -0.0239 0.9976 0.0645
vn -0.0221 0.9974 0.0679
vn -0.0183 0.9973 0.0710
vn -0.0120 0.9972 0.0735
vn -0.0124 0.9940 0.1082
vn -0.0124 0.9908 0.1347
vn -0.0118 0.9855 0.1693
vn -0.0188 0.9849 0.1718
vn -0.0228 0.9843 0.1751
vn 0.0095 -0.9941 -0.1082
vn 0.0091 -0.9908 -0.1348
vn 0.0034 -0.9941 -0.1088
vn 0.0030 -0.9909 -0.1346
vn 0.0152 -0.9977 -0.0665
vn 0.0179 -0.9942 -0.1058
vn 0.0179 -0.9907 -0.1351
vn 0.0154 -0.9851 -0.1716
vn 0.0069 -0.9855 -0.1694
vn 0.0014 -0.9857 -0.1682
vn -0.0001 -0.9858 -0.1682
vn 0.0007 -0.9941 -0.1089
vn 0.0007 -0.9972 -0.0750
vn 0.0027 -0.9972 -0.0749
vn 0.0078 -0.9975 -0.0705
vn -0.0108 0.9538 -0.3004
vn -0.0087 0.9571 -0.2897
vn -0.0080 -0.8531 -0.5217
vn -0.0103 -0.8588 -0.5123
vn -0.0067 0.9999 -0.0101
vn -0.0007 1.0000 -0.0032
vn -0.0001 1.0000 0.0005
vn -0.0046 1.0000 0.0007
vn -0.0110 0.9572 -0.2891
vn -0.0082 -0.8591 -0.5118
vn -0.0016 -0.9706 -0.2409
vn -0.0018 -0.9705 -0.2410
vn 0.0023 -0.9697 -0.2444
vn 0.0101 -0.9681 -0.2504
vn -0.0016 -0.8427 -0.5383
vn -0.0170 0.9474 -0.3195
vn 0.9642 -0.2379 -0.1171
vn 0.9333 -0.3483 -0.0873
vn 0.9984 -0.0128 -0.0557
vn 0.9970 -0.0269 -0.0721
vn 0.3795 -0.9130 -0.1495
vn 0.2583 -0.9533 -0.1566
vn 0.1869 -0.9712 -0.1477
vn 0.1285 -0.9816 -0.1415
vn 0.8661 -0.4906 -0.0959
vn 0.9952 -0.0563 -0.0802
vn 0.9977 0.0157 -0.0655
vn 0.9982 0.0196 -0.0567
vn 0.9991 0.0161 -0.0396
vn 0.9998 0.0063 -0.0164
vn 0.9996 -0.0151 -0.0257
vn 0.9830 -0.1714 -0.0657
vn 0.1765 0.5017 -0.8469
vn 0.2088 0.6219 -0.7548
vn 0.2586 0.6131 -0.7465
vn 0.4869 0.1897 -0.8526
vn 0.6154 0.2479 -0.7482
vn 0.0356 0.4750 -0.8793
vn 0.0301 0.5793 -0.8145
vn 0.2579 0.4162 -0.8719
vn 0.0275 0.8292 -0.5583
vn 0.0873 0.8121 -0.5769
vn 0.0402 0.6954 -0.7175
vn 0.4038 0.7212 -0.5629
vn 0.5405 0.5152 -0.6652
vn 0.1587 0.8022 -0.5756
vn 0.6644 -0.3039 -0.6828
vn 0.6213 -0.4078 -0.6691
vn 0.6719 0.2001 -0.7131
vn 0.8593 -0.1644 -0.4844
vn 0.6661 0.1753 -0.7250
vn 0.8187 -0.2328 -0.5249
vn 0.9533 0.1938 -0.2315
vn 0.9812 0.0475 -0.1872
vn 0.9812 -0.0083 -0.1927
vn 0.9618 0.0330 -0.2717
vn 0.9315 0.2222 -0.2880
vn 0.9357 0.3168 -0.1556
vn 0.9752 0.1665 -0.1461
vn 0.8736 0.4217 -0.2430
vn 0.9914 0.0006 -0.1311
vn 0.9910 -0.0204 -0.1327
vn 0.9863 0.0845 -0.1417
vn 0.9774 -0.1487 -0.1505
vn 0.9612 -0.1679 -0.2189
vn 0.9877 -0.0613 -0.1436
vn 0.9094 -0.1019 -0.4033
vn 0.8981 0.1063 -0.4268
vn 0.9488 -0.1568 -0.2743
vn 0.7349 0.5494 -0.3976
vn 0.8208 0.4792 -0.3108
vn 0.8357 0.3338 -0.4361
vn 0.1358 0.9853 -0.1034
vn 0.3488 0.9320 -0.0987
vn 0.3885 0.9127 -0.1266
vn 0.1694 0.9622 -0.2132
vn 0.0863 0.9745 -0.2071
vn 0.0219 0.9974 -0.0683
vn 0.1580 0.9855 -0.0610
vn 0.0182 0.9932 -0.1146
vn 0.7590 0.6466 -0.0758
vn 0.7622 0.6435 -0.0701
vn 0.3996 0.9142 -0.0675
vn 0.8183 0.5618 -0.1216
vn 0.6348 0.7412 -0.2182
vn 0.7850 0.6172 -0.0543
vn 0.3877 0.8280 -0.4051
vn 0.0993 0.9223 -0.3734
vn 0.5145 0.8065 -0.2912
vn 0.0088 0.9358 -0.3525
vn 0.0118 0.9789 -0.2038
vn 0.0365 0.9332 -0.3574
vn -0.2512 0.9539 0.1641
vn -0.2637 0.9645 -0.0126
vn -0.2421 -0.9702 0.0127
vn -0.2576 -0.9523 -0.1638
vn -0.0753 0.9824 0.1710
vn -0.0821 0.9908 0.1076
vn -0.0866 0.9951 0.0476
vn -0.1029 0.9946 -0.0168
vn -0.2555 0.9445 -0.2064
vn -0.2510 -0.9014 -0.3528
vn -0.0973 -0.9805 -0.1707
vn -0.0792 -0.9912 -0.1059
vn -0.0722 -0.9962 -0.0479
vn -0.0628 -0.9979 0.0169
vn -0.1917 -0.9611 0.1990
vn -0.2038 0.9159 0.3459
vn -0.1225 0.8767 -0.4652
vn -0.0818 0.8532 -0.5151
vn -0.1192 -0.7967 -0.5925
vn -0.0792 -0.7684 -0.6351
vn -0.0700 0.9945 -0.0781
vn -0.0483 0.9937 -0.1012
vn -0.0355 0.9917 -0.1232
vn -0.0309 0.9888 -0.1459
vn -0.0678 0.8280 -0.5566
vn -0.0654 -0.7397 -0.6698
vn -0.0262 -0.9610 -0.2753
vn -0.0308 -0.9651 -0.2601
vn -0.0432 -0.9685 -0.2452
vn -0.0638 -0.9715 -0.2283
vn -0.1843 -0.8362 -0.5165
vn -0.1882 0.9054 -0.3805
vn -0.0148 0.7412 0.6712
vn -0.0457 0.8206 0.5697
vn -0.0000 -0.8356 0.5494
vn -0.0306 -0.8992 0.4364
vn -0.1025 0.9394 0.3272
vn -0.0287 0.9655 0.2589
vn -0.0328 0.9716 0.2345
vn -0.0546 0.9705 0.2347
vn -0.1152 0.8567 0.5028
vn -0.1011 -0.9261 0.3635
vn -0.0396 -0.9958 0.0831
vn -0.0160 -0.9963 0.0848
vn -0.0836 -0.9780 0.1913
vn 0.0143 -0.6319 0.7749
vn 0.0033 0.5017 0.8650
vn -0.0193 -0.9982 -0.0574
vn -0.0218 -0.9954 -0.0937
vn -0.0145 -0.9978 -0.0651
vn -0.0156 -0.9953 -0.0956
vn -0.0313 -0.9993 -0.0186
vn -0.0335 -0.9978 -0.0575
vn -0.0370 -0.9948 -0.0950
vn -0.0396 -0.9893 -0.1403
vn -0.0269 -0.9896 -0.1413
vn -0.0194 -0.9893 -0.1447
vn -0.0166 -0.9887 -0.1489
vn -0.0134 -0.9951 -0.0984
vn -0.0132 -0.9970 -0.0759
vn -0.0185 -0.9997 -0.0157
vn -0.0168 -0.9998 -0.0092
vn -0.0196 -0.9997 -0.0120
vn -0.0260 0.9970 0.0725
vn -0.0244 0.9988 0.0425
vn -0.0299 0.9953 0.0923
vn -0.0305 0.9982 0.0511
vn -0.0335 0.9920 0.1219
vn -0.0252 0.9982 0.0549
vn -0.0224 0.9992 0.0324
vn -0.0230 0.9996 -0.0183
vn -0.0335 0.9994 0.0038
vn -0.0463 0.9989 0.0103
vn -0.0454 0.9975 0.0549
vn -0.0437 0.9944 0.0959
vn -0.0438 0.9899 0.1349
vn -0.0328 0.9898 0.1384
vn -0.0312 0.9903 0.1356
vn 0.3758 -0.9132 -0.1578
vn 0.3547 -0.9182 -0.1763
vn 0.1517 -0.9774 -0.1473
vn 0.1369 -0.9788 -0.1527
vn 0.6476 -0.7435 -0.1667
vn 0.6713 -0.7223 -0.1660
vn 0.6634 -0.7224 -0.1951
vn 0.5541 -0.8062 -0.2074
vn 0.2939 -0.9414 -0.1658
vn 0.1167 -0.9822 -0.1474
vn 0.0197 -0.9901 -0.1392
vn 0.0232 -0.9899 -0.1400
vn 0.0269 -0.9898 -0.1399
vn 0.1451 -0.9778 -0.1515
vn 0.3661 -0.9159 -0.1649
vn 0.1956 -0.9757 -0.0986
vn 0.1449 -0.9799 -0.1372
vn 0.0418 -0.9913 -0.1246
vn 0.0404 -0.9949 -0.0922
vn 0.0643 -0.9904 -0.1224
vn 0.4529 -0.8838 -0.1171
vn 0.4580 -0.8819 -0.1114
vn 0.2137 -0.9698 -0.1176
vn 0.2413 -0.9548 -0.1737
vn 0.1164 -0.9822 -0.1473
vn 0.3246 -0.9326 -0.1579
vn 0.0052 -0.9916 -0.1290
vn 0.0048 -0.9923 -0.1239
vn 0.0407 -0.9895 -0.1385
vn 0.0010 -0.9927 -0.1206
vn 0.0094 -0.9929 -0.1183
vn 0.0025 -0.9930 -0.1184
vn 0.0212 -0.9914 -0.1290
vn 0.0888 -0.9883 -0.1242
vn 0.0157 -0.9920 -0.1252
vn 0.6650 -0.7318 -0.1493
vn 0.3618 -0.9199 -0.1513
vn 0.3520 -0.9243 -0.1477
vn 0.6115 -0.7582 -0.2265
vn 0.5799 -0.7823 -0.2275
vn 0.7129 -0.6782 -0.1785
vn 0.8741 -0.4639 -0.1438
vn 0.6266 -0.7665 -0.1408
vn 0.9026 -0.4099 -0.1313
vn 0.0428 -0.9904 -0.1316
vn 0.0526 -0.9903 -0.1289
vn 0.3064 -0.9412 -0.1422
vn 0.0512 -0.9907 -0.1263
vn 0.2384 -0.9594 -0.1505
vn 0.0563 -0.9905 -0.1255
vn 0.7801 -0.5282 -0.3354
vn 0.7210 -0.5871 -0.3681
vn 0.5227 -0.8213 -0.2285
vn 0.7544 -0.5160 -0.4056
vn 0.8212 -0.5030 -0.2695
vn 0.5813 -0.7143 -0.3896
vn 0.9362 -0.3200 -0.1451
vn 0.9055 -0.4013 -0.1376
vn 0.8666 -0.4480 -0.2198
vn 0.9730 -0.2295 -0.0227
vn 0.9744 -0.2239 -0.0218
vn 0.8173 -0.5644 -0.1160
vn 0.8213 -0.5623 -0.0965
vn 0.9929 -0.1172 0.0202
vn 0.9942 -0.1072 0.0118
vn 0.9949 -0.1008 0.0054
vn 0.9953 -0.0971 -0.0007
vn 0.9739 -0.2264 -0.0169
vn 0.8151 -0.5758 -0.0637
vn 0.1867 -0.9752 -0.1187
vn 0.1914 -0.9634 -0.1878
vn 0.1891 -0.9547 -0.2298
vn 0.1817 -0.9508 -0.2509
vn 0.8048 -0.5804 -0.1247
vn 0.9698 -0.2433 -0.0185
vn 0.2677 -0.9539 -0.1355
vn 0.2414 -0.9592 -0.1471
vn 0.0925 -0.9860 -0.1390
vn 0.0695 -0.9892 -0.1293
vn 0.0988 -0.9852 -0.1398
vn 0.5298 -0.8390 -0.1241
vn 0.5371 -0.8327 -0.1349
vn 0.2778 -0.9512 -0.1343
vn 0.3822 -0.9118 -0.1503
vn 0.2030 -0.9692 -0.1394
vn 0.4702 -0.8690 -0.1543
vn 0.0228 -0.9907 -0.1345
vn 0.0196 -0.9905 -0.1364
vn 0.0988 -0.9854 -0.1388
vn 0.0038 -0.9904 -0.1381
vn 0.0133 -0.9904 -0.1373
vn 0.0118 -0.9906 -0.1362
vn 0.0193 -0.9902 -0.1380
vn 0.1126 -0.9841 -0.1371
vn 0.0170 -0.9902 -0.1388
vn 0.4425 -0.8791 -0.1773
vn 0.4698 -0.8611 -0.1946
vn 0.1460 -0.9764 -0.1592
vn 0.1187 -0.9845 -0.1293
vn 0.1840 -0.9704 -0.1567
vn 0.7994 -0.5735 -0.1790
vn 0.7734 -0.6026 -0.1971
vn 0.5130 -0.8428 -0.1626
vn 0.7460 -0.6294 -0.2175
vn 0.4218 -0.8852 -0.1963
vn 0.7829 -0.5887 -0.2011
vn 0.0292 -0.9888 -0.1463
vn 0.0274 -0.9890 -0.1457
vn 0.1596 -0.9737 -0.1624
vn 0.0058 -0.9895 -0.1444
vn 0.0234 -0.9897 -0.1410
vn 0.0198 -0.9897 -0.1417
vn 0.2397 -0.9600 -0.1446
vn 0.0258 -0.9895 -0.1424
vn 0.8437 0.0917 -0.5289
vn 0.9208 -0.1696 -0.3513
vn 0.4415 0.1451 -0.8855
vn 0.5969 -0.3910 -0.7006
vn 0.9095 0.1749 -0.3770
vn 0.9668 0.0536 -0.2497
vn 0.9854 -0.0584 -0.1597
vn 0.9819 -0.1710 -0.0812
vn 0.9135 -0.3732 -0.1619
vn 0.5729 -0.7379 -0.3568
vn 0.0893 -0.9206 -0.3801
vn 0.0968 -0.4918 -0.8653
vn 0.0644 0.1612 -0.9848
vn 0.0377 0.4194 -0.9070
vn 0.2794 0.4026 -0.8717
vn 0.6821 0.3059 -0.6642
vn 0.9609 -0.2764 0.0153
vn 0.9280 -0.3649 0.0755
vn 0.7148 -0.6932 0.0922
vn 0.5519 -0.7924 0.2599
vn 0.9953 -0.0965 -0.0060
vn 0.9946 -0.1034 -0.0082
vn 0.9922 -0.1243 -0.0065
vn 0.9766 -0.2101 0.0461
vn 0.8031 -0.5298 0.2725
vn 0.3627 -0.8117 0.4578
vn 0.0489 -0.8640 0.5011
vn 0.0809 -0.9344 0.3469
vn 0.1302 -0.9781 0.1621
vn 0.1692 -0.9856 -0.0049
vn 0.7893 -0.6140 -0.0071
vn 0.9707 -0.2401 -0.0063
vn -0.0006 -1.0000 -0.0050
vn 0.0204 -0.9996 -0.0178
vn 0.0639 -0.9961 0.0609
vn 0.2909 -0.9358 0.1994
vn -0.0485 -0.9986 -0.0225
vn 0.1560 -0.9572 0.2437
vn -0.0032 -0.9946 -0.1033
vn 0.0120 -0.9989 -0.0443
vn 0.0053 -0.9985 -0.0551
vn 0.0318 -0.9711 0.2365
vn 0.1229 -0.9633 0.2388
vn 0.0240 -0.9984 0.0518
vn 0.5243 -0.8494 0.0608
vn 0.5013 -0.8641 0.0441
vn 0.1923 -0.9786 0.0735
vn 0.1814 -0.9818 0.0566
vn 0.8512 -0.5230 0.0440
vn 0.8432 -0.5365 0.0349
vn 0.8277 -0.5607 0.0226
vn 0.8016 -0.5977 0.0081
vn 0.4651 -0.8848 0.0289
vn 0.1647 -0.9854 0.0425
vn 0.0223 -0.9986 0.0471
vn 0.0247 -0.9979 0.0602
vn 0.0262 -0.9967 0.0763
vn 0.1977 -0.9758 0.0934
vn 0.5355 -0.8409 0.0784
vn 0.6912 -0.7073 -0.1480
vn 0.6146 -0.7760 -0.1417
vn 0.9882 -0.1285 -0.0828
vn 0.9837 -0.1636 -0.0744
vn 0.0913 -0.9859 -0.1400
vn 0.0704 -0.9871 -0.1435
vn 0.0570 -0.9884 -0.1408
vn 0.0471 -0.9891 -0.1392
vn 0.5458 -0.8272 -0.1337
vn 0.9782 -0.1986 -0.0603
vn 0.9992 -0.0117 -0.0371
vn 0.9985 -0.0063 -0.0546
vn 0.9979 0.0002 -0.0651
vn 0.9976 0.0081 -0.0686
vn 0.9921 -0.0925 -0.0846
vn 0.7751 -0.6138 -0.1500
vn 0.0444 -0.9875 -0.1516
vn 0.0543 -0.9893 -0.1356
vn -0.1733 -0.9810 -0.0871
vn -0.1031 -0.9869 -0.1238
vn 0.7373 -0.5939 -0.3220
vn 0.3831 -0.8996 -0.2097
vn 0.1206 -0.9817 -0.1473
vn 0.2725 -0.9541 -0.1240
vn 0.8060 -0.5802 -0.1173
vn 0.8458 -0.5103 -0.1556
vn -0.7968 -0.5946 -0.1077
vn -0.3878 -0.9185 -0.0769
vn -0.2284 -0.9711 -0.0690
vn -0.1587 -0.9849 -0.0690
vn -0.0525 -0.9931 -0.1053
vn 0.3688 -0.8931 -0.2576
vn 0.3253 -0.9371 -0.1264
vn 0.2227 -0.9674 -0.1205
vn 0.9291 -0.3676 -0.0403
vn 0.8525 -0.5218 -0.0304
vn 0.0408 -0.9895 -0.1386
vn 0.0275 -0.9901 -0.1377
vn 0.0210 -0.9906 -0.1355
vn 0.0157 -0.9910 -0.1326
vn 0.1306 -0.9848 -0.1145
vn 0.6535 -0.7567 -0.0191
vn 0.9587 -0.2698 0.0905
vn 0.9980 -0.0540 0.0328
vn 0.9997 -0.0255 0.0040
vn 0.9998 -0.0170 -0.0043
vn 0.9642 -0.2626 -0.0364
vn 0.4513 -0.8838 -0.1234
vn 0.2135 -0.1719 -0.9617
vn 0.5138 -0.3663 -0.7758
vn 0.0088 -0.9616 -0.2743
vn 0.0520 -0.9703 -0.2364
vn 0.0362 0.4163 -0.9085
vn 0.2700 0.3643 -0.8913
vn 0.6588 0.1472 -0.7377
vn 0.8500 -0.1902 -0.4912
vn 0.6096 -0.6325 -0.4779
vn 0.0608 -0.9836 -0.1697
vn -0.1119 -0.9902 -0.0832
vn -0.0924 -0.9928 -0.0763
vn -0.0584 -0.9961 -0.0661
vn -0.0200 -0.9982 -0.0560
vn -0.0067 -0.9590 -0.2835
vn 0.0236 -0.1008 -0.9946
vn 0.4561 -0.8823 -0.1165
vn 0.4852 -0.8682 -0.1037
vn 0.9670 -0.2531 -0.0279
vn 0.9720 -0.2344 -0.0167
vn 0.0401 -0.9896 -0.1383
vn 0.0366 -0.9899 -0.1371
vn 0.0387 -0.9901 -0.1350
vn 0.0630 -0.9893 -0.1316
vn 0.5393 -0.8356 -0.1047
vn 0.9765 -0.2147 -0.0210
vn 0.9999 -0.0145 0.0022
vn 0.9998 -0.0176 0.0067
vn 0.9998 -0.0196 0.0009
vn 0.9997 -0.0170 -0.0148
vn 0.9712 -0.2342 -0.0427
vn 0.4861 -0.8648 -0.1256
vn 0.5181 0.4766 -0.7102
vn 0.5307 0.4654 -0.7084
vn 0.1748 0.5563 -0.8124
vn 0.1867 0.5406 -0.8203
vn 0.8600 0.2884 -0.4209
vn 0.8654 0.2800 -0.4154
vn 0.8522 0.2871 -0.4375
vn 0.8228 0.2903 -0.4886
vn 0.5493 0.4298 -0.7166
vn 0.2013 0.5046 -0.8395
vn 0.0264 0.5151 -0.8567
vn 0.0246 0.5502 -0.8347
vn 0.0231 0.5652 -0.8246
vn 0.0160 0.5712 -0.8206
vn 0.1234 0.5664 -0.8149
vn 0.4263 0.5133 -0.7448
vn 0.3764 -0.9099 0.1743
vn 0.4444 -0.8326 0.3306
vn 0.1238 -0.9746 0.1864
vn 0.1521 -0.9146 0.3746
vn 0.6093 -0.7897 0.0716
vn 0.7203 -0.6825 0.1238
vn 0.7818 -0.5825 0.2227
vn 0.8005 -0.4658 0.3771
vn 0.5155 -0.6512 0.5569
vn 0.1855 -0.7357 0.6514
vn 0.0243 -0.7463 0.6652
vn 0.0200 -0.9244 0.3809
vn 0.0163 -0.9821 0.1876
vn 0.0126 -0.9954 0.0947
vn 0.0963 -0.9909 0.0943
vn 0.2990 -0.9499 0.0907
vn 0.9308 -0.3610 0.0579
vn 0.9517 -0.3064 0.0219
vn 0.6882 -0.7215 -0.0764
vn 0.7464 -0.6583 -0.0979
vn 0.9746 -0.2119 0.0723
vn 0.9799 -0.1830 0.0790
vn 0.9869 -0.1529 0.0520
vn 0.9907 -0.1321 0.0328
vn 0.9634 -0.2681 -0.0051
vn 0.7822 -0.6116 -0.1188
vn 0.1700 -0.9525 -0.2526
vn 0.1542 -0.9567 -0.2469
vn 0.1314 -0.9614 -0.2416
vn 0.1026 -0.9621 -0.2527
vn 0.6100 -0.7803 -0.1378
vn 0.9141 -0.4054 0.0092
vn 0.3954 -0.7622 0.5125
vn 0.3303 -0.8345 0.4410
vn 0.1125 -0.7780 0.6181
vn 0.0873 -0.8393 0.5365
vn 0.8400 -0.4598 0.2882
vn 0.8045 -0.5333 0.2615
vn 0.7690 -0.6072 0.1998
vn 0.6824 -0.7100 0.1738
vn 0.3045 -0.8801 0.3644
vn 0.0893 -0.9016 0.4233
vn 0.0113 -0.8986 0.4387
vn 0.0105 -0.8265 0.5628
vn 0.0138 -0.7631 0.6461
vn 0.0210 -0.7365 0.6761
vn 0.1614 -0.7444 0.6479
vn 0.4868 -0.6929 0.5319
vn 0.5922 -0.6151 0.5206
vn 0.5226 -0.6502 0.5515
vn 0.2246 -0.7432 0.6303
vn 0.1760 -0.7395 0.6497
vn 0.8885 -0.3585 0.2864
vn 0.8795 -0.3649 0.3054
vn 0.8638 -0.3947 0.3132
vn 0.7946 -0.4802 0.3714
vn 0.4481 -0.6779 0.5829
vn 0.1478 -0.7412 0.6548
vn 0.0191 -0.7463 0.6653
vn 0.0228 -0.7469 0.6645
vn 0.0304 -0.7625 0.6463
vn 0.0369 -0.7995 0.5995
vn 0.2690 -0.7686 0.5804
vn 0.6541 -0.6002 0.4602
vn 0.9993 -0.0258 0.0281
vn 0.9990 -0.0360 0.0272
vn 0.9994 -0.0294 0.0173
vn 0.9992 -0.0243 0.0333
vn 0.9994 -0.0210 0.0288
vn 0.9997 -0.0147 0.0198
vn 1.0000 -0.0054 0.0058
vn 0.9999 -0.0106 0.0054
vn 0.9998 -0.0214 0.0048
vn 0.9990 -0.0435 0.0041
vn 0.9986 -0.0501 0.0148
vn 0.9981 -0.0568 0.0240
vn 0.9974 -0.0639 0.0323
vn 0.9986 -0.0411 0.0340
vn 0.9990 -0.0296 0.0334
vn 0.4923 -0.8423 0.2194
vn 0.5287 -0.8367 0.1427
vn 0.1744 -0.9580 0.2276
vn 0.1929 -0.9680 0.1607
vn 0.7460 -0.6235 0.2341
vn 0.8278 -0.5405 0.1502
vn 0.8503 -0.5197 0.0831
vn 0.8537 -0.5180 0.0533
vn 0.5371 -0.8375 0.1001
vn 0.1979 -0.9730 0.1188
vn 0.0270 -0.9923 0.1208
vn 0.0262 -0.9868 0.1598
vn 0.0235 -0.9751 0.2204
vn 0.0172 -0.9501 0.3114
vn 0.1307 -0.9399 0.3153
vn 0.3927 -0.8676 0.3051
vn 0.5467 -0.6338 0.5472
vn 0.5144 -0.6707 0.5344
vn 0.2019 -0.7473 0.6331
vn 0.1838 -0.7620 0.6209
vn 0.8113 -0.4296 0.3965
vn 0.8482 -0.3970 0.3506
vn 0.8275 -0.4463 0.3407
vn 0.7678 -0.5043 0.3952
vn 0.4649 -0.6900 0.5548
vn 0.1612 -0.7653 0.6232
vn 0.0211 -0.7746 0.6321
vn 0.0244 -0.7724 0.6347
vn 0.0272 -0.7654 0.6429
vn 0.0231 -0.7560 0.6542
vn 0.1740 -0.7422 0.6472
vn 0.4910 -0.6512 0.5786
vn 0.3569 -0.9341 0.0123
vn 0.2906 -0.9567 0.0155
vn 0.1185 -0.9925 0.0286
vn 0.0938 -0.9951 0.0328
vn 0.7618 -0.6478 -0.0050
vn 0.7026 -0.7115 -0.0113
vn 0.6131 -0.7899 -0.0123
vn 0.5134 -0.8574 0.0364
vn 0.2576 -0.9650 0.0489
vn 0.0829 -0.9951 0.0545
vn 0.0107 -0.9984 0.0554
vn 0.0123 -0.9992 0.0392
vn 0.0158 -0.9993 0.0347
vn 0.0193 -0.9991 0.0377
vn 0.1432 -0.9892 0.0321
vn 0.4161 -0.9092 0.0169
vn 0.5885 -0.6200 0.5188
vn 0.6067 -0.6073 0.5130
vn 0.2212 -0.7492 0.6243
vn 0.2359 -0.7387 0.6314
vn 0.8332 -0.4295 0.3483
vn 0.8793 -0.3693 0.3007
vn 0.8878 -0.3593 0.2878
vn 0.8692 -0.3906 0.3032
vn 0.5696 -0.6354 0.5214
vn 0.2140 -0.7368 0.6414
vn 0.0292 -0.7461 0.6652
vn 0.0324 -0.7591 0.6502
vn 0.0300 -0.7681 0.6396
vn 0.0243 -0.7731 0.6339
vn 0.1832 -0.7602 0.6234
vn 0.5176 -0.6612 0.5431
vn 0.9853 0.1221 -0.1195
vn 0.9910 -0.0199 -0.1327
vn 0.9943 -0.0229 -0.1043
vn 0.9933 0.0249 -0.1131
vn 0.9900 0.1051 -0.0944
vn 0.9362 0.3351 -0.1062
vn 0.9814 0.1424 -0.1284
vn 0.9410 0.3239 -0.0980
vn 0.9730 -0.1796 -0.1450
vn 0.9795 -0.1540 -0.1297
vn 0.9899 -0.0086 -0.1418
vn 0.9835 -0.1416 -0.1127
vn 0.9925 -0.0589 -0.1071
vn 0.9795 -0.1614 -0.1203
vn 0.9945 0.0221 -0.1024
vn 0.9932 0.0575 -0.1011
vn 0.9946 -0.0180 -0.1024
vn 0.9628 0.2628 -0.0625
vn 0.9525 0.2981 -0.0624
vn 0.9880 0.1257 -0.0892
vn 0.9991 -0.0431 0.0012
vn 0.9990 -0.0290 0.0342
vn 0.9957 -0.0847 0.0376
vn 0.9826 -0.1850 0.0180
vn 0.9890 -0.1476 -0.0079
vn 1.0000 -0.0046 -0.0032
vn 1.0000 -0.0004 0.0057
vn 0.9990 -0.0451 -0.0070
vn 0.9935 -0.0078 0.1136
vn 0.9919 -0.0078 0.1266
vn 0.9993 0.0039 0.0376
vn 0.9722 -0.1584 0.1725
vn 0.9609 -0.2633 0.0861
vn 0.9917 -0.0211 0.1269
vn 0.8484 -0.5281 0.0374
vn 0.9181 -0.3961 0.0110
vn 0.9283 -0.3664 0.0638
vn 0.9484 -0.3167 -0.0152
vn 0.9908 -0.1350 -0.0128
vn 0.9301 -0.3669 -0.0198
vn 0.9993 -0.0383 0.0007
vn 0.9991 -0.0416 0.0044
vn 0.9944 -0.1052 0.0033
vn 0.9935 -0.1136 0.0035
vn 0.9999 -0.0049 -0.0137
vn 1.0000 -0.0069 0.0018
vn 1.0000 -0.0072 0.0070
vn 1.0000 -0.0061 0.0029
vn 0.9990 -0.0439 -0.0005
vn 0.9924 -0.1233 -0.0039
vn 0.9587 -0.2844 -0.0034
vn 0.9653 -0.2612 0.0076
vn 0.9694 -0.2452 0.0131
vn 0.9721 -0.2343 0.0113
vn 0.9953 -0.0970 -0.0065
vn 0.9994 -0.0332 -0.0134
vn 0.9984 0.0287 -0.0486
vn 0.9999 -0.0091 0.0069
vn 0.9993 -0.0318 0.0190
vn 0.9998 -0.0216 -0.0005
vn 0.9978 0.0283 -0.0599
vn 0.9764 0.1210 -0.1786
vn 0.9967 0.0451 -0.0673
vn 0.9798 0.1130 -0.1648
vn 0.9993 -0.0215 0.0294
vn 0.9991 -0.0279 0.0316
vn 1.0000 0.0001 -0.0010
vn 0.9973 -0.0680 0.0292
vn 0.9970 -0.0730 0.0261
vn 0.9986 -0.0419 0.0334
vn 0.9969 -0.0789 -0.0004
vn 0.9981 -0.0088 -0.0613
vn 0.9956 -0.0829 0.0447
vn 0.9693 0.1166 -0.2165
vn 0.9780 0.1105 -0.1769
vn 0.9922 0.0394 -0.1182
vn 0.6702 -0.3887 0.6323
vn 0.2861 -0.5443 0.7886
vn 0.6871 -0.2981 0.6626
vn 0.2844 -0.4293 0.8572
vn 0.9003 -0.2910 0.3238
vn 0.5194 -0.6668 0.5344
vn 0.2219 -0.7916 0.5693
vn 0.0580 -0.8270 0.5593
vn 0.0545 -0.5864 0.8082
vn 0.0436 -0.4594 0.8872
vn 0.0325 -0.5195 0.8539
vn 0.2388 -0.5012 0.8317
vn 0.6249 -0.3906 0.6759
vn 0.8573 -0.2464 0.4519
vn 0.9058 -0.1615 0.3918
vn 0.9353 -0.1646 0.3133
vn 0.9985 -0.0207 -0.0504
vn 0.9986 -0.0213 -0.0476
vn 0.9952 -0.0952 -0.0221
vn 0.9902 -0.1355 0.0337
vn 0.9958 -0.0887 -0.0235
vn 0.9980 0.0113 -0.0619
vn 0.9981 0.0058 -0.0610
vn 0.9989 -0.0113 -0.0460
vn 0.9994 -0.0012 -0.0360
vn 0.9992 -0.0235 -0.0321
vn 0.9987 0.0035 -0.0514
vn 0.9742 -0.2256 0.0061
vn 0.9677 -0.2519 0.0095
vn 0.9964 -0.0829 -0.0195
vn 0.9067 -0.3934 0.1521
vn 0.9580 -0.2666 0.1056
vn 0.9458 -0.3102 0.0964
vn 0.9743 -0.2073 0.0880
vn 0.9973 -0.0732 -0.0055
vn 0.9706 -0.2342 0.0560
vn 0.9997 -0.0004 -0.0238
vn 0.9996 0.0012 -0.0269
vn 0.9968 -0.0698 0.0397
vn 0.9957 -0.0702 0.0605
vn 0.9924 -0.0909 0.0825
vn 0.9982 -0.0532 0.0286
vn 0.9998 -0.0159 -0.0092
vn 0.9999 0.0055 -0.0133
vn 0.9994 0.0140 -0.0331
vn 0.9999 -0.0013 -0.0106
vn 0.9985 0.0192 -0.0514
vn 0.9995 -0.0010 -0.0331
vn 0.9989 0.0188 -0.0423
vn 0.9794 -0.1720 0.1061
vn 0.9775 -0.1692 0.1255
vn 0.9981 -0.0596 0.0128
vn 0.9529 -0.2325 0.1949
vn 0.9710 -0.1862 0.1497
vn 0.9734 -0.1705 0.1530
vn 0.9380 -0.2559 0.2337
vn 0.9731 -0.1746 0.1500
vn 0.9698 -0.1830 0.1614
vn 0.9860 -0.1418 0.0882
vn 0.9986 -0.0529 0.0051
vn 0.9808 -0.1540 0.1195
vn 0.9993 -0.0379 -0.0063
vn 0.9999 -0.0138 -0.0081
vn 0.9992 -0.0392 -0.0100
vn -0.2050 -0.9780 -0.0396
vn -0.2982 -0.9539 -0.0332
vn -0.1496 -0.9884 -0.0261
vn -0.2326 -0.9725 -0.0125
vn -0.1723 -0.9828 -0.0663
vn -0.2344 -0.9706 -0.0540
vn -0.3593 -0.9317 -0.0533
vn -0.7008 -0.7125 -0.0367
vn -0.4210 -0.9067 -0.0263
vn -0.3352 -0.9421 0.0001
vn -0.2798 -0.9588 0.0499
vn -0.1098 -0.9940 -0.0012
vn -0.0600 -0.9980 -0.0208
vn -0.0347 -0.9989 -0.0314
vn -0.0959 -0.9942 -0.0478
vn -0.1442 -0.9878 -0.0588
vn -0.0671 0.9970 -0.0374
vn -0.0061 0.9989 -0.0463
vn -0.0393 0.9985 -0.0380
vn 0.0014 0.9991 -0.0423
vn -0.1882 0.9821 -0.0119
vn -0.0672 0.9972 -0.0335
vn -0.0173 0.9988 -0.0468
vn -0.0006 0.9988 -0.0499
vn 0.0019 0.9988 -0.0492
vn 0.0037 0.9990 -0.0443
vn 0.0045 0.9993 -0.0376
vn 0.0040 0.9993 -0.0368
vn -0.0211 0.9991 -0.0363
vn -0.0766 0.9963 -0.0390
vn -0.1237 0.9917 -0.0365
vn -0.1866 0.9821 -0.0267
vn -0.1560 0.9874 -0.0281
vn -0.0506 0.9983 -0.0306
vn -0.1356 0.9903 -0.0296
vn -0.0439 0.9983 -0.0384
vn -0.3464 0.9380 -0.0147
vn -0.1458 0.9891 -0.0199
vn -0.0466 0.9987 -0.0196
vn -0.0062 0.9998 -0.0198
vn -0.0067 0.9995 -0.0313
vn -0.0055 0.9992 -0.0401
vn -0.0032 0.9989 -0.0464
vn -0.0308 0.9986 -0.0438
vn -0.1009 0.9944 -0.0308
vn -0.2500 0.9682 -0.0077
vn -0.3156 0.9488 -0.0117
vn -0.3621 0.9319 -0.0193
vn -0.5773 0.8098 0.1047
vn -0.6027 0.7957 0.0604
vn -0.4585 0.8805 0.1206
vn -0.4356 0.8892 0.1401
vn -0.4498 0.8869 0.1056
vn -0.7081 0.6999 0.0936
vn -0.7170 0.6915 0.0881
vn -0.5799 0.8081 0.1029
vn -0.7418 0.6676 0.0637
vn -0.6357 0.7692 0.0640
vn -0.7419 0.6675 0.0644
vn -0.3647 0.9216 0.1330
vn -0.3603 0.9197 0.1563
vn -0.4901 0.8643 0.1128
vn -0.3203 0.9340 0.1584
vn -0.3505 0.9272 0.1323
vn -0.3546 0.9192 0.1713
vn -0.3642 0.9246 0.1116
vn -0.4666 0.8779 0.1078
vn -0.3549 0.9281 0.1126
vn -0.0457 -0.9885 -0.1439
vn -0.1502 -0.9693 -0.1948
vn -0.0437 -0.9989 -0.0144
vn -0.1383 -0.9899 -0.0294
vn -0.0050 -0.9931 -0.1171
vn -0.0392 -0.9902 -0.1343
vn -0.1308 -0.9754 -0.1772
vn -0.3417 -0.8990 -0.2738
vn -0.3763 -0.8979 -0.2286
vn -0.3273 -0.9443 -0.0353
vn -0.3035 -0.9385 0.1645
vn -0.1222 -0.9779 0.1698
vn -0.0397 -0.9836 0.1760
vn -0.0053 -0.9837 0.1800
vn -0.0058 -1.0000 -0.0032
vn -0.0059 -0.9932 -0.1166
vn -0.5770 0.8105 0.1007
vn -0.5773 0.8103 0.1008
vn -0.4681 0.8769 0.1088
vn -0.4677 0.8772 0.1081
vn -0.7034 0.7053 0.0876
vn -0.7025 0.7062 0.0880
vn -0.7029 0.7056 0.0892
vn -0.7047 0.7036 0.0914
vn -0.5785 0.8093 0.1015
vn -0.4682 0.8770 0.1079
vn -0.3669 0.9235 0.1121
vn -0.3682 0.9228 0.1137
vn -0.3701 0.9218 0.1152
vn -0.3745 0.9198 0.1172
vn -0.4702 0.8757 0.1097
vn -0.5778 0.8099 0.1009
vn -0.9841 0.1765 0.0190
vn -0.9827 0.1832 0.0258
vn -0.9426 0.3316 0.0401
vn -0.9403 0.3372 0.0454
vn -0.9959 0.0903 0.0022
vn -0.9957 0.0920 0.0070
vn -0.9953 0.0961 0.0150
vn -0.9947 0.0979 0.0303
vn -0.9819 0.1858 0.0376
vn -0.9397 0.3378 0.0534
vn -0.8416 0.5350 0.0739
vn -0.8397 0.5386 0.0697
vn -0.8400 0.5384 0.0670
vn -0.8416 0.5360 0.0656
vn -0.9444 0.3267 0.0371
vn -0.9849 0.1722 0.0149
vn -0.1762 0.9768 0.1220
vn -0.1749 0.9772 0.1205
vn -0.0902 0.9885 0.1216
vn -0.0898 0.9886 0.1213
vn -0.2786 0.9524 0.1236
vn -0.2733 0.9544 0.1199
vn -0.2710 0.9553 0.1180
vn -0.2690 0.9561 0.1160
vn -0.1734 0.9776 0.1192
vn -0.0890 0.9886 0.1211
vn -0.0243 0.9923 0.1218
vn -0.0244 0.9923 0.1216
vn -0.0247 0.9923 0.1211
vn -0.0254 0.9926 0.1190
vn -0.0905 0.9883 0.1224
vn -0.1787 0.9757 0.1264
vn -0.1273 -0.8746 0.4678
vn -0.0399 -0.8865 0.4610
vn -0.1283 -0.8944 0.4284
vn -0.0409 -0.9035 0.4266
vn -0.2184 -0.8543 0.4718
vn -0.1091 -0.8770 0.4679
vn -0.0338 -0.8856 0.4633
vn -0.0044 -0.8867 0.4623
vn -0.0053 -0.8883 0.4592
vn -0.0055 -0.9048 0.4259
vn -0.0052 -0.9393 0.3432
vn -0.0389 -0.9385 0.3432
vn -0.1219 -0.9317 0.3422
vn -0.3012 -0.8938 0.3322
vn -0.3142 -0.8549 0.4128
vn -0.3098 -0.8361 0.4527
vn -0.0995 -0.9504 0.2948
vn -0.0314 -0.9590 0.2815
vn -0.1095 -0.9565 0.2703
vn -0.0366 -0.9602 0.2771
vn -0.1847 -0.9192 0.3477
vn -0.0825 -0.9404 0.3299
vn -0.0259 -0.9476 0.3184
vn -0.0033 -0.9486 0.3164
vn -0.0041 -0.9602 0.2792
vn -0.0048 -0.9605 0.2783
vn -0.0039 -0.9514 0.3080
vn -0.0299 -0.9514 0.3066
vn -0.0965 -0.9497 0.2980
vn -0.2170 -0.9345 0.2821
vn -0.2823 -0.9223 0.2640
vn -0.2349 -0.9206 0.3120
vn -0.9789 0.1034 0.1764
vn -0.9744 0.0923 0.2050
vn -0.8721 0.3388 0.3531
vn -0.8561 0.3951 0.3333
vn -0.8581 0.3471 0.3783
vn -0.9624 0.2090 0.1732
vn -0.9928 0.0285 0.1163
vn -0.9896 0.0209 0.1425
vn -0.9906 0.0813 0.1102
vn -0.9594 -0.0096 0.2819
vn -0.9483 0.0456 0.3142
vn -0.9819 0.0123 0.1892
vn -0.5809 0.6131 0.5355
vn -0.5601 0.6248 0.5439
vn -0.8837 0.2490 0.3963
vn -0.4535 0.6678 0.5902
vn -0.5387 0.7014 0.4667
vn -0.5893 0.5207 0.6177
vn -0.5607 0.5494 0.6194
vn -0.8250 0.4384 0.3566
vn -0.5656 0.5738 0.5924
vn -0.9195 0.3775 0.1097
vn -0.9744 0.1927 0.1158
vn -0.9092 0.3784 0.1738
vn -0.6380 0.7514 0.1681
vn -0.5994 0.7386 0.3086
vn -0.4321 0.8376 0.3344
vn -0.3978 0.8733 0.2814
vn -0.4646 0.8669 0.1806
vn -0.8006 0.5899 0.1048
vn -0.8019 0.5731 0.1689
vn -0.6520 0.7506 0.1074
vn -0.5245 0.6055 0.5986
vn -0.4099 0.7194 0.5608
vn -0.7394 0.5898 0.3246
vn -0.1929 0.8421 0.5037
vn -0.2124 0.8809 0.4230
vn -0.3607 0.7641 0.5348
vn -0.1884 0.8990 0.3954
vn -0.2913 0.9139 0.2827
vn -0.2092 0.8865 0.4128
vn -0.4041 0.9008 0.1587
vn -0.5004 0.8562 0.1290
vn -0.3253 0.9239 0.2014
vn -0.9859 0.1539 0.0656
vn -0.9890 0.1266 0.0763
vn -0.9514 0.3008 0.0657
vn -0.9624 0.2636 0.0657
vn -0.9946 0.0903 0.0517
vn -0.9946 0.0755 0.0717
vn -0.9944 0.0578 0.0886
vn -0.9939 0.0407 0.1026
vn -0.9911 0.0990 0.0889
vn -0.9725 0.2211 0.0730
vn -0.9049 0.4160 0.0903
vn -0.8816 0.4679 0.0615
vn -0.8600 0.5048 0.0742
vn -0.8475 0.5251 0.0778
vn -0.9434 0.3259 0.0618
vn -0.9831 0.1753 0.0527
vn -0.1617 0.9791 0.1231
vn -0.1451 0.9787 0.1449
vn -0.0818 0.9883 0.1289
vn -0.0717 0.9864 0.1480
vn -0.2655 0.9572 0.1155
vn -0.2566 0.9594 0.1171
vn -0.2373 0.9621 0.1345
vn -0.2131 0.9630 0.1651
vn -0.1325 0.9738 0.1849
vn -0.0634 0.9792 0.1926
vn -0.0181 0.9791 0.2025
vn -0.0203 0.9877 0.1549
vn -0.0227 0.9910 0.1322
vn -0.0240 0.9921 0.1231
vn -0.0873 0.9887 0.1219
vn -0.1703 0.9782 0.1192
vn -0.9393 -0.3409 0.0393
vn -0.9051 -0.4141 0.0964
vn -0.9082 -0.4107 0.0805
vn -0.9271 -0.3425 0.1523
vn -0.9921 -0.0820 0.0947
vn -0.9923 -0.0594 0.1083
vn -0.6628 -0.7352 0.1419
vn -0.6775 -0.7354 -0.0106
vn -0.9496 -0.3017 0.0854
vn -0.5608 -0.8275 -0.0262
vn -0.6142 -0.7807 0.1157
vn -0.7292 -0.6735 -0.1207
vn -0.5410 -0.8369 0.0834
vn -0.6613 -0.7477 0.0606
vn -0.6422 -0.7666 -0.0007
vn -0.7294 -0.6745 0.1144
vn -0.9471 -0.2945 0.1273
vn -0.6917 -0.7005 0.1757
vn -0.9925 0.0161 0.1212
vn -0.9941 0.0257 0.1057
vn -0.9896 -0.0712 0.1246
vn -0.9976 0.0426 0.0550
vn -0.9970 -0.0437 0.0639
vn -0.9957 0.0360 0.0849
vn -0.7865 0.1725 0.5930
vn -0.7007 0.1189 0.7035
vn -0.4802 0.3092 0.8208
vn -0.4493 0.3704 0.8130
vn -0.3908 0.3591 0.8475
vn -0.7060 0.2152 0.6747
vn -0.9203 0.0300 0.3900
vn -0.8580 0.0614 0.5100
vn -0.8918 0.0754 0.4462
vn -0.6971 0.0416 0.7157
vn -0.6276 0.1029 0.7717
vn -0.7701 0.0307 0.6372
vn -0.3958 0.2843 0.8732
vn -0.3578 0.3836 0.8514
vn -0.5058 0.2083 0.8371
vn -0.1908 0.5885 0.7856
vn -0.2043 0.5398 0.8167
vn -0.3086 0.4683 0.8279
vn -0.1457 0.5445 0.8260
vn -0.3499 0.5295 0.7728
vn -0.1666 0.5135 0.8418
vn -0.5560 0.5716 0.6035
vn -0.8277 0.2016 0.5238
vn -0.4757 0.5572 0.6806
vn -0.3373 0.3224 0.8845
vn -0.2880 0.2246 0.9309
vn -0.2319 0.2404 0.9426
vn -0.1722 0.1209 0.9776
vn -0.3082 0.5487 0.7771
vn -0.2803 0.4953 0.8223
vn -0.3290 0.3246 0.8868
vn -0.3110 0.2359 0.9207
vn -0.2362 0.1291 0.9631
vn -0.1076 0.0229 0.9939
vn -0.0261 -0.0407 0.9988
vn -0.0615 0.1007 0.9930
vn -0.1113 0.2200 0.9691
vn -0.1275 0.3107 0.9419
vn -0.2577 0.3330 0.9070
vn -0.4223 0.4101 0.8084
vn -0.0689 0.9258 0.3718
vn -0.1693 0.9359 0.3090
vn -0.1584 0.9419 0.2961
vn -0.0875 0.9060 0.4142
vn -0.0711 0.9080 0.4128
vn -0.0178 0.9563 0.2919
vn -0.0661 0.9580 0.2789
vn -0.0170 0.9188 0.3944
vn -0.2475 0.9464 0.2076
vn -0.2711 0.9377 0.2172
vn -0.1477 0.9554 0.2558
vn -0.2935 0.9388 0.1804
vn -0.2175 0.9360 0.2767
vn -0.2566 0.9446 0.2048
vn -0.1006 0.8918 0.4410
vn -0.0779 0.8735 0.4806
vn -0.1492 0.9181 0.3671
vn -0.0116 0.8529 0.5219
vn -0.0180 0.8785 0.4774
vn -0.0394 0.8590 0.5104
vn -0.9399 -0.3345 0.0677
vn -0.8887 -0.4339 0.1480
vn -0.8943 -0.4316 0.1183
vn -0.9172 -0.3377 0.2112
vn -0.9824 -0.1081 0.1526
vn -0.9824 -0.1081 0.1524
vn -0.7391 -0.6726 0.0374
vn -0.7250 -0.6876 -0.0397
vn -0.9496 -0.2988 0.0943
vn -0.5185 -0.8518 0.0750
vn -0.5843 -0.7940 0.1679
vn -0.7285 -0.6834 -0.0468
vn -0.5210 -0.8474 0.1022
vn -0.6891 -0.6843 0.2384
vn -0.6065 -0.7942 0.0376
vn -0.7303 -0.6425 0.2322
vn -0.9279 -0.2827 0.2432
vn -0.6917 -0.6777 0.2495
vn -0.9688 -0.0221 0.2470
vn -0.9838 -0.0140 0.1785
vn -0.9679 -0.0887 0.2350
vn -0.9916 0.0062 0.1290
vn -0.9892 -0.0773 0.1248
vn -0.9893 -0.0038 0.1457
vn -0.0414 -0.9348 0.3526
vn -0.0366 -0.7449 0.6662
vn -0.1438 -0.9047 0.4011
vn -0.1280 -0.7192 0.6829
vn -0.0029 -0.9907 0.1363
vn -0.0031 -0.9383 0.3458
vn -0.0023 -0.7478 0.6640
vn -0.0006 -0.4754 0.8798
vn -0.0201 -0.4757 0.8794
vn -0.0763 -0.4724 0.8781
vn -0.1961 -0.4461 0.8732
vn -0.3032 -0.6339 0.7115
vn -0.3424 -0.8041 0.4860
vn -0.2926 -0.8616 0.4147
vn -0.1211 -0.9765 0.1785
vn -0.0344 -0.9895 0.1406
vn -0.0029 -0.1417 0.9899
vn -0.0192 -0.1985 0.9799
vn 0.0011 -0.1394 0.9902
vn -0.0039 -0.1905 0.9817
vn 0.0009 -0.0938 0.9956
vn -0.0138 -0.1433 0.9896
vn -0.0585 -0.2066 0.9767
vn -0.1377 -0.3052 0.9423
vn -0.0505 -0.2996 0.9527
vn -0.0134 -0.2878 0.9576
vn -0.0007 -0.2801 0.9600
vn 0.0004 -0.1849 0.9828
vn 0.0010 -0.1370 0.9906
vn -0.0008 -0.1086 0.9941
vn -0.0002 -0.1070 0.9943
vn 0.0001 -0.1028 0.9947
vn -0.1595 -0.1000 0.9821
vn -0.3366 -0.0004 0.9417
vn -0.2792 -0.1609 0.9467
vn -0.4495 -0.0474 0.8920
vn -0.0333 -0.0667 0.9972
vn -0.1246 -0.0058 0.9922
vn -0.2648 0.0962 0.9595
vn -0.3718 0.1680 0.9130
vn -0.4609 0.1089 0.8807
vn -0.5574 0.0528 0.8286
vn -0.6328 0.0185 0.7741
vn -0.5801 -0.0786 0.8107
vn -0.4517 -0.2043 0.8685
vn -0.2577 -0.3017 0.9179
vn -0.1136 -0.2189 0.9691
vn -0.0395 -0.1431 0.9889
vn -0.0270 0.0812 0.9963
vn -0.0210 -0.0347 0.9992
vn 0.0024 -0.0196 0.9998
vn -0.0600 0.2631 0.9629
vn -0.0573 0.1485 0.9872
vn -0.0173 0.1824 0.9831
vn -0.0376 -0.0674 0.9970
vn -0.0071 -0.0784 0.9969
vn -0.0712 -0.0127 0.9974
vn -0.0052 -0.0704 0.9975
vn -0.0027 0.0354 0.9994
vn -0.0050 -0.0779 0.9969
vn -0.8755 -0.2727 0.3989
vn -0.8178 -0.3075 0.4865
vn -0.7548 -0.2500 0.6064
vn -0.8185 -0.0888 0.5676
vn -0.8897 -0.0841 0.4488
vn -0.7487 -0.6233 0.2257
vn -0.7117 -0.6523 0.2607
vn -0.9197 -0.2572 0.2968
vn -0.5638 -0.7528 0.3398
vn -0.6029 -0.5282 0.5979
vn -0.7274 -0.6490 0.2229
vn -0.4361 -0.3882 0.8119
vn -0.6268 -0.2309 0.7442
vn -0.5550 -0.4491 0.7002
vn -0.7353 -0.0019 0.6777
vn -0.8056 -0.0086 0.5924
vn -0.7037 -0.0754 0.7065
vn -0.9354 0.0014 0.3536
vn -0.9412 -0.0869 0.3264
vn -0.8845 0.0102 0.4665
vn -0.1418 -0.9885 0.0521
vn -0.0448 -0.9986 0.0285
vn -0.1585 -0.9864 0.0440
vn -0.0509 -0.9984 0.0240
vn -0.2237 -0.9715 0.0782
vn -0.1148 -0.9922 0.0482
vn -0.0356 -0.9988 0.0326
vn -0.0046 -0.9995 0.0297
vn -0.0059 -0.9997 0.0239
vn -0.0068 -0.9998 0.0201
vn -0.0070 -0.9998 0.0181
vn -0.0523 -0.9984 0.0203
vn -0.1626 -0.9862 0.0314
vn -0.3875 -0.9200 0.0593
vn -0.3791 -0.9219 0.0802
vn -0.2801 -0.9554 0.0932
vn -0.0557 -0.8523 0.5200
vn -0.0176 -0.8592 0.5113
vn -0.0858 -0.8964 0.4348
vn -0.0262 -0.8954 0.4444
vn -0.0642 -0.7929 0.6060
vn -0.0292 -0.8056 0.5917
vn -0.0087 -0.8130 0.5822
vn -0.0007 -0.8149 0.5797
vn -0.0021 -0.8606 0.5093
vn -0.0034 -0.8951 0.4458
vn -0.0035 -0.9244 0.3813
vn -0.0271 -0.9248 0.3795
vn -0.0894 -0.9256 0.3678
vn -0.1865 -0.9211 0.3417
vn -0.2159 -0.8834 0.4158
vn -0.1276 -0.8378 0.5308
vn -0.9836 -0.1773 -0.0319
vn -0.9318 -0.3488 0.1005
vn -0.9061 -0.3896 0.1648
vn -0.9087 -0.3878 0.1544
vn -0.9094 -0.3844 0.1587
vn -0.9373 -0.3057 0.1677
vn -0.9992 -0.0384 0.0135
vn -0.9993 -0.0376 0.0070
vn -0.9100 -0.4125 -0.0409
vn -0.8884 -0.4521 -0.0796
vn -0.9884 -0.1499 -0.0239
vn -0.3638 -0.7866 0.4990
vn -0.3849 -0.7795 0.4942
vn -0.8786 -0.4758 -0.0419
vn -0.4710 -0.8243 0.3141
vn -0.5374 -0.7592 0.3671
vn -0.6006 -0.7855 0.1493
vn -0.5015 -0.8143 0.2924
vn -0.5981 -0.7111 0.3696
vn -0.5727 -0.8050 0.1551
vn -0.5127 -0.7639 0.3920
vn -0.6108 -0.7212 0.3267
vn -0.5917 -0.7522 0.2899
vn -0.6567 -0.7020 0.2756
vn -0.9508 -0.2839 0.1241
vn -0.6446 -0.6733 0.3622
vn -0.9987 0.0440 0.0258
vn -0.9990 0.0432 0.0076
vn -0.9984 -0.0343 0.0447
vn -0.9989 0.0466 -0.0041
vn -0.9998 -0.0142 -0.0108
vn -0.9990 0.0447 0.0010
vn -0.1046 -0.9125 0.3956
vn -0.0326 -0.9196 0.3914
vn -0.1039 -0.9060 0.4104
vn -0.0324 -0.9077 0.4184
vn -0.2091 -0.9072 0.3651
vn -0.0937 -0.9282 0.3602
vn -0.0292 -0.9346 0.3544
vn -0.0038 -0.9355 0.3532
vn -0.0042 -0.9206 0.3905
vn -0.0042 -0.9077 0.4196
vn -0.0038 -0.8960 0.4441
vn -0.0291 -0.8961 0.4429
vn -0.0932 -0.8955 0.4351
vn -0.2083 -0.8842 0.4181
vn -0.2501 -0.8848 0.3931
vn -0.2519 -0.8851 0.3914
vn -0.1170 -0.9885 0.0956
vn -0.0451 -0.9966 0.0696
vn -0.1598 -0.9817 0.1032
vn -0.0513 -0.9954 0.0815
vn -0.2222 -0.9699 0.0992
vn -0.1146 -0.9911 0.0683
vn -0.0359 -0.9980 0.0524
vn -0.0047 -0.9988 0.0494
vn -0.0060 -0.9979 0.0647
vn -0.0069 -0.9970 0.0774
vn -0.0071 -0.9964 0.0848
vn -0.0534 -0.9947 0.0876
vn -0.1664 -0.9807 0.1030
vn -0.3977 -0.9062 0.1439
vn -0.3811 -0.9139 0.1398
vn -0.2822 -0.9495 0.1374
vn -0.1047 -0.9937 0.0394
vn -0.0372 -0.9990 0.0236
vn -0.1085 -0.9937 0.0270
vn -0.2049 -0.9764 0.0679
vn -0.0914 -0.9951 0.0366
vn -0.0327 -0.9992 0.0208
vn -0.0043 -0.9998 0.0176
vn -0.0049 -0.9998 0.0203
vn -0.0044 -0.9997 0.0257
vn -0.0040 -0.9994 0.0349
vn -0.0306 -0.9989 0.0348
vn -0.0973 -0.9947 0.0331
vn -0.2162 -0.9757 0.0347
vn -0.2582 -0.9653 0.0382
vn -0.2498 -0.9658 0.0695
vn -0.0334 0.6235 0.7811
vn -0.0214 0.6312 0.7754
vn -0.0100 0.6327 0.7743
vn -0.0060 0.6316 0.7753
vn -0.0747 0.6016 0.7953
vn -0.0859 0.5962 0.7982
vn -0.0724 0.6157 0.7846
vn 0.0455 0.7024 0.7103
vn 0.0162 0.6487 0.7609
vn 0.0041 0.6328 0.7743
vn 0.0005 0.6308 0.7760
vn -0.0007 0.6318 0.7751
vn -0.0012 0.6345 0.7729
vn -0.0011 0.6400 0.7684
vn -0.0093 0.6382 0.7698
vn -0.0310 0.6281 0.7775
vn -0.1474 -0.9853 0.0868
vn -0.0456 -0.9951 0.0877
vn -0.1218 -0.9895 0.0779
vn -0.0363 -0.9954 0.0886
vn -0.3950 -0.9090 0.1335
vn -0.1625 -0.9820 0.0961
vn -0.0515 -0.9948 0.0880
vn -0.0068 -0.9962 0.0864
vn -0.0059 -0.9961 0.0879
vn -0.0044 -0.9958 0.0910
vn -0.0031 -0.9954 0.0958
vn -0.0304 -0.9951 0.0945
vn -0.1048 -0.9900 0.0949
vn -0.2448 -0.9622 0.1192
vn -0.3066 -0.9467 0.0990
vn -0.3666 -0.9225 0.1211
vn -0.1136 -0.9933 0.0207
vn -0.0355 -0.9993 0.0087
vn -0.1110 -0.9935 0.0234
vn -0.0343 -0.9990 0.0297
vn -0.2305 -0.9731 -0.0012
vn -0.1040 -0.9942 -0.0271
vn -0.0326 -0.9986 -0.0420
vn -0.0047 -0.9990 -0.0448
vn -0.0051 -1.0000 0.0064
vn -0.0045 -0.9995 0.0307
vn -0.0039 -0.9993 0.0361
vn -0.0303 -0.9989 0.0353
vn -0.0981 -0.9947 0.0304
vn -0.2229 -0.9745 0.0258
vn -0.2699 -0.9627 0.0207
vn -0.2723 -0.9615 0.0376
vn -0.1358 -0.9907 -0.0057
vn -0.0417 -0.9990 0.0141
vn -0.1109 -0.9938 -0.0124
vn -0.0330 -0.9994 0.0130
vn -0.3902 -0.9206 0.0159
vn -0.1540 -0.9880 0.0122
vn -0.0489 -0.9987 0.0171
vn -0.0065 -0.9998 0.0177
vn -0.0055 -0.9998 0.0176
vn -0.0043 -0.9998 0.0174
vn -0.0037 -0.9998 0.0172
vn -0.0285 -0.9995 0.0160
vn -0.0941 -0.9955 0.0078
vn -0.2191 -0.9757 -0.0012
vn -0.2840 -0.9581 -0.0365
vn -0.3811 -0.9244 -0.0132
vn -0.0438 0.8472 0.5295
vn -0.0149 0.8391 0.5438
vn -0.0478 0.8557 0.5153
vn -0.0181 0.8472 0.5309
vn -0.0729 0.8416 0.5352
vn -0.0386 0.8308 0.5552
vn -0.0123 0.8242 0.5662
vn -0.0017 0.8226 0.5686
vn -0.0023 0.8368 0.5474
vn -0.0037 0.8442 0.5360
vn -0.0065 0.8474 0.5309
vn -0.0249 0.8518 0.5233
vn -0.0563 0.8627 0.5026
vn -0.0982 0.8780 0.4686
vn -0.1009 0.8703 0.4821
vn -0.1000 0.8599 0.5006
vn -0.1082 0.7210 0.6845
vn -0.0347 0.7123 0.7010
vn -0.0977 0.6959 0.7115
vn -0.0305 0.7085 0.7050
vn -0.2343 0.7492 0.6195
vn -0.0878 0.7360 0.6712
vn -0.0328 0.7149 0.6985
vn -0.0044 0.7109 0.7033
vn -0.0046 0.7109 0.7033
vn -0.0040 0.7109 0.7033
vn -0.0035 0.7109 0.7033
vn -0.0269 0.7090 0.7047
vn -0.0863 0.6971 0.7118
vn -0.1941 0.6744 0.7124
vn -0.2322 0.6828 0.6928
vn -0.2572 0.7301 0.6330
vn -0.0697 0.7191 0.6914
vn -0.0207 0.7327 0.6802
vn -0.0506 0.7582 0.6500
vn -0.0150 0.7649 0.6440
vn -0.2289 0.6621 0.7136
vn -0.0870 0.6938 0.7149
vn -0.0266 0.7119 0.7018
vn -0.0035 0.7146 0.6995
vn -0.0027 0.7348 0.6782
vn -0.0019 0.7659 0.6430
vn -0.0015 0.7976 0.6032
vn -0.0118 0.7979 0.6027
vn -0.0384 0.7992 0.5999
vn -0.0860 0.8044 0.5879
vn -0.1319 0.7564 0.6406
vn -0.1873 0.7031 0.6859
vn -0.0517 0.9979 -0.0379
vn -0.0093 0.9995 -0.0302
vn -0.1056 0.9934 -0.0442
vn -0.0285 0.9991 -0.0299
vn -0.0823 0.9957 -0.0434
vn -0.0235 0.9991 -0.0355
vn 0.0009 0.9995 -0.0323
vn 0.0040 0.9995 -0.0318
vn 0.0019 0.9996 -0.0286
vn -0.0016 0.9996 -0.0271
vn -0.0067 0.9996 -0.0267
vn -0.0585 0.9978 -0.0312
vn -0.1912 0.9800 -0.0550
vn -0.4673 0.8771 -0.1110
vn -0.2865 0.9548 -0.0792
vn -0.1554 0.9863 -0.0556
vn -0.0372 0.6775 0.7346
vn -0.0103 0.6707 0.7417
vn -0.0550 0.7115 0.7005
vn -0.0152 0.6949 0.7189
vn -0.0670 0.6331 0.7712
vn -0.0283 0.6474 0.7616
vn -0.0082 0.6507 0.7593
vn -0.0009 0.6512 0.7589
vn -0.0012 0.6693 0.7430
vn -0.0019 0.6917 0.7221
vn -0.0027 0.7080 0.7062
vn -0.0211 0.7123 0.7016
vn -0.0726 0.7342 0.6750
vn -0.2107 0.7419 0.6366
vn -0.1673 0.7108 0.6832
vn -0.1082 0.6690 0.7353
vn -0.0973 0.7322 0.6741
vn -0.0308 0.7149 0.6986
vn -0.1123 0.7063 0.6990
vn -0.0357 0.7111 0.7022
vn -0.1880 0.7466 0.6382
vn -0.0852 0.7287 0.6795
vn -0.0268 0.7138 0.6998
vn -0.0048 0.7109 0.7033
vn -0.0042 0.7109 0.7033
vn -0.0316 0.7084 0.7051
vn -0.1002 0.6909 0.7160
vn -0.2530 0.6513 0.7154
vn -0.2674 0.6728 0.6898
vn -0.2282 0.7347 0.6388
vn -0.0914 -0.8932 -0.4403
vn -0.0289 -0.8931 -0.4490
vn -0.1188 -0.8696 -0.4792
vn -0.0367 -0.8784 -0.4764
vn -0.1483 -0.9137 -0.3784
vn -0.0647 -0.9186 -0.3898
vn -0.0201 -0.9183 -0.3954
vn -0.0026 -0.9181 -0.3962
vn -0.0038 -0.8929 -0.4502
vn -0.0048 -0.8797 -0.4755
vn -0.0044 -0.8807 -0.4737
vn -0.0338 -0.8795 -0.4748
vn -0.1106 -0.8707 -0.4793
vn -0.2287 -0.8457 -0.4822
vn -0.2923 -0.8343 -0.4674
vn -0.2162 -0.8807 -0.4214
vn -0.0443 0.9978 0.0486
vn -0.0167 0.9979 0.0630
vn -0.0101 0.9993 0.0356
vn -0.0926 0.9950 0.0387
vn -0.0734 0.9954 0.0610
vn -0.0440 0.9986 0.0280
vn -0.0117 0.9954 0.0953
vn -0.0020 0.9979 0.0644
vn -0.0412 0.9957 0.0829
vn -0.0012 0.9997 0.0239
vn -0.0140 0.9996 0.0234
vn -0.0002 0.9992 0.0388
vn -0.9914 -0.1194 -0.0530
vn -0.9947 -0.0357 -0.0965
vn -0.9917 -0.1285 -0.0105
vn -0.9995 -0.0302 -0.0021
vn -0.3953 -0.9063 -0.1491
vn -0.8117 -0.5437 -0.2133
vn -0.9897 -0.0075 -0.1430
vn 0.5731 0.1797 -0.7996
vn -0.9955 0.0479 -0.0814
vn -1.0000 -0.0039 -0.0048
vn -0.9993 -0.0223 0.0290
vn -0.9988 -0.0399 0.0277
vn -0.9890 -0.1480 0.0093
vn -0.3674 -0.9228 -0.1159
vn -0.4509 -0.8847 -0.1180
vn -0.4698 -0.8721 -0.1368
vn -0.9738 -0.2273 -0.0008
vn -0.9985 -0.0494 0.0254
vn -0.9732 -0.2299 -0.0064
vn -0.9989 -0.0442 0.0166
vn -0.3671 -0.9226 -0.1184
vn -0.9814 -0.1916 0.0064
vn -0.9984 -0.0470 0.0305
vn -0.9991 -0.0251 0.0333
vn -0.9997 -0.0160 0.0196
vn -1.0000 -0.0061 0.0057
vn -0.9996 -0.0298 0.0022
vn -0.9825 -0.1856 -0.0175
vn -0.3938 -0.9107 -0.1246
vn -0.3094 -0.9429 -0.1234
vn -0.3126 -0.9418 -0.1237
vn -0.1603 -0.9764 -0.1447
vn -0.0469 -0.9883 -0.1454
vn -0.1493 -0.9751 -0.1639
vn -0.0461 -0.9861 -0.1594
vn -0.3256 -0.9313 -0.1634
vn -0.1375 -0.9802 -0.1427
vn -0.0414 -0.9898 -0.1366
vn -0.0052 -0.9908 -0.1352
vn -0.0059 -0.9893 -0.1459
vn -0.0054 -0.9872 -0.1592
vn -0.0057 -0.9854 -0.1702
vn -0.0387 -0.9839 -0.1742
vn -0.1218 -0.9737 -0.1927
vn -0.3075 -0.9264 -0.2172
vn -0.3654 -0.9122 -0.1855
vn -0.3847 -0.9077 -0.1675
vn -0.1031 -0.8932 -0.4376
vn -0.0320 -0.8961 -0.4428
vn -0.1132 -0.8790 -0.4631
vn -0.0350 -0.8889 -0.4568
vn -0.2101 -0.8772 -0.4318
vn -0.0933 -0.8905 -0.4453
vn -0.0291 -0.8918 -0.4516
vn -0.0037 -0.8917 -0.4525
vn -0.0042 -0.8962 -0.4436
vn -0.0046 -0.8902 -0.4555
vn -0.0040 -0.8729 -0.4879
vn -0.0262 -0.8719 -0.4891
vn -0.0860 -0.8643 -0.4955
vn -0.2021 -0.8406 -0.5025
vn -0.2817 -0.8414 -0.4611
vn -0.2507 -0.8689 -0.4269
vn -0.2867 -0.9539 0.0885
vn -0.0886 -0.9873 0.1321
vn -0.1772 -0.9278 0.3283
vn -0.0482 -0.9201 0.3887
vn -0.6326 -0.7733 -0.0427
vn -0.2950 -0.9553 -0.0201
vn -0.0924 -0.9957 -0.0048
vn -0.0103 -0.9999 -0.0025
vn -0.0098 -0.9903 0.1384
vn -0.0049 -0.9181 0.3963
vn -0.0005 -0.7924 0.6100
vn -0.0096 -0.7925 0.6098
vn -0.0414 -0.8008 0.5975
vn -0.0998 -0.8301 0.5485
vn -0.3775 -0.9065 0.1889
vn -0.6260 -0.7796 0.0194
vn -0.3617 0.9299 -0.0664
vn -0.1219 0.9920 -0.0340
vn -0.3525 0.9346 -0.0482
vn -0.1178 0.9925 -0.0312
vn -0.6309 0.7639 -0.1360
vn -0.2961 0.9527 -0.0678
vn -0.0965 0.9948 -0.0337
vn -0.0125 0.9996 -0.0272
vn -0.0162 0.9995 -0.0277
vn -0.0156 0.9995 -0.0277
vn -0.0146 0.9995 -0.0271
vn -0.1114 0.9933 -0.0303
vn -0.3344 0.9414 -0.0442
vn -0.6211 0.7802 -0.0738
vn -0.6753 0.7317 -0.0926
vn -0.6989 0.7033 -0.1298
vn -0.2095 0.9690 0.1313
vn -0.1190 0.9857 0.1190
vn -0.1600 0.9841 0.0771
vn -0.2915 0.9480 0.1279
vn -0.1890 0.9728 0.1341
vn -0.3013 0.9462 0.1181
vn -0.0345 0.9920 0.1215
vn -0.0675 0.9926 0.1014
vn -0.1077 0.9853 0.1329
vn -0.1573 0.9861 0.0529
vn -0.2455 0.9660 0.0809
vn -0.1061 0.9920 0.0682
vn -0.0540 -0.9933 -0.1022
vn -0.2761 -0.9611 -0.0012
vn -0.0125 -0.9936 -0.1121
vn -0.0491 -0.9959 -0.0764
vn -0.0163 -0.9917 -0.1279
vn -0.0579 -0.9921 -0.1117
vn -0.2855 -0.9577 -0.0350
vn -0.4942 -0.8615 0.1163
vn -0.4956 -0.8590 0.1284
vn -0.0539 -0.9973 -0.0509
vn 0.0038 -0.9935 -0.1141
vn -0.0002 -0.9934 -0.1148
vn -0.0005 -0.9928 -0.1199
vn -0.0035 -0.9924 -0.1227
vn -0.0088 -0.9922 -0.1246
vn -0.0569 0.9983 0.0120
vn -0.0174 0.9998 0.0109
vn -0.0832 0.9965 0.0050
vn -0.0257 0.9997 0.0047
vn -0.0963 0.9951 0.0220
vn -0.0397 0.9991 0.0150
vn -0.0122 0.9998 0.0130
vn -0.0014 0.9999 0.0125
vn -0.0023 0.9999 0.0106
vn -0.0034 1.0000 0.0044
vn -0.0048 1.0000 -0.0062
vn -0.0362 0.9993 -0.0060
vn -0.1150 0.9933 -0.0062
vn -0.2803 0.9599 0.0002
vn -0.2081 0.9780 0.0126
vn -0.1433 0.9895 0.0198
vn -0.9998 0.0005 -0.0216
vn -0.9978 -0.0021 -0.0655
vn -0.9655 -0.2059 -0.1592
vn -0.8291 -0.5173 -0.2121
vn -0.9400 -0.2838 -0.1894
vn -0.9367 -0.2946 -0.1893
vn -0.8991 -0.3007 -0.3181
vn -0.9419 -0.2946 -0.1615
vn -0.9747 -0.2147 -0.0629
vn -0.9883 -0.1496 -0.0300
vn -0.9988 0.0478 -0.0086
vn -0.9988 0.0464 -0.0186
vn -0.9999 -0.0082 -0.0150
vn -0.9970 0.0056 -0.0766
vn -0.9950 -0.0235 -0.0974
vn -0.9985 0.0322 -0.0438
vn -0.6764 -0.6875 -0.2644
vn -0.6646 -0.6807 -0.3081
vn -0.9759 -0.1698 -0.1371
vn -0.1134 -0.9697 -0.2163
vn -0.1758 -0.9543 -0.2417
vn -0.6831 -0.6607 -0.3112
vn -0.4207 -0.8336 -0.3579
vn -0.5007 -0.8008 -0.3285
vn -0.6209 -0.6701 -0.4067
vn -0.5279 -0.7459 -0.4062
vn -0.5882 -0.7359 -0.3353
vn -0.6475 -0.6109 -0.4555
vn -0.4780 -0.7108 -0.5161
vn -0.6065 -0.6504 -0.4573
vn -0.5702 -0.6544 -0.4966
vn -0.5428 -0.6953 -0.4710
vn -0.7327 -0.5981 -0.3247
vn -0.5949 -0.6384 -0.4884
vn -0.7444 -0.6449 -0.1734
vn -0.8820 -0.4621 -0.0921
vn -0.7959 -0.5689 -0.2072
vn -0.9241 -0.3794 -0.0452
vn -0.9904 -0.1361 -0.0251
vn -0.9180 -0.3947 -0.0386
vn -0.0168 -0.9763 -0.2157
vn -0.0051 -0.9768 -0.2139
vn -0.0402 -0.9629 -0.2668
vn -0.0115 -0.9658 -0.2589
vn -0.0106 -0.9818 -0.1894
vn -0.0013 -0.9821 -0.1882
vn -0.0007 -0.9769 -0.2136
vn -0.0015 -0.9662 -0.2576
vn -0.0021 -0.9472 -0.3206
vn -0.0164 -0.9466 -0.3219
vn -0.0566 -0.9423 -0.3300
vn -0.1588 -0.9251 -0.3451
vn -0.1200 -0.9509 -0.2853
vn -0.0451 -0.9740 -0.2220
vn -0.1127 -0.8242 -0.5549
vn -0.0349 -0.8241 -0.5654
vn -0.1016 -0.8053 -0.5841
vn -0.0316 -0.8119 -0.5830
vn -0.2021 -0.8419 -0.5003
vn -0.0861 -0.8480 -0.5230
vn -0.0263 -0.8462 -0.5321
vn -0.0034 -0.8458 -0.5335
vn -0.0039 -0.8237 -0.5669
vn -0.0041 -0.8128 -0.5825
vn -0.0036 -0.8130 -0.5823
vn -0.0281 -0.8121 -0.5829
vn -0.0904 -0.8056 -0.5855
vn -0.2042 -0.7864 -0.5831
vn -0.2463 -0.7824 -0.5720
vn -0.2793 -0.8031 -0.5264
vn -0.0908 -0.9678 -0.2346
vn -0.0242 -0.9825 -0.1850
vn -0.0403 -0.9774 -0.2077
vn -0.0084 -0.9833 -0.1817
vn -0.2926 -0.9184 -0.2664
vn -0.1177 -0.9667 -0.2272
vn -0.0383 -0.9823 -0.1835
vn -0.0031 -0.9846 -0.1747
vn -0.0010 -0.9841 -0.1777
vn -0.0002 -0.9835 -0.1809
vn -0.0014 -0.9834 -0.1814
vn -0.0066 -0.9827 -0.1852
vn -0.0198 -0.9799 -0.1984
vn -0.1619 -0.9539 -0.2529
vn -0.2693 -0.9195 -0.2864
vn -0.0555 -0.9242 -0.3779
vn -0.1783 -0.9111 -0.3715
vn -0.0400 -0.8817 -0.4701
vn -0.1371 -0.8892 -0.4364
vn -0.0078 -0.9615 -0.2747
vn -0.0616 -0.9582 -0.2794
vn -0.1951 -0.9382 -0.2857
vn -0.4343 -0.8531 -0.2891
vn -0.4275 -0.8385 -0.3377
vn -0.3656 -0.8572 -0.3627
vn -0.2573 -0.8723 -0.4157
vn -0.0995 -0.8443 -0.5266
vn -0.0296 -0.8344 -0.5504
vn -0.0038 -0.8301 -0.5576
vn -0.0051 -0.8765 -0.4814
vn -0.0072 -0.9258 -0.3779
vn -0.0952 -0.9902 -0.1019
vn -0.3085 -0.9472 -0.0876
vn -0.0764 -0.9883 -0.1323
vn -0.2601 -0.9601 -0.1024
vn -0.0121 -0.9975 -0.0702
vn -0.1055 -0.9917 -0.0730
vn -0.3288 -0.9413 -0.0763
vn -0.6726 -0.7368 -0.0693
vn -0.6570 -0.7512 -0.0629
vn -0.6057 -0.7942 -0.0480
vn -0.4775 -0.8757 -0.0723
vn -0.2080 -0.9637 -0.1676
vn -0.0631 -0.9803 -0.1872
vn -0.0075 -0.9813 -0.1922
vn -0.0087 -0.9897 -0.1426
vn -0.0109 -0.9942 -0.1074
vn -0.9398 0.3407 0.0273
vn -0.8885 0.4579 0.0286
vn -0.9108 0.4128 0.0128
vn -0.9865 0.1633 -0.0082
vn -0.9865 0.1640 0.0011
vn -0.8479 0.5267 0.0606
vn -0.8377 0.5434 0.0542
vn -0.9492 0.3133 0.0303
vn -0.6271 0.7788 0.0117
vn -0.6725 0.7401 0.0040
vn -0.7878 0.6145 0.0414
vn -0.6069 0.7943 0.0265
vn -0.9185 0.3955 0.0007
vn -0.6412 0.7671 0.0191
vn -0.9978 0.0517 -0.0405
vn -0.9971 0.0740 -0.0193
vn -0.9909 0.1307 -0.0306
vn -0.9961 0.0883 -0.0017
vn -0.9859 0.1667 0.0109
vn -0.9964 0.0838 -0.0082
vn -0.4624 0.8813 0.0976
vn -0.3866 0.9186 0.0819
vn -0.3559 0.9319 0.0699
vn -0.5284 0.8461 0.0701
vn -0.5682 0.8182 0.0876
vn -0.3899 0.9139 0.1128
vn -0.3815 0.9184 0.1053
vn -0.4772 0.8723 0.1065
vn -0.2153 0.9749 0.0573
vn -0.2262 0.9728 0.0491
vn -0.3233 0.9423 0.0871
vn -0.1670 0.9851 0.0401
vn -0.2713 0.9614 0.0452
vn -0.1929 0.9800 0.0492
vn -0.5328 0.8461 0.0167
vn -0.6625 0.7468 0.0577
vn -0.4206 0.9068 0.0272
vn -0.7051 0.7039 0.0858
vn -0.5792 0.8091 0.0993
vn -0.6988 0.7111 0.0768
vn -0.9907 -0.0209 -0.1341
vn -0.9809 0.1008 -0.1665
vn -0.9727 0.2085 -0.1015
vn -0.9806 0.1516 -0.1246
vn -0.9885 -0.0301 -0.1485
vn -0.9862 -0.0758 -0.1472
vn -0.9705 -0.2022 -0.1315
vn -0.9408 -0.3017 -0.1545
vn -0.9093 -0.3741 -0.1822
vn -0.9501 -0.2700 -0.1566
vn -0.9941 -0.0156 -0.1074
vn -0.9911 0.0070 -0.1331
vn -0.9916 -0.0440 -0.1220
vn -0.9029 0.3919 -0.1769
vn -0.9223 0.3467 -0.1707
vn -0.9787 0.1246 -0.1634
vn -0.8680 0.4876 -0.0945
vn -0.9249 0.3652 -0.1054
vn -0.9200 0.3711 -0.1262
vn -0.9350 0.3373 -0.1091
vn -0.9802 0.1483 -0.1313
vn -0.9318 0.3439 -0.1161
vn -0.9564 -0.2379 -0.1695
vn -0.9503 -0.2546 -0.1795
vn -0.9885 -0.0189 -0.1503
vn -0.9251 -0.3269 -0.1933
vn -0.9203 -0.3561 -0.1617
vn -0.9634 -0.1723 -0.2052
vn -0.8111 -0.5646 -0.1529
vn -0.8458 -0.5159 -0.1360
vn -0.9016 -0.3977 -0.1703
vn -0.7206 -0.6767 -0.1508
vn -0.7952 -0.5915 -0.1334
vn -0.7803 -0.6011 -0.1728
vn -0.5697 -0.7981 -0.1962
vn -0.8068 -0.5699 -0.1559
vn -0.6409 -0.7400 -0.2042
vn -0.7071 -0.6727 -0.2179
vn -0.9658 -0.2110 -0.1505
vn -0.7350 -0.6523 -0.1850
vn -0.8470 0.5286 -0.0563
vn -0.6710 0.7368 -0.0826
vn -0.9840 0.1435 -0.1056
vn -0.9107 0.3886 -0.1397
vn -0.4944 0.8692 -0.0020
vn -0.4211 0.9070 0.0017
vn -0.3053 0.9520 -0.0214
vn -0.1983 0.9791 -0.0459
vn -0.3825 0.9205 -0.0795
vn -0.6342 0.7621 -0.1302
vn -0.8222 0.5443 -0.1667
vn -0.9685 0.1905 -0.1605
vn -0.9918 0.0209 -0.1261
vn -0.9955 -0.0154 -0.0930
vn -0.9947 0.0771 -0.0676
vn -0.9024 0.4303 -0.0225
vn -0.4644 0.8833 -0.0636
vn -0.1699 0.9848 -0.0367
vn -0.4691 0.8812 -0.0586
vn -0.1744 0.9838 -0.0411
vn -0.7113 0.6962 -0.0965
vn -0.3981 0.9154 -0.0592
vn -0.1370 0.9900 -0.0329
vn -0.0184 0.9995 -0.0269
vn -0.0236 0.9993 -0.0298
vn -0.0244 0.9990 -0.0363
vn -0.0213 0.9986 -0.0478
vn -0.1554 0.9866 -0.0500
vn -0.4380 0.8971 -0.0576
vn -0.7666 0.6373 -0.0785
vn -0.7786 0.6217 -0.0854
vn -0.7722 0.6282 -0.0953
vn -0.0172 0.9997 0.0144
vn -0.0516 0.9984 0.0211
vn -0.0172 0.9998 0.0141
vn -0.0531 0.9984 0.0185
vn -0.0014 0.9999 0.0121
vn -0.0136 0.9998 0.0140
vn -0.0419 0.9989 0.0199
vn -0.0935 0.9951 0.0315
vn -0.1135 0.9930 0.0334
vn -0.1170 0.9927 0.0290
vn -0.1073 0.9938 0.0282
vn -0.0484 0.9986 0.0191
vn -0.0171 0.9997 0.0165
vn -0.0020 0.9999 0.0164
vn -0.0022 0.9999 0.0133
vn -0.0018 0.9999 0.0121
vn 0.1835 0.9689 0.1661
vn 0.3879 -0.9192 -0.0685
vn 0.1777 0.9827 0.0518
vn 0.3827 -0.9040 -0.1909
vn 0.0069 0.9828 0.1847
vn 0.1677 0.9416 0.2919
vn 0.3905 -0.9168 0.0831
vn 0.2146 -0.9748 -0.0607
vn 0.1937 -0.9752 -0.1074
vn 0.1928 -0.9702 -0.1467
vn 0.2093 -0.9584 -0.1939
vn 0.3696 -0.8664 -0.3359
vn 0.1486 0.9861 -0.0749
vn -0.0008 0.9985 0.0544
vn 0.0033 0.9950 0.0995
vn 0.0054 0.9901 0.1400
vn 0.0198 0.9479 -0.3180
vn 0.0034 -0.8535 -0.5211
vn 0.0222 0.9397 -0.3411
vn 0.0026 -0.8431 -0.5377
vn 0.0119 0.9999 -0.0029
vn 0.0160 0.9540 -0.2995
vn 0.0054 -0.8591 -0.5118
vn 0.0002 -0.9706 -0.2408
vn -0.0010 -0.9697 -0.2443
vn -0.0016 -0.9681 -0.2506
vn -0.0018 -0.9660 -0.2586
vn 0.0026 -0.8296 -0.5584
vn 0.0235 0.9304 -0.3658
vn 0.0219 0.9994 -0.0264
vn 0.0203 0.9996 -0.0175
vn 0.0171 0.9998 -0.0093
vn 0.0329 0.8032 0.5948
vn 0.1482 -0.9264 0.3461
vn 0.0506 0.8629 0.5028
vn 0.2079 -0.9340 0.2904
vn -0.0159 0.9586 0.2843
vn 0.0299 0.7843 0.6196
vn 0.1088 -0.9145 0.3898
vn 0.0761 -0.9965 0.0355
vn 0.1071 -0.9941 0.0178
vn 0.1380 -0.9904 -0.0010
vn 0.1733 -0.9848 -0.0075
vn 0.3138 -0.9172 0.2457
vn 0.1141 0.8964 0.4283
vn -0.0056 0.9723 0.2336
vn -0.0233 0.9662 0.2569
vn -0.0262 0.9613 0.2742
vn -0.0010 -0.9942 -0.1079
vn -0.0012 -0.9943 -0.1070
vn -0.0013 -0.9907 -0.1358
vn -0.0016 -0.9906 -0.1367
vn -0.0011 -0.9973 -0.0737
vn -0.0016 -0.9975 -0.0712
vn -0.0020 -0.9977 -0.0680
vn -0.0021 -0.9979 -0.0645
vn -0.0013 -0.9944 -0.1060
vn -0.0018 -0.9905 -0.1377
vn -0.0034 -0.9839 -0.1788
vn -0.0031 -0.9845 -0.1753
vn -0.0025 -0.9851 -0.1720
vn -0.0013 -0.9855 -0.1696
vn -0.0008 -0.9908 -0.1350
vn -0.0007 -0.9941 -0.1085
vn -0.0352 0.9901 0.1360
vn -0.0383 0.9901 0.1351
vn -0.0368 0.9937 0.1054
vn -0.0398 0.9934 0.1072
vn -0.0218 0.9834 0.1803
vn -0.0319 0.9841 0.1747
vn -0.0341 0.9851 0.1688
vn -0.0267 0.9863 0.1628
vn -0.0303 0.9904 0.1348
vn -0.0317 0.9937 0.1075
vn -0.0319 0.9963 0.0793
vn -0.0398 0.9965 0.0734
vn -0.0381 0.9971 0.0665
vn -0.0284 0.9978 0.0595
vn -0.0267 0.9943 0.1033
vn -0.0249 0.9903 0.1368
vn -0.0052 0.9909 0.1348
vn -0.0067 0.9908 0.1354
vn -0.0055 0.9941 0.1082
vn -0.0075 0.9942 0.1074
vn -0.0039 0.9855 0.1695
vn -0.0060 0.9851 0.1719
vn -0.0003 0.9846 0.1750
vn -0.0024 0.9907 0.1359
vn -0.0031 0.9944 0.1060
vn -0.0019 0.9978 0.0667
vn -0.0064 0.9975 0.0706
vn -0.0046 0.9973 0.0733
vn 0.0030 0.9972 0.0747
vn 0.0024 0.9941 0.1085
vn 0.0021 0.9909 0.1343
vn -0.0007 -0.9947 -0.1030
vn -0.0180 -0.9944 -0.1041
vn -0.0033 -0.9905 -0.1375
vn -0.0204 -0.9905 -0.1363
vn 0.0320 -0.9979 -0.0555
vn 0.0046 -0.9983 -0.0578
vn -0.0121 -0.9980 -0.0618
vn -0.0175 -0.9976 -0.0664
vn -0.0231 -0.9941 -0.1056
vn -0.0251 -0.9905 -0.1355
vn -0.0228 -0.9844 -0.1745
vn -0.0189 -0.9838 -0.1783
vn -0.0029 -0.9832 -0.1823
vn 0.0245 -0.9824 -0.1853
vn 0.0263 -0.9900 -0.1387
vn 0.0283 -0.9943 -0.1028
vn 0.0058 0.8524 0.5229
vn 0.0057 -0.9568 0.2908
vn 0.0155 0.8524 0.5226
vn 0.0111 -0.9471 0.3206
vn 0.0023 0.9705 0.2412
vn 0.0041 0.8582 0.5133
vn 0.0016 -0.9570 0.2901
vn -0.0004 -1.0000 -0.0005
vn -0.0006 -1.0000 -0.0003
vn -0.0032 -0.9999 0.0104
vn -0.0075 -0.9998 0.0199
vn 0.0171 -0.9380 0.3461
vn 0.0332 0.8418 0.5388
vn 0.0107 0.9680 0.2507
vn 0.0016 0.9696 0.2447
vn -0.0011 0.9696 0.2447
vn 0.0120 0.9161 -0.4008
vn 0.0050 -0.7827 -0.6224
vn 0.0220 0.9271 -0.3742
vn -0.0070 -0.7938 -0.6081
vn -0.0125 0.9988 -0.0480
vn -0.0058 0.9087 -0.4174
vn 0.0258 -0.7830 -0.6214
vn 0.0242 -0.9585 -0.2842
vn -0.0029 -0.9588 -0.2841
vn -0.0185 -0.9605 -0.2777
vn -0.0221 -0.9631 -0.2683
vn -0.0096 -0.8107 -0.5854
vn 0.0236 0.9383 -0.3450
vn 0.0142 0.9997 -0.0197
vn 0.0137 0.9994 -0.0309
vn 0.0047 0.9991 -0.0415
vn 0.0079 0.9581 -0.2864
vn 0.1668 -0.8382 -0.5192
vn -0.0200 0.9215 -0.3879
vn 0.1013 -0.8192 -0.5644
vn -0.0191 0.9998 0.0059
vn 0.0800 0.9739 -0.2126
vn 0.2765 -0.8310 -0.4826
vn 0.1622 -0.9565 -0.2424
vn 0.1265 -0.9608 -0.2466
vn 0.0934 -0.9607 -0.2616
vn 0.0600 -0.9594 -0.2756
vn 0.0569 -0.7981 -0.5998
vn -0.0252 0.9093 -0.4155
vn -0.0338 0.9983 -0.0469
vn -0.0437 0.9984 -0.0356
vn -0.0392 0.9991 -0.0175
vn 0.1220 -0.9865 -0.1092
vn 0.0959 -0.9897 -0.1062
vn 0.1211 -0.9829 -0.1389
vn 0.0947 -0.9857 -0.1395
vn 0.1471 -0.9861 -0.0773
vn 0.1222 -0.9900 -0.0701
vn 0.0961 -0.9934 -0.0621
vn 0.0666 -0.9962 -0.0567
vn 0.0653 -0.9925 -0.1038
vn 0.0636 -0.9882 -0.1396
vn 0.0601 -0.9807 -0.1860
vn 0.0907 -0.9789 -0.1829
vn 0.1178 -0.9770 -0.1776
vn 0.1434 -0.9744 -0.1731
vn 0.1487 -0.9790 -0.1396
vn 0.1494 -0.9825 -0.1111
vn 0.0071 0.9906 0.1369
vn 0.0020 0.9905 0.1372
vn 0.0069 0.9947 0.1024
vn 0.0011 0.9949 0.1013
vn 0.0083 0.9839 0.1784
vn 0.0107 0.9833 0.1817
vn 0.0058 0.9829 0.1839
vn -0.0059 0.9830 0.1837
vn -0.0094 0.9905 0.1372
vn -0.0112 0.9948 0.1015
vn 0.0001 0.9985 0.0543
vn 0.0061 0.9983 0.0572
vn 0.0052 0.9981 0.0618
vn 0.0042 0.9946 0.1041
vn 0.0053 0.9906 0.1364
vn 0.0622 0.8092 0.5842
vn 0.0395 -0.9147 0.4022
vn 0.0606 0.7928 0.6065
vn 0.0584 -0.9062 0.4187
vn 0.0218 0.9657 0.2588
vn 0.0528 0.8269 0.5599
vn 0.0253 -0.9265 0.3755
vn -0.0102 -0.9995 0.0312
vn -0.0026 -0.9991 0.0418
vn 0.0151 -0.9987 0.0484
vn 0.0422 -0.9980 0.0471
vn 0.0811 -0.9054 0.4167
vn 0.0480 0.7826 0.6207
vn 0.0042 0.9587 0.2845
vn 0.0189 0.9604 0.2781
vn 0.0248 0.9629 0.2686
vn 0.0136 0.8428 0.5381
vn -0.0050 -0.9479 0.3185
vn 0.0116 0.8531 0.5217
vn -0.0038 -0.9479 0.3185
vn 0.0187 0.9658 0.2586
vn 0.0145 0.8294 0.5585
vn -0.0054 -0.9399 0.3414
vn -0.0042 -0.9998 0.0174
vn -0.0038 -0.9998 0.0174
vn -0.0031 -1.0000 0.0093
vn -0.0019 -1.0000 0.0029
vn -0.0017 -0.9539 0.3002
vn 0.0082 0.8586 0.5126
vn 0.0092 0.9705 0.2409
vn 0.0143 0.9696 0.2443
vn 0.0173 0.9680 0.2505
vn 0.0230 0.9905 0.1354
vn 0.0189 0.9907 0.1346
vn 0.0241 0.9939 0.1075
vn 0.0199 0.9939 0.1081
vn 0.0224 0.9843 0.1751
vn 0.0207 0.9849 0.1718
vn 0.0170 0.9854 0.1692
vn 0.0108 0.9857 0.1679
vn 0.0120 0.9909 0.1342
vn 0.0126 0.9940 0.1085
vn 0.0129 0.9971 0.0747
vn 0.0199 0.9971 0.0733
vn 0.0240 0.9972 0.0709
vn 0.0260 0.9974 0.0679
vn 0.0260 0.9939 0.1068
vn 0.0249 0.9903 0.1365
vn -0.0095 -0.9941 -0.1082
vn -0.0034 -0.9941 -0.1088
vn -0.0091 -0.9908 -0.1348
vn -0.0030 -0.9909 -0.1346
vn -0.0122 -0.9974 -0.0704
vn -0.0056 -0.9973 -0.0733
vn -0.0027 -0.9972 -0.0749
vn -0.0007 -0.9972 -0.0750
vn -0.0007 -0.9941 -0.1089
vn 0.0001 -0.9858 -0.1682
vn -0.0014 -0.9857 -0.1682
vn -0.0069 -0.9855 -0.1694
vn -0.0154 -0.9851 -0.1716
vn -0.0179 -0.9907 -0.1351
vn -0.0167 -0.9941 -0.1071
vn 0.0108 0.9537 -0.3004
vn 0.0045 -0.8427 -0.5384
vn 0.0087 0.9571 -0.2897
vn 0.0083 -0.8531 -0.5217
vn 0.0067 0.9999 -0.0101
vn 0.0170 0.9474 -0.3195
vn -0.0028 -0.8282 -0.5604
vn -0.0144 -0.9659 -0.2587
vn -0.0056 -0.9681 -0.2505
vn 0.0015 -0.9705 -0.2410
vn 0.0081 -0.8588 -0.5123
vn 0.0110 0.9572 -0.2891
vn 0.0046 1.0000 0.0007
vn 0.0001 1.0000 0.0005
vn 0.0007 1.0000 -0.0032
vn -0.9828 -0.1700 -0.0718
vn -0.9992 -0.0072 -0.0404
vn -0.9333 -0.3483 -0.0873
vn -0.9985 -0.0139 -0.0533
vn -0.3795 -0.9130 -0.1495
vn -0.9885 -0.1444 -0.0440
vn -0.9997 -0.0135 -0.0192
vn -0.9999 0.0060 -0.0133
vn -0.9993 0.0161 -0.0332
vn -0.9985 0.0213 -0.0496
vn -0.9981 0.0204 -0.0585
vn -0.9977 -0.0316 -0.0603
vn -0.8661 -0.4906 -0.0959
vn -0.1285 -0.9816 -0.1415
vn -0.1869 -0.9712 -0.1477
vn -0.2583 -0.9533 -0.1566
vn -0.1765 0.5017 -0.8469
vn -0.6154 0.2479 -0.7482
vn -0.4898 0.1954 -0.8496
vn -0.2586 0.6131 -0.7465
vn -0.2088 0.6219 -0.7548
vn -0.0357 0.4750 -0.8793
vn -0.2579 0.4162 -0.8719
vn -0.0435 0.5711 -0.8197
vn -0.8499 -0.1726 -0.4979
vn -0.7744 -0.2538 -0.5796
vn -0.6591 0.1741 -0.7316
vn -0.7500 -0.1644 -0.6407
vn -0.6741 0.2028 -0.7103
vn -0.6921 -0.2839 -0.6636
vn -0.4038 0.7212 -0.5628
vn -0.1587 0.8022 -0.5756
vn -0.5405 0.5152 -0.6652
vn -0.0275 0.8292 -0.5583
vn -0.0403 0.6954 -0.7175
vn -0.0873 0.8121 -0.5769
vn -0.9533 0.1938 -0.2315
vn -0.9338 0.2304 -0.2738
vn -0.9618 0.0330 -0.2717
vn -0.9712 -0.0200 -0.2375
vn -0.9790 0.0806 -0.1872
vn -0.9357 0.3168 -0.1556
vn -0.8736 0.4217 -0.2430
vn -0.9752 0.1665 -0.1461
vn -0.7268 0.5370 -0.4283
vn -0.8395 0.3379 -0.4255
vn -0.8210 0.4808 -0.3078
vn -0.9229 -0.1589 -0.3507
vn -0.9496 -0.1721 -0.2621
vn -0.8981 0.1063 -0.4268
vn -0.9774 -0.1487 -0.1505
vn -0.9884 -0.0588 -0.1402
vn -0.9612 -0.1679 -0.2189
vn -0.9904 0.0439 -0.1308
vn -0.9861 0.0954 -0.1364
vn -0.9910 -0.0204 -0.1327
vn -0.1006 0.9882 -0.1156
vn -0.0769 0.9763 -0.2023
vn -0.1694 0.9622 -0.2132
vn -0.3872 0.9130 -0.1289
vn -0.3488 0.9320 -0.0987
vn -0.0175 0.9974 -0.0697
vn -0.0136 0.9931 -0.1163
vn -0.1301 0.9890 -0.0698
vn -0.0182 0.9340 -0.3567
vn -0.0659 0.9261 -0.3714
vn -0.0139 0.9787 -0.2047
vn -0.3877 0.8280 -0.4051
vn -0.5146 0.8065 -0.2912
vn -0.0993 0.9223 -0.3734
vn -0.8186 0.5614 -0.1210
vn -0.7638 0.6412 -0.0741
vn -0.6331 0.7401 -0.2271
vn -0.7590 0.6466 -0.0758
vn -0.3996 0.9142 -0.0675
vn -0.7622 0.6435 -0.0701
vn 0.2512 0.9539 0.1641
vn 0.2414 -0.9703 0.0127
vn 0.2644 0.9643 -0.0126
vn 0.2576 -0.9523 -0.1638
vn 0.0753 0.9824 0.1710
vn 0.2038 0.9159 0.3459
vn 0.2035 -0.9565 0.2090
vn 0.0779 -0.9968 0.0168
vn 0.0719 -0.9963 -0.0477
vn 0.0792 -0.9912 -0.1059
vn 0.0973 -0.9805 -0.1707
vn 0.2510 -0.9014 -0.3528
vn 0.2426 0.9500 -0.1967
vn 0.0879 0.9960 -0.0168
vn 0.0869 0.9951 0.0479
vn 0.0821 0.9908 0.1076
vn 0.1107 0.8970 -0.4278
vn 0.1192 -0.7967 -0.5925
vn 0.0818 0.8532 -0.5151
vn 0.0779 -0.7962 -0.6000
vn 0.0746 0.9936 -0.0846
vn 0.1777 0.9155 -0.3610
vn 0.1843 -0.8362 -0.5165
vn 0.0638 -0.9715 -0.2283
vn 0.0437 -0.9713 -0.2336
vn 0.0320 -0.9688 -0.2459
vn 0.0278 -0.9652 -0.2602
vn 0.0653 -0.7690 -0.6359
vn 0.0678 0.8280 -0.5566
vn 0.0309 0.9888 -0.1459
vn 0.0355 0.9917 -0.1232
vn 0.0483 0.9937 -0.1012
vn 0.0148 0.7411 0.6712
vn 0.0279 -0.6324 0.7741
vn 0.0457 0.8206 0.5697
vn 0.0501 -0.8388 0.5422
vn 0.0279 -0.0825 0.9962
vn -0.0033 0.5017 0.8650
vn 0.0836 -0.9780 0.1912
vn 0.0252 -0.9932 0.1138
vn 0.0376 -0.9961 0.0794
vn 0.1125 -0.9127 0.3928
vn 0.1152 0.8567 0.5028
vn 0.0546 0.9705 0.2347
vn 0.0328 0.9716 0.2345
vn 0.0287 0.9655 0.2589
vn 0.0199 -0.9981 -0.0587
vn 0.0145 -0.9978 -0.0651
vn 0.0218 -0.9954 -0.0937
vn 0.0156 -0.9953 -0.0956
vn 0.0271 -0.9996 -0.0108
vn 0.0185 -0.9998 -0.0092
vn 0.0191 -0.9997 -0.0157
vn 0.0362 -0.9971 -0.0668
vn 0.0132 -0.9970 -0.0759
vn 0.0134 -0.9951 -0.0984
vn 0.0166 -0.9887 -0.1489
vn 0.0194 -0.9893 -0.1447
vn 0.0269 -0.9896 -0.1413
vn 0.0396 -0.9893 -0.1403
vn 0.0370 -0.9948 -0.0950
vn 0.0325 -0.9979 -0.0559
vn 0.0314 0.9958 0.0858
vn 0.0299 0.9953 0.0923
vn 0.0274 0.9983 0.0512
vn 0.0325 0.9979 0.0563
vn 0.0335 0.9920 0.1219
vn 0.0312 0.9903 0.1356
vn 0.0328 0.9898 0.1384
vn 0.0438 0.9899 0.1349
vn 0.0437 0.9944 0.0959
vn 0.0467 0.9973 0.0574
vn 0.0499 0.9986 0.0193
vn 0.0355 0.9993 0.0120
vn 0.0282 0.9996 0.0040
vn 0.0259 0.9988 0.0425
vn 0.0330 0.9968 0.0725
vn -0.3650 -0.9165 -0.1638
vn -0.1445 -0.9781 -0.1498
vn -0.3787 -0.9115 -0.1604
vn -0.1516 -0.9774 -0.1471
vn -0.6168 -0.7640 -0.1896
vn -0.3499 -0.9206 -0.1732
vn -0.1371 -0.9785 -0.1539
vn -0.0261 -0.9898 -0.1401
vn -0.0268 -0.9899 -0.1391
vn -0.0225 -0.9901 -0.1384
vn -0.1302 -0.9812 -0.1425
vn -0.3256 -0.9336 -0.1498
vn -0.5895 -0.7927 -0.1551
vn -0.6732 -0.7204 -0.1671
vn -0.6614 -0.7292 -0.1758
vn -0.1956 -0.9757 -0.0986
vn -0.0643 -0.9904 -0.1224
vn -0.0369 -0.9907 -0.1309
vn -0.0418 -0.9913 -0.1245
vn -0.1539 -0.9760 -0.1539
vn -0.4529 -0.8838 -0.1171
vn -0.2137 -0.9698 -0.1176
vn -0.4580 -0.8819 -0.1114
vn -0.0204 -0.9915 -0.1288
vn -0.0157 -0.9920 -0.1252
vn -0.0861 -0.9886 -0.1234
vn -0.0016 -0.9925 -0.1222
vn -0.0049 -0.9923 -0.1234
vn -0.0082 -0.9922 -0.1242
vn -0.0052 -0.9916 -0.1290
vn -0.0407 -0.9895 -0.1385
vn -0.0048 -0.9923 -0.1239
vn -0.2463 -0.9470 -0.2062
vn -0.3335 -0.9246 -0.1839
vn -0.1215 -0.9787 -0.1656
vn -0.6650 -0.7318 -0.1493
vn -0.7187 -0.6749 -0.1673
vn -0.5799 -0.7823 -0.2275
vn -0.6115 -0.7581 -0.2265
vn -0.3514 -0.9235 -0.1540
vn -0.3618 -0.9199 -0.1513
vn -0.8741 -0.4639 -0.1438
vn -0.9026 -0.4099 -0.1313
vn -0.6266 -0.7665 -0.1408
vn -0.9374 -0.3191 -0.1399
vn -0.8669 -0.4498 -0.2149
vn -0.9205 -0.3740 -0.1129
vn -0.7544 -0.5160 -0.4057
vn -0.5813 -0.7144 -0.3896
vn -0.8212 -0.5030 -0.2695
vn -0.7801 -0.5282 -0.3354
vn -0.5227 -0.8213 -0.2285
vn -0.7210 -0.5871 -0.3681
vn -0.0513 -0.9907 -0.1260
vn -0.0600 -0.9901 -0.1273
vn -0.2267 -0.9615 -0.1551
vn -0.0428 -0.9904 -0.1316
vn -0.3064 -0.9412 -0.1422
vn -0.0525 -0.9903 -0.1289
vn -0.9721 -0.2318 -0.0364
vn -0.8063 -0.5764 -0.1324
vn -0.9739 -0.2253 -0.0290
vn -0.8149 -0.5699 -0.1056
vn -0.9934 -0.1146 0.0053
vn -0.9683 -0.2463 -0.0409
vn -0.7885 -0.5963 -0.1507
vn -0.1702 -0.9515 -0.2564
vn -0.1805 -0.9555 -0.2333
vn -0.1859 -0.9640 -0.1899
vn -0.1848 -0.9755 -0.1194
vn -0.8133 -0.5781 -0.0662
vn -0.9738 -0.2266 -0.0180
vn -0.9952 -0.0974 0.0006
vn -0.9950 -0.1001 0.0016
vn -0.9944 -0.1056 0.0028
vn -0.2767 -0.9518 -0.1324
vn -0.0988 -0.9852 -0.1398
vn -0.0756 -0.9863 -0.1465
vn -0.0925 -0.9860 -0.1390
vn -0.2699 -0.9501 -0.1563
vn -0.4855 -0.8633 -0.1376
vn -0.2690 -0.9533 -0.1374
vn -0.5303 -0.8367 -0.1369
vn -0.0193 -0.9902 -0.1380
vn -0.0170 -0.9902 -0.1388
vn -0.1126 -0.9841 -0.1371
vn -0.0041 -0.9903 -0.1387
vn -0.0156 -0.9902 -0.1387
vn -0.0117 -0.9901 -0.1401
vn -0.0228 -0.9907 -0.1345
vn -0.0988 -0.9854 -0.1388
vn -0.0196 -0.9905 -0.1364
vn -0.4681 -0.8664 -0.1740
vn -0.5351 -0.8272 -0.1712
vn -0.2393 -0.9589 -0.1524
vn -0.4833 -0.8633 -0.1450
vn -0.1840 -0.9704 -0.1567
vn -0.1281 -0.9770 -0.1706
vn -0.1460 -0.9764 -0.1592
vn -0.4698 -0.8611 -0.1946
vn -0.8289 -0.5375 -0.1550
vn -0.5599 -0.8161 -0.1435
vn -0.7817 -0.6001 -0.1697
vn -0.0351 -0.9900 -0.1365
vn -0.0258 -0.9895 -0.1424
vn -0.2397 -0.9600 -0.1446
vn -0.0050 -0.9893 -0.1461
vn -0.0232 -0.9887 -0.1479
vn -0.0139 -0.9889 -0.1476
vn -0.0292 -0.9888 -0.1463
vn -0.1398 -0.9759 -0.1675
vn -0.0274 -0.9890 -0.1457
vn -0.7460 -0.6294 -0.2175
vn -0.7829 -0.5887 -0.2011
vn -0.4218 -0.8852 -0.1963
vn -0.8437 0.0917 -0.5289
vn -0.4414 0.1451 -0.8855
vn -0.9208 -0.1696 -0.3513
vn -0.5969 -0.3910 -0.7006
vn -0.9095 0.1749 -0.3770
vn -0.6821 0.3059 -0.6642
vn -0.2794 0.4026 -0.8717
vn -0.0377 0.4194 -0.9070
vn -0.0644 0.1612 -0.9848
vn -0.0968 -0.4918 -0.8653
vn -0.1027 -0.9229 -0.3710
vn -0.6215 -0.7264 -0.2934
vn -0.9135 -0.3732 -0.1619
vn -0.9819 -0.1710 -0.0812
vn -0.9854 -0.0584 -0.1597
vn -0.9668 0.0536 -0.2497
vn -0.9605 -0.2754 0.0392
vn -0.7345 -0.6694 0.1115
vn -0.9250 -0.3600 0.1217
vn -0.5944 -0.7540 0.2798
vn -0.9951 -0.0986 0.0013
vn -0.9709 -0.2394 0.0009
vn -0.7940 -0.6079 -0.0009
vn -0.1729 -0.9849 -0.0035
vn -0.1432 -0.9756 0.1666
vn -0.0971 -0.9311 0.3515
vn -0.0549 -0.8629 0.5024
vn -0.3889 -0.7971 0.4619
vn -0.8089 -0.5119 0.2893
vn -0.9586 -0.2497 0.1369
vn -0.9872 -0.1521 0.0476
vn -0.9937 -0.1117 0.0125
vn -0.1105 -0.9913 0.0716
vn -0.0749 -0.9957 0.0543
vn -0.0204 -0.9996 -0.0178
vn -0.2909 -0.9358 0.1994
vn -0.1560 -0.9572 0.2437
vn 0.0485 -0.9986 -0.0225
vn -0.0475 -0.9731 0.2253
vn -0.0357 -0.9984 0.0439
vn -0.1179 -0.9631 0.2420
vn 0.0032 -0.9946 -0.1033
vn -0.0053 -0.9985 -0.0551
vn -0.0120 -0.9989 -0.0443
vn -0.5366 -0.8414 0.0644
vn -0.1982 -0.9773 0.0751
vn -0.5252 -0.8494 0.0508
vn -0.1929 -0.9794 0.0595
vn -0.8540 -0.5183 0.0455
vn -0.5380 -0.8392 0.0791
vn -0.1984 -0.9756 0.0936
vn -0.0270 -0.9967 0.0765
vn -0.0263 -0.9978 0.0607
vn -0.0247 -0.9986 0.0478
vn -0.1819 -0.9822 0.0466
vn -0.5020 -0.8640 0.0383
vn -0.8280 -0.5604 0.0203
vn -0.8436 -0.5361 0.0309
vn -0.8515 -0.5229 0.0395
vn -0.7762 -0.6186 -0.1218
vn -0.9929 -0.0968 -0.0689
vn -0.6899 -0.7134 -0.1231
vn -0.9891 -0.1334 -0.0631
vn -0.0913 -0.9859 -0.1400
vn -0.8652 -0.4891 -0.1102
vn -0.9959 -0.0607 -0.0669
vn -0.9979 0.0146 -0.0625
vn -0.9981 0.0059 -0.0610
vn -0.9986 -0.0028 -0.0525
vn -0.9993 -0.0100 -0.0363
vn -0.9842 -0.1699 -0.0507
vn -0.6091 -0.7841 -0.1195
vn -0.0558 -0.9889 -0.1376
vn -0.0701 -0.9879 -0.1387
vn -0.0913 -0.9859 -0.1404
vn -0.2634 -0.9509 -0.1627
vn 0.1733 -0.9810 -0.0871
vn -0.0180 -0.9906 -0.1354
vn 0.1726 -0.9772 -0.1236
vn -0.8008 -0.5175 -0.3015
vn -0.6000 -0.7539 -0.2677
vn 0.0525 -0.9931 -0.1053
vn 0.1587 -0.9849 -0.0690
vn 0.2284 -0.9711 -0.0690
vn 0.3878 -0.9185 -0.0769
vn 0.7968 -0.5946 -0.1077
vn 0.0934 -0.9240 -0.3707
vn -0.1565 -0.9651 -0.2101
vn -0.0830 -0.9870 -0.1376
vn -0.1741 -0.9742 -0.1439
vn -0.5035 -0.8404 -0.2005
vn -0.3253 -0.9371 -0.1264
vn -0.9291 -0.3676 -0.0403
vn -0.2227 -0.9674 -0.1205
vn -0.8525 -0.5218 -0.0304
vn -0.0408 -0.9895 -0.1386
vn -0.4513 -0.8838 -0.1233
vn -0.9642 -0.2626 -0.0364
vn -0.9998 -0.0170 -0.0043
vn -0.9997 -0.0255 0.0040
vn -0.9980 -0.0540 0.0328
vn -0.9587 -0.2698 0.0905
vn -0.6535 -0.7567 -0.0191
vn -0.1306 -0.9848 -0.1145
vn -0.0157 -0.9910 -0.1326
vn -0.0210 -0.9906 -0.1355
vn -0.0275 -0.9901 -0.1377
vn -0.2406 -0.1334 -0.9614
vn -0.0088 -0.9616 -0.2743
vn -0.5801 -0.2788 -0.7654
vn -0.0520 -0.9703 -0.2364
vn -0.0372 0.4171 -0.9081
vn -0.0287 -0.0921 -0.9953
vn 0.0067 -0.9590 -0.2835
vn 0.0200 -0.9982 -0.0560
vn 0.0584 -0.9961 -0.0661
vn 0.0924 -0.9928 -0.0763
vn 0.1119 -0.9902 -0.0832
vn -0.0608 -0.9836 -0.1697
vn -0.7328 -0.4926 -0.4695
vn -0.8579 -0.1775 -0.4823
vn -0.6552 0.1446 -0.7414
vn -0.2717 0.3653 -0.8903
vn -0.4700 -0.8754 -0.1132
vn -0.9696 -0.2436 -0.0250
vn -0.4488 -0.8865 -0.1126
vn -0.9663 -0.2563 -0.0230
vn -0.0454 -0.9895 -0.1371
vn -0.5335 -0.8380 -0.1148
vn -0.9775 -0.2079 -0.0343
vn -0.9998 -0.0159 -0.0143
vn -0.9998 -0.0198 0.0008
vn -0.9998 -0.0204 0.0056
vn -0.9999 -0.0145 0.0022
vn -0.9729 -0.2298 -0.0250
vn -0.5011 -0.8580 -0.1127
vn -0.0442 -0.9896 -0.1370
vn -0.0377 -0.9899 -0.1368
vn -0.4254 0.5091 -0.7482
vn -0.1748 0.5563 -0.8124
vn -0.5306 0.4654 -0.7084
vn -0.1867 0.5406 -0.8203
vn -0.8600 0.2885 -0.4209
vn -0.4263 0.5133 -0.7448
vn -0.1234 0.5664 -0.8149
vn -0.0160 0.5712 -0.8206
vn -0.0231 0.5652 -0.8246
vn -0.0246 0.5502 -0.8347
vn -0.0264 0.5151 -0.8567
vn -0.2014 0.5046 -0.8395
vn -0.5493 0.4298 -0.7166
vn -0.8228 0.2903 -0.4885
vn -0.8633 0.2751 -0.4231
vn -0.8587 0.2872 -0.4245
vn -0.3764 -0.9099 0.1743
vn -0.1238 -0.9746 0.1864
vn -0.4444 -0.8326 0.3306
vn -0.1521 -0.9146 0.3746
vn -0.6093 -0.7897 0.0716
vn -0.2990 -0.9499 0.0907
vn -0.0963 -0.9909 0.0943
vn -0.0126 -0.9954 0.0947
vn -0.0163 -0.9821 0.1876
vn -0.0200 -0.9244 0.3809
vn -0.0243 -0.7463 0.6652
vn -0.1855 -0.7357 0.6514
vn -0.5155 -0.6512 0.5569
vn -0.8005 -0.4658 0.3771
vn -0.7817 -0.5825 0.2227
vn -0.7203 -0.6825 0.1238
vn -0.9228 -0.3832 -0.0390
vn -0.6177 -0.7636 -0.1878
vn -0.9488 -0.3134 -0.0393
vn -0.7056 -0.6875 -0.1719
vn -0.9754 -0.2203 -0.0002
vn -0.9027 -0.4245 -0.0700
vn -0.5574 -0.8040 -0.2071
vn -0.0869 -0.9605 -0.2644
vn -0.1029 -0.9591 -0.2636
vn -0.1322 -0.9559 -0.2624
vn -0.1549 -0.9527 -0.2614
vn -0.7583 -0.6317 -0.1611
vn -0.9616 -0.2714 -0.0413
vn -0.9917 -0.1283 0.0101
vn -0.9887 -0.1491 0.0145
vn -0.9820 -0.1876 0.0210
vn -0.4820 -0.6905 0.5394
vn -0.1656 -0.7537 0.6360
vn -0.4176 -0.7684 0.4850
vn -0.1366 -0.8197 0.5563
vn -0.8729 -0.3969 0.2837
vn -0.5660 -0.6276 0.5346
vn -0.2112 -0.7214 0.6595
vn -0.0289 -0.7338 0.6788
vn -0.0224 -0.7601 0.6495
vn -0.0183 -0.8242 0.5660
vn -0.0155 -0.8977 0.4404
vn -0.1178 -0.8931 0.4342
vn -0.3682 -0.8444 0.3892
vn -0.7299 -0.6345 0.2543
vn -0.7897 -0.5429 0.2858
vn -0.8369 -0.4609 0.2951
vn -0.5899 -0.6169 0.5210
vn -0.2221 -0.7440 0.6302
vn -0.5641 -0.6202 0.5451
vn -0.2054 -0.7313 0.6504
vn -0.8780 -0.3835 0.2864
vn -0.6404 -0.6142 0.4612
vn -0.2558 -0.7737 0.5797
vn -0.0343 -0.7999 0.5991
vn -0.0297 -0.7626 0.6462
vn -0.0275 -0.7462 0.6651
vn -0.0227 -0.7458 0.6658
vn -0.1715 -0.7354 0.6555
vn -0.4942 -0.6514 0.5756
vn -0.8202 -0.4314 0.3757
vn -0.8696 -0.3746 0.3217
vn -0.8776 -0.3693 0.3058
vn -0.9993 -0.0257 0.0277
vn -0.9990 -0.0356 0.0259
vn -0.9994 -0.0296 0.0179
vn -0.9992 -0.0243 0.0332
vn -0.9990 -0.0295 0.0332
vn -0.9987 -0.0403 0.0318
vn -0.9978 -0.0615 0.0249
vn -0.9983 -0.0553 0.0197
vn -0.9987 -0.0499 0.0141
vn -0.9990 -0.0446 0.0071
vn -0.9997 -0.0224 0.0075
vn -0.9999 -0.0110 0.0066
vn -1.0000 -0.0055 0.0062
vn -0.9997 -0.0145 0.0194
vn -0.9994 -0.0209 0.0284
vn -0.4067 -0.8908 0.2028
vn -0.1370 -0.9666 0.2167
vn -0.4925 -0.8599 0.1345
vn -0.1747 -0.9722 0.1556
vn -0.6536 -0.7205 0.2317
vn -0.3366 -0.8951 0.2923
vn -0.1088 -0.9451 0.3082
vn -0.0142 -0.9506 0.3102
vn -0.0181 -0.9757 0.2185
vn -0.0235 -0.9870 0.1589
vn -0.0262 -0.9924 0.1205
vn -0.1929 -0.9742 0.1174
vn -0.5285 -0.8432 0.0979
vn -0.8499 -0.5245 0.0516
vn -0.8244 -0.5609 0.0762
vn -0.7448 -0.6511 0.1461
vn -0.5008 -0.6614 0.5584
vn -0.1778 -0.7537 0.6328
vn -0.5521 -0.6467 0.5262
vn -0.2033 -0.7566 0.6214
vn -0.7510 -0.4963 0.4355
vn -0.4431 -0.6764 0.5883
vn -0.1516 -0.7476 0.6466
vn -0.0199 -0.7564 0.6538
vn -0.0235 -0.7659 0.6425
vn -0.0274 -0.7719 0.6351
vn -0.0211 -0.7746 0.6321
vn -0.1612 -0.7653 0.6232
vn -0.4649 -0.6900 0.5548
vn -0.7678 -0.5043 0.3952
vn -0.8535 -0.4067 0.3257
vn -0.8157 -0.4408 0.3745
vn -0.4139 -0.9100 0.0255
vn -0.1430 -0.9891 0.0341
vn -0.3525 -0.9353 0.0306
vn -0.1177 -0.9923 0.0386
vn -0.8012 -0.5983 0.0104
vn -0.4652 -0.8848 0.0284
vn -0.1651 -0.9856 0.0371
vn -0.0224 -0.9990 0.0384
vn -0.0193 -0.9992 0.0356
vn -0.0157 -0.9991 0.0401
vn -0.0107 -0.9984 0.0554
vn -0.0829 -0.9951 0.0545
vn -0.2576 -0.9650 0.0489
vn -0.5134 -0.8574 0.0364
vn -0.6900 -0.7236 0.0165
vn -0.7572 -0.6531 0.0090
vn -0.5885 -0.6200 0.5188
vn -0.2212 -0.7492 0.6243
vn -0.6067 -0.6073 0.5130
vn -0.2359 -0.7387 0.6314
vn -0.8332 -0.4295 0.3483
vn -0.5176 -0.6612 0.5431
vn -0.1833 -0.7602 0.6234
vn -0.0243 -0.7731 0.6339
vn -0.0300 -0.7681 0.6396
vn -0.0324 -0.7591 0.6502
vn -0.0328 -0.7450 0.6663
vn -0.2380 -0.7263 0.6448
vn -0.6076 -0.6044 0.5153
vn -0.8692 -0.3906 0.3032
vn -0.8878 -0.3593 0.2878
vn -0.8793 -0.3693 0.3007
vn -0.9853 0.1221 -0.1195
vn -0.9899 0.1179 -0.0783
vn -0.9933 0.0249 -0.1131
vn -0.9943 -0.0229 -0.1043
vn -0.9912 -0.0163 -0.1311
vn -0.9413 0.3218 -0.1025
vn -0.9509 0.2964 -0.0890
vn -0.9831 0.1321 -0.1267
vn -0.9695 0.2297 -0.0851
vn -0.9880 0.1255 -0.0895
vn -0.9610 0.2649 -0.0795
vn -0.9946 -0.0147 -0.1032
vn -0.9933 -0.0364 -0.1092
vn -0.9932 0.0575 -0.1011
vn -0.9835 -0.1416 -0.1127
vn -0.9795 -0.1614 -0.1203
vn -0.9925 -0.0589 -0.1071
vn -0.9649 -0.2086 -0.1595
vn -0.9894 -0.0150 -0.1444
vn -0.9729 -0.1809 -0.1441
vn -0.9991 -0.0431 0.0012
vn -0.9890 -0.1476 -0.0079
vn -0.9794 -0.2018 -0.0026
vn -0.9957 -0.0847 0.0376
vn -0.9988 -0.0334 0.0358
vn -1.0000 -0.0046 -0.0032
vn -0.9991 -0.0431 -0.0062
vn -1.0000 -0.0004 0.0057
vn -0.9484 -0.3167 -0.0152
vn -0.9301 -0.3669 -0.0198
vn -0.9908 -0.1350 -0.0128
vn -0.8371 -0.5467 0.0178
vn -0.9263 -0.3740 0.0449
vn -0.8918 -0.4519 -0.0207
vn -0.9722 -0.1584 0.1725
vn -0.9917 -0.0211 0.1269
vn -0.9609 -0.2633 0.0861
vn -0.9935 -0.0078 0.1136
vn -0.9993 0.0029 0.0377
vn -0.9919 -0.0078 0.1266
vn -0.9994 -0.0353 0.0024
vn -0.9951 -0.0983 0.0070
vn -0.9992 -0.0390 0.0059
vn -0.9944 -0.1058 0.0076
vn -0.9999 -0.0050 -0.0138
vn -0.9995 -0.0298 -0.0113
vn -0.9960 -0.0897 -0.0027
vn -0.9738 -0.2272 0.0141
vn -0.9719 -0.2348 0.0176
vn -0.9693 -0.2454 0.0144
vn -0.9654 -0.2608 0.0060
vn -0.9936 -0.1131 0.0009
vn -0.9992 -0.0411 0.0009
vn -1.0000 -0.0061 0.0029
vn -0.9999 -0.0076 0.0067
vn -1.0000 -0.0072 0.0017
vn -0.9984 0.0287 -0.0486
vn -0.9977 0.0291 -0.0605
vn -0.9998 -0.0216 -0.0005
vn -0.9994 -0.0313 0.0165
vn -0.9999 -0.0091 0.0069
vn -0.9764 0.1210 -0.1786
vn -0.9798 0.1130 -0.1648
vn -0.9967 0.0451 -0.0673
vn -0.9711 0.1107 -0.2114
vn -0.9925 0.0366 -0.1164
vn -0.9753 0.1194 -0.1861
vn -0.9969 -0.0789 -0.0004
vn -0.9956 -0.0829 0.0447
vn -0.9981 -0.0088 -0.0613
vn -0.9967 -0.0708 0.0392
vn -0.9985 -0.0423 0.0349
vn -0.9962 -0.0760 0.0425
vn -0.9993 -0.0215 0.0294
vn -1.0000 0.0001 -0.0010
vn -0.9991 -0.0279 0.0316
vn -0.6661 -0.3821 0.6405
vn -0.6545 -0.2366 0.7181
vn -0.2684 -0.5290 0.8050
vn -0.2507 -0.3954 0.8836
vn -0.9035 -0.3110 0.2950
vn -0.9326 -0.1288 0.3372
vn -0.9058 -0.1615 0.3918
vn -0.8573 -0.2465 0.4519
vn -0.5948 -0.3435 0.7268
vn -0.2185 -0.4813 0.8489
vn -0.0285 -0.5157 0.8563
vn -0.0336 -0.4497 0.8926
vn -0.0405 -0.5746 0.8174
vn -0.0409 -0.8184 0.5733
vn -0.2182 -0.7901 0.5728
vn -0.5472 -0.6772 0.4919
vn -0.9990 -0.0123 -0.0425
vn -0.9958 -0.0887 -0.0235
vn -0.9930 -0.1102 -0.0427
vn -0.9952 -0.0952 -0.0221
vn -0.9986 -0.0213 -0.0476
vn -0.9983 0.0158 -0.0567
vn -0.9991 -0.0052 -0.0413
vn -0.9983 0.0099 -0.0571
vn -0.9743 -0.2073 0.0880
vn -0.9706 -0.2342 0.0560
vn -0.9973 -0.0732 -0.0055
vn -0.9334 -0.3547 0.0545
vn -0.9680 -0.2505 0.0128
vn -0.9642 -0.2647 0.0160
vn -0.9738 -0.2272 0.0056
vn -0.9958 -0.0887 -0.0219
vn -0.9744 -0.2245 0.0137
vn -0.9994 -0.0012 -0.0360
vn -0.9987 0.0035 -0.0514
vn -0.9992 -0.0235 -0.0321
vn -1.0000 -0.0038 -0.0068
vn -0.9998 -0.0159 -0.0092
vn -0.9982 -0.0532 0.0286
vn -0.9965 -0.0718 0.0424
vn -0.9928 -0.1080 0.0510
vn -0.9968 -0.0698 0.0397
vn -0.9996 0.0012 -0.0269
vn -0.9999 0.0047 -0.0099
vn -1.0000 -0.0027 -0.0062
vn -0.9996 0.0130 -0.0260
vn -0.9993 -0.0379 -0.0063
vn -0.9992 -0.0392 -0.0100
vn -0.9999 -0.0138 -0.0081
vn -0.9860 -0.1418 0.0882
vn -0.9808 -0.1540 0.1195
vn -0.9986 -0.0529 0.0051
vn -0.9531 -0.2364 0.1893
vn -0.9698 -0.1830 0.1614
vn -0.9778 -0.1704 0.1222
vn -0.9450 -0.2671 0.1886
vn -0.9739 -0.1876 0.1281
vn -0.9613 -0.2254 0.1587
vn -0.9779 -0.1788 0.1084
vn -0.9979 -0.0636 0.0135
vn -0.9775 -0.1692 0.1255
vn -0.9985 0.0192 -0.0514
vn -0.9989 0.0188 -0.0423
vn -0.9995 -0.0010 -0.0331
vn 0.2050 -0.9780 -0.0396
vn 0.1496 -0.9884 -0.0261
vn 0.2982 -0.9539 -0.0332
vn 0.2326 -0.9725 -0.0125
vn 0.1353 -0.9890 -0.0596
vn 0.1058 -0.9933 -0.0473
vn 0.0616 -0.9974 -0.0364
vn 0.0347 -0.9989 -0.0314
vn 0.0600 -0.9980 -0.0208
vn 0.1098 -0.9940 -0.0012
vn 0.2798 -0.9588 0.0499
vn 0.3352 -0.9421 0.0001
vn 0.4210 -0.9067 -0.0263
vn 0.7008 -0.7125 -0.0367
vn 0.3593 -0.9317 -0.0533
vn 0.2344 -0.9706 -0.0540
s 0
usemtl lightRed
f 1892//1 1896//1 1895//1
f 1893//2 1897//2 1896//2
f 1896//3 1898//3 1895//3
f 1897//4 1899//4 1896//4
f 761//5 773//5 55//5
f 761//6 1893//6 1892//6
f 762//7 1894//7 1893//7
f 763//8 295//8 1894//8
f 1894//9 294//9 1897//9
f 294//10 1900//10 1897//10
f 293//11 643//11 1900//11
f 1900//12 642//12 1899//12
f 1899//13 641//13 1898//13
f 1898//14 176//14 775//14
f 1895//15 775//15 774//15
f 1892//16 774//16 773//16
f 1902//17 1904//17 1901//17
f 1903//18 1905//18 1902//18
f 1905//19 1907//19 1904//19
f 1906//20 1908//20 1905//20
f 766//21 629//21 52//21
f 765//22 1901//22 766//22
f 764//23 1902//23 765//23
f 55//24 1903//24 764//24
f 773//25 1906//25 1903//25
f 774//26 1909//26 1906//26
f 775//27 593//27 1909//27
f 1909//28 594//28 1908//28
f 1908//29 595//29 1907//29
f 1907//30 167//30 631//30
f 1904//31 631//31 630//31
f 1901//32 630//32 629//32
f 1912//33 1920//33 1911//33
f 1914//34 1912//34 1913//34
f 1915//35 1910//35 1914//35
f 1918//36 1916//36 1917//36
f 1919//37 1910//37 1918//37
f 332//38 382//38 6//38
f 333//39 1911//39 332//39
f 1911//40 381//40 382//40
f 377//41 334//41 5//41
f 378//42 1913//42 377//42
f 1913//43 333//43 334//43
f 8//44 1915//44 379//44
f 373//45 1916//45 1915//45
f 379//46 1914//46 378//46
f 26//47 1917//47 371//47
f 507//48 1917//48 508//48
f 1917//49 372//49 371//49
f 380//50 506//50 9//50
f 380//51 1920//51 1919//51
f 506//52 1918//52 507//52
f 1922//53 1924//53 1921//53
f 1923//54 1925//54 1922//54
f 1925//55 1927//55 1924//55
f 1926//56 1928//56 1925//56
f 524//57 362//57 131//57
f 525//58 1921//58 524//58
f 526//59 1922//59 525//59
f 147//60 1923//60 526//60
f 457//61 1926//61 1923//61
f 1926//62 455//62 1929//62
f 1929//63 16//63 527//63
f 1928//64 527//64 528//64
f 1928//65 529//65 1927//65
f 1927//66 29//66 364//66
f 1924//67 364//67 363//67
f 1921//68 363//68 362//68
f 1931//69 1933//69 1930//69
f 1932//70 1934//70 1931//70
f 1934//71 1936//71 1933//71
f 1935//72 1937//72 1934//72
f 311//73 340//73 3//73
f 312//74 1930//74 311//74
f 313//75 1931//75 312//75
f 1//76 1932//76 313//76
f 335//77 1935//77 1932//77
f 336//78 1938//78 1935//78
f 1938//79 5//79 334//79
f 1937//80 334//80 333//80
f 1937//81 332//81 1936//81
f 1936//82 6//82 338//82
f 1933//83 338//83 339//83
f 1930//84 339//84 340//84
f 1940//85 1942//85 1939//85
f 1941//86 1943//86 1940//86
f 1943//87 1945//87 1942//87
f 1944//88 1946//88 1943//88
f 305//89 343//89 4//89
f 306//90 1939//90 305//90
f 307//91 1940//91 306//91
f 3//92 1941//92 307//92
f 340//93 1944//93 1941//93
f 339//94 1947//94 1944//94
f 338//95 328//95 1947//95
f 1947//96 327//96 1946//96
f 1946//97 326//97 1945//97
f 1945//98 7//98 341//98
f 1942//99 341//99 342//99
f 1939//100 342//100 343//100
f 1949//101 1951//101 1948//101
f 1949//102 1953//102 1952//102
f 1952//103 1954//103 1951//103
f 1952//104 1956//104 1955//104
f 299//105 335//105 1//105
f 300//106 1948//106 299//106
f 300//107 1950//107 1949//107
f 301//108 344//108 1950//108
f 1950//109 345//109 1953//109
f 1953//110 346//110 1956//110
f 1956//111 120//111 322//111
f 1955//112 322//112 321//112
f 1954//113 321//113 320//113
f 337//114 320//114 5//114
f 1951//115 337//115 336//115
f 1948//116 336//116 335//116
f 1958//117 1960//117 1957//117
f 1959//118 1961//118 1958//118
f 1961//119 1963//119 1960//119
f 1962//120 1964//120 1961//120
f 17//121 1957//121 487//121
f 471//122 1957//122 472//122
f 470//123 1958//123 471//123
f 16//124 1959//124 470//124
f 455//125 1962//125 1959//125
f 456//126 1965//126 1962//126
f 457//127 350//127 1965//127
f 1965//128 351//128 1964//128
f 1964//129 352//129 1963//129
f 1963//130 146//130 485//130
f 1960//131 485//131 486//131
f 1957//132 486//132 487//132
f 1966//133 1970//133 1969//133
f 1968//134 1970//134 1967//134
f 1969//135 1973//135 1972//135
f 1970//136 1974//136 1973//136
f 19//137 1966//137 469//137
f 476//138 1967//138 1966//138
f 477//139 1968//139 1967//139
f 18//140 1968//140 478//140
f 458//141 1971//141 1968//141
f 459//142 1974//142 1971//142
f 460//143 466//143 1974//143
f 1973//144 466//144 465//144
f 1972//145 465//145 464//145
f 467//146 464//146 144//146
f 468//147 1972//147 467//147
f 469//148 1969//148 468//148
f 1977//149 1987//149 1976//149
f 1979//150 1977//150 1978//150
f 1980//151 1975//151 1979//151
f 1983//152 1981//152 1982//152
f 1985//153 1983//153 1984//153
f 1987//154 1985//154 1986//154
f 365//155 412//155 10//155
f 366//156 1976//156 365//156
f 1976//157 411//157 412//157
f 409//158 367//158 9//158
f 408//159 1978//159 409//159
f 1978//160 366//160 367//160
f 23//161 1980//161 407//161
f 581//162 1981//162 1980//162
f 407//163 1979//163 408//163
f 580//164 583//164 35//164
f 579//165 1982//165 580//165
f 1982//166 582//166 583//166
f 514//167 578//167 24//167
f 513//168 1984//168 514//168
f 1984//169 579//169 578//169
f 410//170 512//170 11//170
f 410//171 1987//171 1986//171
f 1986//172 513//172 512//172
f 1989//173 1988//173 1998//173
f 1992//174 1990//174 1991//174
f 1994//175 1992//175 1993//175
f 1996//176 1994//176 1995//176
f 1998//177 1996//177 1997//177
f 9//178 1989//178 409//178
f 506//179 1990//179 1989//179
f 409//180 1998//180 408//180
f 26//181 1991//181 508//181
f 591//182 1991//182 590//182
f 1991//183 507//183 508//183
f 587//184 592//184 37//184
f 588//185 1993//185 587//185
f 1993//186 591//186 592//186
f 586//187 589//187 36//187
f 585//188 1995//188 586//188
f 1995//189 588//189 589//189
f 407//190 584//190 23//190
f 408//191 1997//191 407//191
f 584//192 1996//192 585//192
f 2000//193 2002//193 1999//193
f 2001//194 2003//194 2000//194
f 2003//195 2005//195 2002//195
f 2004//196 2006//196 2003//196
f 326//197 385//197 7//197
f 327//198 1999//198 326//198
f 328//199 2000//199 327//199
f 6//200 2001//200 328//200
f 382//201 2004//201 2001//201
f 381//202 2007//202 2004//202
f 2007//203 9//203 367//203
f 2007//204 366//204 2006//204
f 2006//205 365//205 2005//205
f 2005//206 10//206 383//206
f 2002//207 383//207 384//207
f 1999//208 384//208 385//208
f 2008//209 2012//209 2011//209
f 2009//210 2013//210 2012//210
f 2012//211 2014//211 2011//211
f 2012//212 2016//212 2015//212
f 5//213 2008//213 377//213
f 320//214 2009//214 2008//214
f 321//215 2010//215 2009//215
f 322//216 386//216 2010//216
f 2010//217 387//217 2013//217
f 2013//218 388//218 2016//218
f 2016//219 126//219 361//219
f 2015//220 361//220 360//220
f 2015//221 359//221 2014//221
f 2014//222 8//222 379//222
f 2011//223 379//223 378//223
f 377//224 2011//224 378//224
f 2019//225 2029//225 2018//225
f 2020//226 2017//226 2019//226
f 2023//227 2021//227 2022//227
f 2025//228 2023//228 2024//228
f 2027//229 2025//229 2026//229
f 2029//230 2027//230 2028//230
f 329//231 527//231 16//231
f 330//232 2018//232 329//232
f 2018//233 528//233 527//233
f 7//234 2020//234 331//234
f 385//235 2021//235 2020//235
f 331//236 2019//236 330//236
f 370//237 383//237 10//237
f 369//238 2022//238 370//238
f 2022//239 384//239 383//239
f 533//240 368//240 22//240
f 534//241 2024//241 533//241
f 368//242 2023//242 369//242
f 530//243 535//243 30//243
f 531//244 2026//244 530//244
f 535//245 2025//245 534//245
f 529//246 532//246 29//246
f 528//247 2028//247 529//247
f 2028//248 531//248 532//248
f 2031//249 2030//249 2042//249
f 2034//250 2032//250 2033//250
f 2035//251 2030//251 2034//251
f 2038//252 2036//252 2037//252
f 2040//253 2038//253 2039//253
f 2042//254 2040//254 2041//254
f 11//255 2031//255 445//255
f 512//256 2032//256 2031//256
f 445//257 2042//257 444//257
f 569//258 514//258 24//258
f 570//259 2033//259 569//259
f 2033//260 513//260 514//260
f 34//261 2035//261 571//261
f 568//262 2036//262 2035//262
f 2035//263 570//263 571//263
f 517//264 566//264 25//264
f 516//265 2037//265 517//265
f 2037//266 567//266 566//266
f 433//267 515//267 14//267
f 432//268 2039//268 433//268
f 2039//269 516//269 515//269
f 443//270 431//270 15//270
f 444//271 2041//271 443//271
f 2041//272 432//272 431//272
f 2044//273 2046//273 2043//273
f 2045//274 2047//274 2044//274
f 2047//275 2049//275 2046//275
f 2048//276 2050//276 2047//276
f 559//277 517//277 25//277
f 558//278 2043//278 559//278
f 557//279 2044//279 558//279
f 557//280 323//280 2045//280
f 2045//281 324//281 2048//281
f 2048//282 325//282 2051//282
f 325//283 439//283 2051//283
f 2051//284 438//284 2050//284
f 2050//285 437//285 2049//285
f 2049//286 14//286 515//286
f 2046//287 515//287 516//287
f 517//288 2046//288 516//288
f 2054//289 2062//289 2053//289
f 2056//290 2054//290 2055//290
f 2057//291 2052//291 2056//291
f 2060//292 2058//292 2059//292
f 2061//293 2052//293 2060//293
f 548//294 361//294 126//294
f 549//295 2053//295 548//295
f 2053//296 360//296 361//296
f 168//297 2055//297 550//297
f 577//298 2056//298 2055//298
f 550//299 2054//299 549//299
f 37//300 2057//300 575//300
f 592//301 2058//301 2057//301
f 2057//302 576//302 575//302
f 26//303 2059//303 590//303
f 372//304 2059//304 371//304
f 2059//305 591//305 590//305
f 359//306 373//306 8//306
f 360//307 2061//307 359//307
f 2061//308 372//308 373//308
f 2065//309 2075//309 2064//309
f 2067//310 2065//310 2066//310
f 2069//311 2067//311 2068//311
f 2071//312 2069//312 2070//312
f 2073//313 2071//313 2072//313
f 2075//314 2073//314 2074//314
f 368//315 536//315 22//315
f 369//316 2064//316 368//316
f 2064//317 537//317 536//317
f 10//318 2066//318 370//318
f 412//319 2067//319 2066//319
f 370//320 2065//320 369//320
f 403//321 410//321 11//321
f 402//322 2068//322 403//322
f 2068//323 411//323 410//323
f 542//324 401//324 21//324
f 543//325 2070//325 542//325
f 2070//326 402//326 401//326
f 539//327 544//327 32//327
f 540//328 2072//328 539//328
f 2072//329 543//329 544//329
f 538//330 541//330 31//330
f 537//331 2074//331 538//331
f 2074//332 540//332 541//332
f 2076//333 2080//333 2079//333
f 2077//334 2081//334 2080//334
f 2079//335 2083//335 2082//335
f 2080//336 2084//336 2083//336
f 133//337 2076//337 314//337
f 358//338 2077//338 2076//338
f 357//339 2078//339 2077//339
f 27//340 2078//340 356//340
f 2078//341 522//341 2081//341
f 2081//342 521//342 2084//342
f 2084//343 13//343 424//343
f 2083//344 424//344 423//344
f 2082//345 423//345 422//345
f 316//346 422//346 139//346
f 315//347 2082//347 316//347
f 314//348 2079//348 315//348
f 2085//349 2089//349 2088//349
f 2086//350 2090//350 2089//350
f 2088//351 2092//351 2091//351
f 2089//352 2093//352 2092//352
f 12//353 2085//353 421//353
f 425//354 2086//354 2085//354
f 426//355 2087//355 2086//355
f 427//356 428//356 2087//356
f 2087//357 429//357 2090//357
f 2090//358 430//358 2093//358
f 2093//359 139//359 422//359
f 2092//360 422//360 423//360
f 2091//361 423//361 424//361
f 419//362 424//362 13//362
f 420//363 2091//363 419//363
f 421//364 2088//364 420//364
f 2094//365 2098//365 2097//365
f 2095//366 2099//366 2098//366
f 2097//367 2101//367 2100//367
f 2098//368 2102//368 2101//368
f 12//369 2094//369 439//369
f 421//370 2095//370 2094//370
f 420//371 2096//371 2095//371
f 419//372 434//372 2096//372
f 2096//373 435//373 2099//373
f 2099//374 436//374 2102//374
f 2102//375 15//375 431//375
f 2101//376 431//376 432//376
f 2100//377 432//377 433//377
f 437//378 433//378 14//378
f 438//379 2100//379 437//379
f 439//380 2097//380 438//380
f 2104//381 2103//381 2109//381
f 2107//382 2105//382 2106//382
f 2108//383 2103//383 2107//383
f 28//384 2104//384 323//384
f 562//385 2105//385 2104//385
f 323//386 2109//386 324//386
f 427//387 560//387 138//387
f 426//388 2106//388 427//388
f 2106//389 561//389 560//389
f 325//390 425//390 12//390
f 324//391 2108//391 325//391
f 425//392 2107//392 426//392
f 2111//393 2110//393 2120//393
f 2114//394 2112//394 2113//394
f 2116//395 2114//395 2115//395
f 2117//396 2110//396 2116//396
f 2120//397 2118//397 2119//397
f 21//398 2111//398 518//398
f 401//399 2112//399 2111//399
f 518//400 2120//400 519//400
f 445//401 403//401 11//401
f 444//402 2113//402 445//402
f 403//403 2112//403 402//403
f 15//404 2115//404 443//404
f 435//405 2115//405 436//405
f 443//406 2114//406 444//406
f 13//407 2117//407 434//407
f 521//408 2118//408 2117//408
f 434//409 2116//409 435//409
f 520//410 523//410 27//410
f 519//411 2119//411 520//411
f 2119//412 522//412 523//412
f 2122//413 2124//413 2121//413
f 2123//414 2125//414 2122//414
f 2125//415 2127//415 2124//415
f 2126//416 2128//416 2125//416
f 30//417 2121//417 374//417
f 535//418 2122//418 2121//418
f 533//419 2122//419 534//419
f 22//420 2123//420 533//420
f 391//421 2126//421 2123//421
f 390//422 2129//422 2126//422
f 389//423 317//423 2129//423
f 2129//424 318//424 2128//424
f 2128//425 319//425 2127//425
f 2127//426 127//426 376//426
f 2124//427 376//427 375//427
f 2121//428 375//428 374//428
f 2130//429 2134//429 2133//429
f 2131//430 2135//430 2134//430
f 2133//431 2137//431 2136//431
f 2134//432 2138//432 2137//432
f 20//433 2130//433 490//433
f 479//434 2131//434 2130//434
f 480//435 2132//435 2131//435
f 19//436 2132//436 481//436
f 2132//437 468//437 2135//437
f 2135//438 467//438 2138//438
f 2138//439 144//439 463//439
f 2137//440 463//440 462//440
f 2136//441 462//441 461//441
f 488//442 461//442 143//442
f 489//443 2136//443 488//443
f 490//444 2133//444 489//444
f 2141//445 2155//445 2140//445
f 2143//446 2141//446 2142//446
f 2145//447 2143//447 2144//447
f 2147//448 2145//448 2146//448
f 2149//449 2147//449 2148//449
f 2151//450 2149//450 2150//450
f 2153//451 2151//451 2152//451
f 2155//452 2153//452 2154//452
f 2//453 2140//453 482//453
f 308//454 2141//454 2140//454
f 2140//455 483//455 482//455
f 4//456 2142//456 310//456
f 343//457 2143//457 2142//457
f 310//458 2141//458 309//458
f 331//459 341//459 7//459
f 330//460 2144//460 331//460
f 2144//461 342//461 341//461
f 470//462 329//462 16//462
f 471//463 2146//463 470//463
f 329//464 2145//464 330//464
f 475//465 472//465 17//465
f 474//466 2148//466 475//466
f 472//467 2147//467 471//467
f 478//468 473//468 18//468
f 478//469 2151//469 2150//469
f 2150//470 474//470 473//470
f 481//471 476//471 19//471
f 481//472 2153//472 2152//472
f 2152//473 477//473 476//473
f 484//474 479//474 20//474
f 483//475 2154//475 484//475
f 2154//476 480//476 479//476
f 2156//477 2160//477 2159//477
f 2158//478 2160//478 2157//478
f 2159//479 2163//479 2162//479
f 2161//480 2163//480 2160//480
f 18//481 2156//481 458//481
f 473//482 2157//482 2156//482
f 475//483 2157//483 474//483
f 17//484 2158//484 475//484
f 487//485 2161//485 2158//485
f 486//486 2164//486 2161//486
f 485//487 349//487 2164//487
f 2164//488 348//488 2163//488
f 2162//489 348//489 347//489
f 460//490 347//490 145//490
f 459//491 2162//491 460//491
f 458//492 2159//492 459//492
f 2165//493 2169//493 2168//493
f 2167//494 2169//494 2166//494
f 2169//495 2171//495 2168//495
f 2170//496 2172//496 2169//496
f 32//497 2165//497 418//497
f 544//498 2166//498 2165//498
f 542//499 2166//499 543//499
f 21//500 2167//500 542//500
f 449//501 2170//501 2167//501
f 450//502 2173//502 2170//502
f 451//503 494//503 2173//503
f 2173//504 495//504 2172//504
f 2172//505 496//505 2171//505
f 2171//506 158//506 416//506
f 2168//507 416//507 417//507
f 2165//508 417//508 418//508
f 2174//509 2178//509 2177//509
f 2176//510 2178//510 2175//510
f 2178//511 2180//511 2177//511
f 2179//512 2181//512 2178//512
f 31//513 2174//513 395//513
f 541//514 2175//514 2174//514
f 539//515 2175//515 540//515
f 32//516 2176//516 539//516
f 418//517 2179//517 2176//517
f 417//518 2182//518 2179//518
f 416//519 497//519 2182//519
f 2182//520 498//520 2181//520
f 2181//521 499//521 2180//521
f 2180//522 125//522 397//522
f 2177//523 397//523 396//523
f 395//524 2177//524 396//524
f 2184//525 2186//525 2183//525
f 2185//526 2187//526 2184//526
f 2187//527 2189//527 2186//527
f 2188//528 2190//528 2187//528
f 394//529 568//529 34//529
f 393//530 2183//530 394//530
f 392//531 2184//531 393//531
f 130//532 2185//532 392//532
f 553//533 2188//533 2185//533
f 552//534 2191//534 2188//534
f 551//535 563//535 2191//535
f 2191//536 564//536 2190//536
f 2190//537 565//537 2189//537
f 2189//538 25//538 566//538
f 2186//539 566//539 567//539
f 2183//540 567//540 568//540
f 2193//541 2195//541 2192//541
f 2194//542 2196//542 2193//542
f 2196//543 2198//543 2195//543
f 2197//544 2199//544 2196//544
f 518//545 449//545 21//545
f 519//546 2192//546 518//546
f 520//547 2193//547 519//547
f 27//548 2194//548 520//548
f 356//549 2197//549 2194//549
f 357//550 2200//550 2197//550
f 358//551 493//551 2200//551
f 2200//552 492//552 2199//552
f 2199//553 491//553 2198//553
f 2198//554 121//554 451//554
f 2195//555 451//555 450//555
f 2192//556 450//556 449//556
f 2201//557 2205//557 2204//557
f 2203//558 2205//558 2202//558
f 2204//559 2208//559 2207//559
f 2206//560 2208//560 2205//560
f 29//561 2201//561 364//561
f 532//562 2202//562 2201//562
f 530//563 2202//563 531//563
f 30//564 2203//564 530//564
f 374//565 2206//565 2203//565
f 375//566 2209//566 2206//566
f 376//567 452//567 2209//567
f 2209//568 453//568 2208//568
f 2208//569 454//569 2207//569
f 2207//570 131//570 362//570
f 363//571 2207//571 362//571
f 364//572 2204//572 363//572
f 2211//573 2213//573 2210//573
f 2212//574 2214//574 2211//574
f 2214//575 2216//575 2213//575
f 2215//576 2217//576 2214//576
f 22//577 2210//577 391//577
f 536//578 2211//578 2210//578
f 538//579 2211//579 537//579
f 31//580 2212//580 538//580
f 395//581 2215//581 2212//581
f 396//582 2218//582 2215//582
f 397//583 502//583 2218//583
f 2218//584 501//584 2217//584
f 2217//585 500//585 2216//585
f 2216//586 119//586 389//586
f 2213//587 389//587 390//587
f 2210//588 390//588 391//588
f 2220//589 2222//589 2219//589
f 2221//590 2223//590 2220//590
f 2223//591 2225//591 2222//591
f 2224//592 2226//592 2223//592
f 36//593 2219//593 353//593
f 588//594 2219//594 589//594
f 587//595 2220//595 588//595
f 37//596 2221//596 587//596
f 575//597 2224//597 2221//597
f 576//598 2227//598 2224//598
f 577//599 440//599 2227//599
f 2227//600 441//600 2226//600
f 2226//601 442//601 2225//601
f 2225//602 169//602 355//602
f 2222//603 355//603 354//603
f 2219//604 354//604 353//604
f 2229//605 2231//605 2228//605
f 2230//606 2232//606 2229//606
f 2232//607 2234//607 2231//607
f 2233//608 2235//608 2232//608
f 24//609 2228//609 398//609
f 579//610 2228//610 578//610
f 580//611 2229//611 579//611
f 35//612 2230//612 580//612
f 406//613 2233//613 2230//613
f 405//614 2236//614 2233//614
f 404//615 511//615 2236//615
f 2236//616 510//616 2235//616
f 2235//617 509//617 2234//617
f 2234//618 132//618 400//618
f 2231//619 400//619 399//619
f 398//620 2231//620 399//620
f 2238//621 2240//621 2237//621
f 2239//622 2241//622 2238//622
f 2241//623 2243//623 2240//623
f 2242//624 2244//624 2241//624
f 584//625 413//625 23//625
f 585//626 2237//626 584//626
f 586//627 2238//627 585//627
f 36//628 2239//628 586//628
f 353//629 2242//629 2239//629
f 354//630 2245//630 2242//630
f 355//631 448//631 2245//631
f 2245//632 447//632 2244//632
f 2244//633 446//633 2243//633
f 2243//634 134//634 415//634
f 2240//635 415//635 414//635
f 2237//636 414//636 413//636
f 2247//637 2249//637 2246//637
f 2248//638 2250//638 2247//638
f 2250//639 2252//639 2249//639
f 2251//640 2253//640 2250//640
f 760//641 295//641 56//641
f 759//642 2246//642 760//642
f 758//643 2247//643 759//643
f 54//644 2248//644 758//644
f 598//645 2251//645 2248//645
f 597//646 2254//646 2251//646
f 596//647 737//647 2254//647
f 2254//648 738//648 2253//648
f 2253//649 739//649 2252//649
f 2252//650 208//650 293//650
f 2249//651 293//651 294//651
f 2246//652 294//652 295//652
f 2255//653 2259//653 2258//653
f 2256//654 2260//654 2259//654
f 2258//655 2262//655 2261//655
f 2259//656 2263//656 2262//656
f 34//657 2255//657 394//657
f 571//658 2256//658 2255//658
f 570//659 2257//659 2256//659
f 569//660 398//660 2257//660
f 2257//661 399//661 2260//661
f 2260//662 400//662 2263//662
f 2263//663 132//663 545//663
f 2262//664 545//664 546//664
f 2261//665 546//665 547//665
f 392//666 547//666 130//666
f 393//667 2261//667 392//667
f 394//668 2258//668 393//668
f 2264//669 2268//669 2267//669
f 2265//670 2269//670 2268//670
f 2267//671 2271//671 2270//671
f 2269//672 2271//672 2268//672
f 35//673 2264//673 406//673
f 583//674 2265//674 2264//674
f 582//675 2266//675 2265//675
f 23//676 2266//676 581//676
f 413//677 2269//677 2266//677
f 414//678 2272//678 2269//678
f 415//679 503//679 2272//679
f 2272//680 504//680 2271//680
f 2271//681 505//681 2270//681
f 2270//682 170//682 404//682
f 405//683 2270//683 404//683
f 406//684 2267//684 405//684
f 2273//685 2277//685 2276//685
f 2274//686 2278//686 2277//686
f 2276//687 2280//687 2279//687
f 2277//688 2281//688 2280//688
f 49//689 2273//689 721//689
f 701//690 2274//690 2273//690
f 702//691 2275//691 2274//691
f 48//692 2275//692 703//692
f 2275//693 672//693 2278//693
f 2278//694 671//694 2281//694
f 2281//695 190//695 556//695
f 2280//696 556//696 555//696
f 2279//697 555//697 554//697
f 719//698 554//698 200//698
f 720//699 2279//699 719//699
f 721//700 2276//700 720//700
f 2283//701 2282//701 2288//701
f 2285//702 2282//702 2284//702
f 2288//703 2286//703 2287//703
f 51//704 2283//704 616//704
f 752//705 2284//705 2283//705
f 616//706 2288//706 615//706
f 165//707 2285//707 754//707
f 647//708 2286//708 2285//708
f 754//709 2284//709 753//709
f 614//710 649//710 114//710
f 615//711 2287//711 614//711
f 2287//712 648//712 649//712
f 2290//713 2292//713 2289//713
f 2290//714 2294//714 2293//714
f 2292//715 2296//715 2295//715
f 2293//716 2297//716 2296//716
f 988//717 304//717 86//717
f 987//718 2289//718 988//718
f 986//719 2290//719 987//719
f 81//720 2291//720 986//720
f 2291//721 1050//721 2294//721
f 2294//722 1049//722 2297//722
f 2297//723 89//723 1025//723
f 2296//724 1025//724 1026//724
f 2296//725 1027//725 2295//725
f 302//726 1027//726 94//726
f 2292//727 302//727 303//727
f 304//728 2292//728 303//728
f 2298//729 2302//729 2301//729
f 2299//730 2303//730 2302//730
f 2301//731 2305//731 2304//731
f 2302//732 2306//732 2305//732
f 81//733 2298//733 1051//733
f 1001//734 2299//734 2298//734
f 1002//735 2300//735 2299//735
f 1003//736 964//736 2300//736
f 2300//737 963//737 2303//737
f 2303//738 962//738 2306//738
f 2306//739 96//739 1042//739
f 2305//740 1042//740 1041//740
f 2304//741 1041//741 1040//741
f 1049//742 1040//742 89//742
f 1050//743 2304//743 1049//743
f 1051//744 2301//744 1050//744
f 2308//745 2310//745 2307//745
f 2309//746 2311//746 2308//746
f 2311//747 2313//747 2310//747
f 2312//748 2314//748 2311//748
f 679//749 670//749 42//749
f 678//750 2307//750 679//750
f 677//751 2308//751 678//751
f 41//752 2309//752 677//752
f 665//753 2312//753 2309//753
f 666//754 2315//754 2312//754
f 2315//755 178//755 626//755
f 2314//756 626//756 627//756
f 2314//757 628//757 2313//757
f 2313//758 175//758 668//758
f 2310//759 668//759 669//759
f 2307//760 669//760 670//760
f 2316//761 2320//761 2319//761
f 2317//762 2321//762 2320//762
f 2319//763 2323//763 2322//763
f 2320//764 2324//764 2323//764
f 48//765 2316//765 673//765
f 698//766 2317//766 2316//766
f 699//767 2318//767 2317//767
f 47//768 2318//768 700//768
f 659//769 2321//769 2318//769
f 660//770 2324//770 2321//770
f 2324//771 189//771 574//771
f 2323//772 574//772 573//772
f 2322//773 573//773 572//773
f 671//774 572//774 190//774
f 672//775 2322//775 671//775
f 673//776 2319//776 672//776
f 2325//777 2329//777 2328//777
f 2326//778 2330//778 2329//778
f 2328//779 2332//779 2331//779
f 2329//780 2333//780 2332//780
f 482//781 298//781 2//781
f 482//782 2326//782 2325//782
f 484//783 2326//783 483//783
f 20//784 2327//784 484//784
f 2327//785 489//785 2330//785
f 2330//786 488//786 2333//786
f 2333//787 143//787 658//787
f 2332//788 658//788 657//788
f 2331//789 657//789 656//789
f 2331//790 115//790 296//790
f 2328//791 296//791 297//791
f 2325//792 297//792 298//792
f 2335//793 2337//793 2334//793
f 2336//794 2338//794 2335//794
f 2338//795 2340//795 2337//795
f 2339//796 2341//796 2338//796
f 782//797 598//797 54//797
f 783//798 2334//798 782//798
f 784//799 2335//799 783//799
f 58//800 2336//800 784//800
f 599//801 2339//801 2336//801
f 600//802 2342//802 2339//802
f 601//803 634//803 2342//803
f 2342//804 633//804 2341//804
f 2341//805 632//805 2340//805
f 2340//806 180//806 596//806
f 2337//807 596//807 597//807
f 2334//808 597//808 598//808
f 2344//809 2343//809 2349//809
f 2347//810 2345//810 2346//810
f 2348//811 2343//811 2347//811
f 1//812 2344//812 299//812
f 610//813 2345//813 2344//813
f 299//814 2349//814 300//814
f 616//815 608//815 51//815
f 615//816 2346//816 616//816
f 2346//817 609//817 608//817
f 114//818 2348//818 614//818
f 301//819 2349//819 2348//819
f 614//820 2347//820 615//820
f 2350//821 2354//821 2353//821
f 2351//822 2355//822 2354//822
f 2353//823 2357//823 2356//823
f 2354//824 2358//824 2357//824
f 85//825 2350//825 1048//825
f 982//826 2351//826 2350//826
f 981//827 2352//827 2351//827
f 980//828 1043//828 2352//828
f 2352//829 1044//829 2355//829
f 2355//830 1045//830 2358//830
f 2358//831 257//831 1022//831
f 2357//832 1022//832 1023//832
f 2356//833 1023//833 1024//833
f 2356//834 93//834 1046//834
f 2353//835 1046//835 1047//835
f 2350//836 1047//836 1048//836
f 2360//837 2362//837 2359//837
f 2361//838 2363//838 2360//838
f 2363//839 2365//839 2362//839
f 2364//840 2366//840 2363//840
f 769//841 607//841 57//841
f 768//842 2359//842 769//842
f 767//843 2360//843 768//843
f 52//844 2361//844 767//844
f 629//845 2364//845 2361//845
f 630//846 2367//846 2364//846
f 631//847 746//847 2367//847
f 2367//848 747//848 2366//848
f 2366//849 748//849 2365//849
f 605//850 748//850 207//850
f 2362//851 605//851 606//851
f 2359//852 606//852 607//852
f 2370//853 2388//853 2369//853
f 2372//854 2370//854 2371//854
f 2374//855 2372//855 2373//855
f 2376//856 2374//856 2375//856
f 2377//857 2368//857 2376//857
f 2380//858 2378//858 2379//858
f 2382//859 2380//859 2381//859
f 2384//860 2382//860 2383//860
f 2386//861 2384//861 2385//861
f 2387//862 2368//862 2386//862
f 310//863 611//863 4//863
f 310//864 2370//864 2369//864
f 2369//865 612//865 611//865
f 650//866 308//866 2//866
f 651//867 2371//867 650//867
f 2371//868 309//868 308//868
f 39//869 2373//869 652//869
f 693//870 2373//870 692//870
f 652//871 2372//871 651//871
f 697//872 694//872 46//872
f 696//873 2375//873 697//873
f 694//874 2374//874 693//874
f 47//875 2377//875 695//875
f 700//876 2378//876 2377//876
f 695//877 2376//877 696//877
f 703//878 698//878 48//878
f 703//879 2380//879 2379//879
f 2379//880 699//880 698//880
f 706//881 701//881 49//881
f 706//882 2382//882 2381//882
f 2381//883 702//883 701//883
f 709//884 704//884 50//884
f 708//885 2383//885 709//885
f 2383//886 705//886 704//886
f 602//887 707//887 41//887
f 603//888 2385//888 602//888
f 2385//889 708//889 707//889
f 38//890 2387//890 604//890
f 613//891 2388//891 2387//891
f 604//892 2386//892 603//892
f 2389//893 2393//893 2392//893
f 2390//894 2394//894 2393//894
f 2392//895 2396//895 2395//895
f 2393//896 2397//896 2396//896
f 50//897 2389//897 727//897
f 704//898 2390//898 2389//898
f 705//899 2391//899 2390//899
f 706//900 721//900 2391//900
f 2391//901 720//901 2394//901
f 2394//902 719//902 2397//902
f 2397//903 200//903 676//903
f 2396//904 676//904 675//904
f 2395//905 675//905 674//905
f 725//906 674//906 201//906
f 726//907 2395//907 725//907
f 727//908 2392//908 726//908
f 2399//909 2401//909 2398//909
f 2400//910 2402//910 2399//910
f 2402//911 2404//911 2401//911
f 2403//912 2405//912 2402//912
f 47//913 2398//913 659//913
f 696//914 2398//914 695//914
f 697//915 2399//915 696//915
f 46//916 2400//916 697//916
f 728//917 2403//917 2400//917
f 729//918 2406//918 2403//918
f 730//919 619//919 2406//919
f 2406//920 618//920 2405//920
f 2404//921 618//921 617//921
f 661//922 617//922 189//922
f 660//923 2404//923 661//923
f 659//924 2401//924 660//924
f 2407//925 2411//925 2410//925
f 2408//926 2412//926 2411//926
f 2410//927 2414//927 2413//927
f 2411//928 2415//928 2414//928
f 41//929 2407//929 665//929
f 707//930 2408//930 2407//930
f 708//931 2409//931 2408//931
f 50//932 2409//932 709//932
f 2409//933 726//933 2412//933
f 2412//934 725//934 2415//934
f 2415//935 201//935 664//935
f 2414//936 664//936 663//936
f 2413//937 663//937 662//937
f 667//938 662//938 178//938
f 666//939 2413//939 667//939
f 665//940 2410//940 666//940
f 2417//941 2419//941 2416//941
f 2418//942 2420//942 2417//942
f 2420//943 2422//943 2419//943
f 2421//944 2423//944 2420//944
f 731//945 646//945 185//945
f 732//946 2416//946 731//946
f 733//947 2417//947 732//947
f 188//948 2418//948 733//948
f 730//949 2421//949 2418//949
f 729//950 2424//950 2421//950
f 728//951 694//951 2424//951
f 2424//952 693//952 2423//952
f 2423//953 692//953 2422//953
f 2422//954 39//954 644//954
f 2419//955 644//955 645//955
f 2416//956 645//956 646//956
f 2426//957 2428//957 2425//957
f 2427//958 2429//958 2426//958
f 2429//959 2431//959 2428//959
f 2430//960 2432//960 2429//960
f 734//961 296//961 115//961
f 735//962 2425//962 734//962
f 736//963 2426//963 735//963
f 185//964 2427//964 736//964
f 646//965 2430//965 2427//965
f 645//966 2433//966 2430//966
f 644//967 652//967 2433//967
f 2433//968 651//968 2432//968
f 2432//969 650//969 2431//969
f 2431//970 2//970 298//970
f 2428//971 298//971 297//971
f 2425//972 297//972 296//972
f 2436//973 2444//973 2435//973
f 2438//974 2436//974 2437//974
f 2439//975 2434//975 2438//975
f 2442//976 2440//976 2441//976
f 2443//977 2434//977 2442//977
f 307//978 740//978 3//978
f 306//979 2435//979 307//979
f 2435//980 741//980 740//980
f 4//981 2437//981 305//981
f 611//982 2438//982 2437//982
f 305//983 2436//983 306//983
f 749//984 613//984 38//984
f 749//985 2440//985 2439//985
f 2439//986 612//986 613//986
f 764//987 751//987 55//987
f 765//988 2441//988 764//988
f 2441//989 750//989 751//989
f 52//990 2443//990 766//990
f 742//991 2444//991 2443//991
f 766//992 2442//992 765//992
f 2447//993 2455//993 2446//993
f 2448//994 2445//994 2447//994
f 2451//995 2449//995 2450//995
f 2452//996 2445//996 2451//996
f 2454//997 2445//997 2453//997
f 313//998 610//998 1//998
f 312//999 2446//999 313//999
f 2446//1000 609//1000 610//1000
f 3//1001 2448//1001 311//1001
f 740//1002 2449//1002 2448//1002
f 311//1003 2447//1003 312//1003
f 767//1004 742//1004 52//1004
f 768//1005 2450//1005 767//1005
f 2450//1006 741//1006 742//1006
f 57//1007 2452//1007 769//1007
f 772//1008 2453//1008 2452//1008
f 769//1009 2451//1009 768//1009
f 51//1010 2454//1010 770//1010
f 608//1011 2455//1011 2454//1011
f 770//1012 2453//1012 771//1012
f 2458//1013 2476//1013 2457//1013
f 2460//1014 2458//1014 2459//1014
f 2462//1015 2460//1015 2461//1015
f 2463//1016 2456//1016 2462//1016
f 2465//1017 2456//1017 2464//1017
f 2468//1018 2466//1018 2467//1018
f 2470//1019 2468//1019 2469//1019
f 2472//1020 2470//1020 2471//1020
f 2473//1021 2456//1021 2472//1021
f 2475//1022 2456//1022 2474//1022
f 604//1023 640//1023 38//1023
f 603//1024 2457//1024 604//1024
f 2457//1025 639//1025 640//1025
f 677//1026 602//1026 41//1026
f 678//1027 2459//1027 677//1027
f 2459//1028 603//1028 602//1028
f 682//1029 679//1029 42//1029
f 681//1030 2461//1030 682//1030
f 2461//1031 678//1031 679//1031
f 43//1032 2463//1032 680//1032
f 685//1033 2464//1033 2463//1033
f 680//1034 2462//1034 681//1034
f 44//1035 2465//1035 683//1035
f 688//1036 2466//1036 2465//1036
f 683//1037 2464//1037 684//1037
f 691//1038 686//1038 45//1038
f 691//1039 2468//1039 2467//1039
f 2467//1040 687//1040 686//1040
f 743//1041 689//1041 40//1041
f 744//1042 2469//1042 743//1042
f 2469//1043 690//1043 689//1043
f 779//1044 745//1044 53//1044
f 780//1045 2471//1045 779//1045
f 2471//1046 744//1046 745//1046
f 58//1047 2473//1047 781//1047
f 783//1048 2473//1048 784//1048
f 781//1049 2472//1049 780//1049
f 54//1050 2475//1050 782//1050
f 638//1051 2476//1051 2475//1051
f 782//1052 2474//1052 783//1052
f 2478//1053 2480//1053 2477//1053
f 2479//1054 2481//1054 2478//1054
f 2481//1055 2483//1055 2480//1055
f 2482//1056 2484//1056 2481//1056
f 55//1057 2477//1057 761//1057
f 750//1058 2477//1058 751//1058
f 749//1059 2478//1059 750//1059
f 38//1060 2479//1060 749//1060
f 640//1061 2482//1061 2479//1061
f 639//1062 2485//1062 2482//1062
f 638//1063 758//1063 2485//1063
f 2485//1064 759//1064 2484//1064
f 2484//1065 760//1065 2483//1065
f 2483//1066 56//1066 763//1066
f 2480//1067 763//1067 762//1067
f 2477//1068 762//1068 761//1068
f 2487//1069 2489//1069 2486//1069
f 2488//1070 2490//1070 2487//1070
f 2490//1071 2492//1071 2489//1071
f 2491//1072 2493//1072 2490//1072
f 781//1073 599//1073 58//1073
f 780//1074 2486//1074 781//1074
f 779//1075 2487//1075 780//1075
f 53//1076 2488//1076 779//1076
f 776//1077 2491//1077 2488//1077
f 777//1078 2494//1078 2491//1078
f 778//1079 635//1079 2494//1079
f 2494//1080 636//1080 2493//1080
f 2493//1081 637//1081 2492//1081
f 2492//1082 211//1082 601//1082
f 2489//1083 601//1083 600//1083
f 2486//1084 600//1084 599//1084
f 2496//1085 2498//1085 2495//1085
f 2496//1086 2500//1086 2499//1086
f 2499//1087 2501//1087 2498//1087
f 2500//1088 2502//1088 2499//1088
f 207//1089 2495//1089 605//1089
f 755//1090 2496//1090 2495//1090
f 756//1091 2497//1091 2496//1091
f 757//1092 754//1092 2497//1092
f 2497//1093 753//1093 2500//1093
f 753//1094 2503//1094 2500//1094
f 752//1095 770//1095 2503//1095
f 2503//1096 771//1096 2502//1096
f 2502//1097 772//1097 2501//1097
f 2501//1098 57//1098 607//1098
f 2498//1099 607//1099 606//1099
f 2495//1100 606//1100 605//1100
f 2505//1101 2507//1101 2504//1101
f 2505//1102 2509//1102 2508//1102
f 2507//1103 2511//1103 2510//1103
f 2509//1104 2511//1104 2508//1104
f 788//1105 787//1105 60//1105
f 789//1106 2504//1106 788//1106
f 789//1107 2506//1107 2505//1107
f 790//1108 791//1108 2506//1108
f 2506//1109 792//1109 2509//1109
f 792//1110 2512//1110 2509//1110
f 793//1111 794//1111 2512//1111
f 2512//1112 795//1112 2511//1112
f 2510//1113 795//1113 796//1113
f 785//1114 796//1114 59//1114
f 786//1115 2510//1115 785//1115
f 2504//1116 786//1116 787//1116
f 2514//1117 2516//1117 2513//1117
f 2515//1118 2517//1118 2514//1118
f 2516//1119 2520//1119 2519//1119
f 2517//1120 2521//1120 2520//1120
f 797//1121 890//1121 71//1121
f 798//1122 2513//1122 797//1122
f 799//1123 2514//1123 798//1123
f 220//1124 2515//1124 799//1124
f 800//1125 2518//1125 2515//1125
f 2518//1126 802//1126 2521//1126
f 2521//1127 219//1127 875//1127
f 2520//1128 875//1128 876//1128
f 2519//1129 876//1129 877//1129
f 892//1130 877//1130 73//1130
f 891//1131 2519//1131 892//1131
f 2513//1132 891//1132 890//1132
f 2522//1133 2526//1133 2525//1133
f 2524//1134 2526//1134 2523//1134
f 2526//1135 2528//1135 2525//1135
f 2527//1136 2529//1136 2526//1136
f 68//1137 2522//1137 866//1137
f 815//1138 2523//1138 2522//1138
f 816//1139 2524//1139 2523//1139
f 60//1140 2524//1140 817//1140
f 787//1141 2527//1141 2524//1141
f 2527//1142 785//1142 2530//1142
f 2530//1143 59//1143 854//1143
f 2530//1144 855//1144 2529//1144
f 2529//1145 856//1145 2528//1145
f 2528//1146 70//1146 868//1146
f 2525//1147 868//1147 867//1147
f 866//1148 2525//1148 867//1148
f 2532//1149 2534//1149 2531//1149
f 2533//1150 2535//1150 2532//1150
f 2535//1151 2537//1151 2534//1151
f 2536//1152 2538//1152 2535//1152
f 889//1153 818//1153 72//1153
f 888//1154 2531//1154 889//1154
f 887//1155 2532//1155 888//1155
f 73//1156 2533//1156 887//1156
f 877//1157 2536//1157 2533//1157
f 876//1158 2539//1158 2536//1158
f 875//1159 814//1159 2539//1159
f 2539//1160 813//1160 2538//1160
f 2538//1161 812//1161 2537//1161
f 2537//1162 217//1162 820//1162
f 2534//1163 820//1163 819//1163
f 2531//1164 819//1164 818//1164
f 2541//1165 2543//1165 2540//1165
f 2541//1166 2545//1166 2544//1166
f 2544//1167 2546//1167 2543//1167
f 2544//1168 2548//1168 2547//1168
f 865//1169 815//1169 68//1169
f 864//1170 2540//1170 865//1170
f 864//1171 2542//1171 2541//1171
f 863//1172 853//1172 2542//1172
f 2542//1173 852//1173 2545//1173
f 2545//1174 851//1174 2548//1174
f 2548//1175 62//1175 790//1175
f 2547//1176 790//1176 789//1176
f 2547//1177 788//1177 2546//1177
f 2546//1178 60//1178 817//1178
f 2543//1179 817//1179 816//1179
f 2540//1180 816//1180 815//1180
f 2549//1181 2553//1181 2552//1181
f 2550//1182 2554//1182 2553//1182
f 2552//1183 2556//1183 2555//1183
f 2553//1184 2557//1184 2556//1184
f 74//1185 2549//1185 827//1185
f 886//1186 2550//1186 2549//1186
f 885//1187 2551//1187 2550//1187
f 884//1188 871//1188 2551//1188
f 2551//1189 870//1189 2554//1189
f 2554//1190 869//1190 2557//1190
f 2557//1191 63//1191 833//1191
f 2556//1192 833//1192 834//1192
f 2556//1193 835//1193 2555//1193
f 2555//1194 65//1194 829//1194
f 2552//1195 829//1195 828//1195
f 827//1196 2552//1196 828//1196
f 2558//1197 2562//1197 2561//1197
f 2559//1198 2563//1198 2562//1198
f 2561//1199 2565//1199 2564//1199
f 2563//1200 2565//1200 2562//1200
f 70//1201 2558//1201 830//1201
f 862//1202 2559//1202 2558//1202
f 861//1203 2560//1203 2559//1203
f 67//1204 2560//1204 860//1204
f 847//1205 2563//1205 2560//1205
f 846//1206 2566//1206 2563//1206
f 845//1207 836//1207 2566//1207
f 2566//1208 837//1208 2565//1208
f 2564//1209 837//1209 838//1209
f 832//1210 838//1210 66//1210
f 831//1211 2564//1211 832//1211
f 830//1212 2561//1212 831//1212
f 2568//1213 2570//1213 2567//1213
f 2568//1214 2572//1214 2571//1214
f 2570//1215 2574//1215 2573//1215
f 2572//1216 2574//1216 2571//1216
f 827//1217 881//1217 74//1217
f 828//1218 2567//1218 827//1218
f 828//1219 2569//1219 2568//1219
f 829//1220 839//1220 2569//1220
f 2569//1221 840//1221 2572//1221
f 840//1222 2575//1222 2572//1222
f 841//1223 872//1223 2575//1223
f 2575//1224 873//1224 2574//1224
f 2573//1225 873//1225 874//1225
f 883//1226 874//1226 72//1226
f 882//1227 2573//1227 883//1227
f 2567//1228 882//1228 881//1228
f 2577//1229 2579//1229 2576//1229
f 2578//1230 2580//1230 2577//1230
f 2579//1231 2583//1231 2582//1231
f 2580//1232 2584//1232 2583//1232
f 821//1233 857//1233 69//1233
f 822//1234 2576//1234 821//1234
f 823//1235 2577//1235 822//1235
f 63//1236 2578//1236 823//1236
f 842//1237 2581//1237 2578//1237
f 2581//1238 844//1238 2584//1238
f 2584//1239 64//1239 845//1239
f 2583//1240 845//1240 846//1240
f 2582//1241 846//1241 847//1241
f 859//1242 847//1242 67//1242
f 858//1243 2582//1243 859//1243
f 2576//1244 858//1244 857//1244
f 2585//1245 2589//1245 2588//1245
f 2587//1246 2589//1246 2586//1246
f 2588//1247 2592//1247 2591//1247
f 2589//1248 2593//1248 2592//1248
f 62//1249 2585//1249 791//1249
f 852//1250 2585//1250 851//1250
f 853//1251 2586//1251 852//1251
f 69//1252 2587//1252 853//1252
f 857//1253 2590//1253 2587//1253
f 2590//1254 859//1254 2593//1254
f 2593//1255 67//1255 803//1255
f 2592//1256 803//1256 804//1256
f 2591//1257 804//1257 805//1257
f 2591//1258 61//1258 793//1258
f 2588//1259 793//1259 792//1259
f 791//1260 2588//1260 792//1260
f 2594//1261 2598//1261 2597//1261
f 2596//1262 2598//1262 2595//1262
f 2597//1263 2601//1263 2600//1263
f 2599//1264 2601//1264 2598//1264
f 59//1265 2594//1265 854//1265
f 796//1266 2595//1266 2594//1266
f 794//1267 2595//1267 795//1267
f 61//1268 2596//1268 794//1268
f 805//1269 2599//1269 2596//1269
f 804//1270 2602//1270 2599//1270
f 803//1271 860//1271 2602//1271
f 2602//1272 861//1272 2601//1272
f 2600//1273 861//1273 862//1273
f 856//1274 862//1274 70//1274
f 855//1275 2600//1275 856//1275
f 854//1276 2597//1276 855//1276
f 2604//1277 2606//1277 2603//1277
f 2605//1278 2607//1278 2604//1278
f 2607//1279 2609//1279 2606//1279
f 2608//1280 2610//1280 2607//1280
f 835//1281 848//1281 65//1281
f 834//1282 2603//1282 835//1282
f 834//1283 2605//1283 2604//1283
f 833//1284 823//1284 2605//1284
f 2605//1285 822//1285 2608//1285
f 2608//1286 821//1286 2611//1286
f 2611//1287 69//1287 863//1287
f 2611//1288 864//1288 2610//1288
f 2610//1289 865//1289 2609//1289
f 2609//1290 68//1290 850//1290
f 2606//1291 850//1291 849//1291
f 2603//1292 849//1292 848//1292
f 2612//1293 2616//1293 2615//1293
f 2613//1294 2617//1294 2616//1294
f 2616//1295 2618//1295 2615//1295
f 2617//1296 2619//1296 2616//1296
f 65//1297 2612//1297 839//1297
f 848//1298 2613//1298 2612//1298
f 849//1299 2614//1299 2613//1299
f 850//1300 866//1300 2614//1300
f 2614//1301 867//1301 2617//1301
f 867//1302 2620//1302 2617//1302
f 868//1303 830//1303 2620//1303
f 2620//1304 831//1304 2619//1304
f 2619//1305 832//1305 2618//1305
f 2618//1306 66//1306 841//1306
f 2615//1307 841//1307 840//1307
f 839//1308 2615//1308 840//1308
f 2622//1309 2624//1309 2621//1309
f 2623//1310 2625//1310 2622//1310
f 2625//1311 2627//1311 2624//1311
f 2625//1312 2629//1312 2628//1312
f 878//1313 809//1313 218//1313
f 879//1314 2621//1314 878//1314
f 880//1315 2622//1315 879//1315
f 74//1316 2623//1316 880//1316
f 881//1317 2626//1317 2623//1317
f 2626//1318 883//1318 2629//1318
f 2629//1319 72//1319 818//1319
f 2628//1320 818//1320 819//1320
f 2627//1321 819//1321 820//1321
f 2627//1322 217//1322 811//1322
f 2624//1323 811//1323 810//1323
f 2621//1324 810//1324 809//1324
f 2630//1325 2634//1325 2633//1325
f 2631//1326 2635//1326 2634//1326
f 2633//1327 2637//1327 2636//1327
f 2634//1328 2638//1328 2637//1328
f 218//1329 2630//1329 878//1329
f 808//1330 2631//1330 2630//1330
f 807//1331 2632//1331 2631//1331
f 806//1332 799//1332 2632//1332
f 2632//1333 798//1333 2635//1333
f 2635//1334 797//1334 2638//1334
f 2638//1335 71//1335 884//1335
f 2637//1336 884//1336 885//1336
f 2636//1337 885//1337 886//1337
f 880//1338 886//1338 74//1338
f 879//1339 2636//1339 880//1339
f 878//1340 2633//1340 879//1340
f 2640//1341 2642//1341 2639//1341
f 2641//1342 2643//1342 2640//1342
f 2643//1343 2645//1343 2642//1343
f 2644//1344 2646//1344 2643//1344
f 66//1345 2639//1345 872//1345
f 838//1346 2640//1346 2639//1346
f 836//1347 2640//1347 837//1347
f 64//1348 2641//1348 836//1348
f 826//1349 2644//1349 2641//1349
f 825//1350 2647//1350 2644//1350
f 824//1351 887//1351 2647//1351
f 2647//1352 888//1352 2646//1352
f 2646//1353 889//1353 2645//1353
f 2645//1354 72//1354 874//1354
f 2642//1355 874//1355 873//1355
f 872//1356 2642//1356 873//1356
f 2649//1357 2651//1357 2648//1357
f 2650//1358 2652//1358 2649//1358
f 2651//1359 2655//1359 2654//1359
f 2652//1360 2656//1360 2655//1360
f 869//1361 842//1361 63//1361
f 870//1362 2648//1362 869//1362
f 871//1363 2649//1363 870//1363
f 71//1364 2650//1364 871//1364
f 890//1365 2653//1365 2650//1365
f 2653//1366 892//1366 2656//1366
f 2656//1367 73//1367 824//1367
f 2655//1368 824//1368 825//1368
f 2654//1369 825//1369 826//1369
f 844//1370 826//1370 64//1370
f 843//1371 2654//1371 844//1371
f 2648//1372 843//1372 842//1372
f 2657//1373 2661//1373 2660//1373
f 2659//1374 2661//1374 2658//1374
f 2660//1375 2664//1375 2663//1375
f 2661//1376 2665//1376 2664//1376
f 1000//1377 964//1377 88//1377
f 999//1378 2657//1378 1000//1378
f 998//1379 2658//1379 999//1379
f 84//1380 2659//1380 998//1380
f 968//1381 2662//1381 2659//1381
f 2662//1382 970//1382 2665//1382
f 2665//1383 92//1383 1037//1383
f 2664//1384 1037//1384 1038//1384
f 2663//1385 1038//1385 1039//1385
f 962//1386 1039//1386 96//1386
f 963//1387 2663//1387 962//1387
f 964//1388 2660//1388 963//1388
f 2668//1389 2676//1389 2667//1389
f 2670//1390 2668//1390 2669//1390
f 2672//1391 2670//1391 2671//1391
f 2673//1392 2666//1392 2672//1392
f 2676//1393 2674//1393 2675//1393
f 905//1394 959//1394 233//1394
f 905//1395 2668//1395 2667//1395
f 2667//1396 960//1396 959//1396
f 904//1397 907//1397 234//1397
f 903//1398 2669//1398 904//1398
f 2669//1399 906//1399 907//1399
f 901//1400 902//1400 76//1400
f 900//1401 2671//1401 901//1401
f 2671//1402 903//1402 902//1402
f 75//1403 2673//1403 899//1403
f 898//1404 2674//1404 2673//1404
f 899//1405 2672//1405 900//1405
f 82//1406 2675//1406 896//1406
f 961//1407 2676//1407 2675//1407
f 896//1408 2674//1408 897//1408
f 2679//1409 2687//1409 2678//1409
f 2680//1410 2677//1410 2679//1410
f 2682//1411 2677//1411 2681//1411
f 2685//1412 2683//1412 2684//1412
f 2686//1413 2677//1413 2685//1413
f 1157//1414 1138//1414 102//1414
f 1158//1415 2678//1415 1157//1415
f 2678//1416 1137//1416 1138//1416
f 105//1417 2680//1417 1159//1417
f 1155//1418 2680//1418 1156//1418
f 1159//1419 2679//1419 1158//1419
f 1120//1420 1154//1420 33//1420
f 1119//1421 2682//1421 1120//1421
f 1154//1422 2681//1422 1155//1422
f 75//1423 2684//1423 1118//1423
f 900//1424 2684//1424 899//1424
f 1118//1425 2683//1425 1119//1425
f 76//1426 2686//1426 901//1426
f 1136//1427 2687//1427 2686//1427
f 901//1428 2685//1428 900//1428
f 2689//1429 2688//1429 2698//1429
f 2692//1430 2690//1430 2691//1430
f 2693//1431 2688//1431 2692//1431
f 2696//1432 2694//1432 2695//1432
f 2697//1433 2688//1433 2696//1433
f 181//1434 2689//1434 916//1434
f 778//1435 2690//1435 2689//1435
f 916//1436 2698//1436 915//1436
f 895//1437 776//1437 53//1437
f 894//1438 2691//1438 895//1438
f 2691//1439 777//1439 776//1439
f 102//1440 2693//1440 893//1440
f 1138//1441 2694//1441 2693//1441
f 893//1442 2692//1442 894//1442
f 902//1443 1136//1443 76//1443
f 903//1444 2695//1444 902//1444
f 2695//1445 1137//1445 1136//1445
f 234//1446 2697//1446 904//1446
f 914//1447 2698//1447 2697//1447
f 904//1448 2696//1448 903//1448
f 2700//1449 2702//1449 2699//1449
f 2700//1450 2704//1450 2703//1450
f 2702//1451 2706//1451 2705//1451
f 2704//1452 2706//1452 2703//1452
f 920//1453 919//1453 78//1453
f 921//1454 2699//1454 920//1454
f 921//1455 2701//1455 2700//1455
f 922//1456 923//1456 2701//1456
f 2701//1457 924//1457 2704//1457
f 924//1458 2707//1458 2704//1458
f 925//1459 926//1459 2707//1459
f 2707//1460 927//1460 2706//1460
f 2705//1461 927//1461 928//1461
f 917//1462 928//1462 77//1462
f 918//1463 2705//1463 917//1463
f 2699//1464 918//1464 919//1464
f 2708//1465 2712//1465 2711//1465
f 2710//1466 2712//1466 2709//1466
f 2712//1467 2714//1467 2711//1467
f 2712//1468 2716//1468 2715//1468
f 80//1469 2708//1469 923//1469
f 930//1470 2708//1470 929//1470
f 931//1471 2709//1471 930//1471
f 244//1472 2710//1472 931//1472
f 932//1473 2713//1473 2710//1473
f 2713//1474 934//1474 2716//1474
f 2716//1475 243//1475 935//1475
f 2715//1476 935//1476 936//1476
f 2714//1477 936//1477 937//1477
f 2714//1478 79//1478 925//1478
f 2711//1479 925//1479 924//1479
f 923//1480 2711//1480 924//1480
f 2718//1481 2720//1481 2717//1481
f 2719//1482 2721//1482 2718//1482
f 2720//1483 2724//1483 2723//1483
f 2721//1484 2725//1484 2724//1484
f 242//1485 2717//1485 941//1485
f 948//1486 2717//1486 947//1486
f 949//1487 2718//1487 948//1487
f 78//1488 2719//1488 949//1488
f 919//1489 2722//1489 2719//1489
f 2722//1490 917//1490 2725//1490
f 2725//1491 77//1491 950//1491
f 2724//1492 950//1492 951//1492
f 2724//1493 952//1493 2723//1493
f 2723//1494 241//1494 943//1494
f 942//1494 2723//1494 943//1494
f 2717//1494 942//1494 941//1494
f 2726//1495 2730//1495 2729//1495
f 2728//1496 2730//1496 2727//1496
f 2730//1497 2732//1497 2729//1497
f 2731//1498 2733//1498 2730//1498
f 77//1499 2726//1499 950//1499
f 928//1500 2727//1500 2726//1500
f 926//1501 2727//1501 927//1501
f 79//1502 2728//1502 926//1502
f 937//1503 2731//1503 2728//1503
f 936//1504 2734//1504 2731//1504
f 935//1505 946//1505 2734//1505
f 2734//1506 945//1506 2733//1506
f 2733//1507 944//1507 2732//1507
f 952//1508 944//1508 241//1508
f 951//1509 2732//1509 952//1509
f 950//1510 2729//1510 951//1510
f 2735//1511 2739//1511 2738//1511
f 2736//1512 2740//1512 2739//1512
f 2739//1513 2741//1513 2738//1513
f 2739//1514 2743//1514 2742//1514
f 940//1515 947//1515 242//1515
f 940//1516 2736//1516 2735//1516
f 939//1517 2737//1517 2736//1517
f 938//1518 931//1518 2737//1518
f 2737//1519 930//1519 2740//1519
f 2740//1520 929//1520 2743//1520
f 2743//1521 80//1521 922//1521
f 2742//1522 922//1522 921//1522
f 2742//1523 920//1523 2741//1523
f 2741//1524 78//1524 949//1524
f 2738//1525 949//1525 948//1525
f 2735//1526 948//1526 947//1526
f 2744//1527 2748//1527 2747//1527
f 2745//1528 2749//1528 2748//1528
f 2747//1529 2751//1529 2750//1529
f 2748//1530 2752//1530 2751//1530
f 45//1531 2744//1531 965//1531
f 686//1532 2745//1532 2744//1532
f 687//1533 2746//1533 2745//1533
f 688//1534 724//1534 2746//1534
f 2746//1535 723//1535 2749//1535
f 2749//1536 722//1536 2752//1536
f 2752//1537 83//1537 971//1537
f 2751//1538 971//1538 972//1538
f 2750//1539 972//1539 973//1539
f 2750//1540 84//1540 967//1540
f 966//1541 2750//1541 967//1541
f 965//1542 2747//1542 966//1542
f 2755//1543 2763//1543 2754//1543
f 2756//1544 2753//1544 2755//1544
f 2759//1545 2757//1545 2758//1545
f 2760//1546 2753//1546 2759//1546
f 2763//1547 2761//1547 2762//1547
f 680//1548 718//1548 43//1548
f 681//1549 2754//1549 680//1549
f 2754//1550 717//1550 718//1550
f 42//1551 2756//1551 682//1551
f 670//1552 2757//1552 2756//1552
f 682//1553 2755//1553 681//1553
f 655//1554 668//1554 175//1554
f 654//1555 2758//1555 655//1555
f 2758//1556 669//1556 668//1556
f 245//1557 2760//1557 653//1557
f 980//1558 2761//1558 2760//1558
f 653//1559 2759//1559 654//1559
f 85//1560 2762//1560 982//1560
f 716//1561 2763//1561 2762//1561
f 2762//1562 981//1562 982//1562
f 2766//1563 2776//1563 2765//1563
f 2768//1564 2766//1564 2767//1564
f 2769//1565 2764//1565 2768//1565
f 2772//1566 2770//1566 2771//1566
f 2774//1567 2772//1567 2773//1567
f 2775//1568 2764//1568 2774//1568
f 715//1569 913//1569 40//1569
f 714//1570 2765//1570 715//1570
f 2765//1571 912//1571 913//1571
f 986//1572 713//1572 81//1572
f 987//1573 2767//1573 986//1573
f 2767//1574 714//1574 713//1574
f 86//1575 2769//1575 988//1575
f 991//1576 2770//1576 2769//1576
f 988//1577 2768//1577 987//1577
f 896//1578 989//1578 82//1578
f 897//1579 2771//1579 896//1579
f 2771//1580 990//1580 989//1580
f 1118//1581 898//1581 75//1581
f 1119//1582 2773//1582 1118//1582
f 2773//1583 897//1583 898//1583
f 33//1584 2775//1584 1120//1584
f 911//1585 2776//1585 2775//1585
f 1120//1586 2774//1586 1119//1586
f 2777//1587 2781//1587 2780//1587
f 2778//1588 2782//1588 2781//1588
f 2780//1589 2784//1589 2783//1589
f 2781//1590 2785//1590 2784//1590
f 100//1591 2777//1591 1061//1591
f 1153//1592 2778//1592 2777//1592
f 1152//1593 2779//1593 2778//1593
f 1151//1594 1174//1594 2779//1594
f 2779//1595 1173//1595 2782//1595
f 2782//1596 1172//1596 2785//1596
f 2785//1597 277//1597 1076//1597
f 2784//1598 1076//1598 1077//1598
f 2783//1599 1077//1599 1078//1599
f 1063//1600 1078//1600 273//1600
f 1062//1601 2783//1601 1063//1601
f 1061//1602 2780//1602 1062//1602
f 2787//1603 2786//1603 2796//1603
f 2789//1604 2786//1604 2788//1604
f 2792//1605 2790//1605 2791//1605
f 2793//1606 2786//1606 2792//1606
f 2796//1607 2794//1607 2795//1607
f 44//1608 2787//1608 724//1608
f 683//1609 2788//1609 2787//1609
f 724//1610 2796//1610 723//1610
f 43//1611 2789//1611 685//1611
f 718//1612 2790//1612 2789//1612
f 685//1613 2788//1613 684//1613
f 992//1614 716//1614 85//1614
f 993//1615 2791//1615 992//1615
f 2791//1616 717//1616 716//1616
f 87//1617 2793//1617 994//1617
f 997//1618 2794//1618 2793//1618
f 994//1619 2792//1619 993//1619
f 722//1620 995//1620 83//1620
f 723//1621 2795//1621 722//1621
f 2795//1622 996//1622 995//1622
f 2798//1623 2797//1623 2807//1623
f 2801//1624 2799//1624 2800//1624
f 2803//1625 2801//1625 2802//1625
f 2804//1626 2797//1626 2803//1626
f 2807//1627 2805//1627 2806//1627
f 40//1628 2798//1628 715//1628
f 689//1629 2799//1629 2798//1629
f 715//1630 2807//1630 714//1630
f 965//1631 691//1631 45//1631
f 966//1632 2800//1632 965//1632
f 2800//1633 690//1633 691//1633
f 998//1634 967//1634 84//1634
f 999//1635 2802//1635 998//1635
f 967//1636 2801//1636 966//1636
f 88//1637 2804//1637 1000//1637
f 1003//1638 2805//1638 2804//1638
f 1000//1639 2803//1639 999//1639
f 713//1640 1001//1640 81//1640
f 714//1641 2806//1641 713//1641
f 2806//1642 1002//1642 1001//1642
f 2809//1643 2811//1643 2808//1643
f 2810//1644 2812//1644 2809//1644
f 2812//1645 2814//1645 2811//1645
f 2813//1646 2815//1646 2812//1646
f 1169//1647 908//1647 97//1647
f 1170//1648 2808//1648 1169//1648
f 1171//1649 2809//1649 1170//1649
f 107//1650 2810//1650 1171//1650
f 1018//1651 2813//1651 2810//1651
f 2813//1652 1016//1652 2816//1652
f 2816//1653 179//1653 1087//1653
f 2816//1654 1086//1654 2815//1654
f 2815//1655 1085//1655 2814//1655
f 2814//1656 271//1656 910//1656
f 2811//1657 910//1657 909//1657
f 2808//1658 909//1658 908//1658
f 2817//1659 2821//1659 2820//1659
f 2818//1660 2822//1660 2821//1660
f 2820//1661 2824//1661 2823//1661
f 2821//1662 2825//1662 2824//1662
f 99//1663 2817//1663 1174//1663
f 1190//1664 2818//1664 2817//1664
f 1191//1665 2819//1665 2818//1665
f 1192//1666 1072//1666 2819//1666
f 2819//1667 1071//1667 2822//1667
f 2822//1668 1070//1668 2825//1668
f 2825//1669 285//1669 1144//1669
f 2824//1670 1144//1670 1143//1670
f 2823//1671 1143//1671 1142//1671
f 1172//1672 1142//1672 277//1672
f 1173//1673 2823//1673 1172//1673
f 1174//1674 2820//1674 1173//1674
f 2827//1675 2826//1675 2832//1675
f 2830//1676 2828//1676 2829//1676
f 2831//1677 2826//1677 2830//1677
f 1024//1678 1139//1678 93//1678
f 1023//1679 2827//1679 1024//1679
f 2827//1680 1140//1680 1139//1680
f 1088//1681 1022//1681 257//1681
f 1089//1682 2829//1682 1088//1682
f 2829//1683 1023//1683 1022//1683
f 274//1684 2831//1684 1090//1684
f 1141//1685 2832//1685 2831//1685
f 1090//1686 2830//1686 1089//1686
f 2833//1687 2837//1687 2836//1687
f 2834//1688 2838//1688 2837//1688
f 2836//1689 2840//1689 2839//1689
f 2837//1690 2841//1690 2840//1690
f 101//1691 2833//1691 1127//1691
f 1150//1692 2834//1692 2833//1692
f 1149//1693 2835//1693 2834//1693
f 1148//1694 1093//1694 2835//1694
f 2835//1695 1092//1695 2838//1695
f 2838//1696 1091//1696 2841//1696
f 2841//1697 266//1697 1124//1697
f 2840//1698 1124//1698 1125//1698
f 2839//1699 1125//1699 1126//1699
f 1129//1700 1126//1700 272//1700
f 1128//1701 2839//1701 1129//1701
f 1127//1702 2836//1702 1128//1702
f 2842//1703 2846//1703 2845//1703
f 2843//1704 2847//1704 2846//1704
f 2845//1705 2849//1705 2848//1705
f 2846//1706 2850//1706 2849//1706
f 973//1707 968//1707 84//1707
f 973//1708 2843//1708 2842//1708
f 972//1709 2844//1709 2843//1709
f 971//1710 1052//1710 2844//1710
f 2844//1711 1053//1711 2847//1711
f 2847//1712 1054//1712 2850//1712
f 2850//1713 91//1713 1019//1713
f 2849//1714 1019//1714 1020//1714
f 2848//1715 1020//1715 1021//1715
f 970//1716 1021//1716 92//1716
f 969//1717 2848//1717 970//1717
f 968//1718 2845//1718 969//1718
f 2851//1719 2855//1719 2854//1719
f 2852//1720 2856//1720 2855//1720
f 2855//1721 2857//1721 2854//1721
f 2855//1722 2859//1722 2858//1722
f 82//1723 2851//1723 1057//1723
f 989//1724 2852//1724 2851//1724
f 990//1725 2853//1725 2852//1725
f 991//1726 304//1726 2853//1726
f 2853//1727 303//1727 2856//1727
f 2856//1728 302//1728 2859//1728
f 302//1729 1030//1729 2859//1729
f 2859//1730 1029//1730 2858//1730
f 2858//1731 1028//1731 2857//1731
f 2857//1732 90//1732 1055//1732
f 2854//1733 1055//1733 1056//1733
f 1057//1734 2854//1734 1056//1734
f 2861//1735 2863//1735 2860//1735
f 2862//1736 2864//1736 2861//1736
f 2864//1737 2866//1737 2863//1737
f 2865//1738 2867//1738 2864//1738
f 994//1739 625//1739 87//1739
f 993//1740 2860//1740 994//1740
f 992//1741 2861//1741 993//1741
f 85//1742 2862//1742 992//1742
f 1048//1743 2865//1743 2862//1743
f 1047//1744 2868//1744 2865//1744
f 1046//1745 1031//1745 2868//1745
f 2868//1746 1032//1746 2867//1746
f 2867//1747 1033//1747 2866//1747
f 2866//1748 95//1748 623//1748
f 2863//1749 623//1749 624//1749
f 2860//1750 624//1750 625//1750
f 2869//1751 2873//1751 2872//1751
f 2870//1752 2874//1752 2873//1752
f 2873//1753 2875//1753 2872//1753
f 2874//1754 2876//1754 2873//1754
f 233//1755 2869//1755 955//1755
f 959//1756 2870//1756 2869//1756
f 960//1757 2871//1757 2870//1757
f 961//1758 1057//1758 2871//1758
f 2871//1759 1056//1759 2874//1759
f 1056//1760 2877//1760 2874//1760
f 1055//1761 1012//1761 2877//1761
f 2877//1762 1011//1762 2876//1762
f 2876//1763 1010//1763 2875//1763
f 2875//1764 252//1764 953//1764
f 2872//1765 953//1765 954//1765
f 955//1766 2872//1766 954//1766
f 2878//1767 2882//1767 2881//1767
f 2879//1768 2883//1768 2882//1768
f 2881//1769 2885//1769 2884//1769
f 2882//1770 2886//1770 2885//1770
f 83//1771 2878//1771 1052//1771
f 995//1772 2879//1772 2878//1772
f 996//1773 2880//1773 2879//1773
f 997//1774 625//1774 2880//1774
f 2880//1775 624//1775 2883//1775
f 2883//1776 623//1776 2886//1776
f 623//1777 1036//1777 2886//1777
f 2885//1778 1036//1778 1035//1778
f 2884//1779 1035//1779 1034//1779
f 1054//1780 1034//1780 91//1780
f 1053//1781 2884//1781 1054//1781
f 1052//1782 2881//1782 1053//1782
f 2887//1783 2891//1783 2890//1783
f 2889//1784 2891//1784 2888//1784
f 2891//1785 2893//1785 2890//1785
f 2892//1786 2894//1786 2891//1786
f 1114//1787 622//1787 94//1787
f 1114//1788 2888//1788 2887//1788
f 1113//1789 2889//1789 2888//1789
f 97//1790 2889//1790 1112//1790
f 908//1791 2892//1791 2889//1791
f 909//1792 2895//1792 2892//1792
f 910//1793 1007//1793 2895//1793
f 2895//1794 1008//1794 2894//1794
f 2894//1795 1009//1795 2893//1795
f 2893//1796 269//1796 620//1796
f 2890//1797 620//1797 621//1797
f 2887//1798 621//1798 622//1798
f 2897//1799 2899//1799 2896//1799
f 2898//1800 2900//1800 2897//1800
f 2900//1801 2902//1801 2899//1801
f 2901//1802 2903//1802 2900//1802
f 1162//1803 1099//1803 106//1803
f 1161//1804 2896//1804 1162//1804
f 1160//1805 2897//1805 1161//1805
f 103//1806 2898//1806 1160//1806
f 1100//1807 2901//1807 2898//1807
f 1101//1808 2904//1808 2901//1808
f 1102//1809 1004//1809 2904//1809
f 2904//1810 1005//1810 2903//1810
f 2903//1811 1006//1811 2902//1811
f 2902//1812 187//1812 1097//1812
f 2899//1813 1097//1813 1098//1813
f 2896//1814 1098//1814 1099//1814
f 2905//1815 2909//1815 2908//1815
f 2906//1816 2910//1816 2909//1816
f 2908//1817 2912//1817 2911//1817
f 2909//1818 2913//1818 2912//1818
f 107//1819 2905//1819 1018//1819
f 1168//1820 2906//1820 2905//1820
f 1167//1821 2907//1821 2906//1821
f 1166//1822 1061//1822 2907//1822
f 2907//1823 1062//1823 2910//1823
f 2910//1824 1063//1824 2913//1824
f 2913//1825 273//1825 1103//1825
f 2912//1826 1103//1826 1104//1826
f 2911//1827 1104//1827 1105//1827
f 1016//1828 1105//1828 179//1828
f 1017//1829 2911//1829 1016//1829
f 1018//1830 2908//1830 1017//1830
f 2914//1831 2918//1831 2917//1831
f 2915//1832 2919//1832 2918//1832
f 2917//1833 2921//1833 2920//1833
f 2918//1834 2922//1834 2921//1834
f 98//1835 2914//1835 1111//1835
f 1178//1836 2915//1836 2914//1836
f 1179//1837 2916//1837 2915//1837
f 1180//1838 1123//1838 2916//1838
f 2916//1839 1122//1839 2919//1839
f 2919//1840 1121//1840 2922//1840
f 2922//1841 276//1841 1075//1841
f 2921//1842 1075//1842 1074//1842
f 2920//1843 1074//1843 1073//1843
f 1109//1844 1073//1844 186//1844
f 1110//1845 2920//1845 1109//1845
f 1111//1846 2917//1846 1110//1846
f 2923//1847 2927//1847 2926//1847
f 2924//1848 2928//1848 2927//1848
f 2926//1849 2930//1849 2929//1849
f 2927//1850 2931//1850 2930//1850
f 111//1851 2923//1851 1072//1851
f 1187//1852 2924//1852 2923//1852
f 1188//1853 2925//1853 2924//1853
f 1189//1854 1084//1854 2925//1854
f 2925//1855 1083//1855 2928//1855
f 2928//1856 1082//1856 2931//1856
f 2931//1857 267//1857 1060//1857
f 2930//1858 1060//1858 1059//1858
f 2929//1859 1059//1859 1058//1859
f 1070//1860 1058//1860 285//1860
f 1071//1861 2929//1861 1070//1861
f 1072//1862 2926//1862 1071//1862
f 2932//1863 2936//1863 2935//1863
f 2933//1864 2937//1864 2936//1864
f 2935//1865 2939//1865 2938//1865
f 2936//1866 2940//1866 2939//1866
f 89//1867 2932//1867 1130//1867
f 1040//1868 2933//1868 2932//1868
f 1041//1869 2934//1869 2933//1869
f 1042//1870 979//1870 2934//1870
f 2934//1871 978//1871 2937//1871
f 2937//1872 977//1872 2940//1872
f 2940//1873 99//1873 1151//1873
f 2939//1874 1151//1874 1152//1874
f 2938//1875 1152//1875 1153//1875
f 1132//1876 1153//1876 100//1876
f 1131//1877 2938//1877 1132//1877
f 1130//1878 2935//1878 1131//1878
f 2941//1879 2945//1879 2944//1879
f 2942//1880 2946//1880 2945//1880
f 2944//1881 2948//1881 2947//1881
f 2945//1882 2949//1882 2948//1882
f 108//1883 2941//1883 1123//1883
f 1177//1884 2942//1884 2941//1884
f 1176//1885 2943//1885 2942//1885
f 1175//1886 1127//1886 2943//1886
f 2943//1887 1128//1887 2946//1887
f 2946//1888 1129//1888 2949//1888
f 2949//1889 272//1889 1079//1889
f 2948//1890 1079//1890 1080//1890
f 2947//1891 1080//1891 1081//1891
f 1121//1892 1081//1892 276//1892
f 1122//1893 2947//1893 1121//1893
f 1123//1894 2944//1894 1122//1894
f 2950//1895 2954//1895 2953//1895
f 2951//1896 2955//1896 2954//1896
f 2953//1897 2957//1897 2956//1897
f 2954//1898 2958//1898 2957//1898
f 110//1899 2950//1899 1084//1899
f 1184//1900 2951//1900 2950//1900
f 1185//1901 2952//1901 2951//1901
f 109//1902 2952//1902 1186//1902
f 1096//1903 2955//1903 2952//1903
f 1095//1904 2958//1904 2955//1904
f 1094//1905 1066//1905 2958//1905
f 2957//1906 1066//1906 1065//1906
f 2956//1907 1065//1907 1064//1907
f 1082//1908 1064//1908 267//1908
f 1083//1909 2956//1909 1082//1909
f 1084//1910 2953//1910 1083//1910
f 2959//1911 2963//1911 2962//1911
f 2960//1912 2964//1912 2963//1912
f 2962//1913 2966//1913 2965//1913
f 2963//1914 2967//1914 2966//1914
f 104//1915 2959//1915 1093//1915
f 1163//1916 2960//1916 2959//1916
f 1164//1917 2961//1917 2960//1917
f 106//1918 2961//1918 1165//1918
f 1099//1919 2964//1919 2961//1919
f 1098//1920 2967//1920 2964//1920
f 1097//1921 1108//1921 2967//1921
f 2966//1922 1108//1922 1107//1922
f 2965//1923 1107//1923 1106//1923
f 1091//1924 1106//1924 266//1924
f 1092//1925 2965//1925 1091//1925
f 1093//1926 2962//1926 1092//1926
f 2969//1927 2971//1927 2968//1927
f 2970//1928 2972//1928 2969//1928
f 2972//1929 2974//1929 2971//1929
f 2973//1930 2975//1930 2972//1930
f 1183//1931 1096//1931 109//1931
f 1182//1932 2968//1932 1183//1932
f 1181//1933 2969//1933 1182//1933
f 98//1934 2970//1934 1181//1934
f 2970//1935 1110//1935 2973//1935
f 2973//1936 1109//1936 2976//1936
f 2976//1937 186//1937 1067//1937
f 2976//1938 1068//1938 2975//1938
f 2975//1939 1069//1939 2974//1939
f 2974//1940 275//1940 1094//1940
f 2971//1941 1094//1941 1095//1941
f 2968//1942 1095//1942 1096//1942
f 2979//1943 2987//1943 2978//1943
f 2980//1944 2977//1944 2979//1944
f 2983//1945 2981//1945 2982//1945
f 2985//1946 2983//1946 2984//1946
f 2986//1947 2977//1947 2985//1947
f 53//1948 2978//1948 895//1948
f 745//1949 2979//1949 2978//1949
f 895//1950 2987//1950 894//1950
f 40//1951 2980//1951 743//1951
f 913//1952 2981//1952 2980//1952
f 743//1953 2979//1953 744//1953
f 1154//1954 911//1954 33//1954
f 1155//1955 2982//1955 1154//1955
f 2982//1956 912//1956 911//1956
f 105//1957 2984//1957 1156//1957
f 1158//1958 2984//1958 1159//1958
f 1156//1959 2983//1959 1155//1959
f 102//1960 2986//1960 1157//1960
f 893//1961 2987//1961 2986//1961
f 1157//1962 2985//1962 1158//1962
f 2990//1963 2998//1963 2989//1963
f 2991//1964 2988//1964 2990//1964
f 2994//1965 2992//1965 2993//1965
f 2995//1966 2988//1966 2994//1966
f 2998//1967 2996//1967 2997//1967
f 1033//1968 1117//1968 95//1968
f 1032//1969 2989//1969 1033//1969
f 1117//1970 2998//1970 1116//1970
f 985//1971 1031//1971 93//1971
f 984//1972 2991//1972 985//1972
f 1031//1973 2990//1973 1032//1973
f 1160//1974 983//1974 103//1974
f 1161//1975 2993//1975 1160//1975
f 2993//1976 984//1976 983//1976
f 106//1977 2995//1977 1162//1977
f 1165//1978 2996//1978 2995//1978
f 1162//1979 2994//1979 1161//1979
f 1115//1980 1163//1980 104//1980
f 1116//1981 2997//1981 1115//1981
f 2997//1982 1164//1982 1163//1982
f 2999//1983 3003//1983 3002//1983
f 3000//1984 3004//1984 3003//1984
f 3002//1985 3006//1985 3005//1985
f 3003//1986 3007//1986 3006//1986
f 91//1987 2999//1987 1133//1987
f 1034//1988 3000//1988 2999//1988
f 1035//1989 3001//1989 3000//1989
f 95//1990 3001//1990 1036//1990
f 3001//1991 1116//1991 3004//1991
f 3004//1992 1115//1992 3007//1992
f 3007//1993 104//1993 1148//1993
f 3006//1994 1148//1994 1149//1994
f 3005//1995 1149//1995 1150//1995
f 1135//1996 1150//1996 101//1996
f 1134//1997 3005//1997 1135//1997
f 1133//1998 3002//1998 1134//1998
f 3010//1999 3018//1999 3009//1999
f 3012//2000 3010//2000 3011//2000
f 3013//2001 3008//2001 3012//2001
f 3016//2002 3014//2002 3015//2002
f 3017//2003 3008//2003 3016//2003
f 1027//2004 1114//2004 94//2004
f 1026//2005 3009//2005 1027//2005
f 3009//2006 1113//2006 1114//2006
f 1130//2007 1025//2007 89//2007
f 1131//2008 3011//2008 1130//2008
f 3011//2009 1026//2009 1025//2009
f 100//2010 3013//2010 1132//2010
f 1166//2011 3014//2011 3013//2011
f 1132//2012 3012//2012 1131//2012
f 1171//2013 1168//2013 107//2013
f 1170//2014 3015//2014 1171//2014
f 3015//2015 1167//2015 1168//2015
f 97//2016 3017//2016 1169//2016
f 1112//2017 3018//2017 3017//2017
f 1169//2018 3016//2018 1170//2018
f 3019//2019 3023//2019 3022//2019
f 3020//2020 3024//2020 3023//2020
f 3022//2021 3026//2021 3025//2021
f 3023//2022 3027//2022 3026//2022
f 93//2023 3019//2023 985//2023
f 1139//2024 3020//2024 3019//2024
f 1140//2025 3021//2025 3020//2025
f 1141//2026 1147//2026 3021//2026
f 3021//2027 1146//2027 3024//2027
f 3024//2028 1145//2028 3027//2028
f 3027//2029 270//2029 1102//2029
f 3026//2030 1102//2030 1101//2030
f 3025//2031 1101//2031 1100//2031
f 3025//2032 103//2032 983//2032
f 3022//2033 983//2033 984//2033
f 985//2034 3022//2034 984//2034
f 3029//2035 3028//2035 3038//2035
f 3032//2036 3030//2036 3031//2036
f 3034//2037 3032//2037 3033//2037
f 3035//2038 3028//2038 3034//2038
f 3038//2039 3036//2039 3037//2039
f 92//2040 3029//2040 1015//2040
f 1021//2041 3030//2041 3029//2041
f 1015//2042 3038//2042 1014//2042
f 1133//2043 1019//2043 91//2043
f 1134//2044 3031//2044 1133//2044
f 3031//2045 1020//2045 1019//2045
f 101//2046 3033//2046 1135//2046
f 1175//2047 3034//2047 3033//2047
f 1135//2048 3032//2048 1134//2048
f 108//2049 3035//2049 1177//2049
f 1180//2050 3036//2050 3035//2050
f 1177//2051 3034//2051 1176//2051
f 1013//2052 1178//2052 98//2052
f 1014//2053 3037//2053 1013//2053
f 3037//2054 1179//2054 1178//2054
f 3040//2055 3039//2055 3053//2055
f 3043//2056 3041//2056 3042//2056
f 3045//2057 3043//2057 3044//2057
f 3046//2058 3039//2058 3045//2058
f 3048//2059 3039//2059 3047//2059
f 3051//2060 3049//2060 3050//2060
f 3053//2061 3051//2061 3052//2061
f 96//2062 3040//2062 979//2062
f 1039//2063 3041//2063 3040//2063
f 979//2064 3053//2064 978//2064
f 1015//2065 1037//2065 92//2065
f 1014//2066 3042//2066 1015//2066
f 3042//2067 1038//2067 1037//2067
f 98//2068 3044//2068 1013//2068
f 1182//2069 3044//2069 1181//2069
f 1013//2070 3043//2070 1014//2070
f 109//2071 3046//2071 1183//2071
f 1186//2072 3047//2072 3046//2072
f 1183//2073 3045//2073 1182//2073
f 110//2074 3048//2074 1184//2074
f 1189//2075 3049//2075 3048//2075
f 3048//2076 1185//2076 1184//2076
f 1192//2077 1187//2077 111//2077
f 1191//2078 3050//2078 1192//2078
f 3050//2079 1188//2079 1187//2079
f 977//2080 1190//2080 99//2080
f 978//2081 3052//2081 977//2081
f 3052//2082 1191//2082 1190//2082
f 3055//2083 3057//2083 3054//2083
f 3056//2084 3058//2084 3055//2084
f 3058//2085 3060//2085 3057//2085
f 3059//2086 3061//2086 3058//2086
f 90//2087 3054//2087 1012//2087
f 1029//2088 3054//2088 1028//2088
f 1030//2089 3055//2089 1029//2089
f 94//2090 3056//2090 1030//2090
f 1198//2091 3059//2091 3056//2091
f 1197//2092 3062//2092 3059//2092
f 1196//2093 1193//2093 3062//2093
f 3062//2094 1194//2094 3061//2094
f 3061//2095 1195//2095 3060//2095
f 3060//2096 252//2096 1010//2096
f 1011//2097 3060//2097 1010//2097
f 1012//2098 3057//2098 1011//2098
f 3063//2099 3067//2099 3066//2099
f 3065//2100 3067//2100 3064//2100
f 3066//2101 3070//2101 3069//2101
f 3068//2102 3070//2102 3067//2102
f 1556//2103 1544//2103 206//2103
f 1557//2104 3063//2104 1556//2104
f 1558//2105 3064//2105 1557//2105
f 176//2106 3065//2106 1558//2106
f 641//2107 3068//2107 3065//2107
f 642//2108 3071//2108 3068//2108
f 643//2109 1199//2109 3071//2109
f 3071//2110 1200//2110 3070//2110
f 3069//2111 1200//2111 1201//2111
f 1546//2112 1201//2112 209//2112
f 1545//2113 3069//2113 1546//2113
f 1544//2114 3066//2114 1545//2114
f 3073//2115 3075//2115 3072//2115
f 3074//2116 3076//2116 3073//2116
f 3076//2117 3078//2117 3075//2117
f 3077//2118 3079//2118 3076//2118
f 1454//2119 1549//2119 203//2119
f 1455//2120 3072//2120 1454//2120
f 1456//2121 3073//2121 1455//2121
f 167//2122 3074//2122 1456//2122
f 595//2123 3077//2123 3074//2123
f 594//2124 3080//2124 3077//2124
f 593//2125 1558//2125 3080//2125
f 3080//2126 1557//2126 3079//2126
f 3079//2127 1556//2127 3078//2127
f 3078//2128 206//2128 1547//2128
f 3075//2129 1547//2129 1548//2129
f 3072//2130 1548//2130 1549//2130
f 3083//2131 3091//2131 3082//2131
f 3084//2132 3081//2132 3083//2132
f 3087//2133 3085//2133 3086//2133
f 3088//2134 3081//2134 3087//2134
f 3091//2135 3089//2135 3090//2135
f 1273//2136 1232//2136 122//2136
f 1272//2137 3082//2137 1273//2137
f 3082//2138 1233//2138 1232//2138
f 1361//2139 1271//2139 128//2139
f 1361//2140 3085//2140 3084//2140
f 1271//2141 3083//2141 1272//2141
f 157//2142 3086//2142 1363//2142
f 1263//2143 3086//2143 1262//2143
f 3086//2144 1362//2144 1363//2144
f 124//2145 3088//2145 1264//2145
f 1270//2146 3089//2146 3088//2146
f 1264//2147 3087//2147 1263//2147
f 1234//2148 1268//2148 118//2148
f 1233//2149 3090//2149 1234//2149
f 3090//2150 1269//2150 1268//2150
f 3093//2151 3095//2151 3092//2151
f 3094//2152 3096//2152 3093//2152
f 3096//2153 3098//2153 3095//2153
f 3097//2154 3099//2154 3096//2154
f 1253//2155 524//2155 131//2155
f 1254//2156 3092//2156 1253//2156
f 1255//2157 3093//2157 1254//2157
f 161//2158 3094//2158 1255//2158
f 1378//2159 3097//2159 3094//2159
f 3097//2160 1376//2160 3100//2160
f 3100//2161 142//2161 1331//2161
f 3099//2162 1331//2162 1332//2162
f 3099//2163 1333//2163 3098//2163
f 3098//2164 147//2164 526//2164
f 3095//2165 526//2165 525//2165
f 3092//2166 525//2166 524//2166
f 3102//2167 3104//2167 3101//2167
f 3103//2168 3105//2168 3102//2168
f 3105//2169 3107//2169 3104//2169
f 3106//2170 3108//2170 3105//2170
f 1240//2171 1217//2171 116//2171
f 1239//2172 3101//2172 1240//2172
f 1238//2173 3102//2173 1239//2173
f 122//2174 3103//2174 1238//2174
f 1232//2175 3106//2175 3103//2175
f 3106//2176 1234//2176 3109//2176
f 3109//2177 118//2177 1237//2177
f 3109//2178 1236//2178 3108//2178
f 3108//2179 1235//2179 3107//2179
f 3107//2180 112//2180 1219//2180
f 3104//2181 1219//2181 1218//2181
f 3101//2182 1218//2182 1217//2182
f 3111//2183 3113//2183 3110//2183
f 3112//2184 3114//2184 3111//2184
f 3114//2185 3116//2185 3113//2185
f 3115//2186 3117//2186 3114//2186
f 1243//2187 1211//2187 117//2187
f 1242//2188 3110//2188 1243//2188
f 1241//2189 3111//2189 1242//2189
f 123//2190 3112//2190 1241//2190
f 1226//2191 3115//2191 3112//2191
f 1227//2192 3118//2192 3115//2192
f 1228//2193 1238//2193 3118//2193
f 3118//2194 1239//2194 3117//2194
f 3117//2195 1240//2195 3116//2195
f 3116//2196 116//2196 1213//2196
f 3113//2197 1213//2197 1212//2197
f 3110//2198 1212//2198 1211//2198
f 3120//2199 3122//2199 3119//2199
f 3121//2200 3123//2200 3120//2200
f 3122//2201 3126//2201 3125//2201
f 3123//2202 3127//2202 3126//2202
f 1235//2203 1205//2203 112//2203
f 1236//2204 3119//2204 1235//2204
f 1237//2205 3120//2205 1236//2205
f 1237//2206 1220//2206 3121//2206
f 3121//2207 1221//2207 3124//2207
f 3124//2208 1222//2208 3127//2208
f 3127//2209 120//2209 346//2209
f 3126//2210 346//2210 345//2210
f 3125//2211 345//2211 344//2211
f 1207//2212 344//2212 114//2212
f 1206//2213 3125//2213 1207//2213
f 3119//2214 1206//2214 1205//2214
f 3129//2215 3131//2215 3128//2215
f 3130//2216 3132//2216 3129//2216
f 3132//2217 3134//2217 3131//2217
f 3133//2218 3135//2218 3132//2218
f 148//2219 3128//2219 1342//2219
f 1356//2220 3128//2220 1357//2220
f 1355//2221 3129//2221 1356//2221
f 146//2222 3130//2222 1355//2222
f 352//2223 3133//2223 3130//2223
f 351//2224 3136//2224 3133//2224
f 350//2225 1333//2225 3136//2225
f 3136//2226 1332//2226 3135//2226
f 3135//2227 1331//2227 3134//2227
f 3134//2228 142//2228 1340//2228
f 3131//2229 1340//2229 1341//2229
f 3128//2230 1341//2230 1342//2230
f 3137//2231 3141//2231 3140//2231
f 3138//2232 3142//2232 3141//2232
f 3141//2233 3143//2233 3140//2233
f 3141//2234 3145//2234 3144//2234
f 150//2235 3137//2235 1346//2235
f 1339//2236 3138//2236 3137//2236
f 1338//2237 3139//2237 3138//2237
f 1337//2238 464//2238 3139//2238
f 3139//2239 465//2239 3142//2239
f 3142//2240 466//2240 3145//2240
f 466//2241 1336//2241 3145//2241
f 3145//2242 1335//2242 3144//2242
f 3144//2243 1334//2243 3143//2243
f 3143//2244 149//2244 1348//2244
f 1347//2245 3143//2245 1348//2245
f 1346//2246 3140//2246 1347//2246
f 3148//2247 3158//2247 3147//2247
f 3150//2248 3148//2248 3149//2248
f 3152//2249 3150//2249 3151//2249
f 3154//2250 3152//2250 3153//2250
f 3155//2251 3146//2251 3154//2251
f 3158//2252 3156//2252 3157//2252
f 1300//2253 1256//2253 129//2253
f 1299//2254 3147//2254 1300//2254
f 3147//2255 1257//2255 1256//2255
f 1364//2256 1298//2256 135//2256
f 1365//2257 3149//2257 1364//2257
f 1298//2258 3148//2258 1299//2258
f 1412//2259 1366//2259 155//2259
f 1413//2260 3151//2260 1412//2260
f 3151//2261 1365//2261 1366//2261
f 1417//2262 1414//2262 172//2262
f 1416//2263 3153//2263 1417//2263
f 3153//2264 1413//2264 1414//2264
f 154//2265 3155//2265 1415//2265
f 1295//2266 3156//2266 3155//2266
f 1415//2267 3154//2267 1416//2267
f 1258//2268 1297//2268 128//2268
f 1257//2269 3157//2269 1258//2269
f 3157//2270 1296//2270 1297//2270
f 3160//2271 3159//2271 3169//2271
f 3163//2272 3161//2272 3162//2272
f 3165//2273 3163//2273 3164//2273
f 3167//2274 3165//2274 3166//2274
f 3169//2275 3167//2275 3168//2275
f 128//2276 3160//2276 1361//2276
f 1297//2277 3161//2277 3160//2277
f 1361//2278 3169//2278 1362//2278
f 1418//2279 1295//2279 154//2279
f 1418//2280 3163//2280 3162//2280
f 3162//2281 1296//2281 1295//2281
f 1423//2282 1420//2282 173//2282
f 1422//2283 3164//2283 1423//2283
f 3164//2284 1419//2284 1420//2284
f 1426//2285 1421//2285 174//2285
f 1425//2286 3166//2286 1426//2286
f 3166//2287 1422//2287 1421//2287
f 157//2288 3168//2288 1424//2288
f 1362//2289 3168//2289 1363//2289
f 3168//2290 1425//2290 1424//2290
f 3171//2291 3173//2291 3170//2291
f 3172//2292 3174//2292 3171//2292
f 3174//2293 3176//2293 3173//2293
f 3175//2294 3177//2294 3174//2294
f 1276//2295 1226//2295 123//2295
f 1275//2296 3170//2296 1276//2296
f 1274//2297 3171//2297 1275//2297
f 129//2298 3172//2298 1274//2298
f 1256//2299 3175//2299 3172//2299
f 1257//2300 3178//2300 3175//2300
f 3178//2301 128//2301 1271//2301
f 3178//2302 1272//2302 3177//2302
f 3177//2303 1273//2303 3176//2303
f 3176//2304 122//2304 1228//2304
f 3173//2305 1228//2305 1227//2305
f 3170//2306 1227//2306 1226//2306
f 3179//2307 3183//2307 3182//2307
f 3181//2308 3183//2308 3180//2308
f 3182//2309 3186//2309 3185//2309
f 3183//2310 3187//2310 3186//2310
f 118//2311 3179//2311 1220//2311
f 1268//2312 3180//2312 3179//2312
f 1270//2313 3180//2313 1269//2313
f 124//2314 3181//2314 1270//2314
f 1250//2315 3184//2315 3181//2315
f 3184//2316 1252//2316 3187//2316
f 3187//2317 126//2317 388//2317
f 3186//2318 388//2318 387//2318
f 3185//2319 387//2319 386//2319
f 1222//2320 386//2320 120//2320
f 1221//2321 3185//2321 1222//2321
f 1220//2322 3182//2322 1221//2322
f 3190//2323 3200//2323 3189//2323
f 3192//2324 3190//2324 3191//2324
f 3194//2325 3192//2325 3193//2325
f 3196//2326 3194//2326 3195//2326
f 3198//2327 3196//2327 3197//2327
f 3199//2328 3188//2328 3198//2328
f 1376//2329 1229//2329 142//2329
f 1377//2330 3189//2330 1376//2330
f 3189//2331 1230//2331 1229//2331
f 1381//2332 1378//2332 161//2332
f 1380//2333 3191//2333 1381//2333
f 3191//2334 1377//2334 1378//2334
f 1384//2335 1379//2335 162//2335
f 1384//2336 3194//2336 3193//2336
f 3193//2337 1380//2337 1379//2337
f 1259//2338 1382//2338 153//2338
f 1259//2339 3196//2339 3195//2339
f 3195//2340 1383//2340 1382//2340
f 1274//2341 1261//2341 129//2341
f 1275//2342 3197//2342 1274//2342
f 3197//2343 1260//2343 1261//2343
f 123//2344 3199//2344 1276//2344
f 1231//2345 3200//2345 3199//2345
f 1276//2346 3198//2346 1275//2346
f 3202//2347 3201//2347 3213//2347
f 3205//2348 3203//2348 3204//2348
f 3207//2349 3205//2349 3206//2349
f 3209//2350 3207//2350 3208//2350
f 3210//2351 3201//2351 3209//2351
f 3213//2352 3211//2352 3212//2352
f 135//2353 3202//2353 1364//2353
f 1327//2354 3203//2354 3202//2354
f 1364//2355 3213//2355 1365//2355
f 1316//2356 1325//2356 141//2356
f 1317//2357 3204//2357 1316//2357
f 3204//2358 1326//2358 1325//2358
f 1367//2359 1318//2359 140//2359
f 1368//2360 3206//2360 1367//2360
f 3206//2361 1317//2361 1318//2361
f 1403//2362 1369//2362 156//2362
f 1404//2363 3208//2363 1403//2363
f 3208//2364 1368//2364 1369//2364
f 171//2365 3210//2365 1405//2365
f 1407//2366 3210//2366 1408//2366
f 1405//2367 3209//2367 1404//2367
f 1366//2368 1406//2368 155//2368
f 1365//2369 3212//2369 1366//2369
f 3212//2370 1407//2370 1406//2370
f 3215//2371 3217//2371 3214//2371
f 3216//2372 3218//2372 3215//2372
f 3218//2373 3220//2373 3217//2373
f 3219//2374 3221//2374 3218//2374
f 1369//2375 1396//2375 156//2375
f 1369//2376 3215//2376 3214//2376
f 1367//2377 3215//2377 1368//2377
f 140//2378 3216//2378 1367//2378
f 1322//2379 3219//2379 3216//2379
f 1323//2380 3222//2380 3219//2380
f 1324//2381 1225//2381 3222//2381
f 3221//2382 1225//2382 1224//2382
f 3220//2383 1224//2383 1223//2383
f 1394//2384 1223//2384 160//2384
f 3217//2385 1394//2385 1395//2385
f 3214//2386 1395//2386 1396//2386
f 3225//2387 3233//2387 3224//2387
f 3226//2388 3223//2388 3225//2388
f 3229//2389 3227//2389 3228//2389
f 3230//2390 3223//2390 3229//2390
f 3233//2391 3231//2391 3232//2391
f 1252//2392 548//2392 126//2392
f 1251//2393 3224//2393 1252//2393
f 3224//2394 549//2394 548//2394
f 1264//2395 1250//2395 124//2395
f 1263//2396 3226//2396 1264//2396
f 3226//2397 1251//2397 1250//2397
f 157//2398 3228//2398 1262//2398
f 1425//2399 3228//2399 1424//2399
f 3228//2400 1263//2400 1262//2400
f 174//2401 3230//2401 1426//2401
f 1410//2402 3230//2402 1409//2402
f 1426//2403 3229//2403 1425//2403
f 168//2404 3232//2404 1411//2404
f 550//2405 3233//2405 3232//2405
f 1411//2406 3231//2406 1410//2406
f 3236//2407 3246//2407 3235//2407
f 3238//2408 3236//2408 3237//2408
f 3240//2409 3238//2409 3239//2409
f 3242//2410 3240//2410 3241//2410
f 3244//2411 3242//2411 3243//2411
f 3246//2412 3244//2412 3245//2412
f 1385//2413 1259//2413 153//2413
f 1386//2414 3235//2414 1385//2414
f 3235//2415 1260//2415 1259//2415
f 1390//2416 1387//2416 163//2416
f 1389//2417 3237//2417 1390//2417
f 3237//2418 1386//2418 1387//2418
f 1393//2419 1388//2419 164//2419
f 1392//2420 3239//2420 1393//2420
f 3239//2421 1389//2421 1388//2421
f 1289//2422 1391//2422 152//2422
f 1290//2423 3241//2423 1289//2423
f 3241//2424 1392//2424 1391//2424
f 1298//2425 1291//2425 135//2425
f 1299//2426 3243//2426 1298//2426
f 3243//2427 1290//2427 1291//2427
f 129//2428 3245//2428 1300//2428
f 1261//2429 3246//2429 3245//2429
f 1300//2430 3244//2430 1299//2430
f 3247//2431 3251//2431 3250//2431
f 3248//2432 3252//2432 3251//2432
f 3250//2433 3254//2433 3253//2433
f 3251//2434 3255//2434 3254//2434
f 133//2435 3247//2435 1249//2435
f 314//2436 3248//2436 3247//2436
f 315//2437 3249//2437 3248//2437
f 316//2438 1310//2438 3249//2438
f 3249//2439 1311//2439 3252//2439
f 3252//2440 1312//2440 3255//2440
f 3255//2441 137//2441 1373//2441
f 3254//2442 1373//2442 1374//2442
f 3253//2443 1374//2443 1375//2443
f 3253//2444 159//2444 1247//2444
f 1248//2445 3253//2445 1247//2445
f 1249//2446 3250//2446 1248//2446
f 3256//2447 3260//2447 3259//2447
f 3257//2448 3261//2448 3260//2448
f 3259//2449 3263//2449 3262//2449
f 3260//2450 3264//2450 3263//2450
f 136//2451 3256//2451 1313//2451
f 1309//2452 3257//2452 3256//2452
f 1308//2453 3258//2453 3257//2453
f 1307//2454 1312//2454 3258//2454
f 3258//2455 1311//2455 3261//2455
f 3261//2456 1310//2456 3264//2456
f 3264//2457 139//2457 430//2457
f 3263//2458 430//2458 429//2458
f 3262//2459 429//2459 428//2459
f 1315//2460 428//2460 138//2460
f 1314//2461 3262//2461 1315//2461
f 1313//2462 3259//2462 1314//2462
f 3265//2463 3269//2463 3268//2463
f 3266//2464 3270//2464 3269//2464
f 3268//2465 3272//2465 3271//2465
f 3269//2466 3273//2466 3272//2466
f 136//2467 3265//2467 1309//2467
f 1324//2468 3266//2468 3265//2468
f 1323//2469 3267//2469 3266//2469
f 1322//2470 1318//2470 3267//2470
f 3267//2471 1317//2471 3270//2471
f 3270//2472 1316//2472 3273//2472
f 3273//2473 141//2473 1321//2473
f 3272//2474 1321//2474 1320//2474
f 3271//2475 1320//2475 1319//2475
f 1307//2476 1319//2476 137//2476
f 1308//2477 3271//2477 1307//2477
f 1309//2478 3268//2478 1308//2478
f 3275//2479 3274//2479 3280//2479
f 3277//2480 3274//2480 3276//2480
f 3280//2481 3278//2481 3279//2481
f 160//2482 3275//2482 1399//2482
f 1223//2483 3276//2483 3275//2483
f 1399//2484 3280//2484 1398//2484
f 1313//2485 1225//2485 136//2485
f 1313//2486 3278//2486 3277//2486
f 3277//2487 1224//2487 1225//2487
f 1397//2488 1315//2488 138//2488
f 1398//2489 3279//2489 1397//2489
f 3279//2490 1314//2490 1315//2490
f 3282//2491 3281//2491 3291//2491
f 3285//2492 3283//2492 3284//2492
f 3286//2493 3281//2493 3285//2493
f 3289//2494 3287//2494 3288//2494
f 3291//2495 3289//2495 3290//2495
f 152//2496 3282//2496 1289//2496
f 1370//2497 3283//2497 3282//2497
f 1289//2498 3291//2498 1290//2498
f 1375//2499 1372//2499 159//2499
f 1374//2500 3284//2500 1375//2500
f 3284//2501 1371//2501 1372//2501
f 137//2502 3286//2502 1373//2502
f 1319//2503 3287//2503 3286//2503
f 1373//2504 3285//2504 1374//2504
f 141//2505 3288//2505 1321//2505
f 1325//2506 3289//2506 3288//2506
f 3288//2507 1320//2507 1321//2507
f 1291//2508 1327//2508 135//2508
f 1291//2509 3291//2509 3290//2509
f 3290//2510 1326//2510 1327//2510
f 3293//2511 3295//2511 3292//2511
f 3294//2512 3296//2512 3293//2512
f 3296//2513 3298//2513 3295//2513
f 3297//2514 3299//2514 3296//2514
f 162//2515 3292//2515 1384//2515
f 1266//2516 3292//2516 1265//2516
f 1267//2517 3293//2517 1266//2517
f 127//2518 3294//2518 1267//2518
f 319//2519 3297//2519 3294//2519
f 318//2520 3300//2520 3297//2520
f 317//2521 1277//2521 3300//2521
f 3300//2522 1278//2522 3299//2522
f 3299//2523 1279//2523 3298//2523
f 3298//2524 153//2524 1382//2524
f 3295//2525 1382//2525 1383//2525
f 1384//2526 3295//2526 1383//2526
f 3301//2527 3305//2527 3304//2527
f 3302//2528 3306//2528 3305//2528
f 3304//2529 3308//2529 3307//2529
f 3305//2530 3309//2530 3308//2530
f 151//2531 3301//2531 1349//2531
f 1360//2532 3302//2532 3301//2532
f 1359//2533 3303//2533 3302//2533
f 1358//2534 461//2534 3303//2534
f 3303//2535 462//2535 3306//2535
f 3306//2536 463//2536 3309//2536
f 3309//2537 144//2537 1337//2537
f 3308//2538 1337//2538 1338//2538
f 3307//2539 1338//2539 1339//2539
f 3307//2540 150//2540 1351//2540
f 1350//2541 3307//2541 1351//2541
f 1349//2542 3304//2542 1350//2542
f 3312//2543 3326//2543 3311//2543
f 3314//2544 3312//2544 3313//2544
f 3316//2545 3314//2545 3315//2545
f 3318//2546 3316//2546 3317//2546
f 3320//2547 3318//2547 3319//2547
f 3322//2548 3320//2548 3321//2548
f 3324//2549 3322//2549 3323//2549
f 3326//2550 3324//2550 3325//2550
f 113//2551 3311//2551 1214//2551
f 1353//2552 3311//2552 1352//2552
f 1214//2553 3326//2553 1215//2553
f 1349//2554 1354//2554 151//2554
f 1350//2555 3313//2555 1349//2555
f 3313//2556 1353//2556 1354//2556
f 1346//2557 1351//2557 150//2557
f 1347//2558 3315//2558 1346//2558
f 1351//2559 3314//2559 1350//2559
f 1343//2560 1348//2560 149//2560
f 1344//2561 3317//2561 1343//2561
f 1348//2562 3316//2562 1347//2562
f 1342//2563 1345//2563 148//2563
f 1342//2564 3320//2564 3319//2564
f 3319//2565 1344//2565 1345//2565
f 1229//2566 1340//2566 142//2566
f 1229//2567 3322//2567 3321//2567
f 3321//2568 1341//2568 1340//2568
f 1241//2569 1231//2569 123//2569
f 1242//2570 3323//2570 1241//2570
f 3323//2571 1230//2571 1231//2571
f 117//2572 3325//2572 1243//2572
f 1216//2573 3326//2573 3325//2573
f 1243//2574 3324//2574 1242//2574
f 3327//2575 3331//2575 3330//2575
f 3328//2576 3332//2576 3331//2576
f 3331//2577 3333//2577 3330//2577
f 3332//2578 3334//2578 3331//2578
f 149//2579 3327//2579 1343//2579
f 1334//2580 3328//2580 3327//2580
f 1335//2581 3329//2581 3328//2581
f 1336//2582 347//2582 3329//2582
f 3329//2583 348//2583 3332//2583
f 348//2584 3335//2584 3332//2584
f 349//2585 1355//2585 3335//2585
f 3335//2586 1356//2586 3334//2586
f 3334//2587 1357//2587 3333//2587
f 3333//2588 148//2588 1345//2588
f 3330//2589 1345//2589 1344//2589
f 1343//2590 3330//2590 1344//2590
f 3336//2591 3340//2591 3339//2591
f 3338//2592 3340//2592 3337//2592
f 3340//2593 3342//2593 3339//2593
f 3341//2594 3343//2594 3340//2594
f 164//2595 3336//2595 1393//2595
f 1305//2596 3336//2596 1306//2596
f 1304//2597 3337//2597 1305//2597
f 158//2598 3338//2598 1304//2598
f 496//2599 3341//2599 3338//2599
f 495//2600 3344//2600 3341//2600
f 494//2601 1330//2601 3344//2601
f 3344//2602 1329//2602 3343//2602
f 3343//2603 1328//2603 3342//2603
f 3342//2604 152//2604 1391//2604
f 3339//2605 1391//2605 1392//2605
f 1393//2606 3339//2606 1392//2606
f 3345//2607 3349//2607 3348//2607
f 3347//2608 3349//2608 3346//2608
f 3349//2609 3351//2609 3348//2609
f 3350//2610 3352//2610 3349//2610
f 163//2611 3345//2611 1390//2611
f 1283//2612 3346//2612 3345//2612
f 1285//2613 3346//2613 1284//2613
f 125//2614 3347//2614 1285//2614
f 499//2615 3350//2615 3347//2615
f 498//2616 3353//2616 3350//2616
f 497//2617 1304//2617 3353//2617
f 3353//2618 1305//2618 3352//2618
f 3352//2619 1306//2619 3351//2619
f 3351//2620 164//2620 1388//2620
f 3348//2621 1388//2621 1389//2621
f 1390//2622 3348//2622 1389//2622
f 3355//2623 3357//2623 3354//2623
f 3356//2624 3358//2624 3355//2624
f 3358//2625 3360//2625 3357//2625
f 3359//2626 3361//2626 3358//2626
f 1405//2627 1282//2627 171//2627
f 1404//2628 3354//2628 1405//2628
f 1403//2629 3355//2629 1404//2629
f 156//2630 3356//2630 1403//2630
f 1402//2631 3359//2631 3356//2631
f 1401//2632 3362//2632 3359//2632
f 1400//2633 551//2633 3362//2633
f 3362//2634 552//2634 3361//2634
f 3361//2635 553//2635 3360//2635
f 3360//2636 130//2636 1280//2636
f 3357//2637 1280//2637 1281//2637
f 3354//2638 1281//2638 1282//2638
f 3364//2639 3366//2639 3363//2639
f 3365//2640 3367//2640 3364//2640
f 3367//2641 3369//2641 3366//2641
f 3368//2642 3370//2642 3367//2642
f 1328//2643 1370//2643 152//2643
f 1329//2644 3363//2644 1328//2644
f 1330//2645 3364//2645 1329//2645
f 121//2646 3365//2646 1330//2646
f 491//2647 3368//2647 3365//2647
f 492//2648 3371//2648 3368//2648
f 493//2649 1249//2649 3371//2649
f 3371//2650 1248//2650 3370//2650
f 3370//2651 1247//2651 3369//2651
f 3369//2652 159//2652 1372//2652
f 3366//2653 1372//2653 1371//2653
f 3363//2654 1371//2654 1370//2654
f 3372//2655 3376//2655 3375//2655
f 3373//2656 3377//2656 3376//2656
f 3376//2657 3378//2657 3375//2657
f 3377//2658 3379//2658 3376//2658
f 161//2659 3372//2659 1381//2659
f 1255//2660 3373//2660 3372//2660
f 1254//2661 3374//2661 3373//2661
f 131//2662 3374//2662 1253//2662
f 454//2663 3377//2663 3374//2663
f 453//2664 3380//2664 3377//2664
f 452//2665 1267//2665 3380//2665
f 3380//2666 1266//2666 3379//2666
f 3379//2667 1265//2667 3378//2667
f 3378//2668 162//2668 1379//2668
f 3375//2669 1379//2669 1380//2669
f 1381//2670 3375//2670 1380//2670
f 3382//2671 3384//2671 3381//2671
f 3383//2672 3385//2672 3382//2672
f 3385//2673 3387//2673 3384//2673
f 3386//2674 3388//2674 3385//2674
f 153//2675 3381//2675 1385//2675
f 1278//2676 3381//2676 1279//2676
f 1277//2677 3382//2677 1278//2677
f 119//2678 3383//2678 1277//2678
f 500//2679 3386//2679 3383//2679
f 501//2680 3389//2680 3386//2680
f 502//2681 1285//2681 3389//2681
f 3389//2682 1284//2682 3388//2682
f 3388//2683 1283//2683 3387//2683
f 3387//2684 163//2684 1387//2684
f 3384//2685 1387//2685 1386//2685
f 1385//2686 3384//2686 1386//2686
f 3391//2687 3393//2687 3390//2687
f 3392//2688 3394//2688 3391//2688
f 3394//2689 3396//2689 3393//2689
f 3395//2690 3397//2690 3394//2690
f 173//2691 3390//2691 1423//2691
f 1245//2692 3390//2692 1244//2692
f 1246//2693 3391//2693 1245//2693
f 169//2694 3392//2694 1246//2694
f 442//2695 3395//2695 3392//2695
f 441//2696 3398//2696 3395//2696
f 440//2697 1411//2697 3398//2697
f 3398//2698 1410//2698 3397//2698
f 3397//2699 1409//2699 3396//2699
f 3396//2700 174//2700 1421//2700
f 3393//2701 1421//2701 1422//2701
f 3390//2702 1422//2702 1423//2702
f 3400//2703 3402//2703 3399//2703
f 3401//2704 3403//2704 3400//2704
f 3403//2705 3405//2705 3402//2705
f 3404//2706 3406//2706 3403//2706
f 155//2707 3399//2707 1412//2707
f 1286//2708 3400//2708 3399//2708
f 1288//2709 3400//2709 1287//2709
f 132//2710 3401//2710 1288//2710
f 509//2711 3404//2711 3401//2711
f 510//2712 3407//2712 3404//2712
f 511//2713 1292//2713 3407//2713
f 3407//2714 1293//2714 3406//2714
f 3406//2715 1294//2715 3405//2715
f 3405//2716 172//2716 1414//2716
f 3402//2717 1414//2717 1413//2717
f 3399//2718 1413//2718 1412//2718
f 3409//2719 3411//2719 3408//2719
f 3410//2720 3412//2720 3409//2720
f 3412//2721 3414//2721 3411//2721
f 3413//2722 3415//2722 3412//2722
f 1301//2723 1418//2723 154//2723
f 1302//2724 3408//2724 1301//2724
f 1303//2725 3409//2725 1302//2725
f 134//2726 3410//2726 1303//2726
f 446//2727 3413//2727 3410//2727
f 447//2728 3416//2728 3413//2728
f 448//2729 1246//2729 3416//2729
f 3416//2730 1245//2730 3415//2730
f 3415//2731 1244//2731 3414//2731
f 3414//2732 173//2732 1420//2732
f 3411//2733 1420//2733 1419//2733
f 3408//2734 1419//2734 1418//2734
f 3418//2735 3420//2735 3417//2735
f 3419//2736 3421//2736 3418//2736
f 3421//2737 3423//2737 3420//2737
f 3422//2738 3424//2738 3421//2738
f 1201//2739 1543//2739 209//2739
f 1200//2740 3417//2740 1201//2740
f 1199//2741 3418//2741 1200//2741
f 208//2742 3419//2742 1199//2742
f 739//2743 3422//2743 3419//2743
f 738//2744 3425//2744 3422//2744
f 737//2745 1427//2745 3425//2745
f 3425//2746 1428//2746 3424//2746
f 3424//2747 1429//2747 3423//2747
f 3423//2748 205//2748 1541//2748
f 3420//2749 1541//2749 1542//2749
f 3417//2750 1542//2750 1543//2750
f 3426//2751 3430//2751 3429//2751
f 3427//2752 3431//2752 3430//2752
f 3429//2753 3433//2753 3432//2753
f 3430//2754 3434//2754 3433//2754
f 171//2755 3426//2755 1408//2755
f 1282//2756 3427//2756 3426//2756
f 1281//2757 3428//2757 3427//2757
f 1280//2758 547//2758 3428//2758
f 3428//2759 546//2759 3431//2759
f 3431//2760 545//2760 3434//2760
f 3434//2761 132//2761 1288//2761
f 3433//2762 1288//2762 1287//2762
f 3432//2763 1287//2763 1286//2763
f 1406//2764 1286//2764 155//2764
f 1407//2765 3432//2765 1406//2765
f 1408//2766 3429//2766 1407//2766
f 3435//2767 3439//2767 3438//2767
f 3436//2768 3440//2768 3439//2768
f 3438//2769 3442//2769 3441//2769
f 3440//2770 3442//2770 3439//2770
f 172//2771 3435//2771 1417//2771
f 1294//2772 3436//2772 3435//2772
f 1293//2773 3437//2773 3436//2773
f 170//2774 3437//2774 1292//2774
f 505//2775 3440//2775 3437//2775
f 504//2776 3443//2776 3440//2776
f 503//2777 1303//2777 3443//2777
f 3443//2778 1302//2778 3442//2778
f 3442//2779 1301//2779 3441//2779
f 3441//2780 154//2780 1415//2780
f 1416//2781 3441//2781 1415//2781
f 1417//2782 3438//2782 1416//2782
f 3444//2783 3448//2783 3447//2783
f 3445//2784 3449//2784 3448//2784
f 3447//2785 3451//2785 3450//2785
f 3448//2786 3452//2786 3451//2786
f 198//2787 3444//2787 1502//2787
f 1519//2788 3445//2788 3444//2788
f 1518//2789 3446//2789 3445//2789
f 1517//2790 554//2790 3446//2790
f 3446//2791 555//2791 3449//2791
f 3449//2792 556//2792 3452//2792
f 3452//2793 190//2793 1475//2793
f 3451//2794 1475//2794 1476//2794
f 3450//2795 1476//2795 1477//2795
f 3450//2796 197//2796 1504//2796
f 1503//2797 3450//2797 1504//2797
f 1502//2798 3447//2798 1503//2798
f 3454//2799 3453//2799 3459//2799
f 3457//2800 3455//2800 3456//2800
f 3458//2801 3453//2801 3457//2801
f 202//2802 3454//2802 1538//2802
f 1447//2803 3455//2803 3454//2803
f 1538//2804 3459//2804 1539//2804
f 649//2805 1445//2805 114//2805
f 648//2806 3456//2806 649//2806
f 3456//2807 1446//2807 1445//2807
f 165//2808 3458//2808 647//2808
f 1540//2809 3459//2809 3458//2809
f 647//2810 3457//2810 648//2810
f 3461//2811 3463//2811 3460//2811
f 3461//2812 3465//2812 3464//2812
f 3463//2813 3467//2813 3466//2813
f 3464//2814 3468//2814 3467//2814
f 1210//2815 1732//2815 253//2815
f 1210//2816 3461//2816 3460//2816
f 1208//2817 3461//2817 1209//2817
f 1208//2818 1765//2818 3462//2818
f 1765//2819 3465//2819 3462//2819
f 3465//2820 1763//2820 3468//2820
f 3468//2821 258//2821 1784//2821
f 3467//2822 1784//2822 1785//2822
f 3466//2823 1785//2823 1786//2823
f 3466//2824 246//2824 1730//2824
f 3463//2825 1730//2825 1731//2825
f 3460//2826 1731//2826 1732//2826
f 3469//2827 3473//2827 3472//2827
f 3470//2828 3474//2828 3473//2828
f 3472//2829 3476//2829 3475//2829
f 3473//2830 3477//2830 3476//2830
f 246//2831 3469//2831 1745//2831
f 1786//2832 3470//2832 3469//2832
f 1785//2833 3471//2833 3470//2833
f 1784//2834 1778//2834 3471//2834
f 3471//2835 1779//2835 3474//2835
f 3474//2836 1780//2836 3477//2836
f 3477//2837 265//2837 1709//2837
f 3476//2838 1709//2838 1710//2838
f 3475//2839 1710//2839 1711//2839
f 1747//2840 1711//2840 255//2840
f 1746//2841 3475//2841 1747//2841
f 1745//2842 3472//2842 1746//2842
f 3479//2843 3481//2843 3478//2843
f 3480//2844 3482//2844 3479//2844
f 3482//2845 3484//2845 3481//2845
f 3483//2846 3485//2846 3482//2846
f 1474//2847 1480//2847 191//2847
f 1473//2848 3478//2848 1474//2848
f 1472//2849 3479//2849 1473//2849
f 175//2850 3480//2850 1472//2850
f 628//2851 3483//2851 3480//2851
f 3483//2852 626//2852 3486//2852
f 3486//2853 178//2853 1471//2853
f 3486//2854 1470//2854 3485//2854
f 3485//2855 1469//2855 3484//2855
f 3484//2856 184//2856 1478//2856
f 3481//2857 1478//2857 1479//2857
f 3478//2858 1479//2858 1480//2858
f 3487//2859 3491//2859 3490//2859
f 3488//2860 3492//2860 3491//2860
f 3490//2861 3494//2861 3493//2861
f 3491//2862 3495//2862 3494//2862
f 197//2863 3487//2863 1499//2863
f 1477//2864 3488//2864 3487//2864
f 1476//2865 3489//2865 3488//2865
f 1475//2866 572//2866 3489//2866
f 3489//2867 573//2867 3492//2867
f 3492//2868 574//2868 3495//2868
f 3495//2869 189//2869 1468//2869
f 3495//2870 1467//2870 3494//2870
f 3494//2871 1466//2871 3493//2871
f 3493//2872 196//2872 1501//2872
f 1500//2873 3493//2873 1501//2873
f 1499//2874 3490//2874 1500//2874
f 3496//2875 3500//2875 3499//2875
f 3497//2876 3501//2876 3500//2876
f 3499//2877 3503//2877 3502//2877
f 3500//2878 3504//2878 3503//2878
f 1204//2879 1352//2879 113//2879
f 1203//2880 3496//2880 1204//2880
f 1202//2881 3497//2881 1203//2881
f 115//2882 3498//2882 1202//2882
f 3498//2883 657//2883 3501//2883
f 3501//2884 658//2884 3504//2884
f 3504//2885 143//2885 1358//2885
f 3503//2886 1358//2886 1359//2886
f 3502//2887 1359//2887 1360//2887
f 3502//2888 151//2888 1354//2888
f 3499//2889 1354//2889 1353//2889
f 1352//2890 3499//2890 1353//2890
f 3506//2891 3508//2891 3505//2891
f 3507//2892 3509//2892 3506//2892
f 3509//2893 3511//2893 3508//2893
f 3510//2894 3512//2894 3509//2894
f 1429//2895 1565//2895 205//2895
f 1428//2896 3505//2896 1429//2896
f 1427//2897 3506//2897 1428//2897
f 180//2898 3507//2898 1427//2898
f 632//2899 3510//2899 3507//2899
f 633//2900 3513//2900 3510//2900
f 634//2901 1432//2901 3513//2901
f 3513//2902 1431//2902 3512//2902
f 3512//2903 1430//2903 3511//2903
f 3511//2904 212//2904 1567//2904
f 3508//2905 1567//2905 1566//2905
f 3505//2906 1566//2906 1565//2906
f 3515//2907 3514//2907 3520//2907
f 3517//2908 3514//2908 3516//2908
f 3520//2909 3518//2909 3519//2909
f 112//2910 3515//2910 1441//2910
f 1205//2911 3516//2911 3515//2911
f 1441//2912 3520//2912 1440//2912
f 114//2913 3517//2913 1207//2913
f 1445//2914 3518//2914 3517//2914
f 1207//2915 3516//2915 1206//2915
f 1439//2916 1447//2916 202//2916
f 1440//2917 3519//2917 1439//2917
f 3519//2918 1446//2918 1447//2918
f 3521//2919 3525//2919 3524//2919
f 3522//2920 3526//2920 3525//2920
f 3524//2921 3528//2921 3527//2921
f 3525//2922 3529//2922 3528//2922
f 250//2923 3521//2923 1726//2923
f 1782//2924 3521//2924 1783//2924
f 1781//2925 3522//2925 1782//2925
f 262//2926 3523//2926 1781//2926
f 3523//2927 1761//2927 3526//2927
f 3526//2928 1760//2928 3529//2928
f 3529//2929 257//2929 1045//2929
f 3528//2930 1045//2930 1044//2930
f 3527//2931 1044//2931 1043//2931
f 1724//2931 1043//2931 245//2931
f 1725//2932 3527//2932 1724//2932
f 1726//2933 3524//2933 1725//2933
f 3531//2934 3533//2934 3530//2934
f 3532//2935 3534//2935 3531//2935
f 3534//2936 3536//2936 3533//2936
f 3535//2937 3537//2937 3534//2937
f 1438//2938 1552//2938 210//2938
f 1437//2939 3530//2939 1438//2939
f 1436//2940 3531//2940 1437//2940
f 1436//2941 748//2941 3532//2941
f 748//2942 3535//2942 3532//2942
f 747//2943 3538//2943 3535//2943
f 746//2944 1456//2944 3538//2944
f 3538//2945 1455//2945 3537//2945
f 3537//2946 1454//2946 3536//2946
f 3536//2947 203//2947 1550//2947
f 3533//2948 1550//2948 1551//2948
f 3530//2949 1551//2949 1552//2949
f 3541//2950 3559//2950 3540//2950
f 3542//2951 3539//2951 3541//2951
f 3545//2952 3543//2952 3544//2952
f 3547//2953 3545//2953 3546//2953
f 3549//2954 3547//2954 3548//2954
f 3551//2955 3549//2955 3550//2955
f 3552//2956 3539//2956 3551//2956
f 3555//2957 3553//2957 3554//2957
f 3557//2958 3555//2958 3556//2958
f 3559//2959 3557//2959 3558//2959
f 1442//2960 1216//2960 117//2960
f 1443//2961 3540//2961 1442//2961
f 1216//2962 3559//2962 1215//2962
f 177//2963 3542//2963 1444//2963
f 1435//2964 3543//2964 3542//2964
f 1444//2965 3541//2965 1443//2965
f 1508//2966 1433//2966 184//2966
f 1509//2967 3544//2967 1508//2967
f 3544//2968 1434//2968 1433//2968
f 1505//2969 1510//2969 199//2969
f 1506//2970 3546//2970 1505//2970
f 3546//2971 1509//2971 1510//2971
f 1502//2972 1507//2972 198//2972
f 1503//2973 3548//2973 1502//2973
f 1507//2974 3547//2974 1506//2974
f 1499//2975 1504//2975 197//2975
f 1500//2976 3550//2976 1499//2976
f 1504//2977 3549//2977 1503//2977
f 196//2978 3552//2978 1501//2978
f 1496//2979 3553//2979 3552//2979
f 1501//2980 3551//2980 1500//2980
f 1495//2981 1498//2981 195//2981
f 1495//2982 3555//2982 3554//2982
f 3554//2983 1497//2983 1498//2983
f 182//2984 3556//2984 1493//2984
f 1465//2985 3557//2985 3556//2985
f 3556//2986 1494//2986 1493//2986
f 1214//2987 1463//2987 113//2987
f 1215//2988 3558//2988 1214//2988
f 3558//2989 1464//2989 1463//2989
f 3560//2990 3564//2990 3563//2990
f 3561//2991 3565//2991 3564//2991
f 3563//2992 3567//2992 3566//2992
f 3564//2993 3568//2993 3567//2993
f 199//2994 3560//2994 1505//2994
f 1525//2995 3561//2995 3560//2995
f 1524//2996 3562//2996 3561//2996
f 1523//2997 674//2997 3562//2997
f 3562//2998 675//2998 3565//2998
f 3565//2999 676//2999 3568//2999
f 3568//3000 200//3000 1517//3000
f 3567//3001 1517//3001 1518//3001
f 3566//3002 1518//3002 1519//3002
f 1507//3003 1519//3003 198//3003
f 1506//3004 3566//3004 1507//3004
f 1505//3005 3563//3005 1506//3005
f 3570//3006 3572//3006 3569//3006
f 3571//3007 3573//3007 3570//3007
f 3573//3008 3575//3008 3572//3008
f 3574//3009 3576//3009 3573//3009
f 196//3010 3569//3010 1496//3010
f 1466//3011 3570//3011 3569//3011
f 1467//3012 3571//3012 3570//3012
f 1468//3013 617//3013 3571//3013
f 3571//3014 618//3014 3574//3014
f 618//3015 3577//3015 3574//3015
f 619//3016 1528//3016 3577//3016
f 3577//3017 1527//3017 3576//3017
f 3576//3018 1526//3018 3575//3018
f 3575//3019 195//3019 1498//3019
f 3572//3020 1498//3020 1497//3020
f 3569//3021 1497//3021 1496//3021
f 3578//3022 3582//3022 3581//3022
f 3579//3022 3583//3022 3582//3022
f 3581//3023 3585//3023 3584//3023
f 3582//3022 3586//3022 3585//3022
f 242//3023 3578//3023 941//3023
f 712//3023 3579//3023 3578//3023
f 711//3022 3580//3022 3579//3022
f 710//3022 974//3022 3580//3022
f 3580//3023 975//3023 3583//3023
f 3583//3022 976//3022 3586//3022
f 3586//3024 251//3024 958//3024
f 3585//3022 958//3022 957//3022
f 3584//3022 957//3022 956//3022
f 943//3022 956//3022 241//3022
f 942//3022 3584//3022 943//3022
f 941//3022 3581//3022 942//3022
f 3587//3025 3591//3025 3590//3025
f 3588//3026 3592//3026 3591//3026
f 3590//3027 3594//3027 3593//3027
f 3591//3028 3595//3028 3594//3028
f 184//3029 3587//3029 1508//3029
f 1469//3030 3588//3030 3587//3030
f 1470//3031 3589//3031 3588//3031
f 1471//3032 662//3032 3589//3032
f 3589//3033 663//3033 3592//3033
f 3592//3034 664//3034 3595//3034
f 3595//3035 201//3035 1523//3035
f 3594//3036 1523//3036 1524//3036
f 3593//3037 1524//3037 1525//3037
f 3593//3038 199//3038 1510//3038
f 1509//3039 3593//3039 1510//3039
f 1508//3040 3590//3040 1509//3040
f 3597//3041 3599//3041 3596//3041
f 3598//3042 3600//3042 3597//3042
f 3600//3043 3602//3043 3599//3043
f 3601//3044 3603//3044 3600//3044
f 1462//3045 731//3045 185//3045
f 1461//3046 3596//3046 1462//3046
f 1460//3047 3597//3047 1461//3047
f 182//3048 3598//3048 1460//3048
f 1493//3049 3601//3049 3598//3049
f 1494//3050 3604//3050 3601//3050
f 1495//3051 1526//3051 3604//3051
f 3604//3052 1527//3052 3603//3052
f 3603//3053 1528//3053 3602//3053
f 3602//3054 188//3054 733//3054
f 3599//3055 733//3055 732//3055
f 3596//3056 732//3056 731//3056
f 3606//3057 3608//3057 3605//3057
f 3607//3058 3609//3058 3606//3058
f 3609//3059 3611//3059 3608//3059
f 3610//3060 3612//3060 3609//3060
f 1202//3061 734//3061 115//3061
f 1203//3062 3605//3062 1202//3062
f 1204//3063 3606//3063 1203//3063
f 113//3064 3607//3064 1204//3064
f 1463//3065 3610//3065 3607//3065
f 1464//3066 3613//3066 3610//3066
f 1465//3067 1460//3067 3613//3067
f 3613//3068 1461//3068 3612//3068
f 3612//3069 1462//3069 3611//3069
f 3611//3070 185//3070 736//3070
f 3608//3071 736//3071 735//3071
f 3605//3072 735//3072 734//3072
f 3616//3073 3624//3073 3615//3073
f 3617//3074 3614//3074 3616//3074
f 3620//3075 3618//3075 3619//3075
f 3621//3076 3614//3076 3620//3076
f 3624//3077 3622//3077 3623//3077
f 1529//3078 1213//3078 116//3078
f 1530//3079 3615//3079 1529//3079
f 3615//3080 1212//3080 1213//3080
f 203//3081 3617//3081 1531//3081
f 1549//3082 3618//3082 3617//3082
f 1531//3083 3616//3083 1530//3083
f 1537//3084 1547//3084 206//3084
f 1536//3085 3619//3085 1537//3085
f 3619//3086 1548//3086 1547//3086
f 1444//3087 1535//3087 177//3087
f 1443//3088 3621//3088 1444//3088
f 1535//3089 3620//3089 1536//3089
f 117//3090 3623//3090 1442//3090
f 1211//3091 3624//3091 3623//3091
f 1442//3092 3622//3092 1443//3092
f 3627//3093 3635//3093 3626//3093
f 3628//3094 3625//3094 3627//3094
f 3630//3095 3625//3095 3629//3095
f 3633//3096 3631//3096 3632//3096
f 3634//3097 3625//3097 3633//3097
f 1441//3098 1219//3098 112//3098
f 1440//3099 3626//3099 1441//3099
f 3626//3100 1218//3100 1219//3100
f 202//3101 3628//3101 1439//3101
f 1553//3102 3629//3102 3628//3102
f 1439//3103 3627//3103 1440//3103
f 210//3104 3630//3104 1555//3104
f 1552//3105 3631//3105 3630//3105
f 1555//3106 3629//3106 1554//3106
f 1531//3107 1550//3107 203//3107
f 1530//3108 3632//3108 1531//3108
f 3632//3109 1551//3109 1550//3109
f 116//3110 3634//3110 1529//3110
f 1217//3111 3635//3111 3634//3111
f 1529//3112 3633//3112 1530//3112
f 3638//3113 3656//3113 3637//3113
f 3639//3114 3636//3114 3638//3114
f 3641//3115 3636//3115 3640//3115
f 3644//3116 3642//3116 3643//3116
f 3646//3117 3644//3117 3645//3117
f 3648//3118 3646//3118 3647//3118
f 3649//3119 3636//3119 3648//3119
f 3651//3120 3636//3120 3650//3120
f 3654//3121 3652//3121 3653//3121
f 3656//3122 3654//3122 3655//3122
f 1459//3123 1435//3123 177//3123
f 1458//3124 3637//3124 1459//3124
f 3637//3125 1434//3125 1435//3125
f 205//3126 3639//3126 1457//3126
f 1565//3127 3640//3127 3639//3127
f 1457//3128 3638//3128 1458//3128
f 212//3129 3641//3129 1567//3129
f 1564//3130 3642//3130 3641//3130
f 3641//3131 1566//3131 1567//3131
f 1534//3132 1562//3132 204//3132
f 1533//3133 3643//3133 1534//3133
f 3643//3134 1563//3134 1562//3134
f 1490//3135 1532//3135 183//3135
f 1491//3136 3645//3136 1490//3136
f 3645//3137 1533//3137 1532//3137
f 1487//3138 1492//3138 194//3138
f 1488//3139 3647//3139 1487//3139
f 1492//3140 3646//3140 1491//3140
f 193//3141 3649//3141 1489//3141
f 1484//3142 3650//3142 3649//3142
f 1489//3143 3648//3143 1488//3143
f 192//3144 3651//3144 1486//3144
f 1481//3145 3652//3145 3651//3145
f 1486//3146 3650//3146 1485//3146
f 1480//3147 1483//3147 191//3147
f 1479//3148 3653//3148 1480//3148
f 3653//3149 1482//3149 1483//3149
f 1433//3150 1478//3150 184//3150
f 1434//3151 3655//3151 1433//3151
f 3655//3152 1479//3152 1478//3152
f 3658//3153 3660//3153 3657//3153
f 3659//3154 3661//3154 3658//3154
f 3661//3155 3663//3155 3660//3155
f 3662//3156 3664//3156 3661//3156
f 206//3157 3657//3157 1537//3157
f 1545//3158 3657//3158 1544//3158
f 1546//3159 3658//3159 1545//3159
f 209//3160 3659//3160 1546//3160
f 1543//3161 3662//3161 3659//3161
f 1542//3162 3665//3162 3662//3162
f 1541//3163 1457//3163 3665//3163
f 3665//3164 1458//3164 3664//3164
f 3664//3165 1459//3165 3663//3165
f 3663//3166 177//3166 1535//3166
f 3660//3167 1535//3167 1536//3167
f 3657//3168 1536//3168 1537//3168
f 3667//3169 3669//3169 3666//3169
f 3668//3170 3670//3170 3667//3170
f 3670//3171 3672//3171 3669//3171
f 3671//3172 3673//3172 3670//3172
f 1430//3173 1564//3173 212//3173
f 1431//3174 3666//3174 1430//3174
f 1432//3175 3667//3175 1431//3175
f 211//3176 3668//3176 1432//3176
f 637//3177 3671//3177 3668//3177
f 636//3178 3674//3178 3671//3178
f 635//3179 1561//3179 3674//3179
f 3674//3180 1560//3180 3673//3180
f 3673//3181 1559//3181 3672//3181
f 3672//3182 204//3182 1562//3182
f 3669//3183 1562//3183 1563//3183
f 3666//3184 1563//3184 1564//3184
f 3676//3185 3678//3185 3675//3185
f 3677//3186 3679//3186 3676//3186
f 3678//3187 3682//3187 3681//3187
f 3680//3188 3682//3188 3679//3188
f 207//3189 3675//3189 755//3189
f 1437//3190 3675//3190 1436//3190
f 1438//3191 3676//3191 1437//3191
f 210//3192 3677//3192 1438//3192
f 1555//3193 3680//3193 3677//3193
f 1554//3194 3683//3194 3680//3194
f 1553//3195 1538//3195 3683//3195
f 3683//3196 1539//3196 3682//3196
f 3681//3197 1539//3197 1540//3197
f 757//3198 1540//3198 165//3198
f 756//3199 3681//3199 757//3199
f 755//3200 3678//3200 756//3200
f 3685//3201 3687//3201 3684//3201
f 3685//3202 3689//3202 3688//3202
f 3687//3203 3691//3203 3690//3203
f 3689//3204 3691//3204 3688//3204
f 1570//3205 1571//3205 214//3205
f 1569//3206 3684//3206 1570//3206
f 1569//3207 3686//3207 3685//3207
f 1568//3208 1579//3208 3686//3208
f 3686//3209 1578//3209 3689//3209
f 1578//3210 3692//3210 3689//3210
f 1577//3211 1576//3211 3692//3211
f 3692//3212 1575//3212 3691//3212
f 3690//3213 1575//3213 1574//3213
f 1573//3214 1574//3214 216//3214
f 1572//3215 3690//3215 1573//3215
f 3684//3216 1572//3216 1571//3216
f 3694//3217 3696//3217 3693//3217
f 3694//3218 3698//3218 3697//3218
f 3697//3219 3699//3219 3696//3219
f 3697//3220 3701//3220 3700//3220
f 1661//3221 1580//3221 229//3221
f 1662//3222 3693//3222 1661//3222
f 1662//3223 3695//3223 3694//3223
f 1663//3224 1648//3224 3695//3224
f 3695//3225 1647//3225 3698//3225
f 3698//3226 1646//3226 3701//3226
f 3701//3227 219//3227 802//3227
f 3700//3228 802//3228 801//3228
f 3700//3229 800//3229 3699//3229
f 3699//3230 220//3230 1582//3230
f 3696//3231 1582//3231 1581//3231
f 3693//3232 1581//3232 1580//3232
f 3702//3023 3706//3023 3705//3023
f 3704//3023 3706//3023 3703//3023
f 3706//3023 3708//3023 3705//3023
f 3706//3023 3710//3023 3709//3023
f 220//3023 3702//3023 806//3023
f 800//3023 3703//3023 3702//3023
f 802//3023 3703//3023 801//3023
f 219//3023 3704//3023 802//3023
f 814//3023 3707//3023 3704//3023
f 3707//3023 812//3023 3710//3023
f 3710//3023 217//3023 811//3023
f 3709//3023 811//3023 810//3023
f 3709//3023 809//3023 3708//3023
f 3708//3023 218//3023 808//3023
f 3705//3023 808//3023 807//3023
f 806//3023 3705//3023 807//3023
f 3711//3233 3715//3233 3714//3233
f 3713//3234 3715//3234 3712//3234
f 3715//3235 3717//3235 3714//3235
f 3716//3236 3718//3236 3715//3236
f 226//3237 3711//3237 1586//3237
f 1637//3238 3712//3238 3711//3238
f 1639//3239 3712//3239 1638//3239
f 228//3240 3713//3240 1639//3240
f 1627//3241 3716//3241 3713//3241
f 1626//3242 3719//3242 3716//3242
f 3719//3243 213//3243 1568//3243
f 3718//3244 1568//3244 1569//3244
f 3718//3245 1570//3245 3717//3245
f 3717//3246 214//3246 1588//3246
f 1587//3247 3717//3247 1588//3247
f 1586//3248 3714//3248 1587//3248
f 3721//3249 3723//3249 3720//3249
f 3722//3250 3724//3250 3721//3250
f 3724//3251 3726//3251 3723//3251
f 3725//3252 3727//3252 3724//3252
f 1589//3253 1660//3253 230//3253
f 1590//3254 3720//3254 1589//3254
f 1591//3255 3721//3255 1590//3255
f 217//3256 3722//3256 1591//3256
f 812//3257 3725//3257 3722//3257
f 813//3258 3728//3258 3725//3258
f 814//3259 1646//3259 3728//3259
f 3728//3260 1647//3260 3727//3260
f 3727//3261 1648//3261 3726//3261
f 3726//3262 231//3262 1658//3262
f 3723//3263 1658//3263 1659//3263
f 3720//3264 1659//3264 1660//3264
f 3730//3265 3732//3265 3729//3265
f 3731//3266 3733//3266 3730//3266
f 3732//3267 3736//3267 3735//3267
f 3733//3268 3737//3268 3736//3268
f 1586//3269 1636//3269 226//3269
f 1587//3270 3729//3270 1586//3270
f 1588//3271 3730//3271 1587//3271
f 214//3272 3731//3272 1588//3272
f 1571//3273 3734//3273 3731//3273
f 3734//3274 1573//3274 3737//3274
f 3737//3275 216//3275 1622//3275
f 3736//3276 1622//3276 1623//3276
f 3735//3277 1623//3277 1624//3277
f 1634//3278 1624//3278 227//3278
f 1635//3279 3735//3279 1634//3279
f 3729//3280 1635//3280 1636//3280
f 3738//3281 3742//3281 3741//3281
f 3739//3282 3743//3282 3742//3282
f 3741//3283 3745//3283 3744//3283
f 3742//3284 3746//3284 3745//3284
f 232//3285 3738//3285 1657//3285
f 1598//3286 3739//3286 3738//3286
f 1600//3287 3739//3287 1599//3287
f 223//3288 3740//3288 1600//3288
f 1606//3289 3743//3289 3740//3289
f 3743//3290 1604//3290 3746//3290
f 3746//3291 221//3291 1640//3291
f 3745//3292 1640//3292 1641//3292
f 3744//3293 1641//3293 1642//3293
f 1655//3294 1642//3294 229//3294
f 1656//3295 3744//3295 1655//3295
f 1657//3296 3741//3296 1656//3296
f 3747//3297 3751//3297 3750//3297
f 3748//3298 3752//3298 3751//3298
f 3750//3299 3754//3299 3753//3299
f 3752//3300 3754//3300 3751//3300
f 228//3301 3747//3301 1633//3301
f 1601//3302 3748//3302 3747//3302
f 1602//3303 3749//3303 3748//3303
f 1603//3304 1609//3304 3749//3304
f 3749//3305 1608//3305 3752//3305
f 1608//3306 3755//3306 3752//3306
f 1607//3307 1616//3307 3755//3307
f 3755//3308 1617//3308 3754//3308
f 3754//3309 1618//3309 3753//3309
f 3753//3310 225//3310 1631//3310
f 1632//3311 3753//3311 1631//3311
f 1633//3312 3750//3312 1632//3312
f 3757//3313 3759//3313 3756//3313
f 3757//3314 3761//3314 3760//3314
f 3759//3315 3763//3315 3762//3315
f 3761//3316 3763//3316 3760//3316
f 1652//3317 1598//3317 232//3317
f 1653//3318 3756//3318 1652//3318
f 1653//3319 3758//3319 3757//3319
f 1654//3320 1645//3320 3758//3320
f 3758//3321 1644//3321 3761//3321
f 1644//3322 3764//3322 3761//3322
f 1643//3323 1612//3323 3764//3323
f 3764//3324 1611//3324 3763//3324
f 3762//3325 1611//3325 1610//3325
f 1600//3326 1610//3326 223//3326
f 1599//3327 3762//3327 1600//3327
f 3756//3328 1599//3328 1598//3328
f 3766//3329 3768//3329 3765//3329
f 3766//3330 3770//3330 3769//3330
f 3769//3331 3771//3331 3768//3331
f 3769//3332 3773//3332 3772//3332
f 1628//3333 1592//3333 227//3333
f 1629//3334 3765//3334 1628//3334
f 1629//3335 3767//3335 3766//3335
f 1630//3336 1618//3336 3767//3336
f 3767//3337 1617//3337 3770//3337
f 3770//3338 1616//3338 3773//3338
f 3773//3339 222//3339 1615//3339
f 3772//3340 1615//3340 1614//3340
f 3772//3341 1613//3341 3771//3341
f 3771//3342 221//3342 1594//3342
f 3768//3343 1594//3343 1593//3343
f 3765//3344 1593//3344 1592//3344
f 3774//3345 3778//3345 3777//3345
f 3775//3346 3779//3346 3778//3346
f 3778//3347 3780//3347 3777//3347
f 3778//3348 3782//3348 3781//3348
f 216//3349 3774//3349 1622//3349
f 1574//3350 3775//3350 3774//3350
f 1576//3351 3775//3351 1575//3351
f 215//3352 3776//3352 1576//3352
f 3776//3353 1584//3353 3779//3353
f 3779//3354 1583//3354 3782//3354
f 3782//3355 225//3355 1630//3355
f 3781//3356 1630//3356 1629//3356
f 3781//3357 1628//3357 3780//3357
f 3780//3358 227//3358 1624//3358
f 3777//3359 1624//3359 1623//3359
f 3774//3360 1623//3360 1622//3360
f 3783//3361 3787//3361 3786//3361
f 3784//3362 3788//3362 3787//3362
f 3787//3363 3789//3363 3786//3363
f 3788//3364 3790//3364 3787//3364
f 213//3365 3783//3365 1579//3365
f 1625//3366 3784//3366 3783//3366
f 1626//3367 3785//3367 3784//3367
f 1627//3368 1633//3368 3785//3368
f 3785//3369 1632//3369 3788//3369
f 1632//3370 3791//3370 3788//3370
f 1631//3371 1583//3371 3791//3371
f 3791//3372 1584//3372 3790//3372
f 3790//3373 1585//3373 3789//3373
f 3789//3374 215//3374 1577//3374
f 3786//3375 1577//3375 1578//3375
f 1579//3376 3786//3376 1578//3376
f 3793//3377 3795//3377 3792//3377
f 3794//3378 3796//3378 3793//3378
f 3796//3379 3798//3379 3795//3379
f 3797//3380 3799//3380 3796//3380
f 1619//3381 1606//3381 223//3381
f 1620//3382 3792//3382 1619//3382
f 1621//3383 3793//3383 1620//3383
f 226//3384 3794//3384 1621//3384
f 1636//3385 3797//3385 3794//3385
f 1635//3386 3800//3386 3797//3386
f 3800//3387 227//3387 1592//3387
f 3799//3388 1592//3388 1593//3388
f 3798//3389 1593//3389 1594//3389
f 1604//3390 1594//3390 221//3390
f 1605//3391 3798//3391 1604//3391
f 3792//3392 1605//3392 1606//3392
f 3801//3393 3805//3393 3804//3393
f 3803//3394 3805//3394 3802//3394
f 3804//3395 3808//3395 3807//3395
f 3806//3396 3808//3396 3805//3396
f 223//3397 3801//3397 1619//3397
f 1610//3398 3802//3398 3801//3398
f 1612//3399 3802//3399 1611//3399
f 224//3400 3803//3400 1612//3400
f 1603//3401 3806//3401 3803//3401
f 1602//3402 3809//3402 3806//3402
f 1601//3403 1639//3403 3809//3403
f 3809//3404 1638//3404 3808//3404
f 3807//3405 1638//3405 1637//3405
f 1621//3406 1637//3406 226//3406
f 1620//3407 3807//3407 1621//3407
f 1619//3408 3804//3408 1620//3408
f 3811//3409 3813//3409 3810//3409
f 3812//3410 3814//3410 3811//3410
f 3814//3411 3816//3411 3813//3411
f 3814//3412 3818//3412 3817//3412
f 809//3413 1649//3413 218//3413
f 810//3414 3810//3414 809//3414
f 811//3415 3811//3415 810//3415
f 217//3416 3812//3416 811//3416
f 3812//3417 1590//3417 3815//3417
f 3815//3418 1589//3418 3818//3418
f 3818//3419 230//3419 1654//3419
f 3817//3420 1654//3420 1653//3420
f 3817//3421 1652//3421 3816//3421
f 3816//3422 232//3422 1651//3422
f 3813//3423 1651//3423 1650//3423
f 3810//3424 1650//3424 1649//3424
f 3819//3425 3823//3425 3822//3425
f 3820//3426 3824//3426 3823//3426
f 3822//3427 3826//3427 3825//3427
f 3823//3428 3827//3428 3826//3428
f 218//3429 3819//3429 808//3429
f 1649//3430 3820//3430 3819//3430
f 1650//3431 3821//3431 3820//3431
f 1651//3432 1657//3432 3821//3432
f 3821//3433 1656//3433 3824//3433
f 3824//3434 1655//3434 3827//3434
f 3827//3435 229//3435 1580//3435
f 3826//3436 1580//3436 1581//3436
f 3825//3437 1581//3437 1582//3437
f 806//3438 1582//3438 220//3438
f 807//3439 3825//3439 806//3439
f 808//3440 3822//3440 807//3440
f 3829//3441 3831//3441 3828//3441
f 3830//3442 3832//3442 3829//3442
f 3832//3443 3834//3443 3831//3443
f 3833//3444 3835//3444 3832//3444
f 224//3445 3828//3445 1609//3445
f 1643//3446 3829//3446 3828//3446
f 1645//3447 3829//3447 1644//3447
f 230//3448 3830//3448 1645//3448
f 1660//3449 3833//3449 3830//3449
f 1659//3450 3836//3450 3833//3450
f 1658//1351 1595//1351 3836//1351
f 3836//3451 1596//3451 3835//3451
f 3835//3452 1597//3452 3834//3452
f 3834//3453 222//3453 1607//3453
f 3831//3454 1607//3454 1608//3454
f 1609//3455 3831//3455 1608//3455
f 3838//3456 3840//3456 3837//3456
f 3838//3457 3842//3457 3841//3457
f 3841//3458 3843//3458 3840//3458
f 3841//3459 3845//3459 3844//3459
f 1613//3460 1640//3460 221//3460
f 1614//3461 3837//3461 1613//3461
f 1614//3462 3839//3462 3838//3462
f 1615//3463 1597//3463 3839//3463
f 3839//3464 1596//3464 3842//3464
f 3842//3465 1595//3465 3845//3465
f 3845//3466 231//3466 1663//3466
f 3844//3467 1663//3467 1662//3467
f 3844//3468 1661//3468 3843//3468
f 3843//3469 229//3469 1642//3469
f 3840//3470 1642//3470 1641//3470
f 3837//3471 1641//3471 1640//3471
f 3846//3472 3850//3472 3849//3472
f 3847//3473 3851//3473 3850//3473
f 3850//3474 3852//3474 3849//3474
f 3850//3475 3854//3475 3853//3475
f 1711//3476 1744//3476 255//3476
f 1711//3477 3847//3477 3846//3477
f 1710//3478 3848//3478 3847//3478
f 1709//3479 1777//3479 3848//3479
f 3848//3480 1776//3480 3851//3480
f 3851//3481 1775//3481 3854//3481
f 3854//3482 261//3482 1717//3482
f 3853//3483 1717//3483 1716//3483
f 3853//3484 1715//3484 3852//3484
f 3852//3485 249//3485 1742//3485
f 3849//3486 1742//3486 1743//3486
f 3846//3487 1743//3487 1744//3487
f 3857//3488 3865//3488 3856//3488
f 3859//3489 3857//3489 3858//3489
f 3860//3490 3855//3490 3859//3490
f 3863//3491 3861//3491 3862//3491
f 3865//3492 3863//3492 3864//3492
f 1706//3493 905//3493 233//3493
f 1707//3494 3856//3494 1706//3494
f 905//3495 3865//3495 906//3495
f 247//3496 3858//3496 1708//3496
f 1667//3497 3859//3497 3858//3497
f 1708//3498 3857//3498 1707//3498
f 235//3499 3860//3499 1669//3499
f 1670//3500 3861//3500 3860//3500
f 1669//3501 3859//3501 1668//3501
f 1673//3502 1672//3502 236//3502
f 1674//3503 3862//3503 1673//3503
f 3862//3504 1671//3504 1672//3504
f 907//3505 1675//3505 234//3505
f 906//3506 3864//3506 907//3506
f 3864//3507 1674//3507 1675//3507
f 3868//3508 3876//3508 3867//3508
f 3869//3509 3866//3509 3868//3509
f 3872//3510 3870//3510 3871//3510
f 3873//3511 3866//3511 3872//3511
f 3875//3512 3866//3512 3874//3512
f 1840//3513 1853//3513 282//3513
f 1839//3514 3867//3514 1840//3514
f 3867//3515 1854//3515 1853//3515
f 236//3516 3869//3516 1838//3516
f 1672//3517 3870//3517 3869//3517
f 1838//3518 3868//3518 1839//3518
f 235//3519 3871//3519 1670//3519
f 1823//3520 3872//3520 3871//3520
f 3871//3521 1671//3521 1670//3521
f 1850//3522 1825//3522 166//3522
f 1850//3523 3874//3523 3873//3523
f 3873//3524 1824//3524 1825//3524
f 286//3525 3875//3525 1852//3525
f 1855//3526 3876//3526 3875//3526
f 3875//3527 1851//3527 1852//3527
f 3878//3528 3877//3528 3887//3528
f 3880//3529 3877//3529 3879//3529
f 3883//3530 3881//3530 3882//3530
f 3884//3531 3877//3531 3883//3531
f 3887//3532 3885//3532 3886//3532
f 181//3533 3878//3533 1561//3533
f 916//3534 3879//3534 3878//3534
f 1561//3535 3887//3535 1560//3535
f 234//3536 3880//3536 914//3536
f 1675//3537 3881//3537 3880//3537
f 914//3538 3879//3538 915//3538
f 1838//3539 1673//3539 236//3539
f 1839//3540 3882//3540 1838//3540
f 3882//3541 1674//3541 1673//3541
f 282//3542 3884//3542 1840//3542
f 1664//3543 3885//3543 3884//3543
f 1840//3544 3883//3544 1839//3544
f 1559//3545 1666//3545 204//3545
f 1560//3546 3886//3546 1559//3546
f 3886//3547 1665//3547 1666//3547
f 3889//3548 3891//3548 3888//3548
f 3889//3549 3893//3549 3892//3549
f 3891//3550 3895//3550 3894//3550
f 3893//3551 3895//3551 3892//3551
f 1684//3552 1685//3552 238//3552
f 1683//3553 3888//3553 1684//3553
f 1683//3554 3890//3554 3889//3554
f 1682//3555 1693//3555 3890//3555
f 3890//3556 1692//3556 3893//3556
f 1692//3557 3896//3557 3893//3557
f 1691//3558 1690//3558 3896//3558
f 3896//3559 1689//3559 3895//3559
f 3894//3560 1689//3560 1688//3560
f 1687//3561 1688//3561 240//3561
f 1686//3562 3894//3562 1687//3562
f 3888//3563 1686//3563 1685//3563
f 3897//3564 3901//3564 3900//3564
f 3899//3565 3901//3565 3898//3565
f 3901//3566 3903//3566 3900//3566
f 3901//3567 3905//3567 3904//3567
f 240//3568 3897//3568 1694//3568
f 1688//3569 3898//3569 3897//3569
f 1690//3570 3898//3570 1689//3570
f 239//3571 3899//3571 1690//3571
f 3899//3572 1698//3572 3902//3572
f 3902//3573 1697//3573 3905//3573
f 3905//3574 243//3574 934//3574
f 3904//3575 934//3575 933//3575
f 3904//3576 932//3576 3903//3576
f 3903//3577 244//3577 1696//3577
f 3900//3578 1696//3578 1695//3578
f 3897//3579 1695//3579 1694//3579
f 3906//3023 3910//3023 3909//3023
f 3908//3023 3910//3023 3907//3023
f 3909//3023 3913//3023 3912//3023
f 3911//3023 3913//3023 3910//3023
f 244//3023 3906//3023 938//3023
f 932//3023 3907//3023 3906//3023
f 934//3023 3907//3023 933//3023
f 243//3023 3908//3023 934//3023
f 946//3023 3911//3023 3908//3023
f 945//3023 3914//3023 3911//3023
f 944//3023 943//3023 3914//3023
f 3913//3023 943//3023 942//3023
f 3912//3023 942//3023 941//3023
f 940//3023 941//3023 242//3023
f 939//3023 3912//3023 940//3023
f 938//3023 3909//3023 939//3023
f 3916//3580 3918//3580 3915//3580
f 3916//3581 3920//3581 3919//3581
f 3919//3582 3921//3582 3918//3582
f 3919//3583 3923//3583 3922//3583
f 242//3584 3915//3584 1700//3584
f 942//3585 3915//3585 941//3585
f 942//3586 3917//3586 3916//3586
f 241//3585 3917//3585 943//3585
f 1705//3587 3920//3587 3917//3587
f 3920//3588 1703//3588 3923//3588
f 3923//3589 237//3589 1682//3589
f 3922//3590 1682//3590 1683//3590
f 3922//3591 1684//3591 3921//3591
f 3921//3592 238//3592 1702//3592
f 3918//3593 1702//3593 1701//3593
f 3915//3594 1701//3594 1700//3594
f 3924//3595 3928//3595 3927//3595
f 3926//3596 3928//3596 3925//3596
f 3928//3597 3930//3597 3927//3597
f 3929//3598 3931//3598 3928//3598
f 237//3599 3924//3599 1693//3599
f 1703//3600 3925//3600 3924//3600
f 1704//3601 3926//3601 3925//3601
f 1705//3602 944//3602 3926//3602
f 944//3603 3929//3603 3926//3603
f 945//3604 3932//3604 3929//3604
f 946//3605 1697//3605 3932//3605
f 3932//3606 1698//3606 3931//3606
f 3931//3607 1699//3607 3930//3607
f 3930//3608 239//3608 1691//3608
f 3927//3609 1691//3609 1692//3609
f 1693//3610 3927//3610 1692//3610
f 3933//3611 3937//3611 3936//3611
f 3935//3612 3937//3612 3934//3612
f 3936//3613 3940//3613 3939//3613
f 3937//3614 3941//3614 3940//3614
f 1700//3615 940//3615 242//3615
f 1701//3616 3933//3616 1700//3616
f 1702//3617 3934//3617 1701//3617
f 238//3618 3935//3618 1702//3618
f 1685//3619 3938//3619 3935//3619
f 3938//3620 1687//3620 3941//3620
f 3941//3621 240//3621 1694//3621
f 3940//3622 1694//3622 1695//3622
f 3939//3623 1695//3623 1696//3623
f 938//3624 1696//3624 244//3624
f 939//3625 3939//3625 938//3625
f 940//3626 3936//3626 939//3626
f 3942//3627 3946//3627 3945//3627
f 3943//3628 3947//3628 3946//3628
f 3945//3629 3949//3629 3948//3629
f 3946//3630 3950//3630 3949//3630
f 194//3631 3942//3631 1487//3631
f 1712//3632 3943//3632 3942//3632
f 1713//3633 3944//3633 3943//3633
f 249//3634 3944//3634 1714//3634
f 3944//3635 1719//3635 3947//3635
f 3947//3636 1718//3636 3950//3636
f 3950//3637 248//3637 1520//3637
f 3949//3638 1520//3638 1521//3638
f 3948//3639 1521//3639 1522//3639
f 1489//3640 1522//3640 193//3640
f 1488//3641 3948//3641 1489//3641
f 1487//3642 3945//3642 1488//3642
f 3953//3643 3961//3643 3952//3643
f 3955//3644 3953//3644 3954//3644
f 3956//3645 3951//3645 3955//3645
f 3959//3646 3957//3646 3958//3646
f 3960//3647 3951//3647 3959//3647
f 1516//3648 1481//3648 192//3648
f 1515//3649 3952//3649 1516//3649
f 3952//3650 1482//3650 1481//3650
f 250//3651 3954//3651 1514//3651
f 1725//3652 3954//3652 1726//3652
f 1514//3653 3953//3653 1515//3653
f 245//3654 3956//3654 1724//3654
f 653//3655 3957//3655 3956//3655
f 1724//3656 3955//3656 1725//3656
f 1472//3657 655//3657 175//3657
f 1473//3658 3958//3658 1472//3658
f 3958//3659 654//3659 655//3659
f 191//3660 3960//3660 1474//3660
f 1483//3661 3961//3661 3960//3661
f 1474//3662 3959//3662 1473//3662
f 3964//3663 3974//3663 3963//3663
f 3965//3664 3962//3664 3964//3664
f 3968//3665 3966//3665 3967//3665
f 3970//3666 3968//3666 3969//3666
f 3971//3667 3962//3667 3970//3667
f 3974//3668 3972//3668 3973//3668
f 1681//3669 1513//3669 183//3669
f 1680//3670 3963//3670 1681//3670
f 3963//3671 1512//3671 1513//3671
f 166//3672 3965//3672 1679//3672
f 1825//3673 3966//3673 3965//3673
f 1679//3674 3964//3674 1680//3674
f 1669//3675 1823//3675 235//3675
f 1668//3676 3967//3676 1669//3676
f 3967//3677 1824//3677 1823//3677
f 1733//3678 1667//3678 247//3678
f 1734//3679 3969//3679 1733//3679
f 3969//3680 1668//3680 1667//3680
f 253//3681 3971//3681 1735//3681
f 1732//3682 3972//3682 3971//3682
f 1735//3683 3970//3683 1734//3683
f 1511//3684 1730//3684 246//3684
f 1512//3685 3973//3685 1511//3685
f 3973//3686 1731//3686 1730//3686
f 3975//3687 3979//3687 3978//3687
f 3976//3688 3980//3688 3979//3688
f 3978//3689 3982//3689 3981//3689
f 3979//3690 3983//3690 3982//3690
f 280//3691 3975//3691 1849//3691
f 1793//3692 3976//3692 3975//3692
f 1794//3693 3977//3693 3976//3693
f 1795//3694 1078//3694 3977//3694
f 3977//3695 1077//3695 3980//3695
f 3980//3696 1076//3696 3983//3696
f 3983//3697 277//3697 1868//3697
f 3982//3698 1868//3698 1869//3698
f 3981//3699 1869//3699 1870//3699
f 1847//3700 1870//3700 279//3700
f 1848//3701 3981//3701 1847//3701
f 1849//3702 3978//3702 1848//3702
f 3985//3703 3984//3703 3994//3703
f 3988//3704 3986//3704 3987//3704
f 3989//3705 3984//3705 3988//3705
f 3992//3706 3990//3706 3991//3706
f 3993//3707 3984//3707 3992//3707
f 193//3708 3985//3708 1484//3708
f 1522//3709 3986//3709 3985//3709
f 1484//3710 3994//3710 1485//3710
f 1739//3711 1520//3711 248//3711
f 1740//3712 3987//3712 1739//3712
f 3987//3713 1521//3713 1520//3713
f 254//3714 3989//3714 1741//3714
f 1738//3715 3990//3715 3989//3715
f 1741//3716 3988//3716 1740//3716
f 1514//3717 1736//3717 250//3717
f 1515//3718 3991//3718 1514//3718
f 3991//3719 1737//3719 1736//3719
f 192//3720 3993//3720 1516//3720
f 1486//3721 3994//3721 3993//3721
f 1516//3722 3992//3722 1515//3722
f 3996//3723 3995//3723 4005//3723
f 3999//3724 3997//3724 3998//3724
f 4000//3725 3995//3725 3999//3725
f 4003//3726 4001//3726 4002//3726
f 4005//3727 4003//3727 4004//3727
f 183//3728 3996//3728 1490//3728
f 1513//3729 3997//3729 3996//3729
f 1490//3730 4005//3730 1491//3730
f 1745//3731 1511//3731 246//3731
f 1746//3732 3998//3732 1745//3732
f 3998//3733 1512//3733 1511//3733
f 255//3734 4000//3734 1747//3734
f 1744//3735 4001//3735 4000//3735
f 1747//3736 3999//3736 1746//3736
f 1714//3737 1742//3737 249//3737
f 1714//3738 4003//3738 4002//3738
f 4002//3739 1743//3739 1742//3739
f 1492//3740 1712//3740 194//3740
f 1491//3741 4004//3741 1492//3741
f 4004//3742 1713//3742 1712//3742
f 4007//3743 4009//3743 4006//3743
f 4008//3744 4010//3744 4007//3744
f 4010//3745 4012//3745 4009//3745
f 4011//3746 4013//3746 4010//3746
f 1676//3747 1865//3747 268//3747
f 1677//3748 4006//3748 1676//3748
f 1678//3749 4007//3749 1677//3749
f 271//3750 4008//3750 1678//3750
f 1085//3751 4011//3751 4008//3751
f 1086//3752 4014//3752 4011//3752
f 4014//3753 179//3753 1754//3753
f 4013//3754 1754//3754 1755//3754
f 4013//3755 1756//3755 4012//3755
f 4012//3756 288//3756 1867//3756
f 4009//3757 1867//3757 1866//3757
f 4006//3758 1866//3758 1865//3758
f 4015//3759 4019//3759 4018//3759
f 4016//3760 4020//3760 4019//3760
f 4018//3761 4022//3761 4021//3761
f 4019//3762 4023//3762 4022//3762
f 279//3763 4015//3763 1886//3763
f 1870//3764 4016//3764 4015//3764
f 1869//3765 4017//3765 4016//3765
f 1868//3766 1142//3766 4017//3766
f 4017//3767 1143//3767 4020//3767
f 4020//3768 1144//3768 4023//3768
f 4023//3769 285//3769 1796//3769
f 4022//3770 1796//3770 1797//3770
f 4021//3771 1797//3771 1798//3771
f 1888//3772 1798//3772 292//3772
f 1887//3773 4021//3773 1888//3773
f 1886//3774 4018//3774 1887//3774
f 4025//3775 4024//3775 4030//3775
f 4027//3776 4024//3776 4026//3776
f 4030//3777 4028//3777 4029//3777
f 1841//3778 1762//3778 262//3778
f 1842//3779 4025//3779 1841//3779
f 4025//3780 1761//3780 1762//3780
f 274//3781 4027//3781 1843//3781
f 1090//3782 4028//3782 4027//3782
f 1843//3783 4026//3783 1842//3783
f 1760//3784 1088//3784 257//3784
f 1761//3785 4029//3785 1760//3785
f 4029//3786 1089//3786 1088//3786
f 4031//3787 4035//3787 4034//3787
f 4032//3788 4036//3788 4035//3788
f 4034//3789 4038//3789 4037//3789
f 4035//3790 4039//3790 4038//3790
f 281//3791 4031//3791 1846//3791
f 1829//3792 4032//3792 4031//3792
f 1830//3793 4033//3793 4032//3793
f 1831//3794 1126//3794 4033//3794
f 4033//3795 1125//3795 4036//3795
f 4036//3796 1124//3796 4039//3796
f 4039//3797 266//3797 1802//3797
f 4038//3798 1802//3798 1803//3798
f 4037//3799 1803//3799 1804//3799
f 1844//3800 1804//3800 284//3800
f 1845//3801 4037//3801 1844//3801
f 1846//3802 4034//3802 1845//3802
f 4040//3803 4044//3803 4043//3803
f 4041//3804 4045//3804 4044//3804
f 4043//3805 4047//3805 4046//3805
f 4044//3806 4048//3806 4047//3806
f 1715//3807 1720//3807 249//3807
f 1715//3808 4041//3808 4040//3808
f 1716//3809 4042//3809 4041//3809
f 1717//3810 1759//3810 4042//3810
f 4042//3811 1758//3811 4045//3811
f 4045//3812 1757//3812 4048//3812
f 4048//3813 260//3813 1789//3813
f 4047//3814 1789//3814 1788//3814
f 4046//3815 1788//3815 1787//3815
f 1718//3816 1787//3816 248//3816
f 1719//3817 4046//3817 1718//3817
f 1720//3818 4043//3818 1719//3818
f 4049//3819 4053//3819 4052//3819
f 4051//3820 4053//3820 4050//3820
f 4052//3821 4056//3821 4055//3821
f 4053//3822 4057//3822 4056//3822
f 247//3823 4049//3823 1733//3823
f 1792//3824 4050//3824 4049//3824
f 1790//3825 4050//3825 1791//3825
f 259//3826 4051//3826 1790//3826
f 1766//3827 4054//3827 4051//3827
f 1767//3828 4057//3828 4054//3828
f 1768//3829 1208//3829 4057//3829
f 4056//3830 1208//3830 1209//3830
f 4055//3831 1209//3831 1210//3831
f 1735//3832 1210//3832 253//3832
f 1734//3833 4055//3833 1735//3833
f 1733//3834 4052//3834 1734//3834
f 4059//3835 4061//3835 4058//3835
f 4060//3836 4062//3836 4059//3836
f 4062//3837 4064//3837 4061//3837
f 4063//3838 4065//3838 4062//3838
f 1453//3839 1738//3839 254//3839
f 1452//3840 4058//3840 1453//3840
f 1451//3841 4059//3841 1452//3841
f 264//3842 4060//3842 1451//3842
f 1771//3843 4063//3843 4060//3843
f 1770//3844 4066//3844 4063//3844
f 1769//3845 1781//3845 4066//3845
f 4066//3846 1782//3846 4065//3846
f 4065//3847 1783//3847 4064//3847
f 4064//3848 250//3848 1736//3848
f 4061//3849 1736//3849 1737//3849
f 4058//3850 1737//3850 1738//3850
f 4067//3851 4071//3851 4070//3851
f 4069//3852 4071//3852 4068//3852
f 4070//3853 4074//3853 4073//3853
f 4072//3854 4074//3854 4071//3854
f 233//3855 4067//3855 1706//3855
f 955//3856 4068//3856 4067//3856
f 953//3857 4068//3857 954//3857
f 252//3858 4069//3858 953//3858
f 1748//3859 4072//3859 4069//3859
f 1749//3860 4075//3860 4072//3860
f 1750//3861 1790//3861 4075//3861
f 4075//3862 1791//3862 4074//3862
f 4073//3863 1791//3863 1792//3863
f 1708//3864 1792//3864 247//3864
f 1707//3865 4073//3865 1708//3865
f 1706//3866 4070//3866 1707//3866
f 4076//3867 4080//3867 4079//3867
f 4077//3868 4081//3868 4080//3868
f 4079//3869 4083//3869 4082//3869
f 4080//3870 4084//3870 4083//3870
f 248//3871 4076//3871 1739//3871
f 1787//3872 4077//3872 4076//3872
f 1788//3873 4078//3873 4077//3873
f 1789//3874 1772//3874 4078//3874
f 4078//3875 1773//3875 4081//3875
f 4081//3876 1774//3876 4084//3876
f 1774//3877 1451//3877 4084//3877
f 4083//3878 1451//3878 1452//3878
f 4082//3879 1452//3879 1453//3879
f 1741//3880 1453//3880 254//3880
f 1740//3881 4082//3881 1741//3881
f 1739//3882 4079//3882 1740//3882
f 4085//3883 4089//3883 4088//3883
f 4087//3884 4089//3884 4086//3884
f 4089//3885 4091//3885 4088//3885
f 4090//3886 4092//3886 4089//3886
f 1450//3887 1819//3887 263//3887
f 1449//3888 4085//3888 1450//3888
f 1448//3889 4086//3889 1449//3889
f 269//3890 4087//3890 1448//3890
f 1009//3891 4090//3891 4087//3891
f 1008//3892 4093//3892 4090//3892
f 1007//3893 1678//3893 4093//3893
f 4093//3894 1677//3894 4092//3894
f 4092//3895 1676//3895 4091//3895
f 4091//3896 268//3896 1817//3896
f 1818//3897 4091//3897 1817//3897
f 1819//3898 4088//3898 1818//3898
f 4095//3899 4097//3899 4094//3899
f 4096//3900 4098//3900 4095//3900
f 4098//3901 4100//3901 4097//3901
f 4099//3902 4101//3902 4098//3902
f 1810//3903 1858//3903 287//3903
f 1809//3904 4094//3904 1810//3904
f 1808//3905 4095//3905 1809//3905
f 187//3906 4096//3906 1808//3906
f 1006//3907 4099//3907 4096//3907
f 1005//3908 4102//3908 4099//3908
f 1004//3909 1813//3909 4102//3909
f 4102//3910 1812//3910 4101//3910
f 4101//3911 1811//3911 4100//3911
f 4100//3912 283//3912 1856//3912
f 4097//3913 1856//3913 1857//3913
f 4094//3914 1857//3914 1858//3914
f 4103//3915 4107//3915 4106//3915
f 4104//3916 4108//3916 4107//3916
f 4106//3917 4110//3917 4109//3917
f 4107//3918 4111//3918 4110//3918
f 288//3919 4103//3919 1864//3919
f 1756//3920 4104//3920 4103//3920
f 1755//3921 4105//3921 4104//3921
f 1754//3922 1105//3922 4105//3922
f 4105//3923 1104//3923 4108//3923
f 4108//3924 1103//3924 4111//3924
f 4111//3925 273//3925 1795//3925
f 4110//3926 1795//3926 1794//3926
f 4109//3927 1794//3927 1793//3927
f 1862//3928 1793//3928 280//3928
f 1863//3929 4109//3929 1862//3929
f 1864//3930 4106//3930 1863//3930
f 4112//3931 4116//3931 4115//3931
f 4113//3932 4117//3932 4116//3932
f 4115//3933 4119//3933 4118//3933
f 4116//3934 4120//3934 4119//3934
f 278//3935 4112//3935 1874//3935
f 1816//3936 4113//3936 4112//3936
f 1815//3937 4114//3937 4113//3937
f 1814//3938 1073//3938 4114//3938
f 4114//3939 1074//3939 4117//3939
f 4117//3940 1075//3940 4120//3940
f 4120//3941 276//3941 1826//3941
f 4119//3942 1826//3942 1827//3942
f 4118//3943 1827//3943 1828//3943
f 1876//3944 1828//3944 289//3944
f 1875//3945 4118//3945 1876//3945
f 1874//3946 4115//3946 1875//3946
f 4121//3947 4125//3947 4124//3947
f 4122//3948 4126//3948 4125//3948
f 4124//3949 4128//3949 4127//3949
f 4125//3950 4129//3950 4128//3950
f 292//3951 4121//3951 1883//3951
f 1798//3952 4122//3952 4121//3952
f 1797//3953 4123//3953 4122//3953
f 1796//3954 1058//3954 4123//3954
f 4123//3955 1059//3955 4126//3955
f 4126//3956 1060//3956 4129//3956
f 4129//3957 267//3957 1799//3957
f 4128//3958 1799//3958 1800//3958
f 4127//3959 1800//3959 1801//3959
f 1885//3960 1801//3960 291//3960
f 1884//3961 4127//3961 1885//3961
f 1883//3962 4124//3962 1884//3962
f 4130//3963 4134//3963 4133//3963
f 4131//3964 4135//3964 4134//3964
f 4133//3965 4137//3965 4136//3965
f 4134//3966 4138//3966 4137//3966
f 258//3967 4130//3967 1778//3967
f 1832//3968 4131//3968 4130//3968
f 1833//3969 4132//3969 4131//3969
f 1834//3970 1849//3970 4132//3970
f 4132//3971 1848//3971 4135//3971
f 4135//3972 1847//3972 4138//3972
f 4138//3973 279//3973 1721//3973
f 4137//3974 1721//3974 1722//3974
f 4136//3975 1722//3975 1723//3975
f 1780//3976 1723//3976 265//3976
f 1779//3977 4136//3977 1780//3977
f 1778//3978 4133//3978 1779//3978
f 4139//3979 4143//3979 4142//3979
f 4140//3980 4144//3980 4143//3980
f 4142//3981 4146//3981 4145//3981
f 4143//3982 4147//3982 4146//3982
f 289//3983 4139//3983 1873//3983
f 1828//3984 4140//3984 4139//3984
f 1827//3985 4141//3985 4140//3985
f 1826//3986 1081//3986 4141//3986
f 4141//3987 1080//3987 4144//3987
f 4144//3988 1079//3988 4147//3988
f 4147//3989 272//3989 1831//3989
f 4146//3990 1831//3990 1830//3990
f 4145//3991 1830//3991 1829//3991
f 1871//3992 1829//3992 281//3992
f 1872//3993 4145//3993 1871//3993
f 1873//3994 4142//3994 1872//3994
f 4148//3995 4152//3995 4151//3995
f 4149//3996 4153//3996 4152//3996
f 4151//3997 4155//3997 4154//3997
f 4152//3998 4156//3998 4155//3998
f 291//3999 4148//3999 1880//3999
f 1801//4000 4149//4000 4148//4000
f 1800//4001 4150//4001 4149//4001
f 1799//4002 1064//4002 4150//4002
f 4150//4003 1065//4003 4153//4003
f 4153//4004 1066//4004 4156//4004
f 1066//4005 1805//4005 4156//4005
f 4156//4006 1806//4006 4155//4006
f 4155//4007 1807//4007 4154//4007
f 4154//4008 290//4008 1882//4008
f 1881//4009 4154//4009 1882//4009
f 1880//4010 4151//4010 1881//4010
f 4157//4011 4161//4011 4160//4011
f 4158//4012 4162//4012 4161//4012
f 4160//4013 4164//4013 4163//4013
f 4161//4014 4165//4014 4164//4014
f 284//4015 4157//4015 1859//4015
f 1804//4016 4158//4016 4157//4016
f 1803//4017 4159//4017 4158//4017
f 1802//4018 1106//4018 4159//4018
f 4159//4019 1107//4019 4162//4019
f 4162//4020 1108//4020 4165//4020
f 1108//4021 1808//4021 4165//4021
f 4165//4022 1809//4022 4164//4022
f 4164//4023 1810//4023 4163//4023
f 4163//4024 287//4024 1861//4024
f 1860//4025 4163//4025 1861//4025
f 1859//4026 4160//4026 1860//4026
f 4167//4027 4169//4027 4166//4027
f 4168//4028 4170//4028 4167//4028
f 4170//4029 4172//4029 4169//4029
f 4171//4030 4173//4030 4170//4030
f 1807//4031 1879//4031 290//4031
f 1806//4032 4166//4032 1807//4032
f 1805//4033 4167//4033 1806//4033
f 275//4034 4168//4034 1805//4034
f 1069//4035 4171//4035 4168//4035
f 1068//4036 4174//4036 4171//4036
f 4174//4037 186//4037 1814//4037
f 4173//4038 1814//4038 1815//4038
f 4172//4039 1815//4039 1816//4039
f 4172//4040 278//4040 1877//4040
f 4169//4041 1877//4041 1878//4041
f 4166//4042 1878//4042 1879//4042
f 4177//4043 4185//4043 4176//4043
f 4178//4044 4175//4044 4177//4044
f 4181//4045 4179//4045 4180//4045
f 4183//4046 4181//4046 4182//4046
f 4184//4047 4175//4047 4183//4047
f 204//4048 4176//4048 1534//4048
f 1666//4049 4177//4049 4176//4049
f 1534//4050 4185//4050 1533//4050
f 282//4051 4178//4051 1664//4051
f 1853//4052 4179//4052 4178//4052
f 1664//4053 4177//4053 1665//4053
f 286//4054 4180//4054 1855//4054
f 1852//4055 4181//4055 4180//4055
f 4180//4056 1854//4056 1855//4056
f 1679//4057 1850//4057 166//4057
f 1680//4058 4182//4058 1679//4058
f 4182//4059 1851//4059 1850//4059
f 183//4060 4184//4060 1681//4060
f 1532//4061 4185//4061 4184//4061
f 1681//4062 4183//4062 1680//4062
f 4188//4063 4196//4063 4187//4063
f 4190//4064 4188//4064 4189//4064
f 4191//4065 4186//4065 4190//4065
f 4194//4066 4192//4066 4193//4066
f 4195//4067 4186//4067 4194//4067
f 1822//4068 1771//4068 264//4068
f 1822//4069 4188//4069 4187//4069
f 4187//4070 1770//4070 1771//4070
f 1859//4071 1820//4071 284//4071
f 1860//4072 4189//4072 1859//4072
f 4189//4073 1821//4073 1820//4073
f 287//4074 4191//4074 1861//4074
f 1858//4075 4192//4075 4191//4075
f 1861//4076 4190//4076 1860//4076
f 1727//4077 1856//4077 283//4077
f 1728//4078 4193//4078 1727//4078
f 4193//4079 1857//4079 1856//4079
f 1769//4080 1729//4080 262//4080
f 1769//4081 4196//4081 4195//4081
f 4195//4082 1728//4082 1729//4082
f 4197//4083 4201//4083 4200//4083
f 4198//4084 4202//4084 4201//4084
f 4200//4085 4204//4085 4203//4085
f 4201//4086 4205//4086 4204//4086
f 260//4087 4197//4087 1772//4087
f 1835//4088 4198//4088 4197//4088
f 1836//4089 4199//4089 4198//4089
f 1837//4090 1846//4090 4199//4090
f 4199//4091 1845//4091 4202//4091
f 4202//4092 1844//4092 4205//4092
f 4205//4093 284//4093 1820//4093
f 4204//4094 1820//4094 1821//4094
f 4203//4095 1821//4095 1822//4095
f 4203//4096 264//4096 1774//4096
f 1773//4097 4203//4097 1774//4097
f 1772//4098 4200//4098 1773//4098
f 4208//4099 4216//4099 4207//4099
f 4209//4100 4206//4100 4208//4100
f 4212//4101 4210//4101 4211//4101
f 4213//4102 4206//4102 4212//4102
f 4216//4103 4214//4103 4215//4103
f 1819//4104 1765//4104 263//4104
f 1818//4105 4207//4105 1819//4105
f 4207//4106 1764//4106 1765//4106
f 268//4107 4209//4107 1817//4107
f 1865//4108 4210//4108 4209//4108
f 1817//4109 4208//4109 1818//4109
f 1864//4110 1867//4110 288//4110
f 1863//4111 4211//4111 1864//4111
f 4211//4112 1866//4112 1867//4112
f 280//4113 4213//4113 1862//4113
f 1834//4114 4214//4114 4213//4114
f 1862//4115 4212//4115 1863//4115
f 1763//4116 1832//4116 258//4116
f 1764//4117 4215//4117 1763//4117
f 4215//4118 1833//4118 1832//4118
f 4217//4119 4221//4119 4220//4119
f 4218//4120 4222//4120 4221//4120
f 4220//4121 4224//4121 4223//4121
f 4221//4122 4225//4122 4224//4122
f 262//4123 4217//4123 1841//4123
f 1729//4124 4218//4124 4217//4124
f 1727//4125 4218//4125 1728//4125
f 283//4126 4219//4126 1727//4126
f 4219//4127 1812//4127 4222//4127
f 4222//4128 1813//4128 4225//4128
f 4225//4129 270//4129 1145//4129
f 4224//4130 1145//4130 1146//4130
f 4223//4131 1146//4131 1147//4131
f 1843//4132 1147//4132 274//4132
f 1842//4133 4223//4133 1843//4133
f 1841//4134 4220//4134 1842//4134
f 4227//4135 4226//4135 4236//4135
f 4230//4136 4228//4136 4229//4136
f 4231//4137 4226//4137 4230//4137
f 4234//4138 4232//4138 4233//4138
f 4236//4139 4234//4139 4235//4139
f 261//4140 4227//4140 1759//4140
f 1753//4141 4228//4141 4227//4141
f 1759//4142 4236//4142 1758//4142
f 1874//4143 1751//4143 278//4143
f 1875//4144 4229//4144 1874//4144
f 4229//4145 1752//4145 1751//4145
f 289//4146 4231//4146 1876//4146
f 1873//4147 4232//4147 4231//4147
f 1876//4148 4230//4148 1875//4148
f 281//4149 4233//4149 1871//4149
f 1837//4150 4234//4150 4233//4150
f 1871//4151 4232//4151 1872//4151
f 1757//4152 1835//4152 260//4152
f 1758//4153 4235//4153 1757//4153
f 4235//4154 1836//4154 1835//4154
f 4238//4155 4237//4155 4251//4155
f 4241//4156 4239//4156 4240//4156
f 4243//4157 4241//4157 4242//4157
f 4244//4158 4237//4158 4243//4158
f 4246//4159 4237//4159 4245//4159
f 4249//4160 4247//4160 4248//4160
f 4251//4161 4249//4161 4250//4161
f 265//4162 4238//4162 1777//4162
f 1723//4163 4239//4163 4238//4163
f 1777//4164 4251//4164 1776//4164
f 1886//4165 1721//4165 279//4165
f 1887//4166 4240//4166 1886//4166
f 4240//4167 1722//4167 1721//4167
f 1883//4168 1888//4168 292//4168
f 1884//4169 4242//4169 1883//4169
f 4242//4170 1887//4170 1888//4170
f 291//4171 4244//4171 1885//4171
f 1881//4172 4244//4172 1880//4172
f 1885//4173 4243//4173 1884//4173
f 290//4174 4246//4174 1882//4174
f 1879//4175 4247//4175 4246//4175
f 1882//4176 4245//4176 1881//4176
f 278//4177 4248//4177 1877//4177
f 1751//4178 4249//4178 4248//4178
f 4248//4179 1878//4179 1877//4179
f 1775//4180 1753//4180 261//4180
f 1776//4181 4250//4181 1775//4181
f 4250//4182 1752//4182 1753//4182
f 4253//4183 4255//4183 4252//4183
f 4254//4184 4256//4184 4253//4184
f 4256//4185 4258//4185 4255//4185
f 4257//4186 4259//4186 4256//4186
f 259//4187 4252//4187 1766//4187
f 1750//4188 4253//4188 4252//4188
f 1749//4189 4254//4189 4253//4189
f 252//4190 4254//4190 1748//4190
f 1195//4191 4257//4191 4254//4191
f 1194//4192 4260//4192 4257//4192
f 1193//4193 1889//4193 4260//4193
f 4260//4194 1890//4194 4259//4194
f 4259//4195 1891//4195 4258//4195
f 4258//4196 263//4196 1768//4196
f 4255//4197 1768//4197 1767//4197
f 4252//4198 1767//4198 1766//4198
f 1892//4199 1893//4199 1896//4199
f 1893//4200 1894//4200 1897//4200
f 1896//4201 1899//4201 1898//4201
f 1897//4202 1900//4202 1899//4202
f 761//4203 1892//4203 773//4203
f 761//4204 762//4204 1893//4204
f 762//4205 763//4205 1894//4205
f 763//4206 56//4206 295//4206
f 1894//4207 295//4207 294//4207
f 294//4208 293//4208 1900//4208
f 293//4209 208//4209 643//4209
f 1900//4210 643//4210 642//4210
f 1899//4211 642//4211 641//4211
f 1898//4212 641//4212 176//4212
f 1895//4213 1898//4213 775//4213
f 1892//4214 1895//4214 774//4214
f 1902//4215 1905//4215 1904//4215
f 1903//4216 1906//4216 1905//4216
f 1905//4217 1908//4217 1907//4217
f 1906//4218 1909//4218 1908//4218
f 766//4219 1901//4219 629//4219
f 765//4220 1902//4220 1901//4220
f 764//4221 1903//4221 1902//4221
f 55//4222 773//4222 1903//4222
f 773//4223 774//4223 1906//4223
f 774//4224 775//4224 1909//4224
f 775//4225 176//4225 593//4225
f 1909//4226 593//4226 594//4226
f 1908//4227 594//4227 595//4227
f 1907//4228 595//4228 167//4228
f 1904//4229 1907//4229 631//4229
f 1901//4230 1904//4230 630//4230
f 1912//4231 1910//4231 1920//4231
f 1914//4232 1910//4232 1912//4232
f 1915//4233 1916//4233 1910//4233
f 1918//4234 1910//4234 1916//4234
f 1919//4235 1920//4235 1910//4235
f 332//4236 1911//4236 382//4236
f 333//4237 1912//4237 1911//4237
f 1911//4238 1920//4238 381//4238
f 377//4239 1913//4239 334//4239
f 378//4240 1914//4240 1913//4240
f 1913//4241 1912//4241 333//4241
f 8//4242 373//4242 1915//4242
f 373//4243 372//4243 1916//4243
f 379//4244 1915//4244 1914//4244
f 26//4245 508//4245 1917//4245
f 507//4246 1918//4246 1917//4246
f 1917//4247 1916//4247 372//4247
f 380//4248 1919//4248 506//4248
f 380//4249 381//4249 1920//4249
f 506//4250 1919//4250 1918//4250
f 1922//4251 1925//4251 1924//4251
f 1923//4252 1926//4252 1925//4252
f 1925//4253 1928//4253 1927//4253
f 1926//4254 1929//4254 1928//4254
f 524//4255 1921//4255 362//4255
f 525//4256 1922//4256 1921//4256
f 526//4257 1923//4257 1922//4257
f 147//4258 457//4258 1923//4258
f 457//4259 456//4259 1926//4259
f 1926//4260 456//4260 455//4260
f 1929//4261 455//4261 16//4261
f 1928//4262 1929//4262 527//4262
f 1928//4263 528//4263 529//4263
f 1927//4264 529//4264 29//4264
f 1924//4265 1927//4265 364//4265
f 1921//4266 1924//4266 363//4266
f 1931//4267 1934//4267 1933//4267
f 1932//4268 1935//4268 1934//4268
f 1934//4269 1937//4269 1936//4269
f 1935//4270 1938//4270 1937//4270
f 311//4271 1930//4271 340//4271
f 312//4272 1931//4272 1930//4272
f 313//4273 1932//4273 1931//4273
f 1//4274 335//4274 1932//4274
f 335//4275 336//4275 1935//4275
f 336//4276 337//4276 1938//4276
f 1938//4277 337//4277 5//4277
f 1937//4278 1938//4278 334//4278
f 1937//4279 333//4279 332//4279
f 1936//4280 332//4280 6//4280
f 1933//4281 1936//4281 338//4281
f 1930//4282 1933//4282 339//4282
f 1940//4283 1943//4283 1942//4283
f 1941//4284 1944//4284 1943//4284
f 1943//4285 1946//4285 1945//4285
f 1944//4286 1947//4286 1946//4286
f 305//4287 1939//4287 343//4287
f 306//4288 1940//4288 1939//4288
f 307//4289 1941//4289 1940//4289
f 3//4290 340//4290 1941//4290
f 340//4291 339//4291 1944//4291
f 339//4292 338//4292 1947//4292
f 338//4293 6//4293 328//4293
f 1947//4294 328//4294 327//4294
f 1946//4295 327//4295 326//4295
f 1945//4296 326//4296 7//4296
f 1942//4297 1945//4297 341//4297
f 1939//4298 1942//4298 342//4298
f 1949//4299 1952//4299 1951//4299
f 1949//4300 1950//4300 1953//4300
f 1952//4301 1955//4301 1954//4301
f 1952//4302 1953//4302 1956//4302
f 299//4303 1948//4303 335//4303
f 300//4304 1949//4304 1948//4304
f 300//4305 301//4305 1950//4305
f 301//4306 114//4306 344//4306
f 1950//4307 344//4307 345//4307
f 1953//4308 345//4308 346//4308
f 1956//4309 346//4309 120//4309
f 1955//4310 1956//4310 322//4310
f 1954//4311 1955//4311 321//4311
f 337//4312 1954//4312 320//4312
f 1951//4313 1954//4313 337//4313
f 1948//4314 1951//4314 336//4314
f 1958//4315 1961//4315 1960//4315
f 1959//4316 1962//4316 1961//4316
f 1961//4317 1964//4317 1963//4317
f 1962//4318 1965//4318 1964//4318
f 17//4319 472//4319 1957//4319
f 471//4320 1958//4320 1957//4320
f 470//4321 1959//4321 1958//4321
f 16//4322 455//4322 1959//4322
f 455//4323 456//4323 1962//4323
f 456//4324 457//4324 1965//4324
f 457//4325 147//4325 350//4325
f 1965//4326 350//4326 351//4326
f 1964//4327 351//4327 352//4327
f 1963//4328 352//4328 146//4328
f 1960//4329 1963//4329 485//4329
f 1957//4330 1960//4330 486//4330
f 1966//4331 1967//4331 1970//4331
f 1968//4332 1971//4332 1970//4332
f 1969//4333 1970//4333 1973//4333
f 1970//4334 1971//4334 1974//4334
f 19//4335 476//4335 1966//4335
f 476//4336 477//4336 1967//4336
f 477//4337 478//4337 1968//4337
f 18//4338 458//4338 1968//4338
f 458//4339 459//4339 1971//4339
f 459//4340 460//4340 1974//4340
f 460//4341 145//4341 466//4341
f 1973//4342 1974//4342 466//4342
f 1972//4343 1973//4343 465//4343
f 467//4344 1972//4344 464//4344
f 468//4345 1969//4345 1972//4345
f 469//4346 1966//4346 1969//4346
f 1977//4347 1975//4347 1987//4347
f 1979//4348 1975//4348 1977//4348
f 1980//4349 1981//4349 1975//4349
f 1983//4350 1975//4350 1981//4350
f 1985//4351 1975//4351 1983//4351
f 1987//4352 1975//4352 1985//4352
f 365//4353 1976//4353 412//4353
f 366//4354 1977//4354 1976//4354
f 1976//4355 1987//4355 411//4355
f 409//4356 1978//4356 367//4356
f 408//4357 1979//4357 1978//4357
f 1978//4358 1977//4358 366//4358
f 23//4359 581//4359 1980//4359
f 581//4360 582//4360 1981//4360
f 407//4361 1980//4361 1979//4361
f 580//4362 1982//4362 583//4362
f 579//4363 1983//4363 1982//4363
f 1982//4364 1981//4364 582//4364
f 514//4365 1984//4365 578//4365
f 513//4366 1985//4366 1984//4366
f 1984//4367 1983//4367 579//4367
f 410//4368 1986//4368 512//4368
f 410//4369 411//4369 1987//4369
f 1986//4370 1985//4370 513//4370
f 1989//4371 1990//4371 1988//4371
f 1992//4372 1988//4372 1990//4372
f 1994//4373 1988//4373 1992//4373
f 1996//4374 1988//4374 1994//4374
f 1998//4375 1988//4375 1996//4375
f 9//4376 506//4376 1989//4376
f 506//4377 507//4377 1990//4377
f 409//4378 1989//4378 1998//4378
f 26//4379 590//4379 1991//4379
f 591//4380 1992//4380 1991//4380
f 1991//4381 1990//4381 507//4381
f 587//4382 1993//4382 592//4382
f 588//4383 1994//4383 1993//4383
f 1993//4384 1992//4384 591//4384
f 586//4385 1995//4385 589//4385
f 585//4386 1996//4386 1995//4386
f 1995//4387 1994//4387 588//4387
f 407//4388 1997//4388 584//4388
f 408//4389 1998//4389 1997//4389
f 584//4390 1997//4390 1996//4390
f 2000//4391 2003//4391 2002//4391
f 2001//4392 2004//4392 2003//4392
f 2003//4393 2006//4393 2005//4393
f 2004//4394 2007//4394 2006//4394
f 326//4395 1999//4395 385//4395
f 327//4396 2000//4396 1999//4396
f 328//4397 2001//4397 2000//4397
f 6//4398 382//4398 2001//4398
f 382//4399 381//4399 2004//4399
f 381//4400 380//4400 2007//4400
f 2007//4401 380//4401 9//4401
f 2007//4402 367//4402 366//4402
f 2006//4403 366//4403 365//4403
f 2005//4404 365//4404 10//4404
f 2002//4405 2005//4405 383//4405
f 1999//4406 2002//4406 384//4406
f 2008//4407 2009//4407 2012//4407
f 2009//4408 2010//4408 2013//4408
f 2012//4409 2015//4409 2014//4409
f 2012//4410 2013//4410 2016//4410
f 5//4411 320//4411 2008//4411
f 320//4412 321//4412 2009//4412
f 321//4413 322//4413 2010//4413
f 322//4414 120//4414 386//4414
f 2010//4415 386//4415 387//4415
f 2013//4416 387//4416 388//4416
f 2016//4417 388//4417 126//4417
f 2015//4418 2016//4418 361//4418
f 2015//4419 360//4419 359//4419
f 2014//4420 359//4420 8//4420
f 2011//4421 2014//4421 379//4421
f 377//4422 2008//4422 2011//4422
f 2019//4423 2017//4423 2029//4423
f 2020//4424 2021//4424 2017//4424
f 2023//4425 2017//4425 2021//4425
f 2025//4426 2017//4426 2023//4426
f 2027//4427 2017//4427 2025//4427
f 2029//4428 2017//4428 2027//4428
f 329//4429 2018//4429 527//4429
f 330//4430 2019//4430 2018//4430
f 2018//4431 2029//4431 528//4431
f 7//4432 385//4432 2020//4432
f 385//4433 384//4433 2021//4433
f 331//4434 2020//4434 2019//4434
f 370//4435 2022//4435 383//4435
f 369//4436 2023//4436 2022//4436
f 2022//4437 2021//4437 384//4437
f 533//4438 2024//4438 368//4438
f 534//4439 2025//4439 2024//4439
f 368//4440 2024//4440 2023//4440
f 530//4441 2026//4441 535//4441
f 531//4442 2027//4442 2026//4442
f 535//4443 2026//4443 2025//4443
f 529//4444 2028//4444 532//4444
f 528//4445 2029//4445 2028//4445
f 2028//4446 2027//4446 531//4446
f 2031//4447 2032//4447 2030//4447
f 2034//4448 2030//4448 2032//4448
f 2035//4449 2036//4449 2030//4449
f 2038//4450 2030//4450 2036//4450
f 2040//4451 2030//4451 2038//4451
f 2042//4452 2030//4452 2040//4452
f 11//4453 512//4453 2031//4453
f 512//4454 513//4454 2032//4454
f 445//4455 2031//4455 2042//4455
f 569//4456 2033//4456 514//4456
f 570//4457 2034//4457 2033//4457
f 2033//4458 2032//4458 513//4458
f 34//4459 568//4459 2035//4459
f 568//4460 567//4460 2036//4460
f 2035//4461 2034//4461 570//4461
f 517//4462 2037//4462 566//4462
f 516//4463 2038//4463 2037//4463
f 2037//4464 2036//4464 567//4464
f 433//4465 2039//4465 515//4465
f 432//4466 2040//4466 2039//4466
f 2039//4467 2038//4467 516//4467
f 443//4468 2041//4468 431//4468
f 444//4469 2042//4469 2041//4469
f 2041//4470 2040//4470 432//4470
f 2044//4471 2047//4471 2046//4471
f 2045//4472 2048//4472 2047//4472
f 2047//4473 2050//4473 2049//4473
f 2048//4474 2051//4474 2050//4474
f 559//4475 2043//4475 517//4475
f 558//4476 2044//4476 2043//4476
f 557//4477 2045//4477 2044//4477
f 557//4478 28//4478 323//4478
f 2045//4479 323//4479 324//4479
f 2048//4480 324//4480 325//4480
f 325//4481 12//4481 439//4481
f 2051//4482 439//4482 438//4482
f 2050//4483 438//4483 437//4483
f 2049//4484 437//4484 14//4484
f 2046//4485 2049//4485 515//4485
f 517//4486 2043//4486 2046//4486
f 2054//4487 2052//4487 2062//4487
f 2056//4488 2052//4488 2054//4488
f 2057//4489 2058//4489 2052//4489
f 2060//4490 2052//4490 2058//4490
f 2061//4491 2062//4491 2052//4491
f 548//4492 2053//4492 361//4492
f 549//4493 2054//4493 2053//4493
f 2053//4494 2062//4494 360//4494
f 168//4495 577//4495 2055//4495
f 577//4496 576//4496 2056//4496
f 550//4497 2055//4497 2054//4497
f 37//4498 592//4498 2057//4498
f 592//4499 591//4499 2058//4499
f 2057//4500 2056//4500 576//4500
f 26//4501 371//4501 2059//4501
f 372//4502 2060//4502 2059//4502
f 2059//4503 2058//4503 591//4503
f 359//4504 2061//4504 373//4504
f 360//4505 2062//4505 2061//4505
f 2061//4506 2060//4506 372//4506
f 2065//4507 2063//4507 2075//4507
f 2067//4508 2063//4508 2065//4508
f 2069//4509 2063//4509 2067//4509
f 2071//4510 2063//4510 2069//4510
f 2073//4511 2063//4511 2071//4511
f 2075//4512 2063//4512 2073//4512
f 368//4513 2064//4513 536//4513
f 369//4514 2065//4514 2064//4514
f 2064//4515 2075//4515 537//4515
f 10//4516 412//4516 2066//4516
f 412//4517 411//4517 2067//4517
f 370//4518 2066//4518 2065//4518
f 403//4519 2068//4519 410//4519
f 402//4520 2069//4520 2068//4520
f 2068//4521 2067//4521 411//4521
f 542//4522 2070//4522 401//4522
f 543//4523 2071//4523 2070//4523
f 2070//4524 2069//4524 402//4524
f 539//4525 2072//4525 544//4525
f 540//4526 2073//4526 2072//4526
f 2072//4527 2071//4527 543//4527
f 538//4528 2074//4528 541//4528
f 537//4529 2075//4529 2074//4529
f 2074//4530 2073//4530 540//4530
f 2076//4531 2077//4531 2080//4531
f 2077//4532 2078//4532 2081//4532
f 2079//4533 2080//4533 2083//4533
f 2080//4534 2081//4534 2084//4534
f 133//4535 358//4535 2076//4535
f 358//4536 357//4536 2077//4536
f 357//4537 356//4537 2078//4537
f 27//4538 523//4538 2078//4538
f 2078//4539 523//4539 522//4539
f 2081//4540 522//4540 521//4540
f 2084//4541 521//4541 13//4541
f 2083//4542 2084//4542 424//4542
f 2082//4543 2083//4543 423//4543
f 316//4544 2082//4544 422//4544
f 315//4545 2079//4545 2082//4545
f 314//4546 2076//4546 2079//4546
f 2085//4547 2086//4547 2089//4547
f 2086//4548 2087//4548 2090//4548
f 2088//4549 2089//4549 2092//4549
f 2089//4550 2090//4550 2093//4550
f 12//4551 425//4551 2085//4551
f 425//4552 426//4552 2086//4552
f 426//4553 427//4553 2087//4553
f 427//4554 138//4554 428//4554
f 2087//4555 428//4555 429//4555
f 2090//4556 429//4556 430//4556
f 2093//4557 430//4557 139//4557
f 2092//4558 2093//4558 422//4558
f 2091//4559 2092//4559 423//4559
f 419//4560 2091//4560 424//4560
f 420//4561 2088//4561 2091//4561
f 421//4562 2085//4562 2088//4562
f 2094//4563 2095//4563 2098//4563
f 2095//4564 2096//4564 2099//4564
f 2097//4565 2098//4565 2101//4565
f 2098//4566 2099//4566 2102//4566
f 12//4567 421//4567 2094//4567
f 421//4568 420//4568 2095//4568
f 420//4569 419//4569 2096//4569
f 419//4570 13//4570 434//4570
f 2096//4571 434//4571 435//4571
f 2099//4572 435//4572 436//4572
f 2102//4573 436//4573 15//4573
f 2101//4574 2102//4574 431//4574
f 2100//4575 2101//4575 432//4575
f 437//4576 2100//4576 433//4576
f 438//4577 2097//4577 2100//4577
f 439//4578 2094//4578 2097//4578
f 2104//4579 2105//4579 2103//4579
f 2107//4580 2103//4580 2105//4580
f 2108//4581 2109//4581 2103//4581
f 28//4582 562//4582 2104//4582
f 562//4583 561//4583 2105//4583
f 323//4584 2104//4584 2109//4584
f 427//4585 2106//4585 560//4585
f 426//4586 2107//4586 2106//4586
f 2106//4587 2105//4587 561//4587
f 325//4588 2108//4588 425//4588
f 324//4589 2109//4589 2108//4589
f 425//4590 2108//4590 2107//4590
f 2111//4591 2112//4591 2110//4591
f 2114//4592 2110//4592 2112//4592
f 2116//4593 2110//4593 2114//4593
f 2117//4594 2118//4594 2110//4594
f 2120//4595 2110//4595 2118//4595
f 21//4596 401//4596 2111//4596
f 401//4597 402//4597 2112//4597
f 518//4598 2111//4598 2120//4598
f 445//4599 2113//4599 403//4599
f 444//4600 2114//4600 2113//4600
f 403//4601 2113//4601 2112//4601
f 15//4602 436//4602 2115//4602
f 435//4603 2116//4603 2115//4603
f 443//4604 2115//4604 2114//4604
f 13//4605 521//4605 2117//4605
f 521//4606 522//4606 2118//4606
f 434//4607 2117//4607 2116//4607
f 520//4608 2119//4608 523//4608
f 519//4609 2120//4609 2119//4609
f 2119//4610 2118//4610 522//4610
f 2122//4611 2125//4611 2124//4611
f 2123//4612 2126//4612 2125//4612
f 2125//4613 2128//4613 2127//4613
f 2126//4614 2129//4614 2128//4614
f 30//4615 535//4615 2121//4615
f 535//4616 534//4616 2122//4616
f 533//4617 2123//4617 2122//4617
f 22//4618 391//4618 2123//4618
f 391//4619 390//4619 2126//4619
f 390//4620 389//4620 2129//4620
f 389//4621 119//4621 317//4621
f 2129//4622 317//4622 318//4622
f 2128//4623 318//4623 319//4623
f 2127//4624 319//4624 127//4624
f 2124//4625 2127//4625 376//4625
f 2121//4626 2124//4626 375//4626
f 2130//4627 2131//4627 2134//4627
f 2131//4628 2132//4628 2135//4628
f 2133//4629 2134//4629 2137//4629
f 2134//4630 2135//4630 2138//4630
f 20//4631 479//4631 2130//4631
f 479//4632 480//4632 2131//4632
f 480//4633 481//4633 2132//4633
f 19//4634 469//4634 2132//4634
f 2132//4635 469//4635 468//4635
f 2135//4636 468//4636 467//4636
f 2138//4637 467//4637 144//4637
f 2137//4638 2138//4638 463//4638
f 2136//4639 2137//4639 462//4639
f 488//4640 2136//4640 461//4640
f 489//4641 2133//4641 2136//4641
f 490//4642 2130//4642 2133//4642
f 2141//4643 2139//4643 2155//4643
f 2143//4644 2139//4644 2141//4644
f 2145//4645 2139//4645 2143//4645
f 2147//4646 2139//4646 2145//4646
f 2149//4647 2139//4647 2147//4647
f 2151//4648 2139//4648 2149//4648
f 2153//4649 2139//4649 2151//4649
f 2155//4650 2139//4650 2153//4650
f 2//4651 308//4651 2140//4651
f 308//4652 309//4652 2141//4652
f 2140//4653 2155//4653 483//4653
f 4//4654 343//4654 2142//4654
f 343//4655 342//4655 2143//4655
f 310//4656 2142//4656 2141//4656
f 331//4657 2144//4657 341//4657
f 330//4658 2145//4658 2144//4658
f 2144//4659 2143//4659 342//4659
f 470//4660 2146//4660 329//4660
f 471//4661 2147//4661 2146//4661
f 329//4662 2146//4662 2145//4662
f 475//4663 2148//4663 472//4663
f 474//4664 2149//4664 2148//4664
f 472//4665 2148//4665 2147//4665
f 478//4666 2150//4666 473//4666
f 478//4667 477//4667 2151//4667
f 2150//4668 2149//4668 474//4668
f 481//4669 2152//4669 476//4669
f 481//4670 480//4670 2153//4670
f 2152//4671 2151//4671 477//4671
f 484//4672 2154//4672 479//4672
f 483//4673 2155//4673 2154//4673
f 2154//4674 2153//4674 480//4674
f 2156//4675 2157//4675 2160//4675
f 2158//4676 2161//4676 2160//4676
f 2159//4677 2160//4677 2163//4677
f 2161//4678 2164//4678 2163//4678
f 18//4679 473//4679 2156//4679
f 473//4680 474//4680 2157//4680
f 475//4681 2158//4681 2157//4681
f 17//4682 487//4682 2158//4682
f 487//4683 486//4683 2161//4683
f 486//4684 485//4684 2164//4684
f 485//4685 146//4685 349//4685
f 2164//4686 349//4686 348//4686
f 2162//4687 2163//4687 348//4687
f 460//4688 2162//4688 347//4688
f 459//4689 2159//4689 2162//4689
f 458//4690 2156//4690 2159//4690
f 2165//4691 2166//4691 2169//4691
f 2167//4692 2170//4692 2169//4692
f 2169//4693 2172//4693 2171//4693
f 2170//4694 2173//4694 2172//4694
f 32//4695 544//4695 2165//4695
f 544//4696 543//4696 2166//4696
f 542//4697 2167//4697 2166//4697
f 21//4698 449//4698 2167//4698
f 449//4699 450//4699 2170//4699
f 450//4700 451//4700 2173//4700
f 451//4701 121//4701 494//4701
f 2173//4702 494//4702 495//4702
f 2172//4703 495//4703 496//4703
f 2171//4704 496//4704 158//4704
f 2168//4705 2171//4705 416//4705
f 2165//4706 2168//4706 417//4706
f 2174//4707 2175//4707 2178//4707
f 2176//4708 2179//4708 2178//4708
f 2178//4709 2181//4709 2180//4709
f 2179//518 2182//518 2181//518
f 31//4710 541//4710 2174//4710
f 541//4711 540//4711 2175//4711
f 539//4712 2176//4712 2175//4712
f 32//4713 418//4713 2176//4713
f 418//4714 417//4714 2179//4714
f 417//4715 416//4715 2182//4715
f 416//4716 158//4716 497//4716
f 2182//4717 497//4717 498//4717
f 2181//4718 498//4718 499//4718
f 2180//4719 499//4719 125//4719
f 2177//4720 2180//4720 397//4720
f 395//4721 2174//4721 2177//4721
f 2184//4722 2187//4722 2186//4722
f 2185//4723 2188//4723 2187//4723
f 2187//4724 2190//4724 2189//4724
f 2188//4725 2191//4725 2190//4725
f 394//4726 2183//4726 568//4726
f 393//4727 2184//4727 2183//4727
f 392//4728 2185//4728 2184//4728
f 130//4729 553//4729 2185//4729
f 553//4730 552//4730 2188//4730
f 552//4731 551//4731 2191//4731
f 551//4732 138//4732 563//4732
f 2191//4733 563//4733 564//4733
f 2190//4734 564//4734 565//4734
f 2189//4735 565//4735 25//4735
f 2186//4736 2189//4736 566//4736
f 2183//4737 2186//4737 567//4737
f 2193//4738 2196//4738 2195//4738
f 2194//4739 2197//4739 2196//4739
f 2196//4740 2199//4740 2198//4740
f 2197//4741 2200//4741 2199//4741
f 518//4742 2192//4742 449//4742
f 519//4743 2193//4743 2192//4743
f 520//4744 2194//4744 2193//4744
f 27//4745 356//4745 2194//4745
f 356//4746 357//4746 2197//4746
f 357//4747 358//4747 2200//4747
f 358//4748 133//4748 493//4748
f 2200//4749 493//4749 492//4749
f 2199//4750 492//4750 491//4750
f 2198//4751 491//4751 121//4751
f 2195//4752 2198//4752 451//4752
f 2192//4753 2195//4753 450//4753
f 2201//4754 2202//4754 2205//4754
f 2203//4755 2206//4755 2205//4755
f 2204//4756 2205//4756 2208//4756
f 2206//4757 2209//4757 2208//4757
f 29//4758 532//4758 2201//4758
f 532//4759 531//4759 2202//4759
f 530//4760 2203//4760 2202//4760
f 30//4761 374//4761 2203//4761
f 374//4762 375//4762 2206//4762
f 375//4763 376//4763 2209//4763
f 376//4764 127//4764 452//4764
f 2209//4765 452//4765 453//4765
f 2208//4766 453//4766 454//4766
f 2207//4767 454//4767 131//4767
f 363//4768 2204//4768 2207//4768
f 364//4769 2201//4769 2204//4769
f 2211//4770 2214//4770 2213//4770
f 2212//4771 2215//4771 2214//4771
f 2214//4772 2217//4772 2216//4772
f 2215//4773 2218//4773 2217//4773
f 22//4774 536//4774 2210//4774
f 536//4775 537//4775 2211//4775
f 538//4776 2212//4776 2211//4776
f 31//4777 395//4777 2212//4777
f 395//4778 396//4778 2215//4778
f 396//4779 397//4779 2218//4779
f 397//4780 125//4780 502//4780
f 2218//4781 502//4781 501//4781
f 2217//4782 501//4782 500//4782
f 2216//4783 500//4783 119//4783
f 2213//4784 2216//4784 389//4784
f 2210//4785 2213//4785 390//4785
f 2220//4786 2223//4786 2222//4786
f 2221//4787 2224//4787 2223//4787
f 2223//4788 2226//4788 2225//4788
f 2224//4789 2227//4789 2226//4789
f 36//4790 589//4790 2219//4790
f 588//4791 2220//4791 2219//4791
f 587//4792 2221//4792 2220//4792
f 37//4793 575//4793 2221//4793
f 575//4794 576//4794 2224//4794
f 576//4795 577//4795 2227//4795
f 577//4796 168//4796 440//4796
f 2227//4797 440//4797 441//4797
f 2226//4798 441//4798 442//4798
f 2225//4799 442//4799 169//4799
f 2222//4800 2225//4800 355//4800
f 2219//4801 2222//4801 354//4801
f 2229//4802 2232//4802 2231//4802
f 2230//4803 2233//4803 2232//4803
f 2232//4804 2235//4804 2234//4804
f 2233//4805 2236//4805 2235//4805
f 24//4806 578//4806 2228//4806
f 579//4807 2229//4807 2228//4807
f 580//4808 2230//4808 2229//4808
f 35//4809 406//4809 2230//4809
f 406//4810 405//4810 2233//4810
f 405//4811 404//4811 2236//4811
f 404//4812 170//4812 511//4812
f 2236//4813 511//4813 510//4813
f 2235//4814 510//4814 509//4814
f 2234//4815 509//4815 132//4815
f 2231//4816 2234//4816 400//4816
f 398//4817 2228//4817 2231//4817
f 2238//4818 2241//4818 2240//4818
f 2239//4819 2242//4819 2241//4819
f 2241//4820 2244//4820 2243//4820
f 2242//4821 2245//4821 2244//4821
f 584//4822 2237//4822 413//4822
f 585//4823 2238//4823 2237//4823
f 586//4824 2239//4824 2238//4824
f 36//4825 353//4825 2239//4825
f 353//4826 354//4826 2242//4826
f 354//4827 355//4827 2245//4827
f 355//4828 169//4828 448//4828
f 2245//4829 448//4829 447//4829
f 2244//4830 447//4830 446//4830
f 2243//4831 446//4831 134//4831
f 2240//4832 2243//4832 415//4832
f 2237//4833 2240//4833 414//4833
f 2247//4834 2250//4834 2249//4834
f 2248//4835 2251//4835 2250//4835
f 2250//4836 2253//4836 2252//4836
f 2251//4837 2254//4837 2253//4837
f 760//4838 2246//4838 295//4838
f 759//4839 2247//4839 2246//4839
f 758//4840 2248//4840 2247//4840
f 54//4841 598//4841 2248//4841
f 598//4842 597//4842 2251//4842
f 597//4843 596//4843 2254//4843
f 596//4844 180//4844 737//4844
f 2254//4845 737//4845 738//4845
f 2253//4846 738//4846 739//4846
f 2252//4847 739//4847 208//4847
f 2249//4848 2252//4848 293//4848
f 2246//4849 2249//4849 294//4849
f 2255//4850 2256//4850 2259//4850
f 2256//4851 2257//4851 2260//4851
f 2258//4852 2259//4852 2262//4852
f 2259//4853 2260//4853 2263//4853
f 34//4854 571//4854 2255//4854
f 571//4855 570//4855 2256//4855
f 570//4856 569//4856 2257//4856
f 569//4857 24//4857 398//4857
f 2257//4858 398//4858 399//4858
f 2260//4859 399//4859 400//4859
f 2263//4860 400//4860 132//4860
f 2262//4861 2263//4861 545//4861
f 2261//4862 2262//4862 546//4862
f 392//4863 2261//4863 547//4863
f 393//4864 2258//4864 2261//4864
f 394//4865 2255//4865 2258//4865
f 2264//4866 2265//4866 2268//4866
f 2265//4867 2266//4867 2269//4867
f 2267//4868 2268//4868 2271//4868
f 2269//4869 2272//4869 2271//4869
f 35//4870 583//4870 2264//4870
f 583//4871 582//4871 2265//4871
f 582//4872 581//4872 2266//4872
f 23//4873 413//4873 2266//4873
f 413//4874 414//4874 2269//4874
f 414//4875 415//4875 2272//4875
f 415//4876 134//4876 503//4876
f 2272//4877 503//4877 504//4877
f 2271//4877 504//4877 505//4877
f 2270//4813 505//4813 170//4813
f 405//4878 2267//4878 2270//4878
f 406//4879 2264//4879 2267//4879
f 2273//4880 2274//4880 2277//4880
f 2274//4881 2275//4881 2278//4881
f 2276//4882 2277//4882 2280//4882
f 2277//4883 2278//4883 2281//4883
f 49//4884 701//4884 2273//4884
f 701//4885 702//4885 2274//4885
f 702//4886 703//4886 2275//4886
f 48//4887 673//4887 2275//4887
f 2275//4888 673//4888 672//4888
f 2278//4889 672//4889 671//4889
f 2281//4890 671//4890 190//4890
f 2280//4891 2281//4891 556//4891
f 2279//4892 2280//4892 555//4892
f 719//4893 2279//4893 554//4893
f 720//4894 2276//4894 2279//4894
f 721//4895 2273//4895 2276//4895
f 2283//4896 2284//4896 2282//4896
f 2285//4897 2286//4897 2282//4897
f 2288//4898 2282//4898 2286//4898
f 51//4899 752//4899 2283//4899
f 752//4900 753//4900 2284//4900
f 616//4901 2283//4901 2288//4901
f 165//4902 647//4902 2285//4902
f 647//4903 648//4903 2286//4903
f 754//4904 2285//4904 2284//4904
f 614//4905 2287//4905 649//4905
f 615//4906 2288//4906 2287//4906
f 2287//4907 2286//4907 648//4907
f 2290//4908 2293//4908 2292//4908
f 2290//4909 2291//4909 2294//4909
f 2292//4910 2293//4910 2296//4910
f 2293//4911 2294//4911 2297//4911
f 988//4912 2289//4912 304//4912
f 987//4913 2290//4913 2289//4913
f 986//4914 2291//4914 2290//4914
f 81//4915 1051//4915 2291//4915
f 2291//4916 1051//4916 1050//4916
f 2294//4917 1050//4917 1049//4917
f 2297//4918 1049//4918 89//4918
f 2296//4919 2297//4919 1025//4919
f 2296//4920 1026//4920 1027//4920
f 302//4921 2295//4921 1027//4921
f 2292//4922 2295//4922 302//4922
f 304//4923 2289//4923 2292//4923
f 2298//4924 2299//4924 2302//4924
f 2299//4925 2300//4925 2303//4925
f 2301//4926 2302//4926 2305//4926
f 2302//4927 2303//4927 2306//4927
f 81//4928 1001//4928 2298//4928
f 1001//4929 1002//4929 2299//4929
f 1002//4930 1003//4930 2300//4930
f 1003//4931 88//4931 964//4931
f 2300//4932 964//4932 963//4932
f 2303//4933 963//4933 962//4933
f 2306//4934 962//4934 96//4934
f 2305//4935 2306//4935 1042//4935
f 2304//741 2305//741 1041//741
f 1049//4936 2304//4936 1040//4936
f 1050//4937 2301//4937 2304//4937
f 1051//4938 2298//4938 2301//4938
f 2308//4939 2311//4939 2310//4939
f 2309//4940 2312//4940 2311//4940
f 2311//4941 2314//4941 2313//4941
f 2312//4942 2315//4942 2314//4942
f 679//4943 2307//4943 670//4943
f 678//4944 2308//4944 2307//4944
f 677//4945 2309//4945 2308//4945
f 41//4946 665//4946 2309//4946
f 665//4947 666//4947 2312//4947
f 666//4948 667//4948 2315//4948
f 2315//938 667//938 178//938
f 2314//4949 2315//4949 626//4949
f 2314//4950 627//4950 628//4950
f 2313//4951 628//4951 175//4951
f 2310//4952 2313//4952 668//4952
f 2307//4953 2310//4953 669//4953
f 2316//4954 2317//4954 2320//4954
f 2317//4955 2318//4955 2321//4955
f 2319//4956 2320//4956 2323//4956
f 2320//4957 2321//4957 2324//4957
f 48//4958 698//4958 2316//4958
f 698//4959 699//4959 2317//4959
f 699//4960 700//4960 2318//4960
f 47//4961 659//4961 2318//4961
f 659//4962 660//4962 2321//4962
f 660//4963 661//4963 2324//4963
f 2324//4964 661//4964 189//4964
f 2323//4965 2324//4965 574//4965
f 2322//4966 2323//4966 573//4966
f 671//4967 2322//4967 572//4967
f 672//4968 2319//4968 2322//4968
f 673//4969 2316//4969 2319//4969
f 2325//4970 2326//4970 2329//4970
f 2326//4971 2327//4971 2330//4971
f 2328//4972 2329//4972 2332//4972
f 2329//4973 2330//4973 2333//4973
f 482//4974 2325//4974 298//4974
f 482//4975 483//4975 2326//4975
f 484//4976 2327//4976 2326//4976
f 20//4977 490//4977 2327//4977
f 2327//4978 490//4978 489//4978
f 2330//4979 489//4979 488//4979
f 2333//4980 488//4980 143//4980
f 2332//4981 2333//4981 658//4981
f 2331//4982 2332//4982 657//4982
f 2331//4983 656//4983 115//4983
f 2328//4984 2331//4984 296//4984
f 2325//4985 2328//4985 297//4985
f 2335//4986 2338//4986 2337//4986
f 2336//4987 2339//4987 2338//4987
f 2338//4988 2341//4988 2340//4988
f 2339//4989 2342//4989 2341//4989
f 782//4990 2334//4990 598//4990
f 783//4991 2335//4991 2334//4991
f 784//4992 2336//4992 2335//4992
f 58//4993 599//4993 2336//4993
f 599//4994 600//4994 2339//4994
f 600//4995 601//4995 2342//4995
f 601//4996 211//4996 634//4996
f 2342//4997 634//4997 633//4997
f 2341//4998 633//4998 632//4998
f 2340//4999 632//4999 180//4999
f 2337//5000 2340//5000 596//5000
f 2334//5001 2337//5001 597//5001
f 2344//5002 2345//5002 2343//5002
f 2347//5003 2343//5003 2345//5003
f 2348//5004 2349//5004 2343//5004
f 1//5005 610//5005 2344//5005
f 610//5006 609//5006 2345//5006
f 299//5007 2344//5007 2349//5007
f 616//5008 2346//5008 608//5008
f 615//5009 2347//5009 2346//5009
f 2346//5010 2345//5010 609//5010
f 114//5011 301//5011 2348//5011
f 301//5012 300//5012 2349//5012
f 614//5013 2348//5013 2347//5013
f 2350//5014 2351//5014 2354//5014
f 2351//5015 2352//5015 2355//5015
f 2353//5016 2354//5016 2357//5016
f 2354//5017 2355//5017 2358//5017
f 85//5018 982//5018 2350//5018
f 982//5019 981//5019 2351//5019
f 981//5020 980//5020 2352//5020
f 980//828 245//828 1043//828
f 2352//828 1043//828 1044//828
f 2355//5021 1044//5021 1045//5021
f 2358//5022 1045//5022 257//5022
f 2357//5023 2358//5023 1022//5023
f 2356//5024 2357//5024 1023//5024
f 2356//5025 1024//5025 93//5025
f 2353//5026 2356//5026 1046//5026
f 2350//5027 2353//5027 1047//5027
f 2360//5028 2363//5028 2362//5028
f 2361//5029 2364//5029 2363//5029
f 2363//5030 2366//5030 2365//5030
f 2364//5031 2367//5031 2366//5031
f 769//5032 2359//5032 607//5032
f 768//5033 2360//5033 2359//5033
f 767//5034 2361//5034 2360//5034
f 52//5035 629//5035 2361//5035
f 629//5036 630//5036 2364//5036
f 630//5037 631//5037 2367//5037
f 631//5038 167//5038 746//5038
f 2367//5039 746//5039 747//5039
f 2366//5040 747//5040 748//5040
f 605//5041 2365//5041 748//5041
f 2362//5042 2365//5042 605//5042
f 2359//5043 2362//5043 606//5043
f 2370//5044 2368//5044 2388//5044
f 2372//5045 2368//5045 2370//5045
f 2374//5046 2368//5046 2372//5046
f 2376//5047 2368//5047 2374//5047
f 2377//5048 2378//5048 2368//5048
f 2380//5049 2368//5049 2378//5049
f 2382//5050 2368//5050 2380//5050
f 2384//5051 2368//5051 2382//5051
f 2386//5052 2368//5052 2384//5052
f 2387//5053 2388//5053 2368//5053
f 310//5054 2369//5054 611//5054
f 310//5055 309//5055 2370//5055
f 2369//5056 2388//5056 612//5056
f 650//5057 2371//5057 308//5057
f 651//5058 2372//5058 2371//5058
f 2371//5059 2370//5059 309//5059
f 39//5060 692//5060 2373//5060
f 693//5061 2374//5061 2373//5061
f 652//5062 2373//5062 2372//5062
f 697//5063 2375//5063 694//5063
f 696//5064 2376//5064 2375//5064
f 694//5065 2375//5065 2374//5065
f 47//5066 700//5066 2377//5066
f 700//5067 699//5067 2378//5067
f 695//5068 2377//5068 2376//5068
f 703//5069 2379//5069 698//5069
f 703//5070 702//5070 2380//5070
f 2379//5071 2378//5071 699//5071
f 706//5072 2381//5072 701//5072
f 706//5073 705//5073 2382//5073
f 2381//5074 2380//5074 702//5074
f 709//5075 2383//5075 704//5075
f 708//5076 2384//5076 2383//5076
f 2383//5077 2382//5077 705//5077
f 602//5078 2385//5078 707//5078
f 603//5079 2386//5079 2385//5079
f 2385//5080 2384//5080 708//5080
f 38//5081 613//5081 2387//5081
f 613//5082 612//5082 2388//5082
f 604//5083 2387//5083 2386//5083
f 2389//5084 2390//5084 2393//5084
f 2390//5085 2391//5085 2394//5085
f 2392//5086 2393//5086 2396//5086
f 2393//5087 2394//5087 2397//5087
f 50//5088 704//5088 2389//5088
f 704//5089 705//5089 2390//5089
f 705//5090 706//5090 2391//5090
f 706//5091 49//5091 721//5091
f 2391//5092 721//5092 720//5092
f 2394//5093 720//5093 719//5093
f 2397//5094 719//5094 200//5094
f 2396//5095 2397//5095 676//5095
f 2395//5096 2396//5096 675//5096
f 725//906 2395//906 674//906
f 726//5097 2392//5097 2395//5097
f 727//908 2389//908 2392//908
f 2399//5098 2402//5098 2401//5098
f 2400//5099 2403//5099 2402//5099
f 2402//5100 2405//5100 2404//5100
f 2403//5101 2406//5101 2405//5101
f 47//5102 695//5102 2398//5102
f 696//5103 2399//5103 2398//5103
f 697//5104 2400//5104 2399//5104
f 46//5105 728//5105 2400//5105
f 728//5106 729//5106 2403//5106
f 729//5107 730//5107 2406//5107
f 730//5108 188//5108 619//5108
f 2406//5109 619//5109 618//5109
f 2404//5110 2405//5110 618//5110
f 661//5111 2404//5111 617//5111
f 660//5112 2401//5112 2404//5112
f 659//5113 2398//5113 2401//5113
f 2407//5114 2408//5114 2411//5114
f 2408//5115 2409//5115 2412//5115
f 2410//5116 2411//5116 2414//5116
f 2411//5117 2412//5117 2415//5117
f 41//5118 707//5118 2407//5118
f 707//5119 708//5119 2408//5119
f 708//5120 709//5120 2409//5120
f 50//5121 727//5121 2409//5121
f 2409//5122 727//5122 726//5122
f 2412//5123 726//5123 725//5123
f 2415//3035 725//3035 201//3035
f 2414//5124 2415//5124 664//5124
f 2413//5125 2414//5125 663//5125
f 667//5126 2413//5126 662//5126
f 666//5127 2410//5127 2413//5127
f 665//5128 2407//5128 2410//5128
f 2417//5129 2420//5129 2419//5129
f 2418//5130 2421//5130 2420//5130
f 2420//5131 2423//5131 2422//5131
f 2421//5132 2424//5132 2423//5132
f 731//5133 2416//5133 646//5133
f 732//5134 2417//5134 2416//5134
f 733//5135 2418//5135 2417//5135
f 188//5136 730//5136 2418//5136
f 730//5137 729//5137 2421//5137
f 729//5138 728//5138 2424//5138
f 728//5139 46//5139 694//5139
f 2424//5140 694//5140 693//5140
f 2423//5141 693//5141 692//5141
f 2422//5142 692//5142 39//5142
f 2419//5143 2422//5143 644//5143
f 2416//5144 2419//5144 645//5144
f 2426//5145 2429//5145 2428//5145
f 2427//5146 2430//5146 2429//5146
f 2429//5147 2432//5147 2431//5147
f 2430//5148 2433//5148 2432//5148
f 734//5149 2425//5149 296//5149
f 735//5150 2426//5150 2425//5150
f 736//5151 2427//5151 2426//5151
f 185//5152 646//5152 2427//5152
f 646//5153 645//5153 2430//5153
f 645//5154 644//5154 2433//5154
f 644//5155 39//5155 652//5155
f 2433//5156 652//5156 651//5156
f 2432//5157 651//5157 650//5157
f 2431//5158 650//5158 2//5158
f 2428//5159 2431//5159 298//5159
f 2425//5160 2428//5160 297//5160
f 2436//5161 2434//5161 2444//5161
f 2438//5162 2434//5162 2436//5162
f 2439//5163 2440//5163 2434//5163
f 2442//5164 2434//5164 2440//5164
f 2443//5165 2444//5165 2434//5165
f 307//5166 2435//5166 740//5166
f 306//5167 2436//5167 2435//5167
f 2435//5168 2444//5168 741//5168
f 4//5169 611//5169 2437//5169
f 611//5170 612//5170 2438//5170
f 305//5171 2437//5171 2436//5171
f 749//5172 2439//5172 613//5172
f 749//5173 750//5173 2440//5173
f 2439//5174 2438//5174 612//5174
f 764//5175 2441//5175 751//5175
f 765//5176 2442//5176 2441//5176
f 2441//5177 2440//5177 750//5177
f 52//5178 742//5178 2443//5178
f 742//5179 741//5179 2444//5179
f 766//5180 2443//5180 2442//5180
f 2447//5181 2445//5181 2455//5181
f 2448//5182 2449//5182 2445//5182
f 2451//5183 2445//5183 2449//5183
f 2452//5184 2453//5184 2445//5184
f 2454//5185 2455//5185 2445//5185
f 313//5186 2446//5186 610//5186
f 312//5187 2447//5187 2446//5187
f 2446//5188 2455//5188 609//5188
f 3//5189 740//5189 2448//5189
f 740//5190 741//5190 2449//5190
f 311//5191 2448//5191 2447//5191
f 767//5192 2450//5192 742//5192
f 768//5193 2451//5193 2450//5193
f 2450//5194 2449//5194 741//5194
f 57//5195 772//5195 2452//5195
f 772//5196 771//5196 2453//5196
f 769//5197 2452//5197 2451//5197
f 51//5198 608//5198 2454//5198
f 608//5199 609//5199 2455//5199
f 770//5200 2454//5200 2453//5200
f 2458//5201 2456//5201 2476//5201
f 2460//5202 2456//5202 2458//5202
f 2462//5203 2456//5203 2460//5203
f 2463//5204 2464//5204 2456//5204
f 2465//5205 2466//5205 2456//5205
f 2468//5206 2456//5206 2466//5206
f 2470//5207 2456//5207 2468//5207
f 2472//5208 2456//5208 2470//5208
f 2473//5209 2474//5209 2456//5209
f 2475//5210 2476//5210 2456//5210
f 604//5211 2457//5211 640//5211
f 603//5212 2458//5212 2457//5212
f 2457//5213 2476//5213 639//5213
f 677//5214 2459//5214 602//5214
f 678//5215 2460//5215 2459//5215
f 2459//5216 2458//5216 603//5216
f 682//5217 2461//5217 679//5217
f 681//5218 2462//5218 2461//5218
f 2461//5219 2460//5219 678//5219
f 43//5220 685//5220 2463//5220
f 685//5221 684//5221 2464//5221
f 680//5222 2463//5222 2462//5222
f 44//5223 688//5223 2465//5223
f 688//5224 687//5224 2466//5224
f 683//5225 2465//5225 2464//5225
f 691//5226 2467//5226 686//5226
f 691//5227 690//5227 2468//5227
f 2467//5228 2466//5228 687//5228
f 743//5229 2469//5229 689//5229
f 744//5230 2470//5230 2469//5230
f 2469//5231 2468//5231 690//5231
f 779//5232 2471//5232 745//5232
f 780//5233 2472//5233 2471//5233
f 2471//5234 2470//5234 744//5234
f 58//5235 784//5235 2473//5235
f 783//5236 2474//5236 2473//5236
f 781//5237 2473//5237 2472//5237
f 54//5238 638//5238 2475//5238
f 638//5239 639//5239 2476//5239
f 782//5240 2475//5240 2474//5240
f 2478//5241 2481//5241 2480//5241
f 2479//5242 2482//5242 2481//5242
f 2481//5243 2484//5243 2483//5243
f 2482//5244 2485//5244 2484//5244
f 55//5245 751//5245 2477//5245
f 750//5246 2478//5246 2477//5246
f 749//5247 2479//5247 2478//5247
f 38//5248 640//5248 2479//5248
f 640//5249 639//5249 2482//5249
f 639//5250 638//5250 2485//5250
f 638//5251 54//5251 758//5251
f 2485//5252 758//5252 759//5252
f 2484//5253 759//5253 760//5253
f 2483//5254 760//5254 56//5254
f 2480//5255 2483//5255 763//5255
f 2477//5256 2480//5256 762//5256
f 2487//5257 2490//5257 2489//5257
f 2488//5258 2491//5258 2490//5258
f 2490//5259 2493//5259 2492//5259
f 2491//5260 2494//5260 2493//5260
f 781//5261 2486//5261 599//5261
f 780//5262 2487//5262 2486//5262
f 779//5263 2488//5263 2487//5263
f 53//5264 776//5264 2488//5264
f 776//5265 777//5265 2491//5265
f 777//5266 778//5266 2494//5266
f 778//5267 181//5267 635//5267
f 2494//5268 635//5268 636//5268
f 2493//5269 636//5269 637//5269
f 2492//5270 637//5270 211//5270
f 2489//5271 2492//5271 601//5271
f 2486//5272 2489//5272 600//5272
f 2496//5273 2499//5273 2498//5273
f 2496//5274 2497//5274 2500//5274
f 2499//5275 2502//5275 2501//5275
f 2500//5276 2503//5276 2502//5276
f 207//5277 755//5277 2495//5277
f 755//5278 756//5278 2496//5278
f 756//5279 757//5279 2497//5279
f 757//5280 165//5280 754//5280
f 2497//5281 754//5281 753//5281
f 753//5282 752//5282 2503//5282
f 752//5283 51//5283 770//5283
f 2503//5284 770//5284 771//5284
f 2502//5285 771//5285 772//5285
f 2501//5286 772//5286 57//5286
f 2498//5287 2501//5287 607//5287
f 2495//5288 2498//5288 606//5288
f 2505//5289 2508//5289 2507//5289
f 2505//5290 2506//5290 2509//5290
f 2507//5291 2508//5291 2511//5291
f 2509//5292 2512//5292 2511//5292
f 788//5293 2504//5293 787//5293
f 789//5294 2505//5294 2504//5294
f 789//5295 790//5295 2506//5295
f 790//5296 62//5296 791//5296
f 2506//5297 791//5297 792//5297
f 792//5298 793//5298 2512//5298
f 793//5299 61//5299 794//5299
f 2512//5300 794//5300 795//5300
f 2510//5301 2511//5301 795//5301
f 785//5302 2510//5302 796//5302
f 786//5303 2507//5303 2510//5303
f 2504//5304 2507//5304 786//5304
f 2514//5305 2517//5305 2516//5305
f 2515//5306 2518//5306 2517//5306
f 2516//5307 2517//5307 2520//5307
f 2517//5308 2518//5308 2521//5308
f 797//5309 2513//5309 890//5309
f 798//5310 2514//5310 2513//5310
f 799//5311 2515//5311 2514//5311
f 220//5312 800//5312 2515//5312
f 800//5313 801//5313 2518//5313
f 2518//5314 801//5314 802//5314
f 2521//5315 802//5315 219//5315
f 2520//5316 2521//5316 875//5316
f 2519//5317 2520//5317 876//5317
f 892//5318 2519//5318 877//5318
f 891//5319 2516//5319 2519//5319
f 2513//5320 2516//5320 891//5320
f 2522//5321 2523//5321 2526//5321
f 2524//5322 2527//5322 2526//5322
f 2526//5323 2529//5323 2528//5323
f 2527//5324 2530//5324 2529//5324
f 68//5325 815//5325 2522//5325
f 815//5326 816//5326 2523//5326
f 816//5327 817//5327 2524//5327
f 60//5328 787//5328 2524//5328
f 787//5329 786//5329 2527//5329
f 2527//5330 786//5330 785//5330
f 2530//5331 785//5331 59//5331
f 2530//5332 854//5332 855//5332
f 2529//5333 855//5333 856//5333
f 2528//5334 856//5334 70//5334
f 2525//5335 2528//5335 868//5335
f 866//5336 2522//5336 2525//5336
f 2532//5337 2535//5337 2534//5337
f 2533//5338 2536//5338 2535//5338
f 2535//5339 2538//5339 2537//5339
f 2536//5340 2539//5340 2538//5340
f 889//5341 2531//5341 818//5341
f 888//5342 2532//5342 2531//5342
f 887//5343 2533//5343 2532//5343
f 73//5344 877//5344 2533//5344
f 877//5345 876//5345 2536//5345
f 876//5346 875//5346 2539//5346
f 875//5347 219//5347 814//5347
f 2539//5348 814//5348 813//5348
f 2538//5349 813//5349 812//5349
f 2537//5350 812//5350 217//5350
f 2534//5351 2537//5351 820//5351
f 2531//5352 2534//5352 819//5352
f 2541//5353 2544//5353 2543//5353
f 2541//5354 2542//5354 2545//5354
f 2544//5355 2547//5355 2546//5355
f 2544//5356 2545//5356 2548//5356
f 865//5357 2540//5357 815//5357
f 864//5358 2541//5358 2540//5358
f 864//5359 863//5359 2542//5359
f 863//5360 69//5360 853//5360
f 2542//5361 853//5361 852//5361
f 2545//5362 852//5362 851//5362
f 2548//5363 851//5363 62//5363
f 2547//5364 2548//5364 790//5364
f 2547//5365 789//5365 788//5365
f 2546//5366 788//5366 60//5366
f 2543//5367 2546//5367 817//5367
f 2540//5368 2543//5368 816//5368
f 2549//5369 2550//5369 2553//5369
f 2550//5370 2551//5370 2554//5370
f 2552//5371 2553//5371 2556//5371
f 2553//5372 2554//5372 2557//5372
f 74//1185 886//1185 2549//1185
f 886//5373 885//5373 2550//5373
f 885//5374 884//5374 2551//5374
f 884//5375 71//5375 871//5375
f 2551//5376 871//5376 870//5376
f 2554//5377 870//5377 869//5377
f 2557//5378 869//5378 63//5378
f 2556//5379 2557//5379 833//5379
f 2556//5380 834//5380 835//5380
f 2555//5381 835//5381 65//5381
f 2552//5382 2555//5382 829//5382
f 827//5383 2549//5383 2552//5383
f 2558//5384 2559//5384 2562//5384
f 2559//5385 2560//5385 2563//5385
f 2561//5386 2562//5386 2565//5386
f 2563//5387 2566//5387 2565//5387
f 70//5388 862//5388 2558//5388
f 862//5389 861//5389 2559//5389
f 861//5390 860//5390 2560//5390
f 67//5391 847//5391 2560//5391
f 847//5392 846//5392 2563//5392
f 846//5393 845//5393 2566//5393
f 845//5394 64//5394 836//5394
f 2566//5395 836//5395 837//5395
f 2564//5396 2565//5396 837//5396
f 832//5397 2564//5397 838//5397
f 831//5398 2561//5398 2564//5398
f 830//5399 2558//5399 2561//5399
f 2568//5400 2571//5400 2570//5400
f 2568//5401 2569//5401 2572//5401
f 2570//5402 2571//5402 2574//5402
f 2572//5403 2575//5403 2574//5403
f 827//5404 2567//5404 881//5404
f 828//5405 2568//5405 2567//5405
f 828//5406 829//5406 2569//5406
f 829//5407 65//5407 839//5407
f 2569//5408 839//5408 840//5408
f 840//5409 841//5409 2575//5409
f 841//5410 66//5410 872//5410
f 2575//5411 872//5411 873//5411
f 2573//5412 2574//5412 873//5412
f 883//5413 2573//5413 874//5413
f 882//5414 2570//5414 2573//5414
f 2567//5415 2570//5415 882//5415
f 2577//5416 2580//5416 2579//5416
f 2578//5417 2581//5417 2580//5417
f 2579//5418 2580//5418 2583//5418
f 2580//5419 2581//5419 2584//5419
f 821//5420 2576//5420 857//5420
f 822//5421 2577//5421 2576//5421
f 823//5422 2578//5422 2577//5422
f 63//5423 842//5423 2578//5423
f 842//5424 843//5424 2581//5424
f 2581//5425 843//5425 844//5425
f 2584//5426 844//5426 64//5426
f 2583//5427 2584//5427 845//5427
f 2582//5428 2583//5428 846//5428
f 859//5429 2582//5429 847//5429
f 858//5430 2579//5430 2582//5430
f 2576//5431 2579//5431 858//5431
f 2585//5432 2586//5432 2589//5432
f 2587//5433 2590//5433 2589//5433
f 2588//5434 2589//5434 2592//5434
f 2589//5435 2590//5435 2593//5435
f 62//5436 851//5436 2585//5436
f 852//5437 2586//5437 2585//5437
f 853//5438 2587//5438 2586//5438
f 69//5439 857//5439 2587//5439
f 857//5440 858//5440 2590//5440
f 2590//5441 858//5441 859//5441
f 2593//5442 859//5442 67//5442
f 2592//5443 2593//5443 803//5443
f 2591//5444 2592//5444 804//5444
f 2591//5445 805//5445 61//5445
f 2588//5446 2591//5446 793//5446
f 791//5447 2585//5447 2588//5447
f 2594//5448 2595//5448 2598//5448
f 2596//5449 2599//5449 2598//5449
f 2597//5450 2598//5450 2601//5450
f 2599//5451 2602//5451 2601//5451
f 59//5452 796//5452 2594//5452
f 796//5453 795//5453 2595//5453
f 794//5454 2596//5454 2595//5454
f 61//5455 805//5455 2596//5455
f 805//5456 804//5456 2599//5456
f 804//5457 803//5457 2602//5457
f 803//5458 67//5458 860//5458
f 2602//5459 860//5459 861//5459
f 2600//5460 2601//5460 861//5460
f 856//5461 2600//5461 862//5461
f 855//5462 2597//5462 2600//5462
f 854//5463 2594//5463 2597//5463
f 2604//5464 2607//5464 2606//5464
f 2605//5465 2608//5465 2607//5465
f 2607//5466 2610//5466 2609//5466
f 2608//5467 2611//5467 2610//5467
f 835//5468 2603//5468 848//5468
f 834//5469 2604//5469 2603//5469
f 834//5470 833//5470 2605//5470
f 833//5471 63//5471 823//5471
f 2605//5472 823//5472 822//5472
f 2608//5473 822//5473 821//5473
f 2611//1287 821//1287 69//1287
f 2611//5474 863//5474 864//5474
f 2610//5475 864//5475 865//5475
f 2609//5476 865//5476 68//5476
f 2606//5477 2609//5477 850//5477
f 2603//5478 2606//5478 849//5478
f 2612//5479 2613//5479 2616//5479
f 2613//5480 2614//5480 2617//5480
f 2616//5481 2619//5481 2618//5481
f 2617//5482 2620//5482 2619//5482
f 65//5483 848//5483 2612//5483
f 848//5484 849//5484 2613//5484
f 849//5485 850//5485 2614//5485
f 850//5486 68//5486 866//5486
f 2614//5487 866//5487 867//5487
f 867//5488 868//5488 2620//5488
f 868//5489 70//5489 830//5489
f 2620//5490 830//5490 831//5490
f 2619//5491 831//5491 832//5491
f 2618//5492 832//5492 66//5492
f 2615//5493 2618//5493 841//5493
f 839//5494 2612//5494 2615//5494
f 2622//5495 2625//5495 2624//5495
f 2623//5496 2626//5496 2625//5496
f 2625//5497 2628//5497 2627//5497
f 2625//5498 2626//5498 2629//5498
f 878//5499 2621//5499 809//5499
f 879//5500 2622//5500 2621//5500
f 880//5501 2623//5501 2622//5501
f 74//5502 881//5502 2623//5502
f 881//5503 882//5503 2626//5503
f 2626//5504 882//5504 883//5504
f 2629//5505 883//5505 72//5505
f 2628//5506 2629//5506 818//5506
f 2627//5507 2628//5507 819//5507
f 2627//5508 820//5508 217//5508
f 2624//5509 2627//5509 811//5509
f 2621//5510 2624//5510 810//5510
f 2630//5511 2631//5511 2634//5511
f 2631//5512 2632//5512 2635//5512
f 2633//5513 2634//5513 2637//5513
f 2634//5514 2635//5514 2638//5514
f 218//5515 808//5515 2630//5515
f 808//5516 807//5516 2631//5516
f 807//5517 806//5517 2632//5517
f 806//5518 220//5518 799//5518
f 2632//5519 799//5519 798//5519
f 2635//5520 798//5520 797//5520
f 2638//5521 797//5521 71//5521
f 2637//5522 2638//5522 884//5522
f 2636//5523 2637//5523 885//5523
f 880//5524 2636//5524 886//5524
f 879//5525 2633//5525 2636//5525
f 878//5526 2630//5526 2633//5526
f 2640//5527 2643//5527 2642//5527
f 2641//5528 2644//5528 2643//5528
f 2643//5529 2646//5529 2645//5529
f 2644//5530 2647//5530 2646//5530
f 66//5531 838//5531 2639//5531
f 838//5532 837//5532 2640//5532
f 836//5533 2641//5533 2640//5533
f 64//5534 826//5534 2641//5534
f 826//5535 825//5535 2644//5535
f 825//5536 824//5536 2647//5536
f 824//5537 73//5537 887//5537
f 2647//1352 887//1352 888//1352
f 2646//5538 888//5538 889//5538
f 2645//5539 889//5539 72//5539
f 2642//5540 2645//5540 874//5540
f 872//5541 2639//5541 2642//5541
f 2649//5542 2652//5542 2651//5542
f 2650//5543 2653//5543 2652//5543
f 2651//5544 2652//5544 2655//5544
f 2652//5545 2653//5545 2656//5545
f 869//5546 2648//5546 842//5546
f 870//5547 2649//5547 2648//5547
f 871//5548 2650//5548 2649//5548
f 71//5549 890//5549 2650//5549
f 890//5550 891//5550 2653//5550
f 2653//5551 891//5551 892//5551
f 2656//5552 892//5552 73//5552
f 2655//5553 2656//5553 824//5553
f 2654//5554 2655//5554 825//5554
f 844//5555 2654//5555 826//5555
f 843//5556 2651//5556 2654//5556
f 2648//5557 2651//5557 843//5557
f 2657//5558 2658//5558 2661//5558
f 2659//5559 2662//5559 2661//5559
f 2660//5560 2661//5560 2664//5560
f 2661//5561 2662//5561 2665//5561
f 1000//5562 2657//5562 964//5562
f 999//5563 2658//5563 2657//5563
f 998//5564 2659//5564 2658//5564
f 84//5565 968//5565 2659//5565
f 968//5566 969//5566 2662//5566
f 2662//5567 969//5567 970//5567
f 2665//5568 970//5568 92//5568
f 2664//5569 2665//5569 1037//5569
f 2663//5570 2664//5570 1038//5570
f 962//5571 2663//5571 1039//5571
f 963//5572 2660//5572 2663//5572
f 964//5573 2657//5573 2660//5573
f 2668//5574 2666//5574 2676//5574
f 2670//5575 2666//5575 2668//5575
f 2672//5576 2666//5576 2670//5576
f 2673//5577 2674//5577 2666//5577
f 2676//5578 2666//5578 2674//5578
f 905//5579 2667//5579 959//5579
f 905//5580 906//5580 2668//5580
f 2667//5581 2676//5581 960//5581
f 904//5582 2669//5582 907//5582
f 903//5583 2670//5583 2669//5583
f 2669//5584 2668//5584 906//5584
f 901//5585 2671//5585 902//5585
f 900//5586 2672//5586 2671//5586
f 2671//5587 2670//5587 903//5587
f 75//5588 898//5588 2673//5588
f 898//5589 897//5589 2674//5589
f 899//5590 2673//5590 2672//5590
f 82//5591 961//5591 2675//5591
f 961//5592 960//5592 2676//5592
f 896//5593 2675//5593 2674//5593
f 2679//5594 2677//5594 2687//5594
f 2680//5595 2681//5595 2677//5595
f 2682//5596 2683//5596 2677//5596
f 2685//5597 2677//5597 2683//5597
f 2686//5598 2687//5598 2677//5598
f 1157//5599 2678//5599 1138//5599
f 1158//5600 2679//5600 2678//5600
f 2678//5601 2687//5601 1137//5601
f 105//5602 1156//5602 2680//5602
f 1155//5603 2681//5603 2680//5603
f 1159//5604 2680//5604 2679//5604
f 1120//5605 2682//5605 1154//5605
f 1119//5606 2683//5606 2682//5606
f 1154//5607 2682//5607 2681//5607
f 75//5608 899//5608 2684//5608
f 900//5609 2685//5609 2684//5609
f 1118//5610 2684//5610 2683//5610
f 76//5611 1136//5611 2686//5611
f 1136//5612 1137//5612 2687//5612
f 901//5613 2686//5613 2685//5613
f 2689//5614 2690//5614 2688//5614
f 2692//5615 2688//5615 2690//5615
f 2693//5616 2694//5616 2688//5616
f 2696//5617 2688//5617 2694//5617
f 2697//5618 2698//5618 2688//5618
f 181//5619 778//5619 2689//5619
f 778//5620 777//5620 2690//5620
f 916//5621 2689//5621 2698//5621
f 895//5622 2691//5622 776//5622
f 894//5623 2692//5623 2691//5623
f 2691//5624 2690//5624 777//5624
f 102//5625 1138//5625 2693//5625
f 1138//5626 1137//5626 2694//5626
f 893//5627 2693//5627 2692//5627
f 902//5628 2695//5628 1136//5628
f 903//5629 2696//5629 2695//5629
f 2695//5630 2694//5630 1137//5630
f 234//5631 914//5631 2697//5631
f 914//5632 915//5632 2698//5632
f 904//5633 2697//5633 2696//5633
f 2700//5634 2703//5634 2702//5634
f 2700//5635 2701//5635 2704//5635
f 2702//5636 2703//5636 2706//5636
f 2704//5637 2707//5637 2706//5637
f 920//5638 2699//5638 919//5638
f 921//5639 2700//5639 2699//5639
f 921//5640 922//5640 2701//5640
f 922//5641 80//5641 923//5641
f 2701//5642 923//5642 924//5642
f 924//5643 925//5643 2707//5643
f 925//5644 79//5644 926//5644
f 2707//5645 926//5645 927//5645
f 2705//5646 2706//5646 927//5646
f 917//5647 2705//5647 928//5647
f 918//5648 2702//5648 2705//5648
f 2699//5649 2702//5649 918//5649
f 2708//5650 2709//5650 2712//5650
f 2710//5651 2713//5651 2712//5651
f 2712//5652 2715//5652 2714//5652
f 2712//5653 2713//5653 2716//5653
f 80//5654 929//5654 2708//5654
f 930//5655 2709//5655 2708//5655
f 931//5656 2710//5656 2709//5656
f 244//5657 932//5657 2710//5657
f 932//5658 933//5658 2713//5658
f 2713//5659 933//5659 934//5659
f 2716//5660 934//5660 243//5660
f 2715//5661 2716//5661 935//5661
f 2714//5662 2715//5662 936//5662
f 2714//5663 937//5663 79//5663
f 2711//5664 2714//5664 925//5664
f 923//5665 2708//5665 2711//5665
f 2718//5666 2721//5666 2720//5666
f 2719//5667 2722//5667 2721//5667
f 2720//5668 2721//5668 2724//5668
f 2721//5669 2722//5669 2725//5669
f 242//5670 947//5670 2717//5670
f 948//5671 2718//5671 2717//5671
f 949//5672 2719//5672 2718//5672
f 78//5673 919//5673 2719//5673
f 919//5674 918//5674 2722//5674
f 2722//5675 918//5675 917//5675
f 2725//5676 917//5676 77//5676
f 2724//5677 2725//5677 950//5677
f 2724//1492 951//1492 952//1492
f 2723//5678 952//5678 241//5678
f 942//5679 2720//5679 2723//5679
f 2717//5680 2720//5680 942//5680
f 2726//5681 2727//5681 2730//5681
f 2728//5682 2731//5682 2730//5682
f 2730//5683 2733//5683 2732//5683
f 2731//5684 2734//5684 2733//5684
f 77//5685 928//5685 2726//5685
f 928//5686 927//5686 2727//5686
f 926//5687 2728//5687 2727//5687
f 79//5688 937//5688 2728//5688
f 937//5689 936//5689 2731//5689
f 936//5690 935//5690 2734//5690
f 935//5691 243//5691 946//5691
f 2734//5692 946//5692 945//5692
f 2733//5693 945//5693 944//5693
f 952//5694 2732//5694 944//5694
f 951//5695 2729//5695 2732//5695
f 950//5696 2726//5696 2729//5696
f 2735//5697 2736//5697 2739//5697
f 2736//5698 2737//5698 2740//5698
f 2739//5699 2742//5699 2741//5699
f 2739//5700 2740//5700 2743//5700
f 940//5701 2735//5701 947//5701
f 940//5702 939//5702 2736//5702
f 939//5703 938//5703 2737//5703
f 938//5704 244//5704 931//5704
f 2737//1518 931//1518 930//1518
f 2740//5705 930//5705 929//5705
f 2743//5706 929//5706 80//5706
f 2742//5707 2743//5707 922//5707
f 2742//5708 921//5708 920//5708
f 2741//5709 920//5709 78//5709
f 2738//5710 2741//5710 949//5710
f 2735//5711 2738//5711 948//5711
f 2744//5712 2745//5712 2748//5712
f 2745//5713 2746//5713 2749//5713
f 2747//5714 2748//5714 2751//5714
f 2748//5715 2749//5715 2752//5715
f 45//5716 686//5716 2744//5716
f 686//5717 687//5717 2745//5717
f 687//5718 688//5718 2746//5718
f 688//5719 44//5719 724//5719
f 2746//5720 724//5720 723//5720
f 2749//5721 723//5721 722//5721
f 2752//5722 722//5722 83//5722
f 2751//5723 2752//5723 971//5723
f 2750//5724 2751//5724 972//5724
f 2750//1540 973//1540 84//1540
f 966//5725 2747//5725 2750//5725
f 965//5726 2744//5726 2747//5726
f 2755//5727 2753//5727 2763//5727
f 2756//5728 2757//5728 2753//5728
f 2759//5729 2753//5729 2757//5729
f 2760//5730 2761//5730 2753//5730
f 2763//5731 2753//5731 2761//5731
f 680//5732 2754//5732 718//5732
f 681//5733 2755//5733 2754//5733
f 2754//5734 2763//5734 717//5734
f 42//5735 670//5735 2756//5735
f 670//5736 669//5736 2757//5736
f 682//5737 2756//5737 2755//5737
f 655//5738 2758//5738 668//5738
f 654//5739 2759//5739 2758//5739
f 2758//5740 2757//5740 669//5740
f 245//5741 980//5741 2760//5741
f 980//5742 981//5742 2761//5742
f 653//5743 2760//5743 2759//5743
f 85//5744 716//5744 2762//5744
f 716//5745 717//5745 2763//5745
f 2762//5746 2761//5746 981//5746
f 2766//5747 2764//5747 2776//5747
f 2768//5748 2764//5748 2766//5748
f 2769//5749 2770//5749 2764//5749
f 2772//5750 2764//5750 2770//5750
f 2774//5751 2764//5751 2772//5751
f 2775//5752 2776//5752 2764//5752
f 715//5753 2765//5753 913//5753
f 714//5754 2766//5754 2765//5754
f 2765//5755 2776//5755 912//5755
f 986//5756 2767//5756 713//5756
f 987//5757 2768//5757 2767//5757
f 2767//5758 2766//5758 714//5758
f 86//5759 991//5759 2769//5759
f 991//5760 990//5760 2770//5760
f 988//5761 2769//5761 2768//5761
f 896//5762 2771//5762 989//5762
f 897//5763 2772//5763 2771//5763
f 2771//5764 2770//5764 990//5764
f 1118//5765 2773//5765 898//5765
f 1119//5766 2774//5766 2773//5766
f 2773//5767 2772//5767 897//5767
f 33//5768 911//5768 2775//5768
f 911//5769 912//5769 2776//5769
f 1120//5770 2775//5770 2774//5770
f 2777//5771 2778//5771 2781//5771
f 2778//5772 2779//5772 2782//5772
f 2780//5773 2781//5773 2784//5773
f 2781//5774 2782//5774 2785//5774
f 100//5775 1153//5775 2777//5775
f 1153//5776 1152//5776 2778//5776
f 1152//5777 1151//5777 2779//5777
f 1151//5778 99//5778 1174//5778
f 2779//5779 1174//5779 1173//5779
f 2782//5780 1173//5780 1172//5780
f 2785//5781 1172//5781 277//5781
f 2784//5782 2785//5782 1076//5782
f 2783//5783 2784//5783 1077//5783
f 1063//5784 2783//5784 1078//5784
f 1062//5785 2780//5785 2783//5785
f 1061//5786 2777//5786 2780//5786
f 2787//5787 2788//5787 2786//5787
f 2789//5788 2790//5788 2786//5788
f 2792//5789 2786//5789 2790//5789
f 2793//5790 2794//5790 2786//5790
f 2796//5791 2786//5791 2794//5791
f 44//5792 683//5792 2787//5792
f 683//5793 684//5793 2788//5793
f 724//5794 2787//5794 2796//5794
f 43//5795 718//5795 2789//5795
f 718//5796 717//5796 2790//5796
f 685//5797 2789//5797 2788//5797
f 992//5798 2791//5798 716//5798
f 993//5799 2792//5799 2791//5799
f 2791//5800 2790//5800 717//5800
f 87//5801 997//5801 2793//5801
f 997//5802 996//5802 2794//5802
f 994//5803 2793//5803 2792//5803
f 722//5804 2795//5804 995//5804
f 723//5805 2796//5805 2795//5805
f 2795//5806 2794//5806 996//5806
f 2798//5807 2799//5807 2797//5807
f 2801//5808 2797//5808 2799//5808
f 2803//5809 2797//5809 2801//5809
f 2804//5810 2805//5810 2797//5810
f 2807//5811 2797//5811 2805//5811
f 40//5812 689//5812 2798//5812
f 689//5813 690//5813 2799//5813
f 715//5814 2798//5814 2807//5814
f 965//5815 2800//5815 691//5815
f 966//5816 2801//5816 2800//5816
f 2800//5817 2799//5817 690//5817
f 998//5818 2802//5818 967//5818
f 999//5819 2803//5819 2802//5819
f 967//5820 2802//5820 2801//5820
f 88//5821 1003//5821 2804//5821
f 1003//5822 1002//5822 2805//5822
f 1000//5823 2804//5823 2803//5823
f 713//1773 2806//1773 1001//1773
f 714//5824 2807//5824 2806//5824
f 2806//5825 2805//5825 1002//5825
f 2809//5826 2812//5826 2811//5826
f 2810//5827 2813//5827 2812//5827
f 2812//5828 2815//5828 2814//5828
f 2813//5829 2816//5829 2815//5829
f 1169//5830 2808//5830 908//5830
f 1170//5831 2809//5831 2808//5831
f 1171//5832 2810//5832 2809//5832
f 107//5833 1018//5833 2810//5833
f 1018//5834 1017//5834 2813//5834
f 2813//5835 1017//5835 1016//5835
f 2816//5836 1016//5836 179//5836
f 2816//5837 1087//5837 1086//5837
f 2815//5838 1086//5838 1085//5838
f 2814//5839 1085//5839 271//5839
f 2811//5840 2814//5840 910//5840
f 2808//5841 2811//5841 909//5841
f 2817//5842 2818//5842 2821//5842
f 2818//5843 2819//5843 2822//5843
f 2820//5844 2821//5844 2824//5844
f 2821//5845 2822//5845 2825//5845
f 99//5846 1190//5846 2817//5846
f 1190//5847 1191//5847 2818//5847
f 1191//5848 1192//5848 2819//5848
f 1192//5849 111//5849 1072//5849
f 2819//5850 1072//5850 1071//5850
f 2822//5851 1071//5851 1070//5851
f 2825//5852 1070//5852 285//5852
f 2824//5853 2825//5853 1144//5853
f 2823//5854 2824//5854 1143//5854
f 1172//5855 2823//5855 1142//5855
f 1173//5856 2820//5856 2823//5856
f 1174//5857 2817//5857 2820//5857
f 2827//5858 2828//5858 2826//5858
f 2830//5859 2826//5859 2828//5859
f 2831//5860 2832//5860 2826//5860
f 1024//5861 2827//5861 1139//5861
f 1023//5862 2828//5862 2827//5862
f 2827//5863 2832//5863 1140//5863
f 1088//5864 2829//5864 1022//5864
f 1089//5865 2830//5865 2829//5865
f 2829//5866 2828//5866 1023//5866
f 274//5867 1141//5867 2831//5867
f 1141//5868 1140//5868 2832//5868
f 1090//5869 2831//5869 2830//5869
f 2833//5870 2834//5870 2837//5870
f 2834//5871 2835//5871 2838//5871
f 2836//5872 2837//5872 2840//5872
f 2837//5873 2838//5873 2841//5873
f 101//5874 1150//5874 2833//5874
f 1150//5875 1149//5875 2834//5875
f 1149//5876 1148//5876 2835//5876
f 1148//5877 104//5877 1093//5877
f 2835//5878 1093//5878 1092//5878
f 2838//5879 1092//5879 1091//5879
f 2841//5880 1091//5880 266//5880
f 2840//5881 2841//5881 1124//5881
f 2839//5882 2840//5882 1125//5882
f 1129//1700 2839//1700 1126//1700
f 1128//5883 2836//5883 2839//5883
f 1127//5884 2833//5884 2836//5884
f 2842//5885 2843//5885 2846//5885
f 2843//5886 2844//5886 2847//5886
f 2845//5887 2846//5887 2849//5887
f 2846//5888 2847//5888 2850//5888
f 973//5889 2842//5889 968//5889
f 973//5890 972//5890 2843//5890
f 972//5891 971//5891 2844//5891
f 971//5892 83//5892 1052//5892
f 2844//5893 1052//5893 1053//5893
f 2847//5894 1053//5894 1054//5894
f 2850//5895 1054//5895 91//5895
f 2849//5896 2850//5896 1019//5896
f 2848//5897 2849//5897 1020//5897
f 970//5898 2848//5898 1021//5898
f 969//5899 2845//5899 2848//5899
f 968//5900 2842//5900 2845//5900
f 2851//5901 2852//5901 2855//5901
f 2852//5902 2853//5902 2856//5902
f 2855//5903 2858//5903 2857//5903
f 2855//5904 2856//5904 2859//5904
f 82//5905 989//5905 2851//5905
f 989//5906 990//5906 2852//5906
f 990//5907 991//5907 2853//5907
f 991//5908 86//5908 304//5908
f 2853//5909 304//5909 303//5909
f 2856//5910 303//5910 302//5910
f 302//5911 94//5911 1030//5911
f 2859//5912 1030//5912 1029//5912
f 2858//5913 1029//5913 1028//5913
f 2857//5914 1028//5914 90//5914
f 2854//5915 2857//5915 1055//5915
f 1057//5916 2851//5916 2854//5916
f 2861//5917 2864//5917 2863//5917
f 2862//5918 2865//5918 2864//5918
f 2864//5919 2867//5919 2866//5919
f 2865//5920 2868//5920 2867//5920
f 994//5921 2860//5921 625//5921
f 993//5922 2861//5922 2860//5922
f 992//5923 2862//5923 2861//5923
f 85//5924 1048//5924 2862//5924
f 1048//5925 1047//5925 2865//5925
f 1047//5926 1046//5926 2868//5926
f 1046//5927 93//5927 1031//5927
f 2868//5928 1031//5928 1032//5928
f 2867//5929 1032//5929 1033//5929
f 2866//5930 1033//5930 95//5930
f 2863//5931 2866//5931 623//5931
f 2860//5932 2863//5932 624//5932
f 2869//5933 2870//5933 2873//5933
f 2870//5934 2871//5934 2874//5934
f 2873//5935 2876//5935 2875//5935
f 2874//5936 2877//5936 2876//5936
f 233//5937 959//5937 2869//5937
f 959//5938 960//5938 2870//5938
f 960//5939 961//5939 2871//5939
f 961//5940 82//5940 1057//5940
f 2871//5941 1057//5941 1056//5941
f 1056//5942 1055//5942 2877//5942
f 1055//5943 90//5943 1012//5943
f 2877//5944 1012//5944 1011//5944
f 2876//5945 1011//5945 1010//5945
f 2875//5946 1010//5946 252//5946
f 2872//5947 2875//5947 953//5947
f 955//5948 2869//5948 2872//5948
f 2878//5949 2879//5949 2882//5949
f 2879//5950 2880//5950 2883//5950
f 2881//5951 2882//5951 2885//5951
f 2882//5952 2883//5952 2886//5952
f 83//5953 995//5953 2878//5953
f 995//5954 996//5954 2879//5954
f 996//5955 997//5955 2880//5955
f 997//5956 87//5956 625//5956
f 2880//5957 625//5957 624//5957
f 2883//5958 624//5958 623//5958
f 623//5959 95//5959 1036//5959
f 2885//5960 2886//5960 1036//5960
f 2884//5961 2885//5961 1035//5961
f 1054//5962 2884//5962 1034//5962
f 1053//5963 2881//5963 2884//5963
f 1052//5964 2878//5964 2881//5964
f 2887//5965 2888//5965 2891//5965
f 2889//5966 2892//5966 2891//5966
f 2891//5967 2894//5967 2893//5967
f 2892//5968 2895//5968 2894//5968
f 1114//5969 2887//5969 622//5969
f 1114//5970 1113//5970 2888//5970
f 1113//5971 1112//5971 2889//5971
f 97//5972 908//5972 2889//5972
f 908//5973 909//5973 2892//5973
f 909//5974 910//5974 2895//5974
f 910//5975 271//5975 1007//5975
f 2895//5976 1007//5976 1008//5976
f 2894//5977 1008//5977 1009//5977
f 2893//5978 1009//5978 269//5978
f 2890//5979 2893//5979 620//5979
f 2887//5980 2890//5980 621//5980
f 2897//5981 2900//5981 2899//5981
f 2898//5982 2901//5982 2900//5982
f 2900//5983 2903//5983 2902//5983
f 2901//5984 2904//5984 2903//5984
f 1162//5985 2896//5985 1099//5985
f 1161//5986 2897//5986 2896//5986
f 1160//5987 2898//5987 2897//5987
f 103//5988 1100//5988 2898//5988
f 1100//5989 1101//5989 2901//5989
f 1101//5990 1102//5990 2904//5990
f 1102//5991 270//5991 1004//5991
f 2904//5992 1004//5992 1005//5992
f 2903//5993 1005//5993 1006//5993
f 2902//5994 1006//5994 187//5994
f 2899//5995 2902//5995 1097//5995
f 2896//5996 2899//5996 1098//5996
f 2905//5997 2906//5997 2909//5997
f 2906//5998 2907//5998 2910//5998
f 2908//5999 2909//5999 2912//5999
f 2909//6000 2910//6000 2913//6000
f 107//6001 1168//6001 2905//6001
f 1168//6002 1167//6002 2906//6002
f 1167//6003 1166//6003 2907//6003
f 1166//6004 100//6004 1061//6004
f 2907//6005 1061//6005 1062//6005
f 2910//6006 1062//6006 1063//6006
f 2913//6007 1063//6007 273//6007
f 2912//6008 2913//6008 1103//6008
f 2911//6009 2912//6009 1104//6009
f 1016//6010 2911//6010 1105//6010
f 1017//6011 2908//6011 2911//6011
f 1018//6012 2905//6012 2908//6012
f 2914//6013 2915//6013 2918//6013
f 2915//6014 2916//6014 2919//6014
f 2917//6015 2918//6015 2921//6015
f 2918//6016 2919//6016 2922//6016
f 98//6017 1178//6017 2914//6017
f 1178//6018 1179//6018 2915//6018
f 1179//6019 1180//6019 2916//6019
f 1180//6020 108//6020 1123//6020
f 2916//6021 1123//6021 1122//6021
f 2919//6022 1122//6022 1121//6022
f 2922//6023 1121//6023 276//6023
f 2921//6024 2922//6024 1075//6024
f 2920//6025 2921//6025 1074//6025
f 1109//6026 2920//6026 1073//6026
f 1110//6027 2917//6027 2920//6027
f 1111//6028 2914//6028 2917//6028
f 2923//6029 2924//6029 2927//6029
f 2924//6030 2925//6030 2928//6030
f 2926//6031 2927//6031 2930//6031
f 2927//6032 2928//6032 2931//6032
f 111//6033 1187//6033 2923//6033
f 1187//6034 1188//6034 2924//6034
f 1188//6035 1189//6035 2925//6035
f 1189//6036 110//6036 1084//6036
f 2925//6037 1084//6037 1083//6037
f 2928//6038 1083//6038 1082//6038
f 2931//6039 1082//6039 267//6039
f 2930//6040 2931//6040 1060//6040
f 2929//6041 2930//6041 1059//6041
f 1070//6042 2929//6042 1058//6042
f 1071//6043 2926//6043 2929//6043
f 1072//6044 2923//6044 2926//6044
f 2932//6045 2933//6045 2936//6045
f 2933//1864 2934//1864 2937//1864
f 2935//6046 2936//6046 2939//6046
f 2936//6047 2937//6047 2940//6047
f 89//6048 1040//6048 2932//6048
f 1040//6049 1041//6049 2933//6049
f 1041//6050 1042//6050 2934//6050
f 1042//6051 96//6051 979//6051
f 2934//6052 979//6052 978//6052
f 2937//6053 978//6053 977//6053
f 2940//6054 977//6054 99//6054
f 2939//6055 2940//6055 1151//6055
f 2938//6056 2939//6056 1152//6056
f 1132//6057 2938//6057 1153//6057
f 1131//6058 2935//6058 2938//6058
f 1130//6059 2932//6059 2935//6059
f 2941//6060 2942//6060 2945//6060
f 2942//6061 2943//6061 2946//6061
f 2944//6062 2945//6062 2948//6062
f 2945//6063 2946//6063 2949//6063
f 108//6064 1177//6064 2941//6064
f 1177//6065 1176//6065 2942//6065
f 1176//6066 1175//6066 2943//6066
f 1175//6067 101//6067 1127//6067
f 2943//6068 1127//6068 1128//6068
f 2946//6069 1128//6069 1129//6069
f 2949//6070 1129//6070 272//6070
f 2948//6071 2949//6071 1079//6071
f 2947//6072 2948//6072 1080//6072
f 1121//6073 2947//6073 1081//6073
f 1122//6074 2944//6074 2947//6074
f 1123//6075 2941//6075 2944//6075
f 2950//6076 2951//6076 2954//6076
f 2951//6077 2952//6077 2955//6077
f 2953//6078 2954//6078 2957//6078
f 2954//6079 2955//6079 2958//6079
f 110//6080 1184//6080 2950//6080
f 1184//6081 1185//6081 2951//6081
f 1185//6082 1186//6082 2952//6082
f 109//6083 1096//6083 2952//6083
f 1096//6084 1095//6084 2955//6084
f 1095//6085 1094//6085 2958//6085
f 1094//6086 275//6086 1066//6086
f 2957//6087 2958//6087 1066//6087
f 2956//6088 2957//6088 1065//6088
f 1082//6089 2956//6089 1064//6089
f 1083//6090 2953//6090 2956//6090
f 1084//6091 2950//6091 2953//6091
f 2959//6092 2960//6092 2963//6092
f 2960//6093 2961//6093 2964//6093
f 2962//6094 2963//6094 2966//6094
f 2963//6095 2964//6095 2967//6095
f 104//6096 1163//6096 2959//6096
f 1163//6097 1164//6097 2960//6097
f 1164//6098 1165//6098 2961//6098
f 106//6099 1099//6099 2961//6099
f 1099//6100 1098//6100 2964//6100
f 1098//6101 1097//6101 2967//6101
f 1097//6102 187//6102 1108//6102
f 2966//6103 2967//6103 1108//6103
f 2965//6104 2966//6104 1107//6104
f 1091//6105 2965//6105 1106//6105
f 1092//6106 2962//6106 2965//6106
f 1093//6107 2959//6107 2962//6107
f 2969//6108 2972//6108 2971//6108
f 2970//6109 2973//6109 2972//6109
f 2972//6110 2975//6110 2974//6110
f 2973//6111 2976//6111 2975//6111
f 1183//6112 2968//6112 1096//6112
f 1182//6113 2969//6113 2968//6113
f 1181//6114 2970//6114 2969//6114
f 98//6115 1111//6115 2970//6115
f 2970//6116 1111//6116 1110//6116
f 2973//6117 1110//6117 1109//6117
f 2976//6118 1109//6118 186//6118
f 2976//6119 1067//6119 1068//6119
f 2975//6120 1068//6120 1069//6120
f 2974//6121 1069//6121 275//6121
f 2971//6122 2974//6122 1094//6122
f 2968//6123 2971//6123 1095//6123
f 2979//6124 2977//6124 2987//6124
f 2980//6125 2981//6125 2977//6125
f 2983//6126 2977//6126 2981//6126
f 2985//6127 2977//6127 2983//6127
f 2986//6128 2987//6128 2977//6128
f 53//6129 745//6129 2978//6129
f 745//6130 744//6130 2979//6130
f 895//6131 2978//6131 2987//6131
f 40//6132 913//6132 2980//6132
f 913//6133 912//6133 2981//6133
f 743//6134 2980//6134 2979//6134
f 1154//6135 2982//6135 911//6135
f 1155//6136 2983//6136 2982//6136
f 2982//6137 2981//6137 912//6137
f 105//6138 1159//6138 2984//6138
f 1158//6139 2985//6139 2984//6139
f 1156//6140 2984//6140 2983//6140
f 102//6141 893//6141 2986//6141
f 893//6142 894//6142 2987//6142
f 1157//6143 2986//6143 2985//6143
f 2990//6144 2988//6144 2998//6144
f 2991//6145 2992//6145 2988//6145
f 2994//6146 2988//6146 2992//6146
f 2995//6147 2996//6147 2988//6147
f 2998//6148 2988//6148 2996//6148
f 1033//6149 2989//6149 1117//6149
f 1032//6150 2990//6150 2989//6150
f 1117//6151 2989//6151 2998//6151
f 985//6152 2991//6152 1031//6152
f 984//6153 2992//6153 2991//6153
f 1031//6154 2991//6154 2990//6154
f 1160//6155 2993//6155 983//6155
f 1161//6156 2994//6156 2993//6156
f 2993//6157 2992//6157 984//6157
f 106//6158 1165//6158 2995//6158
f 1165//6159 1164//6159 2996//6159
f 1162//6160 2995//6160 2994//6160
f 1115//6161 2997//6161 1163//6161
f 1116//6162 2998//6162 2997//6162
f 2997//6163 2996//6163 1164//6163
f 2999//6164 3000//6164 3003//6164
f 3000//6165 3001//6165 3004//6165
f 3002//6166 3003//6166 3006//6166
f 3003//6167 3004//6167 3007//6167
f 91//6168 1034//6168 2999//6168
f 1034//6169 1035//6169 3000//6169
f 1035//6170 1036//6170 3001//6170
f 95//6171 1117//6171 3001//6171
f 3001//6172 1117//6172 1116//6172
f 3004//6173 1116//6173 1115//6173
f 3007//6174 1115//6174 104//6174
f 3006//6175 3007//6175 1148//6175
f 3005//6176 3006//6176 1149//6176
f 1135//6177 3005//6177 1150//6177
f 1134//6178 3002//6178 3005//6178
f 1133//6179 2999//6179 3002//6179
f 3010//6180 3008//6180 3018//6180
f 3012//6181 3008//6181 3010//6181
f 3013//6182 3014//6182 3008//6182
f 3016//6183 3008//6183 3014//6183
f 3017//6184 3018//6184 3008//6184
f 1027//6185 3009//6185 1114//6185
f 1026//6186 3010//6186 3009//6186
f 3009//6187 3018//6187 1113//6187
f 1130//6188 3011//6188 1025//6188
f 1131//6189 3012//6189 3011//6189
f 3011//6190 3010//6190 1026//6190
f 100//6191 1166//6191 3013//6191
f 1166//6192 1167//6192 3014//6192
f 1132//6193 3013//6193 3012//6193
f 1171//6194 3015//6194 1168//6194
f 1170//6195 3016//6195 3015//6195
f 3015//6196 3014//6196 1167//6196
f 97//6197 1112//6197 3017//6197
f 1112//6198 1113//6198 3018//6198
f 1169//6199 3017//6199 3016//6199
f 3019//6200 3020//6200 3023//6200
f 3020//6201 3021//6201 3024//6201
f 3022//6202 3023//6202 3026//6202
f 3023//6203 3024//6203 3027//6203
f 93//6204 1139//6204 3019//6204
f 1139//6205 1140//6205 3020//6205
f 1140//6206 1141//6206 3021//6206
f 1141//6207 274//6207 1147//6207
f 3021//6208 1147//6208 1146//6208
f 3024//6209 1146//6209 1145//6209
f 3027//6210 1145//6210 270//6210
f 3026//6211 3027//6211 1102//6211
f 3025//6212 3026//6212 1101//6212
f 3025//6213 1100//6213 103//6213
f 3022//6214 3025//6214 983//6214
f 985//6215 3019//6215 3022//6215
f 3029//6216 3030//6216 3028//6216
f 3032//6217 3028//6217 3030//6217
f 3034//6218 3028//6218 3032//6218
f 3035//6219 3036//6219 3028//6219
f 3038//6220 3028//6220 3036//6220
f 92//6221 1021//6221 3029//6221
f 1021//6222 1020//6222 3030//6222
f 1015//6223 3029//6223 3038//6223
f 1133//6224 3031//6224 1019//6224
f 1134//6225 3032//6225 3031//6225
f 3031//6226 3030//6226 1020//6226
f 101//6227 1175//6227 3033//6227
f 1175//6228 1176//6228 3034//6228
f 1135//6229 3033//6229 3032//6229
f 108//6230 1180//6230 3035//6230
f 1180//6231 1179//6231 3036//6231
f 1177//6232 3035//6232 3034//6232
f 1013//6233 3037//6233 1178//6233
f 1014//6234 3038//6234 3037//6234
f 3037//6235 3036//6235 1179//6235
f 3040//6236 3041//6236 3039//6236
f 3043//6237 3039//6237 3041//6237
f 3045//6238 3039//6238 3043//6238
f 3046//6239 3047//6239 3039//6239
f 3048//6240 3049//6240 3039//6240
f 3051//6241 3039//6241 3049//6241
f 3053//6242 3039//6242 3051//6242
f 96//6243 1039//6243 3040//6243
f 1039//6244 1038//6244 3041//6244
f 979//6245 3040//6245 3053//6245
f 1015//6246 3042//6246 1037//6246
f 1014//6247 3043//6247 3042//6247
f 3042//6248 3041//6248 1038//6248
f 98//6249 1181//6249 3044//6249
f 1182//6250 3045//6250 3044//6250
f 1013//6251 3044//6251 3043//6251
f 109//6252 1186//6252 3046//6252
f 1186//6253 1185//6253 3047//6253
f 1183//6254 3046//6254 3045//6254
f 110//6255 1189//6255 3048//6255
f 1189//6256 1188//6256 3049//6256
f 3048//6257 3047//6257 1185//6257
f 1192//6258 3050//6258 1187//6258
f 1191//6259 3051//6259 3050//6259
f 3050//6260 3049//6260 1188//6260
f 977//6261 3052//6261 1190//6261
f 978//6262 3053//6262 3052//6262
f 3052//6263 3051//6263 1191//6263
f 3055//6264 3058//6264 3057//6264
f 3056//6265 3059//6265 3058//6265
f 3058//6266 3061//6266 3060//6266
f 3059//6267 3062//6267 3061//6267
f 90//6268 1028//6268 3054//6268
f 1029//6269 3055//6269 3054//6269
f 1030//6270 3056//6270 3055//6270
f 94//6271 1198//6271 3056//6271
f 1198//6272 1197//6272 3059//6272
f 1197//6273 1196//6273 3062//6273
f 1196//6274 256//6274 1193//6274
f 3062//6275 1193//6275 1194//6275
f 3061//6276 1194//6276 1195//6276
f 3060//6277 1195//6277 252//6277
f 1011//6278 3057//6278 3060//6278
f 1012//6279 3054//6279 3057//6279
f 3063//6280 3064//6280 3067//6280
f 3065//6281 3068//6281 3067//6281
f 3066//6282 3067//6282 3070//6282
f 3068//6283 3071//6283 3070//6283
f 1556//6284 3063//6284 1544//6284
f 1557//6285 3064//6285 3063//6285
f 1558//6286 3065//6286 3064//6286
f 176//6287 641//6287 3065//6287
f 641//6288 642//6288 3068//6288
f 642//6289 643//6289 3071//6289
f 643//6290 208//6290 1199//6290
f 3071//6291 1199//6291 1200//6291
f 3069//6292 3070//6292 1200//6292
f 1546//6293 3069//6293 1201//6293
f 1545//6294 3066//6294 3069//6294
f 1544//6295 3063//6295 3066//6295
f 3073//6296 3076//6296 3075//6296
f 3074//6297 3077//6297 3076//6297
f 3076//6298 3079//6298 3078//6298
f 3077//6299 3080//6299 3079//6299
f 1454//6300 3072//6300 1549//6300
f 1455//6301 3073//6301 3072//6301
f 1456//6302 3074//6302 3073//6302
f 167//6303 595//6303 3074//6303
f 595//6304 594//6304 3077//6304
f 594//6305 593//6305 3080//6305
f 593//6306 176//6306 1558//6306
f 3080//6307 1558//6307 1557//6307
f 3079//6308 1557//6308 1556//6308
f 3078//6309 1556//6309 206//6309
f 3075//6310 3078//6310 1547//6310
f 3072//6311 3075//6311 1548//6311
f 3083//6312 3081//6312 3091//6312
f 3084//6313 3085//6313 3081//6313
f 3087//6314 3081//6314 3085//6314
f 3088//6315 3089//6315 3081//6315
f 3091//6316 3081//6316 3089//6316
f 1273//6317 3082//6317 1232//6317
f 1272//6318 3083//6318 3082//6318
f 3082//6319 3091//6319 1233//6319
f 1361//6320 3084//6320 1271//6320
f 1361//6321 1362//6321 3085//6321
f 1271//6322 3084//6322 3083//6322
f 157//6323 1262//6323 3086//6323
f 1263//6324 3087//6324 3086//6324
f 3086//6325 3085//6325 1362//6325
f 124//6326 1270//6326 3088//6326
f 1270//6327 1269//6327 3089//6327
f 1264//6328 3088//6328 3087//6328
f 1234//6329 3090//6329 1268//6329
f 1233//6330 3091//6330 3090//6330
f 3090//6331 3089//6331 1269//6331
f 3093//6332 3096//6332 3095//6332
f 3094//6333 3097//6333 3096//6333
f 3096//6334 3099//6334 3098//6334
f 3097//6335 3100//6335 3099//6335
f 1253//6336 3092//6336 524//6336
f 1254//6337 3093//6337 3092//6337
f 1255//6338 3094//6338 3093//6338
f 161//6339 1378//6339 3094//6339
f 1378//6340 1377//6340 3097//6340
f 3097//6341 1377//6341 1376//6341
f 3100//6342 1376//6342 142//6342
f 3099//6343 3100//6343 1331//6343
f 3099//6344 1332//6344 1333//6344
f 3098//6345 1333//6345 147//6345
f 3095//6346 3098//6346 526//6346
f 3092//6347 3095//6347 525//6347
f 3102//6348 3105//6348 3104//6348
f 3103//6349 3106//6349 3105//6349
f 3105//6350 3108//6350 3107//6350
f 3106//6351 3109//6351 3108//6351
f 1240//6352 3101//6352 1217//6352
f 1239//6353 3102//6353 3101//6353
f 1238//6354 3103//6354 3102//6354
f 122//6355 1232//6355 3103//6355
f 1232//6356 1233//6356 3106//6356
f 3106//6357 1233//6357 1234//6357
f 3109//6358 1234//6358 118//6358
f 3109//6359 1237//6359 1236//6359
f 3108//6360 1236//6360 1235//6360
f 3107//6361 1235//6361 112//6361
f 3104//6362 3107//6362 1219//6362
f 3101//6363 3104//6363 1218//6363
f 3111//6364 3114//6364 3113//6364
f 3112//6365 3115//6365 3114//6365
f 3114//6366 3117//6366 3116//6366
f 3115//6367 3118//6367 3117//6367
f 1243//6368 3110//6368 1211//6368
f 1242//6369 3111//6369 3110//6369
f 1241//6370 3112//6370 3111//6370
f 123//6371 1226//6371 3112//6371
f 1226//6372 1227//6372 3115//6372
f 1227//6373 1228//6373 3118//6373
f 1228//6374 122//6374 1238//6374
f 3118//6375 1238//6375 1239//6375
f 3117//6376 1239//6376 1240//6376
f 3116//6377 1240//6377 116//6377
f 3113//6378 3116//6378 1213//6378
f 3110//6379 3113//6379 1212//6379
f 3120//6380 3123//6380 3122//6380
f 3121//6381 3124//6381 3123//6381
f 3122//6382 3123//6382 3126//6382
f 3123//6383 3124//6383 3127//6383
f 1235//6384 3119//6384 1205//6384
f 1236//6385 3120//6385 3119//6385
f 1237//6386 3121//6386 3120//6386
f 1237//6387 118//6387 1220//6387
f 3121//6388 1220//6388 1221//6388
f 3124//6389 1221//6389 1222//6389
f 3127//6390 1222//6390 120//6390
f 3126//6391 3127//6391 346//6391
f 3125//6392 3126//6392 345//6392
f 1207//6393 3125//6393 344//6393
f 1206//6394 3122//6394 3125//6394
f 3119//6395 3122//6395 1206//6395
f 3129//6396 3132//6396 3131//6396
f 3130//6397 3133//6397 3132//6397
f 3132//6398 3135//6398 3134//6398
f 3133//6399 3136//6399 3135//6399
f 148//6400 1357//6400 3128//6400
f 1356//6401 3129//6401 3128//6401
f 1355//6402 3130//6402 3129//6402
f 146//6403 352//6403 3130//6403
f 352//6404 351//6404 3133//6404
f 351//6405 350//6405 3136//6405
f 350//6406 147//6406 1333//6406
f 3136//6407 1333//6407 1332//6407
f 3135//6408 1332//6408 1331//6408
f 3134//6409 1331//6409 142//6409
f 3131//6410 3134//6410 1340//6410
f 3128//6411 3131//6411 1341//6411
f 3137//6412 3138//6412 3141//6412
f 3138//6413 3139//6413 3142//6413
f 3141//6414 3144//6414 3143//6414
f 3141//6415 3142//6415 3145//6415
f 150//6416 1339//6416 3137//6416
f 1339//6417 1338//6417 3138//6417
f 1338//6418 1337//6418 3139//6418
f 1337//6419 144//6419 464//6419
f 3139//6420 464//6420 465//6420
f 3142//6421 465//6421 466//6421
f 466//6422 145//6422 1336//6422
f 3145//6423 1336//6423 1335//6423
f 3144//6424 1335//6424 1334//6424
f 3143//6425 1334//6425 149//6425
f 1347//6426 3140//6426 3143//6426
f 1346//6427 3137//6427 3140//6427
f 3148//6428 3146//6428 3158//6428
f 3150//6429 3146//6429 3148//6429
f 3152//6430 3146//6430 3150//6430
f 3154//6431 3146//6431 3152//6431
f 3155//6432 3156//6432 3146//6432
f 3158//6433 3146//6433 3156//6433
f 1300//6434 3147//6434 1256//6434
f 1299//6435 3148//6435 3147//6435
f 3147//6436 3158//6436 1257//6436
f 1364//6437 3149//6437 1298//6437
f 1365//6438 3150//6438 3149//6438
f 1298//6439 3149//6439 3148//6439
f 1412//6440 3151//6440 1366//6440
f 1413//6441 3152//6441 3151//6441
f 3151//6442 3150//6442 1365//6442
f 1417//6443 3153//6443 1414//6443
f 1416//6444 3154//6444 3153//6444
f 3153//6445 3152//6445 1413//6445
f 154//6446 1295//6446 3155//6446
f 1295//6447 1296//6447 3156//6447
f 1415//6448 3155//6448 3154//6448
f 1258//6449 3157//6449 1297//6449
f 1257//6450 3158//6450 3157//6450
f 3157//6451 3156//6451 1296//6451
f 3160//6452 3161//6452 3159//6452
f 3163//6453 3159//6453 3161//6453
f 3165//6454 3159//6454 3163//6454
f 3167//6455 3159//6455 3165//6455
f 3169//6456 3159//6456 3167//6456
f 128//6457 1297//6457 3160//6457
f 1297//6458 1296//6458 3161//6458
f 1361//6459 3160//6459 3169//6459
f 1418//6460 3162//6460 1295//6460
f 1418//6461 1419//6461 3163//6461
f 3162//6462 3161//6462 1296//6462
f 1423//6463 3164//6463 1420//6463
f 1422//6464 3165//6464 3164//6464
f 3164//6465 3163//6465 1419//6465
f 1426//6466 3166//6466 1421//6466
f 1425//6467 3167//6467 3166//6467
f 3166//6468 3165//6468 1422//6468
f 157//6469 1363//6469 3168//6469
f 1362//6470 3169//6470 3168//6470
f 3168//6471 3167//6471 1425//6471
f 3171//6472 3174//6472 3173//6472
f 3172//6473 3175//6473 3174//6473
f 3174//6474 3177//6474 3176//6474
f 3175//6475 3178//6475 3177//6475
f 1276//6476 3170//6476 1226//6476
f 1275//6477 3171//6477 3170//6477
f 1274//6478 3172//6478 3171//6478
f 129//6479 1256//6479 3172//6479
f 1256//6480 1257//6480 3175//6480
f 1257//6481 1258//6481 3178//6481
f 3178//6482 1258//6482 128//6482
f 3178//6483 1271//6483 1272//6483
f 3177//6484 1272//6484 1273//6484
f 3176//6485 1273//6485 122//6485
f 3173//6486 3176//6486 1228//6486
f 3170//6487 3173//6487 1227//6487
f 3179//6488 3180//6488 3183//6488
f 3181//6489 3184//6489 3183//6489
f 3182//6490 3183//6490 3186//6490
f 3183//6491 3184//6491 3187//6491
f 118//6492 1268//6492 3179//6492
f 1268//6493 1269//6493 3180//6493
f 1270//6494 3181//6494 3180//6494
f 124//6495 1250//6495 3181//6495
f 1250//6496 1251//6496 3184//6496
f 3184//6497 1251//6497 1252//6497
f 3187//6498 1252//6498 126//6498
f 3186//6499 3187//6499 388//6499
f 3185//6500 3186//6500 387//6500
f 1222//6501 3185//6501 386//6501
f 1221//6502 3182//6502 3185//6502
f 1220//6503 3179//6503 3182//6503
f 3190//6504 3188//6504 3200//6504
f 3192//6505 3188//6505 3190//6505
f 3194//6506 3188//6506 3192//6506
f 3196//6507 3188//6507 3194//6507
f 3198//6508 3188//6508 3196//6508
f 3199//6509 3200//6509 3188//6509
f 1376//6510 3189//6510 1229//6510
f 1377//6511 3190//6511 3189//6511
f 3189//6512 3200//6512 1230//6512
f 1381//6513 3191//6513 1378//6513
f 1380//6514 3192//6514 3191//6514
f 3191//6515 3190//6515 1377//6515
f 1384//6516 3193//6516 1379//6516
f 1384//6517 1383//6517 3194//6517
f 3193//6518 3192//6518 1380//6518
f 1259//6519 3195//6519 1382//6519
f 1259//6520 1260//6520 3196//6520
f 3195//6521 3194//6521 1383//6521
f 1274//6522 3197//6522 1261//6522
f 1275//6523 3198//6523 3197//6523
f 3197//6524 3196//6524 1260//6524
f 123//6525 1231//6525 3199//6525
f 1231//6526 1230//6526 3200//6526
f 1276//6527 3199//6527 3198//6527
f 3202//6528 3203//6528 3201//6528
f 3205//6529 3201//6529 3203//6529
f 3207//6530 3201//6530 3205//6530
f 3209//6531 3201//6531 3207//6531
f 3210//6532 3211//6532 3201//6532
f 3213//6533 3201//6533 3211//6533
f 135//6534 1327//6534 3202//6534
f 1327//6535 1326//6535 3203//6535
f 1364//6536 3202//6536 3213//6536
f 1316//6537 3204//6537 1325//6537
f 1317//6538 3205//6538 3204//6538
f 3204//6539 3203//6539 1326//6539
f 1367//6540 3206//6540 1318//6540
f 1368//6541 3207//6541 3206//6541
f 3206//6542 3205//6542 1317//6542
f 1403//6543 3208//6543 1369//6543
f 1404//6544 3209//6544 3208//6544
f 3208//6545 3207//6545 1368//6545
f 171//6546 1408//6546 3210//6546
f 1407//6547 3211//6547 3210//6547
f 1405//6548 3210//6548 3209//6548
f 1366//6549 3212//6549 1406//6549
f 1365//6550 3213//6550 3212//6550
f 3212//6551 3211//6551 1407//6551
f 3215//6552 3218//6552 3217//6552
f 3216//6553 3219//6553 3218//6553
f 3218//6554 3221//6554 3220//6554
f 3219//6555 3222//6555 3221//6555
f 1369//6556 3214//6556 1396//6556
f 1369//6557 1368//6557 3215//6557
f 1367//6558 3216//6558 3215//6558
f 140//6559 1322//6559 3216//6559
f 1322//6560 1323//6560 3219//6560
f 1323//6561 1324//6561 3222//6561
f 1324//6562 136//6562 1225//6562
f 3221//6563 3222//6563 1225//6563
f 3220//6564 3221//6564 1224//6564
f 1394//6565 3220//6565 1223//6565
f 3217//6566 3220//6566 1394//6566
f 3214//6567 3217//6567 1395//6567
f 3225//6568 3223//6568 3233//6568
f 3226//6569 3227//6569 3223//6569
f 3229//6570 3223//6570 3227//6570
f 3230//6571 3231//6571 3223//6571
f 3233//6572 3223//6572 3231//6572
f 1252//6573 3224//6573 548//6573
f 1251//6574 3225//6574 3224//6574
f 3224//6575 3233//6575 549//6575
f 1264//6576 3226//6576 1250//6576
f 1263//6577 3227//6577 3226//6577
f 3226//6578 3225//6578 1251//6578
f 157//6579 1424//6579 3228//6579
f 1425//6580 3229//6580 3228//6580
f 3228//6581 3227//6581 1263//6581
f 174//6582 1409//6582 3230//6582
f 1410//6583 3231//6583 3230//6583
f 1426//6584 3230//6584 3229//6584
f 168//6585 550//6585 3232//6585
f 550//6586 549//6586 3233//6586
f 1411//6587 3232//6587 3231//6587
f 3236//6588 3234//6588 3246//6588
f 3238//6589 3234//6589 3236//6589
f 3240//6590 3234//6590 3238//6590
f 3242//6591 3234//6591 3240//6591
f 3244//6592 3234//6592 3242//6592
f 3246//6593 3234//6593 3244//6593
f 1385//6594 3235//6594 1259//6594
f 1386//6595 3236//6595 3235//6595
f 3235//6596 3246//6596 1260//6596
f 1390//6597 3237//6597 1387//6597
f 1389//6598 3238//6598 3237//6598
f 3237//6599 3236//6599 1386//6599
f 1393//6600 3239//6600 1388//6600
f 1392//6601 3240//6601 3239//6601
f 3239//6602 3238//6602 1389//6602
f 1289//6603 3241//6603 1391//6603
f 1290//6604 3242//6604 3241//6604
f 3241//6605 3240//6605 1392//6605
f 1298//6606 3243//6606 1291//6606
f 1299//6607 3244//6607 3243//6607
f 3243//6608 3242//6608 1290//6608
f 129//6609 1261//6609 3245//6609
f 1261//6610 1260//6610 3246//6610
f 1300//6611 3245//6611 3244//6611
f 3247//6612 3248//6612 3251//6612
f 3248//6613 3249//6613 3252//6613
f 3250//6614 3251//6614 3254//6614
f 3251//6615 3252//6615 3255//6615
f 133//6616 314//6616 3247//6616
f 314//6617 315//6617 3248//6617
f 315//6618 316//6618 3249//6618
f 316//6619 139//6619 1310//6619
f 3249//6620 1310//6620 1311//6620
f 3252//6621 1311//6621 1312//6621
f 3255//6622 1312//6622 137//6622
f 3254//6623 3255//6623 1373//6623
f 3253//6624 3254//6624 1374//6624
f 3253//6625 1375//6625 159//6625
f 1248//6626 3250//6626 3253//6626
f 1249//6627 3247//6627 3250//6627
f 3256//6628 3257//6628 3260//6628
f 3257//6629 3258//6629 3261//6629
f 3259//6630 3260//6630 3263//6630
f 3260//6631 3261//6631 3264//6631
f 136//6632 1309//6632 3256//6632
f 1309//6633 1308//6633 3257//6633
f 1308//6634 1307//6634 3258//6634
f 1307//6635 137//6635 1312//6635
f 3258//6636 1312//6636 1311//6636
f 3261//6637 1311//6637 1310//6637
f 3264//6638 1310//6638 139//6638
f 3263//6639 3264//6639 430//6639
f 3262//6640 3263//6640 429//6640
f 1315//6641 3262//6641 428//6641
f 1314//6642 3259//6642 3262//6642
f 1313//6643 3256//6643 3259//6643
f 3265//6644 3266//6644 3269//6644
f 3266//6645 3267//6645 3270//6645
f 3268//6646 3269//6646 3272//6646
f 3269//6647 3270//6647 3273//6647
f 136//6648 1324//6648 3265//6648
f 1324//6649 1323//6649 3266//6649
f 1323//6650 1322//6650 3267//6650
f 1322//6651 140//6651 1318//6651
f 3267//6652 1318//6652 1317//6652
f 3270//6653 1317//6653 1316//6653
f 3273//6654 1316//6654 141//6654
f 3272//6655 3273//6655 1321//6655
f 3271//6656 3272//6656 1320//6656
f 1307//6657 3271//6657 1319//6657
f 1308//6658 3268//6658 3271//6658
f 1309//6659 3265//6659 3268//6659
f 3275//6660 3276//6660 3274//6660
f 3277//6661 3278//6661 3274//6661
f 3280//6662 3274//6662 3278//6662
f 160//6663 1223//6663 3275//6663
f 1223//6664 1224//6664 3276//6664
f 1399//6665 3275//6665 3280//6665
f 1313//6666 3277//6666 1225//6666
f 1313//6667 1314//6667 3278//6667
f 3277//6668 3276//6668 1224//6668
f 1397//6669 3279//6669 1315//6669
f 1398//6670 3280//6670 3279//6670
f 3279//6671 3278//6671 1314//6671
f 3282//6672 3283//6672 3281//6672
f 3285//6673 3281//6673 3283//6673
f 3286//6674 3287//6674 3281//6674
f 3289//6675 3281//6675 3287//6675
f 3291//6676 3281//6676 3289//6676
f 152//6677 1370//6677 3282//6677
f 1370//6678 1371//6678 3283//6678
f 1289//6679 3282//6679 3291//6679
f 1375//6680 3284//6680 1372//6680
f 1374//6681 3285//6681 3284//6681
f 3284//6682 3283//6682 1371//6682
f 137//6683 1319//6683 3286//6683
f 1319//6684 1320//6684 3287//6684
f 1373//6685 3286//6685 3285//6685
f 141//6686 1325//6686 3288//6686
f 1325//6687 1326//6687 3289//6687
f 3288//6688 3287//6688 1320//6688
f 1291//6689 3290//6689 1327//6689
f 1291//6690 1290//6690 3291//6690
f 3290//6691 3289//6691 1326//6691
f 3293//6692 3296//6692 3295//6692
f 3294//6693 3297//6693 3296//6693
f 3296//6694 3299//6694 3298//6694
f 3297//6695 3300//6695 3299//6695
f 162//6696 1265//6696 3292//6696
f 1266//6697 3293//6697 3292//6697
f 1267//6698 3294//6698 3293//6698
f 127//6699 319//6699 3294//6699
f 319//6700 318//6700 3297//6700
f 318//6701 317//6701 3300//6701
f 317//6702 119//6702 1277//6702
f 3300//6703 1277//6703 1278//6703
f 3299//6704 1278//6704 1279//6704
f 3298//6705 1279//6705 153//6705
f 3295//6706 3298//6706 1382//6706
f 1384//6707 3292//6707 3295//6707
f 3301//6708 3302//6708 3305//6708
f 3302//6709 3303//6709 3306//6709
f 3304//6710 3305//6710 3308//6710
f 3305//6711 3306//6711 3309//6711
f 151//6712 1360//6712 3301//6712
f 1360//6713 1359//6713 3302//6713
f 1359//6714 1358//6714 3303//6714
f 1358//6715 143//6715 461//6715
f 3303//6716 461//6716 462//6716
f 3306//6717 462//6717 463//6717
f 3309//6718 463//6718 144//6718
f 3308//6719 3309//6719 1337//6719
f 3307//6720 3308//6720 1338//6720
f 3307//6721 1339//6721 150//6721
f 1350//6722 3304//6722 3307//6722
f 1349//6723 3301//6723 3304//6723
f 3312//6724 3310//6724 3326//6724
f 3314//6725 3310//6725 3312//6725
f 3316//6726 3310//6726 3314//6726
f 3318//6727 3310//6727 3316//6727
f 3320//6728 3310//6728 3318//6728
f 3322//6729 3310//6729 3320//6729
f 3324//6730 3310//6730 3322//6730
f 3326//6731 3310//6731 3324//6731
f 113//6732 1352//6732 3311//6732
f 1353//6733 3312//6733 3311//6733
f 1214//6734 3311//6734 3326//6734
f 1349//6735 3313//6735 1354//6735
f 1350//6736 3314//6736 3313//6736
f 3313//6737 3312//6737 1353//6737
f 1346//6738 3315//6738 1351//6738
f 1347//6739 3316//6739 3315//6739
f 1351//6740 3315//6740 3314//6740
f 1343//6741 3317//6741 1348//6741
f 1344//6742 3318//6742 3317//6742
f 1348//6743 3317//6743 3316//6743
f 1342//6744 3319//6744 1345//6744
f 1342//6745 1341//6745 3320//6745
f 3319//6746 3318//6746 1344//6746
f 1229//6747 3321//6747 1340//6747
f 1229//6748 1230//6748 3322//6748
f 3321//6749 3320//6749 1341//6749
f 1241//6750 3323//6750 1231//6750
f 1242//6751 3324//6751 3323//6751
f 3323//6752 3322//6752 1230//6752
f 117//6753 1216//6753 3325//6753
f 1216//6754 1215//6754 3326//6754
f 1243//6755 3325//6755 3324//6755
f 3327//6756 3328//6756 3331//6756
f 3328//6757 3329//6757 3332//6757
f 3331//6758 3334//6758 3333//6758
f 3332//6759 3335//6759 3334//6759
f 149//6760 1334//6760 3327//6760
f 1334//6761 1335//6761 3328//6761
f 1335//6762 1336//6762 3329//6762
f 1336//6763 145//6763 347//6763
f 3329//6764 347//6764 348//6764
f 348//6765 349//6765 3335//6765
f 349//6766 146//6766 1355//6766
f 3335//6767 1355//6767 1356//6767
f 3334//6768 1356//6768 1357//6768
f 3333//6769 1357//6769 148//6769
f 3330//6770 3333//6770 1345//6770
f 1343//6771 3327//6771 3330//6771
f 3336//6772 3337//6772 3340//6772
f 3338//6773 3341//6773 3340//6773
f 3340//6774 3343//6774 3342//6774
f 3341//6775 3344//6775 3343//6775
f 164//6776 1306//6776 3336//6776
f 1305//6777 3337//6777 3336//6777
f 1304//6778 3338//6778 3337//6778
f 158//6779 496//6779 3338//6779
f 496//6780 495//6780 3341//6780
f 495//6781 494//6781 3344//6781
f 494//6782 121//6782 1330//6782
f 3344//6783 1330//6783 1329//6783
f 3343//6784 1329//6784 1328//6784
f 3342//6785 1328//6785 152//6785
f 3339//6786 3342//6786 1391//6786
f 1393//6787 3336//6787 3339//6787
f 3345//6788 3346//6788 3349//6788
f 3347//6789 3350//6789 3349//6789
f 3349//6790 3352//6790 3351//6790
f 3350//2618 3353//2618 3352//2618
f 163//6791 1283//6791 3345//6791
f 1283//6792 1284//6792 3346//6792
f 1285//6793 3347//6793 3346//6793
f 125//6794 499//6794 3347//6794
f 499//6795 498//6795 3350//6795
f 498//6796 497//6796 3353//6796
f 497//6797 158//6797 1304//6797
f 3353//6798 1304//6798 1305//6798
f 3352//6799 1305//6799 1306//6799
f 3351//6800 1306//6800 164//6800
f 3348//6801 3351//6801 1388//6801
f 1390//6802 3345//6802 3348//6802
f 3355//6803 3358//6803 3357//6803
f 3356//6804 3359//6804 3358//6804
f 3358//6805 3361//6805 3360//6805
f 3359//6806 3362//6806 3361//6806
f 1405//6807 3354//6807 1282//6807
f 1404//6808 3355//6808 3354//6808
f 1403//6809 3356//6809 3355//6809
f 156//6810 1402//6810 3356//6810
f 1402//6811 1401//6811 3359//6811
f 1401//6812 1400//6812 3362//6812
f 1400//6813 138//6813 551//6813
f 3362//6814 551//6814 552//6814
f 3361//6815 552//6815 553//6815
f 3360//6816 553//6816 130//6816
f 3357//6817 3360//6817 1280//6817
f 3354//6818 3357//6818 1281//6818
f 3364//6819 3367//6819 3366//6819
f 3365//6820 3368//6820 3367//6820
f 3367//6821 3370//6821 3369//6821
f 3368//6822 3371//6822 3370//6822
f 1328//6823 3363//6823 1370//6823
f 1329//6824 3364//6824 3363//6824
f 1330//6825 3365//6825 3364//6825
f 121//6826 491//6826 3365//6826
f 491//6827 492//6827 3368//6827
f 492//6828 493//6828 3371//6828
f 493//6829 133//6829 1249//6829
f 3371//6830 1249//6830 1248//6830
f 3370//6831 1248//6831 1247//6831
f 3369//6832 1247//6832 159//6832
f 3366//6833 3369//6833 1372//6833
f 3363//6834 3366//6834 1371//6834
f 3372//6835 3373//6835 3376//6835
f 3373//6836 3374//6836 3377//6836
f 3376//6837 3379//6837 3378//6837
f 3377//6838 3380//6838 3379//6838
f 161//6839 1255//6839 3372//6839
f 1255//6840 1254//6840 3373//6840
f 1254//6841 1253//6841 3374//6841
f 131//6842 454//6842 3374//6842
f 454//6843 453//6843 3377//6843
f 453//6844 452//6844 3380//6844
f 452//6845 127//6845 1267//6845
f 3380//6846 1267//6846 1266//6846
f 3379//6847 1266//6847 1265//6847
f 3378//6848 1265//6848 162//6848
f 3375//6849 3378//6849 1379//6849
f 1381//6850 3372//6850 3375//6850
f 3382//6851 3385//6851 3384//6851
f 3383//6852 3386//6852 3385//6852
f 3385//6853 3388//6853 3387//6853
f 3386//6854 3389//6854 3388//6854
f 153//6855 1279//6855 3381//6855
f 1278//6856 3382//6856 3381//6856
f 1277//6857 3383//6857 3382//6857
f 119//6858 500//6858 3383//6858
f 500//6859 501//6859 3386//6859
f 501//6860 502//6860 3389//6860
f 502//6861 125//6861 1285//6861
f 3389//6862 1285//6862 1284//6862
f 3388//6863 1284//6863 1283//6863
f 3387//6864 1283//6864 163//6864
f 3384//6865 3387//6865 1387//6865
f 1385//6866 3381//6866 3384//6866
f 3391//6867 3394//6867 3393//6867
f 3392//6868 3395//6868 3394//6868
f 3394//6869 3397//6869 3396//6869
f 3395//6870 3398//6870 3397//6870
f 173//6871 1244//6871 3390//6871
f 1245//6872 3391//6872 3390//6872
f 1246//6873 3392//6873 3391//6873
f 169//6874 442//6874 3392//6874
f 442//6875 441//6875 3395//6875
f 441//6876 440//6876 3398//6876
f 440//6877 168//6877 1411//6877
f 3398//6878 1411//6878 1410//6878
f 3397//6879 1410//6879 1409//6879
f 3396//6880 1409//6880 174//6880
f 3393//6881 3396//6881 1421//6881
f 3390//6882 3393//6882 1422//6882
f 3400//6883 3403//6883 3402//6883
f 3401//6884 3404//6884 3403//6884
f 3403//6885 3406//6885 3405//6885
f 3404//6886 3407//6886 3406//6886
f 155//6887 1286//6887 3399//6887
f 1286//6888 1287//6888 3400//6888
f 1288//6889 3401//6889 3400//6889
f 132//6890 509//6890 3401//6890
f 509//6891 510//6891 3404//6891
f 510//6892 511//6892 3407//6892
f 511//6893 170//6893 1292//6893
f 3407//6894 1292//6894 1293//6894
f 3406//6895 1293//6895 1294//6895
f 3405//6896 1294//6896 172//6896
f 3402//6897 3405//6897 1414//6897
f 3399//6898 3402//6898 1413//6898
f 3409//6899 3412//6899 3411//6899
f 3410//6900 3413//6900 3412//6900
f 3412//6901 3415//6901 3414//6901
f 3413//6902 3416//6902 3415//6902
f 1301//6903 3408//6903 1418//6903
f 1302//6904 3409//6904 3408//6904
f 1303//6905 3410//6905 3409//6905
f 134//6906 446//6906 3410//6906
f 446//6907 447//6907 3413//6907
f 447//6908 448//6908 3416//6908
f 448//6909 169//6909 1246//6909
f 3416//6910 1246//6910 1245//6910
f 3415//6911 1245//6911 1244//6911
f 3414//6912 1244//6912 173//6912
f 3411//6913 3414//6913 1420//6913
f 3408//6914 3411//6914 1419//6914
f 3418//6915 3421//6915 3420//6915
f 3419//6916 3422//6916 3421//6916
f 3421//6917 3424//6917 3423//6917
f 3422//6918 3425//6918 3424//6918
f 1201//6919 3417//6919 1543//6919
f 1200//6920 3418//6920 3417//6920
f 1199//6921 3419//6921 3418//6921
f 208//6922 739//6922 3419//6922
f 739//6923 738//6923 3422//6923
f 738//6924 737//6924 3425//6924
f 737//6925 180//6925 1427//6925
f 3425//6926 1427//6926 1428//6926
f 3424//6927 1428//6927 1429//6927
f 3423//6928 1429//6928 205//6928
f 3420//6929 3423//6929 1541//6929
f 3417//6930 3420//6930 1542//6930
f 3426//6931 3427//6931 3430//6931
f 3427//6932 3428//6932 3431//6932
f 3429//6933 3430//6933 3433//6933
f 3430//6934 3431//6934 3434//6934
f 171//6935 1282//6935 3426//6935
f 1282//6936 1281//6936 3427//6936
f 1281//6937 1280//6937 3428//6937
f 1280//6938 130//6938 547//6938
f 3428//6939 547//6939 546//6939
f 3431//6940 546//6940 545//6940
f 3434//6941 545//6941 132//6941
f 3433//6942 3434//6942 1288//6942
f 3432//6943 3433//6943 1287//6943
f 1406//6944 3432//6944 1286//6944
f 1407//6945 3429//6945 3432//6945
f 1408//6946 3426//6946 3429//6946
f 3435//6947 3436//6947 3439//6947
f 3436//6948 3437//6948 3440//6948
f 3438//6949 3439//6949 3442//6949
f 3440//6950 3443//6950 3442//6950
f 172//6951 1294//6951 3435//6951
f 1294//6952 1293//6952 3436//6952
f 1293//6953 1292//6953 3437//6953
f 170//6892 505//6892 3437//6892
f 505//6954 504//6954 3440//6954
f 504//6954 503//6954 3443//6954
f 503//6955 134//6955 1303//6955
f 3443//6956 1303//6956 1302//6956
f 3442//6957 1302//6957 1301//6957
f 3441//6958 1301//6958 154//6958
f 1416//6959 3438//6959 3441//6959
f 1417//6960 3435//6960 3438//6960
f 3444//6961 3445//6961 3448//6961
f 3445//6962 3446//6962 3449//6962
f 3447//6963 3448//6963 3451//6963
f 3448//6964 3449//6964 3452//6964
f 198//6965 1519//6965 3444//6965
f 1519//6966 1518//6966 3445//6966
f 1518//6967 1517//6967 3446//6967
f 1517//6968 200//6968 554//6968
f 3446//6969 554//6969 555//6969
f 3449//6970 555//6970 556//6970
f 3452//6971 556//6971 190//6971
f 3451//6972 3452//6972 1475//6972
f 3450//6973 3451//6973 1476//6973
f 3450//6974 1477//6974 197//6974
f 1503//6975 3447//6975 3450//6975
f 1502//6976 3444//6976 3447//6976
f 3454//6977 3455//6977 3453//6977
f 3457//6978 3453//6978 3455//6978
f 3458//6979 3459//6979 3453//6979
f 202//6980 1447//6980 3454//6980
f 1447//6981 1446//6981 3455//6981
f 1538//6982 3454//6982 3459//6982
f 649//6983 3456//6983 1445//6983
f 648//6984 3457//6984 3456//6984
f 3456//6985 3455//6985 1446//6985
f 165//6986 1540//6986 3458//6986
f 1540//6987 1539//6987 3459//6987
f 647//6988 3458//6988 3457//6988
f 3461//6989 3464//6989 3463//6989
f 3461//6990 3462//6990 3465//6990
f 3463//6991 3464//6991 3467//6991
f 3464//6992 3465//6992 3468//6992
f 1210//6993 3460//6993 1732//6993
f 1210//6994 1209//6994 3461//6994
f 1208//6995 3462//6995 3461//6995
f 1208//6996 263//6996 1765//6996
f 1765//6997 1764//6997 3465//6997
f 3465//6998 1764//6998 1763//6998
f 3468//6999 1763//6999 258//6999
f 3467//7000 3468//7000 1784//7000
f 3466//7001 3467//7001 1785//7001
f 3466//7002 1786//7002 246//7002
f 3463//7003 3466//7003 1730//7003
f 3460//7004 3463//7004 1731//7004
f 3469//7005 3470//7005 3473//7005
f 3470//7006 3471//7006 3474//7006
f 3472//7007 3473//7007 3476//7007
f 3473//7008 3474//7008 3477//7008
f 246//7009 1786//7009 3469//7009
f 1786//7010 1785//7010 3470//7010
f 1785//7011 1784//7011 3471//7011
f 1784//7012 258//7012 1778//7012
f 3471//2835 1778//2835 1779//2835
f 3474//7013 1779//7013 1780//7013
f 3477//7014 1780//7014 265//7014
f 3476//7015 3477//7015 1709//7015
f 3475//7016 3476//7016 1710//7016
f 1747//7017 3475//7017 1711//7017
f 1746//7018 3472//7018 3475//7018
f 1745//7019 3469//7019 3472//7019
f 3479//7020 3482//7020 3481//7020
f 3480//7021 3483//7021 3482//7021
f 3482//7022 3485//7022 3484//7022
f 3483//7023 3486//7023 3485//7023
f 1474//7024 3478//7024 1480//7024
f 1473//7025 3479//7025 3478//7025
f 1472//7026 3480//7026 3479//7026
f 175//7027 628//7027 3480//7027
f 628//7028 627//7028 3483//7028
f 3483//7029 627//7029 626//7029
f 3486//7030 626//7030 178//7030
f 3486//7031 1471//7031 1470//7031
f 3485//7032 1470//7032 1469//7032
f 3484//7033 1469//7033 184//7033
f 3481//7034 3484//7034 1478//7034
f 3478//7035 3481//7035 1479//7035
f 3487//7036 3488//7036 3491//7036
f 3488//7037 3489//7037 3492//7037
f 3490//7038 3491//7038 3494//7038
f 3491//7039 3492//7039 3495//7039
f 197//7040 1477//7040 3487//7040
f 1477//7041 1476//7041 3488//7041
f 1476//7042 1475//7042 3489//7042
f 1475//7043 190//7043 572//7043
f 3489//7044 572//7044 573//7044
f 3492//7045 573//7045 574//7045
f 3495//7046 574//7046 189//7046
f 3495//7047 1468//7047 1467//7047
f 3494//7048 1467//7048 1466//7048
f 3493//7049 1466//7049 196//7049
f 1500//7050 3490//7050 3493//7050
f 1499//7051 3487//7051 3490//7051
f 3496//7052 3497//7052 3500//7052
f 3497//7053 3498//7053 3501//7053
f 3499//7054 3500//7054 3503//7054
f 3500//7055 3501//7055 3504//7055
f 1204//7056 3496//7056 1352//7056
f 1203//7057 3497//7057 3496//7057
f 1202//7058 3498//7058 3497//7058
f 115//7059 656//7059 3498//7059
f 3498//7060 656//7060 657//7060
f 3501//7061 657//7061 658//7061
f 3504//7062 658//7062 143//7062
f 3503//7063 3504//7063 1358//7063
f 3502//7064 3503//7064 1359//7064
f 3502//7065 1360//7065 151//7065
f 3499//7066 3502//7066 1354//7066
f 1352//7067 3496//7067 3499//7067
f 3506//7068 3509//7068 3508//7068
f 3507//7069 3510//7069 3509//7069
f 3509//7070 3512//7070 3511//7070
f 3510//7071 3513//7071 3512//7071
f 1429//7072 3505//7072 1565//7072
f 1428//7073 3506//7073 3505//7073
f 1427//7074 3507//7074 3506//7074
f 180//7075 632//7075 3507//7075
f 632//7076 633//7076 3510//7076
f 633//7077 634//7077 3513//7077
f 634//7078 211//7078 1432//7078
f 3513//7079 1432//7079 1431//7079
f 3512//7080 1431//7080 1430//7080
f 3511//7081 1430//7081 212//7081
f 3508//7082 3511//7082 1567//7082
f 3505//7083 3508//7083 1566//7083
f 3515//7084 3516//7084 3514//7084
f 3517//7085 3518//7085 3514//7085
f 3520//7086 3514//7086 3518//7086
f 112//7087 1205//7087 3515//7087
f 1205//7088 1206//7088 3516//7088
f 1441//7089 3515//7089 3520//7089
f 114//7090 1445//7090 3517//7090
f 1445//7091 1446//7091 3518//7091
f 1207//7092 3517//7092 3516//7092
f 1439//7093 3519//7093 1447//7093
f 1440//7094 3520//7094 3519//7094
f 3519//7095 3518//7095 1446//7095
f 3521//7096 3522//7096 3525//7096
f 3522//7097 3523//7097 3526//7097
f 3524//7098 3525//7098 3528//7098
f 3525//7099 3526//7099 3529//7099
f 250//7100 1783//7100 3521//7100
f 1782//7101 3522//7101 3521//7101
f 1781//7102 3523//7102 3522//7102
f 262//7103 1762//7103 3523//7103
f 3523//7104 1762//7104 1761//7104
f 3526//7105 1761//7105 1760//7105
f 3529//7106 1760//7106 257//7106
f 3528//7107 3529//7107 1045//7107
f 3527//7108 3528//7108 1044//7108
f 1724//2931 3527//2931 1043//2931
f 1725//7109 3524//7109 3527//7109
f 1726//7110 3521//7110 3524//7110
f 3531//7111 3534//7111 3533//7111
f 3532//7112 3535//7112 3534//7112
f 3534//7113 3537//7113 3536//7113
f 3535//7114 3538//7114 3537//7114
f 1438//7115 3530//7115 1552//7115
f 1437//7116 3531//7116 3530//7116
f 1436//7117 3532//7117 3531//7117
f 1436//7118 207//7118 748//7118
f 748//7119 747//7119 3535//7119
f 747//7120 746//7120 3538//7120
f 746//7121 167//7121 1456//7121
f 3538//7122 1456//7122 1455//7122
f 3537//7123 1455//7123 1454//7123
f 3536//7124 1454//7124 203//7124
f 3533//7125 3536//7125 1550//7125
f 3530//7126 3533//7126 1551//7126
f 3541//7127 3539//7127 3559//7127
f 3542//7128 3543//7128 3539//7128
f 3545//7129 3539//7129 3543//7129
f 3547//7130 3539//7130 3545//7130
f 3549//7131 3539//7131 3547//7131
f 3551//7132 3539//7132 3549//7132
f 3552//7133 3553//7133 3539//7133
f 3555//7134 3539//7134 3553//7134
f 3557//7135 3539//7135 3555//7135
f 3559//7136 3539//7136 3557//7136
f 1442//7137 3540//7137 1216//7137
f 1443//7138 3541//7138 3540//7138
f 1216//7139 3540//7139 3559//7139
f 177//7140 1435//7140 3542//7140
f 1435//7141 1434//7141 3543//7141
f 1444//7142 3542//7142 3541//7142
f 1508//7143 3544//7143 1433//7143
f 1509//7144 3545//7144 3544//7144
f 3544//7145 3543//7145 1434//7145
f 1505//7146 3546//7146 1510//7146
f 1506//7147 3547//7147 3546//7147
f 3546//7148 3545//7148 1509//7148
f 1502//7149 3548//7149 1507//7149
f 1503//7150 3549//7150 3548//7150
f 1507//7151 3548//7151 3547//7151
f 1499//7152 3550//7152 1504//7152
f 1500//7153 3551//7153 3550//7153
f 1504//7154 3550//7154 3549//7154
f 196//7155 1496//7155 3552//7155
f 1496//7156 1497//7156 3553//7156
f 1501//7157 3552//7157 3551//7157
f 1495//7158 3554//7158 1498//7158
f 1495//7159 1494//7159 3555//7159
f 3554//7160 3553//7160 1497//7160
f 182//7161 1465//7161 3556//7161
f 1465//7162 1464//7162 3557//7162
f 3556//7163 3555//7163 1494//7163
f 1214//7164 3558//7164 1463//7164
f 1215//7165 3559//7165 3558//7165
f 3558//7166 3557//7166 1464//7166
f 3560//7167 3561//7167 3564//7167
f 3561//7168 3562//7168 3565//7168
f 3563//7169 3564//7169 3567//7169
f 3564//7170 3565//7170 3568//7170
f 199//7171 1525//7171 3560//7171
f 1525//2995 1524//2995 3561//2995
f 1524//7172 1523//7172 3562//7172
f 1523//2997 201//2997 674//2997
f 3562//7173 674//7173 675//7173
f 3565//7174 675//7174 676//7174
f 3568//7175 676//7175 200//7175
f 3567//7176 3568//7176 1517//7176
f 3566//7177 3567//7177 1518//7177
f 1507//7178 3566//7178 1519//7178
f 1506//7179 3563//7179 3566//7179
f 1505//7180 3560//7180 3563//7180
f 3570//7181 3573//7181 3572//7181
f 3571//7182 3574//7182 3573//7182
f 3573//7183 3576//7183 3575//7183
f 3574//7184 3577//7184 3576//7184
f 196//7185 1466//7185 3569//7185
f 1466//7186 1467//7186 3570//7186
f 1467//7187 1468//7187 3571//7187
f 1468//7188 189//7188 617//7188
f 3571//7189 617//7189 618//7189
f 618//7190 619//7190 3577//7190
f 619//7191 188//7191 1528//7191
f 3577//7192 1528//7192 1527//7192
f 3576//7193 1527//7193 1526//7193
f 3575//7194 1526//7194 195//7194
f 3572//7195 3575//7195 1498//7195
f 3569//7196 3572//7196 1497//7196
f 3578//3024 3579//3024 3582//3024
f 3579//3023 3580//3023 3583//3023
f 3581//3024 3582//3024 3585//3024
f 3582//3024 3583//3024 3586//3024
f 242//3022 712//3022 3578//3022
f 712//3024 711//3024 3579//3024
f 711//3024 710//3024 3580//3024
f 710//3024 256//3024 974//3024
f 3580//3022 974//3022 975//3022
f 3583//3024 975//3024 976//3024
f 3586//3023 976//3023 251//3023
f 3585//3024 3586//3024 958//3024
f 3584//3023 3585//3023 957//3023
f 943//3022 3584//3022 956//3022
f 942//3023 3581//3023 3584//3023
f 941//3023 3578//3023 3581//3023
f 3587//7197 3588//7197 3591//7197
f 3588//7198 3589//7198 3592//7198
f 3590//7199 3591//7199 3594//7199
f 3591//7200 3592//7200 3595//7200
f 184//7201 1469//7201 3587//7201
f 1469//7202 1470//7202 3588//7202
f 1470//7203 1471//7203 3589//7203
f 1471//2853 178//2853 662//2853
f 3589//7204 662//7204 663//7204
f 3592//7205 663//7205 664//7205
f 3595//7206 664//7206 201//7206
f 3594//7207 3595//7207 1523//7207
f 3593//7208 3594//7208 1524//7208
f 3593//7209 1525//7209 199//7209
f 1509//7210 3590//7210 3593//7210
f 1508//7211 3587//7211 3590//7211
f 3597//7212 3600//7212 3599//7212
f 3598//7213 3601//7213 3600//7213
f 3600//7214 3603//7214 3602//7214
f 3601//7215 3604//7215 3603//7215
f 1462//7216 3596//7216 731//7216
f 1461//7217 3597//7217 3596//7217
f 1460//7218 3598//7218 3597//7218
f 182//7219 1493//7219 3598//7219
f 1493//7220 1494//7220 3601//7220
f 1494//7221 1495//7221 3604//7221
f 1495//7222 195//7222 1526//7222
f 3604//7223 1526//7223 1527//7223
f 3603//7224 1527//7224 1528//7224
f 3602//7225 1528//7225 188//7225
f 3599//7226 3602//7226 733//7226
f 3596//7227 3599//7227 732//7227
f 3606//7228 3609//7228 3608//7228
f 3607//7229 3610//7229 3609//7229
f 3609//7230 3612//7230 3611//7230
f 3610//7231 3613//7231 3612//7231
f 1202//7232 3605//7232 734//7232
f 1203//7233 3606//7233 3605//7233
f 1204//7234 3607//7234 3606//7234
f 113//7235 1463//7235 3607//7235
f 1463//7236 1464//7236 3610//7236
f 1464//7237 1465//7237 3613//7237
f 1465//7238 182//7238 1460//7238
f 3613//7239 1460//7239 1461//7239
f 3612//7240 1461//7240 1462//7240
f 3611//7241 1462//7241 185//7241
f 3608//7242 3611//7242 736//7242
f 3605//7243 3608//7243 735//7243
f 3616//7244 3614//7244 3624//7244
f 3617//7245 3618//7245 3614//7245
f 3620//7246 3614//7246 3618//7246
f 3621//7247 3622//7247 3614//7247
f 3624//7248 3614//7248 3622//7248
f 1529//7249 3615//7249 1213//7249
f 1530//7250 3616//7250 3615//7250
f 3615//7251 3624//7251 1212//7251
f 203//7252 1549//7252 3617//7252
f 1549//7253 1548//7253 3618//7253
f 1531//7254 3617//7254 3616//7254
f 1537//7255 3619//7255 1547//7255
f 1536//7256 3620//7256 3619//7256
f 3619//7257 3618//7257 1548//7257
f 1444//7258 3621//7258 1535//7258
f 1443//7259 3622//7259 3621//7259
f 1535//7260 3621//7260 3620//7260
f 117//7261 1211//7261 3623//7261
f 1211//7262 1212//7262 3624//7262
f 1442//7263 3623//7263 3622//7263
f 3627//7264 3625//7264 3635//7264
f 3628//7265 3629//7265 3625//7265
f 3630//7266 3631//7266 3625//7266
f 3633//7267 3625//7267 3631//7267
f 3634//7268 3635//7268 3625//7268
f 1441//7269 3626//7269 1219//7269
f 1440//7270 3627//7270 3626//7270
f 3626//7271 3635//7271 1218//7271
f 202//7272 1553//7272 3628//7272
f 1553//7273 1554//7273 3629//7273
f 1439//7274 3628//7274 3627//7274
f 210//7275 1552//7275 3630//7275
f 1552//7276 1551//7276 3631//7276
f 1555//7277 3630//7277 3629//7277
f 1531//7278 3632//7278 1550//7278
f 1530//7279 3633//7279 3632//7279
f 3632//7280 3631//7280 1551//7280
f 116//7281 1217//7281 3634//7281
f 1217//7282 1218//7282 3635//7282
f 1529//7283 3634//7283 3633//7283
f 3638//7284 3636//7284 3656//7284
f 3639//7285 3640//7285 3636//7285
f 3641//7286 3642//7286 3636//7286
f 3644//7287 3636//7287 3642//7287
f 3646//7288 3636//7288 3644//7288
f 3648//7289 3636//7289 3646//7289
f 3649//7290 3650//7290 3636//7290
f 3651//7291 3652//7291 3636//7291
f 3654//7292 3636//7292 3652//7292
f 3656//7293 3636//7293 3654//7293
f 1459//7294 3637//7294 1435//7294
f 1458//7295 3638//7295 3637//7295
f 3637//7296 3656//7296 1434//7296
f 205//7297 1565//7297 3639//7297
f 1565//7298 1566//7298 3640//7298
f 1457//7299 3639//7299 3638//7299
f 212//7300 1564//7300 3641//7300
f 1564//7301 1563//7301 3642//7301
f 3641//7302 3640//7302 1566//7302
f 1534//7303 3643//7303 1562//7303
f 1533//7304 3644//7304 3643//7304
f 3643//7305 3642//7305 1563//7305
f 1490//7306 3645//7306 1532//7306
f 1491//7307 3646//7307 3645//7307
f 3645//7308 3644//7308 1533//7308
f 1487//7309 3647//7309 1492//7309
f 1488//7310 3648//7310 3647//7310
f 1492//7311 3647//7311 3646//7311
f 193//7312 1484//7312 3649//7312
f 1484//7313 1485//7313 3650//7313
f 1489//7314 3649//7314 3648//7314
f 192//7315 1481//7315 3651//7315
f 1481//7316 1482//7316 3652//7316
f 1486//7317 3651//7317 3650//7317
f 1480//7318 3653//7318 1483//7318
f 1479//7319 3654//7319 3653//7319
f 3653//7320 3652//7320 1482//7320
f 1433//7321 3655//7321 1478//7321
f 1434//7322 3656//7322 3655//7322
f 3655//7323 3654//7323 1479//7323
f 3658//7324 3661//7324 3660//7324
f 3659//7325 3662//7325 3661//7325
f 3661//7326 3664//7326 3663//7326
f 3662//7327 3665//7327 3664//7327
f 206//7328 1544//7328 3657//7328
f 1545//7329 3658//7329 3657//7329
f 1546//7330 3659//7330 3658//7330
f 209//7331 1543//7331 3659//7331
f 1543//7332 1542//7332 3662//7332
f 1542//7333 1541//7333 3665//7333
f 1541//7334 205//7334 1457//7334
f 3665//7335 1457//7335 1458//7335
f 3664//7336 1458//7336 1459//7336
f 3663//7337 1459//7337 177//7337
f 3660//7338 3663//7338 1535//7338
f 3657//7339 3660//7339 1536//7339
f 3667//7340 3670//7340 3669//7340
f 3668//7341 3671//7341 3670//7341
f 3670//7342 3673//7342 3672//7342
f 3671//7343 3674//7343 3673//7343
f 1430//7344 3666//7344 1564//7344
f 1431//7345 3667//7345 3666//7345
f 1432//7346 3668//7346 3667//7346
f 211//7347 637//7347 3668//7347
f 637//7348 636//7348 3671//7348
f 636//7349 635//7349 3674//7349
f 635//7350 181//7350 1561//7350
f 3674//7351 1561//7351 1560//7351
f 3673//7352 1560//7352 1559//7352
f 3672//7353 1559//7353 204//7353
f 3669//7354 3672//7354 1562//7354
f 3666//7355 3669//7355 1563//7355
f 3676//7356 3679//7356 3678//7356
f 3677//7357 3680//7357 3679//7357
f 3678//7358 3679//7358 3682//7358
f 3680//7359 3683//7359 3682//7359
f 207//7360 1436//7360 3675//7360
f 1437//7361 3676//7361 3675//7361
f 1438//7362 3677//7362 3676//7362
f 210//7363 1555//7363 3677//7363
f 1555//7364 1554//7364 3680//7364
f 1554//7365 1553//7365 3683//7365
f 1553//7366 202//7366 1538//7366
f 3683//7367 1538//7367 1539//7367
f 3681//7368 3682//7368 1539//7368
f 757//7369 3681//7369 1540//7369
f 756//7370 3678//7370 3681//7370
f 755//7371 3675//7371 3678//7371
f 3685//7372 3688//7372 3687//7372
f 3685//7373 3686//7373 3689//7373
f 3687//7374 3688//7374 3691//7374
f 3689//7375 3692//7375 3691//7375
f 1570//7376 3684//7376 1571//7376
f 1569//7377 3685//7377 3684//7377
f 1569//7378 1568//7378 3686//7378
f 1568//7379 213//7379 1579//7379
f 3686//7380 1579//7380 1578//7380
f 1578//7381 1577//7381 3692//7381
f 1577//7382 215//7382 1576//7382
f 3692//7383 1576//7383 1575//7383
f 3690//7384 3691//7384 1575//7384
f 1573//7385 3690//7385 1574//7385
f 1572//7386 3687//7386 3690//7386
f 3684//7387 3687//7387 1572//7387
f 3694//7388 3697//7388 3696//7388
f 3694//7389 3695//7389 3698//7389
f 3697//7390 3700//7390 3699//7390
f 3697//7391 3698//7391 3701//7391
f 1661//7392 3693//7392 1580//7392
f 1662//7393 3694//7393 3693//7393
f 1662//7394 1663//7394 3695//7394
f 1663//7395 231//7395 1648//7395
f 3695//7396 1648//7396 1647//7396
f 3698//7397 1647//7397 1646//7397
f 3701//7398 1646//7398 219//7398
f 3700//7399 3701//7399 802//7399
f 3700//7400 801//7400 800//7400
f 3699//7401 800//7401 220//7401
f 3696//7402 3699//7402 1582//7402
f 3693//7403 3696//7403 1581//7403
f 3702//3023 3703//3023 3706//3023
f 3704//3023 3707//3023 3706//3023
f 3706//3023 3709//3023 3708//3023
f 3706//3023 3707//3023 3710//3023
f 220//3023 800//3023 3702//3023
f 800//3023 801//3023 3703//3023
f 802//3023 3704//3023 3703//3023
f 219//3023 814//3023 3704//3023
f 814//3023 813//3023 3707//3023
f 3707//3023 813//3023 812//3023
f 3710//3023 812//3023 217//3023
f 3709//3023 3710//3023 811//3023
f 3709//3023 810//3023 809//3023
f 3708//3023 809//3023 218//3023
f 3705//3023 3708//3023 808//3023
f 806//3023 3702//3023 3705//3023
f 3711//7404 3712//7404 3715//7404
f 3713//7405 3716//7405 3715//7405
f 3715//7406 3718//7406 3717//7406
f 3716//7407 3719//7407 3718//7407
f 226//7408 1637//7408 3711//7408
f 1637//7409 1638//7409 3712//7409
f 1639//7410 3713//7410 3712//7410
f 228//7411 1627//7411 3713//7411
f 1627//7412 1626//7412 3716//7412
f 1626//7413 1625//7413 3719//7413
f 3719//7414 1625//7414 213//7414
f 3718//7415 3719//7415 1568//7415
f 3718//7416 1569//7416 1570//7416
f 3717//7417 1570//7417 214//7417
f 1587//7418 3714//7418 3717//7418
f 1586//7419 3711//7419 3714//7419
f 3721//7420 3724//7420 3723//7420
f 3722//7421 3725//7421 3724//7421
f 3724//7422 3727//7422 3726//7422
f 3725//7423 3728//7423 3727//7423
f 1589//7424 3720//7424 1660//7424
f 1590//7425 3721//7425 3720//7425
f 1591//7426 3722//7426 3721//7426
f 217//7427 812//7427 3722//7427
f 812//7428 813//7428 3725//7428
f 813//7429 814//7429 3728//7429
f 814//7430 219//7430 1646//7430
f 3728//7431 1646//7431 1647//7431
f 3727//7432 1647//7432 1648//7432
f 3726//7433 1648//7433 231//7433
f 3723//7434 3726//7434 1658//7434
f 3720//7435 3723//7435 1659//7435
f 3730//7436 3733//7436 3732//7436
f 3731//7437 3734//7437 3733//7437
f 3732//7438 3733//7438 3736//7438
f 3733//7439 3734//7439 3737//7439
f 1586//7440 3729//7440 1636//7440
f 1587//7441 3730//7441 3729//7441
f 1588//7442 3731//7442 3730//7442
f 214//7443 1571//7443 3731//7443
f 1571//7444 1572//7444 3734//7444
f 3734//7445 1572//7445 1573//7445
f 3737//7446 1573//7446 216//7446
f 3736//7447 3737//7447 1622//7447
f 3735//7448 3736//7448 1623//7448
f 1634//7449 3735//7449 1624//7449
f 1635//7450 3732//7450 3735//7450
f 3729//7451 3732//7451 1635//7451
f 3738//7452 3739//7452 3742//7452
f 3739//7453 3740//7453 3743//7453
f 3741//7454 3742//7454 3745//7454
f 3742//7455 3743//7455 3746//7455
f 232//3285 1598//3285 3738//3285
f 1598//7456 1599//7456 3739//7456
f 1600//7457 3740//7457 3739//7457
f 223//7458 1606//7458 3740//7458
f 1606//7459 1605//7459 3743//7459
f 3743//7460 1605//7460 1604//7460
f 3746//7461 1604//7461 221//7461
f 3745//7462 3746//7462 1640//7462
f 3744//7463 3745//7463 1641//7463
f 1655//7464 3744//7464 1642//7464
f 1656//7465 3741//7465 3744//7465
f 1657//7466 3738//7466 3741//7466
f 3747//7467 3748//7467 3751//7467
f 3748//7468 3749//7468 3752//7468
f 3750//7469 3751//7469 3754//7469
f 3752//7470 3755//7470 3754//7470
f 228//7471 1601//7471 3747//7471
f 1601//7472 1602//7472 3748//7472
f 1602//7473 1603//7473 3749//7473
f 1603//7474 224//7474 1609//7474
f 3749//7475 1609//7475 1608//7475
f 1608//7476 1607//7476 3755//7476
f 1607//7477 222//7477 1616//7477
f 3755//7478 1616//7478 1617//7478
f 3754//7479 1617//7479 1618//7479
f 3753//7480 1618//7480 225//7480
f 1632//7481 3750//7481 3753//7481
f 1633//7482 3747//7482 3750//7482
f 3757//7483 3760//7483 3759//7483
f 3757//7484 3758//7484 3761//7484
f 3759//7485 3760//7485 3763//7485
f 3761//7486 3764//7486 3763//7486
f 1652//7487 3756//7487 1598//7487
f 1653//7488 3757//7488 3756//7488
f 1653//7489 1654//7489 3758//7489
f 1654//7490 230//7490 1645//7490
f 3758//7491 1645//7491 1644//7491
f 1644//7492 1643//7492 3764//7492
f 1643//7493 224//7493 1612//7493
f 3764//7494 1612//7494 1611//7494
f 3762//7495 3763//7495 1611//7495
f 1600//7496 3762//7496 1610//7496
f 1599//7497 3759//7497 3762//7497
f 3756//7498 3759//7498 1599//7498
f 3766//7499 3769//7499 3768//7499
f 3766//7500 3767//7500 3770//7500
f 3769//7501 3772//7501 3771//7501
f 3769//7502 3770//7502 3773//7502
f 1628//7503 3765//7503 1592//7503
f 1629//7504 3766//7504 3765//7504
f 1629//7505 1630//7505 3767//7505
f 1630//7506 225//7506 1618//7506
f 3767//7507 1618//7507 1617//7507
f 3770//7508 1617//7508 1616//7508
f 3773//7509 1616//7509 222//7509
f 3772//7510 3773//7510 1615//7510
f 3772//7511 1614//7511 1613//7511
f 3771//7512 1613//7512 221//7512
f 3768//7513 3771//7513 1594//7513
f 3765//7514 3768//7514 1593//7514
f 3774//7515 3775//7515 3778//7515
f 3775//7516 3776//7516 3779//7516
f 3778//7517 3781//7517 3780//7517
f 3778//7518 3779//7518 3782//7518
f 216//7519 1574//7519 3774//7519
f 1574//7520 1575//7520 3775//7520
f 1576//7521 3776//7521 3775//7521
f 215//7522 1585//7522 3776//7522
f 3776//7523 1585//7523 1584//7523
f 3779//7524 1584//7524 1583//7524
f 3782//7525 1583//7525 225//7525
f 3781//7526 3782//7526 1630//7526
f 3781//7527 1629//7527 1628//7527
f 3780//7528 1628//7528 227//7528
f 3777//7529 3780//7529 1624//7529
f 3774//7530 3777//7530 1623//7530
f 3783//7531 3784//7531 3787//7531
f 3784//7532 3785//7532 3788//7532
f 3787//7533 3790//7533 3789//7533
f 3788//7534 3791//7534 3790//7534
f 213//7535 1625//7535 3783//7535
f 1625//7536 1626//7536 3784//7536
f 1626//7537 1627//7537 3785//7537
f 1627//7538 228//7538 1633//7538
f 3785//7539 1633//7539 1632//7539
f 1632//7540 1631//7540 3791//7540
f 1631//7541 225//7541 1583//7541
f 3791//7542 1583//7542 1584//7542
f 3790//7543 1584//7543 1585//7543
f 3789//7544 1585//7544 215//7544
f 3786//7545 3789//7545 1577//7545
f 1579//7546 3783//7546 3786//7546
f 3793//7547 3796//7547 3795//7547
f 3794//7548 3797//7548 3796//7548
f 3796//7549 3799//7549 3798//7549
f 3797//7550 3800//7550 3799//7550
f 1619//7551 3792//7551 1606//7551
f 1620//7552 3793//7552 3792//7552
f 1621//7553 3794//7553 3793//7553
f 226//7554 1636//7554 3794//7554
f 1636//7555 1635//7555 3797//7555
f 1635//7556 1634//7556 3800//7556
f 3800//3387 1634//3387 227//3387
f 3799//7557 3800//7557 1592//7557
f 3798//7558 3799//7558 1593//7558
f 1604//7559 3798//7559 1594//7559
f 1605//7560 3795//7560 3798//7560
f 3792//7561 3795//7561 1605//7561
f 3801//7562 3802//7562 3805//7562
f 3803//7563 3806//7563 3805//7563
f 3804//7564 3805//7564 3808//7564
f 3806//7565 3809//7565 3808//7565
f 223//7566 1610//7566 3801//7566
f 1610//7567 1611//7567 3802//7567
f 1612//7568 3803//7568 3802//7568
f 224//7569 1603//7569 3803//7569
f 1603//7570 1602//7570 3806//7570
f 1602//7571 1601//7571 3809//7571
f 1601//7572 228//7572 1639//7572
f 3809//7573 1639//7573 1638//7573
f 3807//7574 3808//7574 1638//7574
f 1621//7575 3807//7575 1637//7575
f 1620//7576 3804//7576 3807//7576
f 1619//7577 3801//7577 3804//7577
f 3811//7578 3814//7578 3813//7578
f 3812//7579 3815//7579 3814//7579
f 3814//7580 3817//7580 3816//7580
f 3814//7581 3815//7581 3818//7581
f 809//7582 3810//7582 1649//7582
f 810//7583 3811//7583 3810//7583
f 811//7584 3812//7584 3811//7584
f 217//7585 1591//7585 3812//7585
f 3812//7586 1591//7586 1590//7586
f 3815//7587 1590//7587 1589//7587
f 3818//7588 1589//7588 230//7588
f 3817//7589 3818//7589 1654//7589
f 3817//7590 1653//7590 1652//7590
f 3816//7591 1652//7591 232//7591
f 3813//7592 3816//7592 1651//7592
f 3810//7593 3813//7593 1650//7593
f 3819//7594 3820//7594 3823//7594
f 3820//7595 3821//7595 3824//7595
f 3822//7596 3823//7596 3826//7596
f 3823//7597 3824//7597 3827//7597
f 218//7598 1649//7598 3819//7598
f 1649//7599 1650//7599 3820//7599
f 1650//7600 1651//7600 3821//7600
f 1651//7601 232//7601 1657//7601
f 3821//7602 1657//7602 1656//7602
f 3824//7603 1656//7603 1655//7603
f 3827//7604 1655//7604 229//7604
f 3826//7605 3827//7605 1580//7605
f 3825//7606 3826//7606 1581//7606
f 806//7607 3825//7607 1582//7607
f 807//7608 3822//7608 3825//7608
f 808//7609 3819//7609 3822//7609
f 3829//7610 3832//7610 3831//7610
f 3830//7611 3833//7611 3832//7611
f 3832//7612 3835//7612 3834//7612
f 3833//7613 3836//7613 3835//7613
f 224//7614 1643//7614 3828//7614
f 1643//7615 1644//7615 3829//7615
f 1645//7616 3830//7616 3829//7616
f 230//7617 1660//7617 3830//7617
f 1660//7618 1659//7618 3833//7618
f 1659//3450 1658//3450 3836//3450
f 1658//7619 231//7619 1595//7619
f 3836//7620 1595//7620 1596//7620
f 3835//7621 1596//7621 1597//7621
f 3834//7622 1597//7622 222//7622
f 3831//7623 3834//7623 1607//7623
f 1609//7624 3828//7624 3831//7624
f 3838//7625 3841//7625 3840//7625
f 3838//7626 3839//7626 3842//7626
f 3841//7627 3844//7627 3843//7627
f 3841//7628 3842//7628 3845//7628
f 1613//7629 3837//7629 1640//7629
f 1614//7630 3838//7630 3837//7630
f 1614//7631 1615//7631 3839//7631
f 1615//7632 222//7632 1597//7632
f 3839//7633 1597//7633 1596//7633
f 3842//1368 1596//1368 1595//1368
f 3845//7634 1595//7634 231//7634
f 3844//7635 3845//7635 1663//7635
f 3844//7636 1662//7636 1661//7636
f 3843//7637 1661//7637 229//7637
f 3840//7638 3843//7638 1642//7638
f 3837//7639 3840//7639 1641//7639
f 3846//7640 3847//7640 3850//7640
f 3847//7641 3848//7641 3851//7641
f 3850//7642 3853//7642 3852//7642
f 3850//7643 3851//7643 3854//7643
f 1711//7644 3846//7644 1744//7644
f 1711//7645 1710//7645 3847//7645
f 1710//7646 1709//7646 3848//7646
f 1709//7647 265//7647 1777//7647
f 3848//7648 1777//7648 1776//7648
f 3851//7649 1776//7649 1775//7649
f 3854//7650 1775//7650 261//7650
f 3853//7651 3854//7651 1717//7651
f 3853//7652 1716//7652 1715//7652
f 3852//7653 1715//7653 249//7653
f 3849//7654 3852//7654 1742//7654
f 3846//7655 3849//7655 1743//7655
f 3857//7656 3855//7656 3865//7656
f 3859//7657 3855//7657 3857//7657
f 3860//7658 3861//7658 3855//7658
f 3863//7659 3855//7659 3861//7659
f 3865//7660 3855//7660 3863//7660
f 1706//7661 3856//7661 905//7661
f 1707//7662 3857//7662 3856//7662
f 905//7663 3856//7663 3865//7663
f 247//7664 1667//7664 3858//7664
f 1667//7665 1668//7665 3859//7665
f 1708//7666 3858//7666 3857//7666
f 235//7667 1670//7667 3860//7667
f 1670//7668 1671//7668 3861//7668
f 1669//7669 3860//7669 3859//7669
f 1673//7670 3862//7670 1672//7670
f 1674//7671 3863//7671 3862//7671
f 3862//7672 3861//7672 1671//7672
f 907//7673 3864//7673 1675//7673
f 906//7674 3865//7674 3864//7674
f 3864//7675 3863//7675 1674//7675
f 3868//7676 3866//7676 3876//7676
f 3869//7677 3870//7677 3866//7677
f 3872//7678 3866//7678 3870//7678
f 3873//7679 3874//7679 3866//7679
f 3875//7680 3876//7680 3866//7680
f 1840//7681 3867//7681 1853//7681
f 1839//7682 3868//7682 3867//7682
f 3867//7683 3876//7683 1854//7683
f 236//7684 1672//7684 3869//7684
f 1672//7685 1671//7685 3870//7685
f 1838//7686 3869//7686 3868//7686
f 235//7687 1823//7687 3871//7687
f 1823//7688 1824//7688 3872//7688
f 3871//7689 3870//7689 1671//7689
f 1850//7690 3873//7690 1825//7690
f 1850//7691 1851//7691 3874//7691
f 3873//7692 3872//7692 1824//7692
f 286//7693 1855//7693 3875//7693
f 1855//7694 1854//7694 3876//7694
f 3875//7695 3874//7695 1851//7695
f 3878//7696 3879//7696 3877//7696
f 3880//7697 3881//7697 3877//7697
f 3883//7698 3877//7698 3881//7698
f 3884//7699 3885//7699 3877//7699
f 3887//7700 3877//7700 3885//7700
f 181//7701 916//7701 3878//7701
f 916//7702 915//7702 3879//7702
f 1561//7703 3878//7703 3887//7703
f 234//7704 1675//7704 3880//7704
f 1675//7705 1674//7705 3881//7705
f 914//7706 3880//7706 3879//7706
f 1838//7707 3882//7707 1673//7707
f 1839//7708 3883//7708 3882//7708
f 3882//7709 3881//7709 1674//7709
f 282//7710 1664//7710 3884//7710
f 1664//7711 1665//7711 3885//7711
f 1840//7712 3884//7712 3883//7712
f 1559//7713 3886//7713 1666//7713
f 1560//7714 3887//7714 3886//7714
f 3886//7715 3885//7715 1665//7715
f 3889//7716 3892//7716 3891//7716
f 3889//7717 3890//7717 3893//7717
f 3891//7718 3892//7718 3895//7718
f 3893//7719 3896//7719 3895//7719
f 1684//7720 3888//7720 1685//7720
f 1683//7721 3889//7721 3888//7721
f 1683//7722 1682//7722 3890//7722
f 1682//7723 237//7723 1693//7723
f 3890//7724 1693//7724 1692//7724
f 1692//7725 1691//7725 3896//7725
f 1691//7726 239//7726 1690//7726
f 3896//7727 1690//7727 1689//7727
f 3894//7728 3895//7728 1689//7728
f 1687//7729 3894//7729 1688//7729
f 1686//7730 3891//7730 3894//7730
f 3888//7731 3891//7731 1686//7731
f 3897//7732 3898//7732 3901//7732
f 3899//7733 3902//7733 3901//7733
f 3901//7734 3904//7734 3903//7734
f 3901//7735 3902//7735 3905//7735
f 240//7736 1688//7736 3897//7736
f 1688//7737 1689//7737 3898//7737
f 1690//7738 3899//7738 3898//7738
f 239//7739 1699//7739 3899//7739
f 3899//7740 1699//7740 1698//7740
f 3902//7741 1698//7741 1697//7741
f 3905//7742 1697//7742 243//7742
f 3904//7743 3905//7743 934//7743
f 3904//7744 933//7744 932//7744
f 3903//7745 932//7745 244//7745
f 3900//7746 3903//7746 1696//7746
f 3897//7747 3900//7747 1695//7747
f 3906//3023 3907//3023 3910//3023
f 3908//3023 3911//3023 3910//3023
f 3909//3023 3910//3023 3913//3023
f 3911//3023 3914//3023 3913//3023
f 244//3023 932//3023 3906//3023
f 932//3023 933//3023 3907//3023
f 934//3023 3908//3023 3907//3023
f 243//3023 946//3023 3908//3023
f 946//3023 945//3023 3911//3023
f 945//3023 944//3023 3914//3023
f 944//3023 241//3023 943//3023
f 3913//3023 3914//3023 943//3023
f 3912//3023 3913//3023 942//3023
f 940//3023 3912//3023 941//3023
f 939//3023 3909//3023 3912//3023
f 938//3023 3906//3023 3909//3023
f 3916//7748 3919//7748 3918//7748
f 3916//7749 3917//7749 3920//7749
f 3919//7750 3922//7750 3921//7750
f 3919//7751 3920//7751 3923//7751
f 242//7752 941//7752 3915//7752
f 942//7753 3916//7753 3915//7753
f 942//3585 943//3585 3917//3585
f 241//7754 1705//7754 3917//7754
f 1705//7755 1704//7755 3920//7755
f 3920//7755 1704//7755 1703//7755
f 3923//7756 1703//7756 237//7756
f 3922//7757 3923//7757 1682//7757
f 3922//7758 1683//7758 1684//7758
f 3921//7759 1684//7759 238//7759
f 3918//7760 3921//7760 1702//7760
f 3915//7761 3918//7761 1701//7761
f 3924//7762 3925//7762 3928//7762
f 3926//7763 3929//7763 3928//7763
f 3928//7764 3931//7764 3930//7764
f 3929//7765 3932//7765 3931//7765
f 237//7766 1703//7766 3924//7766
f 1703//7767 1704//7767 3925//7767
f 1704//7768 1705//7768 3926//7768
f 1705//7769 241//7769 944//7769
f 944//7770 945//7770 3929//7770
f 945//7771 946//7771 3932//7771
f 946//7772 243//7772 1697//7772
f 3932//7773 1697//7773 1698//7773
f 3931//7774 1698//7774 1699//7774
f 3930//7775 1699//7775 239//7775
f 3927//7776 3930//7776 1691//7776
f 1693//7777 3924//7777 3927//7777
f 3933//7778 3934//7778 3937//7778
f 3935//7779 3938//7779 3937//7779
f 3936//7780 3937//7780 3940//7780
f 3937//7781 3938//7781 3941//7781
f 1700//7782 3933//7782 940//7782
f 1701//7783 3934//7783 3933//7783
f 1702//7784 3935//7784 3934//7784
f 238//7785 1685//7785 3935//7785
f 1685//7786 1686//7786 3938//7786
f 3938//7787 1686//7787 1687//7787
f 3941//7788 1687//7788 240//7788
f 3940//7789 3941//7789 1694//7789
f 3939//7790 3940//7790 1695//7790
f 938//3623 3939//3623 1696//3623
f 939//7791 3936//7791 3939//7791
f 940//7792 3933//7792 3936//7792
f 3942//7793 3943//7793 3946//7793
f 3943//7794 3944//7794 3947//7794
f 3945//7795 3946//7795 3949//7795
f 3946//7796 3947//7796 3950//7796
f 194//7797 1712//7797 3942//7797
f 1712//7798 1713//7798 3943//7798
f 1713//7799 1714//7799 3944//7799
f 249//3634 1720//3634 3944//3634
f 3944//7800 1720//7800 1719//7800
f 3947//7801 1719//7801 1718//7801
f 3950//7802 1718//7802 248//7802
f 3949//7803 3950//7803 1520//7803
f 3948//7804 3949//7804 1521//7804
f 1489//7805 3948//7805 1522//7805
f 1488//7806 3945//7806 3948//7806
f 1487//7807 3942//7807 3945//7807
f 3953//7808 3951//7808 3961//7808
f 3955//7809 3951//7809 3953//7809
f 3956//7810 3957//7810 3951//7810
f 3959//7811 3951//7811 3957//7811
f 3960//7812 3961//7812 3951//7812
f 1516//7813 3952//7813 1481//7813
f 1515//7814 3953//7814 3952//7814
f 3952//7815 3961//7815 1482//7815
f 250//7816 1726//7816 3954//7816
f 1725//7817 3955//7817 3954//7817
f 1514//7818 3954//7818 3953//7818
f 245//7819 653//7819 3956//7819
f 653//7820 654//7820 3957//7820
f 1724//7821 3956//7821 3955//7821
f 1472//7822 3958//7822 655//7822
f 1473//7823 3959//7823 3958//7823
f 3958//7824 3957//7824 654//7824
f 191//7825 1483//7825 3960//7825
f 1483//7826 1482//7826 3961//7826
f 1474//7827 3960//7827 3959//7827
f 3964//7828 3962//7828 3974//7828
f 3965//7829 3966//7829 3962//7829
f 3968//7830 3962//7830 3966//7830
f 3970//7831 3962//7831 3968//7831
f 3971//7832 3972//7832 3962//7832
f 3974//7833 3962//7833 3972//7833
f 1681//7834 3963//7834 1513//7834
f 1680//7835 3964//7835 3963//7835
f 3963//7836 3974//7836 1512//7836
f 166//7837 1825//7837 3965//7837
f 1825//7838 1824//7838 3966//7838
f 1679//7839 3965//7839 3964//7839
f 1669//7840 3967//7840 1823//7840
f 1668//7841 3968//7841 3967//7841
f 3967//7842 3966//7842 1824//7842
f 1733//7843 3969//7843 1667//7843
f 1734//7844 3970//7844 3969//7844
f 3969//7845 3968//7845 1668//7845
f 253//7846 1732//7846 3971//7846
f 1732//7847 1731//7847 3972//7847
f 1735//7848 3971//7848 3970//7848
f 1511//7849 3973//7849 1730//7849
f 1512//7850 3974//7850 3973//7850
f 3973//7851 3972//7851 1731//7851
f 3975//7852 3976//7852 3979//7852
f 3976//7853 3977//7853 3980//7853
f 3978//7854 3979//7854 3982//7854
f 3979//7855 3980//7855 3983//7855
f 280//7856 1793//7856 3975//7856
f 1793//7857 1794//7857 3976//7857
f 1794//7858 1795//7858 3977//7858
f 1795//7859 273//7859 1078//7859
f 3977//7860 1078//7860 1077//7860
f 3980//7861 1077//7861 1076//7861
f 3983//7862 1076//7862 277//7862
f 3982//7863 3983//7863 1868//7863
f 3981//7864 3982//7864 1869//7864
f 1847//7865 3981//7865 1870//7865
f 1848//7866 3978//7866 3981//7866
f 1849//7867 3975//7867 3978//7867
f 3985//7868 3986//7868 3984//7868
f 3988//7869 3984//7869 3986//7869
f 3989//7870 3990//7870 3984//7870
f 3992//7871 3984//7871 3990//7871
f 3993//7872 3994//7872 3984//7872
f 193//7873 1522//7873 3985//7873
f 1522//7874 1521//7874 3986//7874
f 1484//7875 3985//7875 3994//7875
f 1739//7876 3987//7876 1520//7876
f 1740//7877 3988//7877 3987//7877
f 3987//7878 3986//7878 1521//7878
f 254//7879 1738//7879 3989//7879
f 1738//7880 1737//7880 3990//7880
f 1741//7881 3989//7881 3988//7881
f 1514//7882 3991//7882 1736//7882
f 1515//7883 3992//7883 3991//7883
f 3991//7884 3990//7884 1737//7884
f 192//7885 1486//7885 3993//7885
f 1486//7886 1485//7886 3994//7886
f 1516//7887 3993//7887 3992//7887
f 3996//7888 3997//7888 3995//7888
f 3999//7889 3995//7889 3997//7889
f 4000//7890 4001//7890 3995//7890
f 4003//7891 3995//7891 4001//7891
f 4005//7892 3995//7892 4003//7892
f 183//7893 1513//7893 3996//7893
f 1513//7894 1512//7894 3997//7894
f 1490//7895 3996//7895 4005//7895
f 1745//7896 3998//7896 1511//7896
f 1746//7897 3999//7897 3998//7897
f 3998//7898 3997//7898 1512//7898
f 255//7899 1744//7899 4000//7899
f 1744//7900 1743//7900 4001//7900
f 1747//7901 4000//7901 3999//7901
f 1714//7902 4002//7902 1742//7902
f 1714//7903 1713//7903 4003//7903
f 4002//7904 4001//7904 1743//7904
f 1492//7905 4004//7905 1712//7905
f 1491//7906 4005//7906 4004//7906
f 4004//7907 4003//7907 1713//7907
f 4007//7908 4010//7908 4009//7908
f 4008//7909 4011//7909 4010//7909
f 4010//7910 4013//7910 4012//7910
f 4011//7911 4014//7911 4013//7911
f 1676//7912 4006//7912 1865//7912
f 1677//7913 4007//7913 4006//7913
f 1678//7914 4008//7914 4007//7914
f 271//7915 1085//7915 4008//7915
f 1085//7916 1086//7916 4011//7916
f 1086//7917 1087//7917 4014//7917
f 4014//7918 1087//7918 179//7918
f 4013//7919 4014//7919 1754//7919
f 4013//7920 1755//7920 1756//7920
f 4012//7921 1756//7921 288//7921
f 4009//7922 4012//7922 1867//7922
f 4006//7923 4009//7923 1866//7923
f 4015//7924 4016//7924 4019//7924
f 4016//7925 4017//7925 4020//7925
f 4018//7926 4019//7926 4022//7926
f 4019//7927 4020//7927 4023//7927
f 279//7928 1870//7928 4015//7928
f 1870//7929 1869//7929 4016//7929
f 1869//7930 1868//7930 4017//7930
f 1868//7931 277//7931 1142//7931
f 4017//7932 1142//7932 1143//7932
f 4020//7933 1143//7933 1144//7933
f 4023//7934 1144//7934 285//7934
f 4022//7935 4023//7935 1796//7935
f 4021//7936 4022//7936 1797//7936
f 1888//7937 4021//7937 1798//7937
f 1887//7938 4018//7938 4021//7938
f 1886//7939 4015//7939 4018//7939
f 4025//7940 4026//7940 4024//7940
f 4027//7941 4028//7941 4024//7941
f 4030//7942 4024//7942 4028//7942
f 1841//7943 4025//7943 1762//7943
f 1842//7944 4026//7944 4025//7944
f 4025//7945 4030//7945 1761//7945
f 274//7946 1090//7946 4027//7946
f 1090//7947 1089//7947 4028//7947
f 1843//7948 4027//7948 4026//7948
f 1760//7949 4029//7949 1088//7949
f 1761//7950 4030//7950 4029//7950
f 4029//7951 4028//7951 1089//7951
f 4031//7952 4032//7952 4035//7952
f 4032//7953 4033//7953 4036//7953
f 4034//7954 4035//7954 4038//7954
f 4035//7955 4036//7955 4039//7955
f 281//7956 1829//7956 4031//7956
f 1829//7957 1830//7957 4032//7957
f 1830//7958 1831//7958 4033//7958
f 1831//3794 272//3794 1126//3794
f 4033//7959 1126//7959 1125//7959
f 4036//7960 1125//7960 1124//7960
f 4039//7961 1124//7961 266//7961
f 4038//7962 4039//7962 1802//7962
f 4037//7963 4038//7963 1803//7963
f 1844//7964 4037//7964 1804//7964
f 1845//7965 4034//7965 4037//7965
f 1846//7966 4031//7966 4034//7966
f 4040//7967 4041//7967 4044//7967
f 4041//7968 4042//7968 4045//7968
f 4043//7969 4044//7969 4047//7969
f 4044//7970 4045//7970 4048//7970
f 1715//7971 4040//7971 1720//7971
f 1715//7972 1716//7972 4041//7972
f 1716//7973 1717//7973 4042//7973
f 1717//7974 261//7974 1759//7974
f 4042//7975 1759//7975 1758//7975
f 4045//7976 1758//7976 1757//7976
f 4048//7977 1757//7977 260//7977
f 4047//7978 4048//7978 1789//7978
f 4046//7979 4047//7979 1788//7979
f 1718//7980 4046//7980 1787//7980
f 1719//7981 4043//7981 4046//7981
f 1720//7982 4040//7982 4043//7982
f 4049//7983 4050//7983 4053//7983
f 4051//7984 4054//7984 4053//7984
f 4052//7985 4053//7985 4056//7985
f 4053//7986 4054//7986 4057//7986
f 247//7987 1792//7987 4049//7987
f 1792//7988 1791//7988 4050//7988
f 1790//7989 4051//7989 4050//7989
f 259//7990 1766//7990 4051//7990
f 1766//7991 1767//7991 4054//7991
f 1767//7992 1768//7992 4057//7992
f 1768//7993 263//7993 1208//7993
f 4056//7994 4057//7994 1208//7994
f 4055//7995 4056//7995 1209//7995
f 1735//7996 4055//7996 1210//7996
f 1734//7997 4052//7997 4055//7997
f 1733//7998 4049//7998 4052//7998
f 4059//7999 4062//7999 4061//7999
f 4060//8000 4063//8000 4062//8000
f 4062//8001 4065//8001 4064//8001
f 4063//8002 4066//8002 4065//8002
f 1453//8003 4058//8003 1738//8003
f 1452//8004 4059//8004 4058//8004
f 1451//8005 4060//8005 4059//8005
f 264//8006 1771//8006 4060//8006
f 1771//8007 1770//8007 4063//8007
f 1770//8008 1769//8008 4066//8008
f 1769//8009 262//8009 1781//8009
f 4066//8010 1781//8010 1782//8010
f 4065//8011 1782//8011 1783//8011
f 4064//8012 1783//8012 250//8012
f 4061//8013 4064//8013 1736//8013
f 4058//8014 4061//8014 1737//8014
f 4067//8015 4068//8015 4071//8015
f 4069//8016 4072//8016 4071//8016
f 4070//8017 4071//8017 4074//8017
f 4072//8018 4075//8018 4074//8018
f 233//8019 955//8019 4067//8019
f 955//8020 954//8020 4068//8020
f 953//8021 4069//8021 4068//8021
f 252//8022 1748//8022 4069//8022
f 1748//8023 1749//8023 4072//8023
f 1749//8024 1750//8024 4075//8024
f 1750//8025 259//8025 1790//8025
f 4075//8026 1790//8026 1791//8026
f 4073//8027 4074//8027 1791//8027
f 1708//8028 4073//8028 1792//8028
f 1707//8029 4070//8029 4073//8029
f 1706//8030 4067//8030 4070//8030
f 4076//8031 4077//8031 4080//8031
f 4077//8032 4078//8032 4081//8032
f 4079//8033 4080//8033 4083//8033
f 4080//8034 4081//8034 4084//8034
f 248//8035 1787//8035 4076//8035
f 1787//8036 1788//8036 4077//8036
f 1788//8037 1789//8037 4078//8037
f 1789//8038 260//8038 1772//8038
f 4078//8039 1772//8039 1773//8039
f 4081//8040 1773//8040 1774//8040
f 1774//8041 264//8041 1451//8041
f 4083//8042 4084//8042 1451//8042
f 4082//8043 4083//8043 1452//8043
f 1741//8044 4082//8044 1453//8044
f 1740//7896 4079//7896 4082//7896
f 1739//8045 4076//8045 4079//8045
f 4085//8046 4086//8046 4089//8046
f 4087//8047 4090//8047 4089//8047
f 4089//8048 4092//8048 4091//8048
f 4090//8049 4093//8049 4092//8049
f 1450//8050 4085//8050 1819//8050
f 1449//8051 4086//8051 4085//8051
f 1448//8052 4087//8052 4086//8052
f 269//8053 1009//8053 4087//8053
f 1009//8054 1008//8054 4090//8054
f 1008//8055 1007//8055 4093//8055
f 1007//8056 271//8056 1678//8056
f 4093//8057 1678//8057 1677//8057
f 4092//8058 1677//8058 1676//8058
f 4091//8059 1676//8059 268//8059
f 1818//8060 4088//8060 4091//8060
f 1819//8061 4085//8061 4088//8061
f 4095//8062 4098//8062 4097//8062
f 4096//8063 4099//8063 4098//8063
f 4098//8064 4101//8064 4100//8064
f 4099//8065 4102//8065 4101//8065
f 1810//8066 4094//8066 1858//8066
f 1809//8067 4095//8067 4094//8067
f 1808//8068 4096//8068 4095//8068
f 187//8069 1006//8069 4096//8069
f 1006//8070 1005//8070 4099//8070
f 1005//8071 1004//8071 4102//8071
f 1004//8072 270//8072 1813//8072
f 4102//8073 1813//8073 1812//8073
f 4101//8074 1812//8074 1811//8074
f 4100//8075 1811//8075 283//8075
f 4097//8076 4100//8076 1856//8076
f 4094//8077 4097//8077 1857//8077
f 4103//8078 4104//8078 4107//8078
f 4104//8079 4105//8079 4108//8079
f 4106//8080 4107//8080 4110//8080
f 4107//8081 4108//8081 4111//8081
f 288//8082 1756//8082 4103//8082
f 1756//8083 1755//8083 4104//8083
f 1755//8084 1754//8084 4105//8084
f 1754//8085 179//8085 1105//8085
f 4105//8086 1105//8086 1104//8086
f 4108//8087 1104//8087 1103//8087
f 4111//8088 1103//8088 273//8088
f 4110//8089 4111//8089 1795//8089
f 4109//8090 4110//8090 1794//8090
f 1862//8091 4109//8091 1793//8091
f 1863//8092 4106//8092 4109//8092
f 1864//8093 4103//8093 4106//8093
f 4112//8094 4113//8094 4116//8094
f 4113//8095 4114//8095 4117//8095
f 4115//8096 4116//8096 4119//8096
f 4116//8097 4117//8097 4120//8097
f 278//8098 1816//8098 4112//8098
f 1816//8099 1815//8099 4113//8099
f 1815//8100 1814//8100 4114//8100
f 1814//8101 186//8101 1073//8101
f 4114//8102 1073//8102 1074//8102
f 4117//8103 1074//8103 1075//8103
f 4120//8104 1075//8104 276//8104
f 4119//8105 4120//8105 1826//8105
f 4118//8106 4119//8106 1827//8106
f 1876//8107 4118//8107 1828//8107
f 1875//8108 4115//8108 4118//8108
f 1874//8109 4112//8109 4115//8109
f 4121//8110 4122//8110 4125//8110
f 4122//8111 4123//8111 4126//8111
f 4124//8112 4125//8112 4128//8112
f 4125//8113 4126//8113 4129//8113
f 292//8114 1798//8114 4121//8114
f 1798//8115 1797//8115 4122//8115
f 1797//8116 1796//8116 4123//8116
f 1796//8117 285//8117 1058//8117
f 4123//8118 1058//8118 1059//8118
f 4126//8119 1059//8119 1060//8119
f 4129//8120 1060//8120 267//8120
f 4128//8121 4129//8121 1799//8121
f 4127//8122 4128//8122 1800//8122
f 1885//8123 4127//8123 1801//8123
f 1884//8124 4124//8124 4127//8124
f 1883//8125 4121//8125 4124//8125
f 4130//8126 4131//8126 4134//8126
f 4131//8127 4132//8127 4135//8127
f 4133//3965 4134//3965 4137//3965
f 4134//8128 4135//8128 4138//8128
f 258//8129 1832//8129 4130//8129
f 1832//8130 1833//8130 4131//8130
f 1833//8131 1834//8131 4132//8131
f 1834//8132 280//8132 1849//8132
f 4132//8133 1849//8133 1848//8133
f 4135//8134 1848//8134 1847//8134
f 4138//8135 1847//8135 279//8135
f 4137//8136 4138//8136 1721//8136
f 4136//8137 4137//8137 1722//8137
f 1780//8138 4136//8138 1723//8138
f 1779//8139 4133//8139 4136//8139
f 1778//8140 4130//8140 4133//8140
f 4139//8141 4140//8141 4143//8141
f 4140//8142 4141//8142 4144//8142
f 4142//8143 4143//8143 4146//8143
f 4143//8144 4144//8144 4147//8144
f 289//8145 1828//8145 4139//8145
f 1828//8146 1827//8146 4140//8146
f 1827//8147 1826//8147 4141//8147
f 1826//8148 276//8148 1081//8148
f 4141//8149 1081//8149 1080//8149
f 4144//8150 1080//8150 1079//8150
f 4147//8151 1079//8151 272//8151
f 4146//8152 4147//8152 1831//8152
f 4145//8153 4146//8153 1830//8153
f 1871//8154 4145//8154 1829//8154
f 1872//8155 4142//8155 4145//8155
f 1873//8156 4139//8156 4142//8156
f 4148//8157 4149//8157 4152//8157
f 4149//8158 4150//8158 4153//8158
f 4151//8159 4152//8159 4155//8159
f 4152//8160 4153//8160 4156//8160
f 291//8161 1801//8161 4148//8161
f 1801//8162 1800//8162 4149//8162
f 1800//8163 1799//8163 4150//8163
f 1799//8164 267//8164 1064//8164
f 4150//8165 1064//8165 1065//8165
f 4153//8166 1065//8166 1066//8166
f 1066//8167 275//8167 1805//8167
f 4156//8168 1805//8168 1806//8168
f 4155//8169 1806//8169 1807//8169
f 4154//8170 1807//8170 290//8170
f 1881//8171 4151//8171 4154//8171
f 1880//8172 4148//8172 4151//8172
f 4157//8173 4158//8173 4161//8173
f 4158//8174 4159//8174 4162//8174
f 4160//8175 4161//8175 4164//8175
f 4161//8176 4162//8176 4165//8176
f 284//8177 1804//8177 4157//8177
f 1804//8178 1803//8178 4158//8178
f 1803//8179 1802//8179 4159//8179
f 1802//8180 266//8180 1106//8180
f 4159//8181 1106//8181 1107//8181
f 4162//8182 1107//8182 1108//8182
f 1108//8183 187//8183 1808//8183
f 4165//8184 1808//8184 1809//8184
f 4164//8185 1809//8185 1810//8185
f 4163//8186 1810//8186 287//8186
f 1860//8187 4160//8187 4163//8187
f 1859//8188 4157//8188 4160//8188
f 4167//8189 4170//8189 4169//8189
f 4168//8190 4171//8190 4170//8190
f 4170//8191 4173//8191 4172//8191
f 4171//8192 4174//8192 4173//8192
f 1807//8193 4166//8193 1879//8193
f 1806//8194 4167//8194 4166//8194
f 1805//8195 4168//8195 4167//8195
f 275//8196 1069//8196 4168//8196
f 1069//8197 1068//8197 4171//8197
f 1068//8198 1067//8198 4174//8198
f 4174//8199 1067//8199 186//8199
f 4173//8200 4174//8200 1814//8200
f 4172//8201 4173//8201 1815//8201
f 4172//8202 1816//8202 278//8202
f 4169//8203 4172//8203 1877//8203
f 4166//8204 4169//8204 1878//8204
f 4177//8205 4175//8205 4185//8205
f 4178//8206 4179//8206 4175//8206
f 4181//8207 4175//8207 4179//8207
f 4183//8208 4175//8208 4181//8208
f 4184//8209 4185//8209 4175//8209
f 204//8210 1666//8210 4176//8210
f 1666//8211 1665//8211 4177//8211
f 1534//8212 4176//8212 4185//8212
f 282//8213 1853//8213 4178//8213
f 1853//8214 1854//8214 4179//8214
f 1664//8215 4178//8215 4177//8215
f 286//8216 1852//8216 4180//8216
f 1852//8217 1851//8217 4181//8217
f 4180//8218 4179//8218 1854//8218
f 1679//8219 4182//8219 1850//8219
f 1680//8220 4183//8220 4182//8220
f 4182//8221 4181//8221 1851//8221
f 183//8222 1532//8222 4184//8222
f 1532//8223 1533//8223 4185//8223
f 1681//8224 4184//8224 4183//8224
f 4188//8225 4186//8225 4196//8225
f 4190//8226 4186//8226 4188//8226
f 4191//8227 4192//8227 4186//8227
f 4194//8228 4186//8228 4192//8228
f 4195//8229 4196//8229 4186//8229
f 1822//8230 4187//8230 1771//8230
f 1822//8231 1821//8231 4188//8231
f 4187//8232 4196//8232 1770//8232
f 1859//8233 4189//8233 1820//8233
f 1860//8234 4190//8234 4189//8234
f 4189//8235 4188//8235 1821//8235
f 287//8236 1858//8236 4191//8236
f 1858//8237 1857//8237 4192//8237
f 1861//8238 4191//8238 4190//8238
f 1727//8239 4193//8239 1856//8239
f 1728//8240 4194//8240 4193//8240
f 4193//8241 4192//8241 1857//8241
f 1769//8242 4195//8242 1729//8242
f 1769//8243 1770//8243 4196//8243
f 4195//8244 4194//8244 1728//8244
f 4197//8245 4198//8245 4201//8245
f 4198//8246 4199//8246 4202//8246
f 4200//8247 4201//8247 4204//8247
f 4201//8248 4202//8248 4205//8248
f 260//8249 1835//8249 4197//8249
f 1835//8250 1836//8250 4198//8250
f 1836//8251 1837//8251 4199//8251
f 1837//8252 281//8252 1846//8252
f 4199//8253 1846//8253 1845//8253
f 4202//8254 1845//8254 1844//8254
f 4205//8255 1844//8255 284//8255
f 4204//8256 4205//8256 1820//8256
f 4203//8257 4204//8257 1821//8257
f 4203//8258 1822//8258 264//8258
f 1773//8259 4200//8259 4203//8259
f 1772//8260 4197//8260 4200//8260
f 4208//8261 4206//8261 4216//8261
f 4209//8262 4210//8262 4206//8262
f 4212//8263 4206//8263 4210//8263
f 4213//8264 4214//8264 4206//8264
f 4216//8265 4206//8265 4214//8265
f 1819//8266 4207//8266 1765//8266
f 1818//8267 4208//8267 4207//8267
f 4207//8268 4216//8268 1764//8268
f 268//8269 1865//8269 4209//8269
f 1865//8270 1866//8270 4210//8270
f 1817//8271 4209//8271 4208//8271
f 1864//8272 4211//8272 1867//8272
f 1863//8273 4212//8273 4211//8273
f 4211//8274 4210//8274 1866//8274
f 280//8275 1834//8275 4213//8275
f 1834//8276 1833//8276 4214//8276
f 1862//8277 4213//8277 4212//8277
f 1763//8278 4215//8278 1832//8278
f 1764//8279 4216//8279 4215//8279
f 4215//8280 4214//8280 1833//8280
f 4217//8281 4218//8281 4221//8281
f 4218//8282 4219//8282 4222//8282
f 4220//8283 4221//8283 4224//8283
f 4221//8284 4222//8284 4225//8284
f 262//8285 1729//8285 4217//8285
f 1729//8286 1728//8286 4218//8286
f 1727//8287 4219//8287 4218//8287
f 283//8288 1811//8288 4219//8288
f 4219//8289 1811//8289 1812//8289
f 4222//8290 1812//8290 1813//8290
f 4225//8291 1813//8291 270//8291
f 4224//8292 4225//8292 1145//8292
f 4223//8293 4224//8293 1146//8293
f 1843//8294 4223//8294 1147//8294
f 1842//8295 4220//8295 4223//8295
f 1841//8296 4217//8296 4220//8296
f 4227//8297 4228//8297 4226//8297
f 4230//8298 4226//8298 4228//8298
f 4231//8299 4232//8299 4226//8299
f 4234//8300 4226//8300 4232//8300
f 4236//8301 4226//8301 4234//8301
f 261//8302 1753//8302 4227//8302
f 1753//8303 1752//8303 4228//8303
f 1759//8304 4227//8304 4236//8304
f 1874//8305 4229//8305 1751//8305
f 1875//8306 4230//8306 4229//8306
f 4229//8307 4228//8307 1752//8307
f 289//8308 1873//8308 4231//8308
f 1873//8309 1872//8309 4232//8309
f 1876//8310 4231//8310 4230//8310
f 281//8311 1837//8311 4233//8311
f 1837//8312 1836//8312 4234//8312
f 1871//8313 4233//8313 4232//8313
f 1757//8314 4235//8314 1835//8314
f 1758//8315 4236//8315 4235//8315
f 4235//8316 4234//8316 1836//8316
f 4238//8317 4239//8317 4237//8317
f 4241//8318 4237//8318 4239//8318
f 4243//8319 4237//8319 4241//8319
f 4244//8320 4245//8320 4237//8320
f 4246//8321 4247//8321 4237//8321
f 4249//8322 4237//8322 4247//8322
f 4251//8323 4237//8323 4249//8323
f 265//8324 1723//8324 4238//8324
f 1723//8325 1722//8325 4239//8325
f 1777//8326 4238//8326 4251//8326
f 1886//8327 4240//8327 1721//8327
f 1887//8328 4241//8328 4240//8328
f 4240//8329 4239//8329 1722//8329
f 1883//8330 4242//8330 1888//8330
f 1884//8331 4243//8331 4242//8331
f 4242//8332 4241//8332 1887//8332
f 291//8333 1880//8333 4244//8333
f 1881//8334 4245//8334 4244//8334
f 1885//8335 4244//8335 4243//8335
f 290//8336 1879//8336 4246//8336
f 1879//8337 1878//8337 4247//8337
f 1882//8338 4246//8338 4245//8338
f 278//8339 1751//8339 4248//8339
f 1751//8340 1752//8340 4249//8340
f 4248//8341 4247//8341 1878//8341
f 1775//8342 4250//8342 1753//8342
f 1776//8343 4251//8343 4250//8343
f 4250//8344 4249//8344 1752//8344
f 4253//8345 4256//8345 4255//8345
f 4254//8346 4257//8346 4256//8346
f 4256//8347 4259//8347 4258//8347
f 4257//8348 4260//8348 4259//8348
f 259//8349 1750//8349 4252//8349
f 1750//8350 1749//8350 4253//8350
f 1749//8351 1748//8351 4254//8351
f 252//8352 1195//8352 4254//8352
f 1195//8353 1194//8353 4257//8353
f 1194//8354 1193//8354 4260//8354
f 1193//8355 256//8355 1889//8355
f 4260//8356 1889//8356 1890//8356
f 4259//8357 1890//8357 1891//8357
f 4258//8358 1891//8358 263//8358
f 4255//8359 4258//8359 1768//8359
f 4252//8360 4255//8360 1767//8360
o suppRuotaPost
v -0.054468 0.379420 1.409845
v 0.022138 0.379420 1.409845
v -0.054468 0.371914 1.409665
v 0.022138 0.371914 1.409665
v -0.054468 0.364516 1.410952
v 0.022138 0.364516 1.410952
v -0.054468 0.357512 1.413659
v 0.022138 0.357512 1.413659
v -0.054468 0.351171 1.417679
v 0.022138 0.351171 1.417679
v -0.054468 0.345735 1.422860
v 0.022138 0.345735 1.422860
v -0.054468 0.341415 1.429001
v 0.022138 0.341415 1.429001
v -0.054468 0.338376 1.435867
v 0.022138 0.338376 1.435867
v -0.054468 0.336735 1.443194
v 0.022138 0.336735 1.443194
v -0.054468 0.336555 1.450701
v 0.022138 0.336555 1.450701
v -0.054468 0.337843 1.458098
v 0.022138 0.337843 1.458098
v -0.054468 0.340549 1.465102
v 0.022138 0.340549 1.465102
v -0.054468 0.344569 1.471444
v 0.022138 0.344569 1.471444
v -0.054468 0.349750 1.476879
v 0.022138 0.349750 1.476879
v -0.054468 0.355891 1.481199
v 0.022138 0.355891 1.481199
v -0.054468 0.362757 1.484238
v 0.022138 0.362757 1.484238
v -0.054468 0.370084 1.485879
v 0.022138 0.370084 1.485879
v -0.054468 0.377591 1.486060
v 0.022138 0.377591 1.486060
v -0.054468 0.384988 1.484772
v 0.022138 0.384988 1.484772
v -0.054468 0.391992 1.482066
v 0.022138 0.391992 1.482066
v -0.054468 0.398334 1.478045
v 0.022138 0.398334 1.478045
v -0.054468 0.403769 1.472865
v 0.022138 0.403769 1.472865
v -0.054468 0.408089 1.466723
v 0.022138 0.408089 1.466723
v -0.054468 0.411128 1.459857
v 0.022138 0.411128 1.459857
v -0.054468 0.412769 1.452530
v 0.022138 0.412769 1.452530
v -0.054468 0.412950 1.445024
v 0.022138 0.412950 1.445024
v -0.054468 0.411662 1.437626
v 0.022138 0.411662 1.437626
v -0.054468 0.408956 1.430622
v 0.022138 0.408956 1.430622
v -0.054468 0.404935 1.424281
v 0.022138 0.404935 1.424281
v -0.054468 0.399755 1.418845
v 0.022138 0.399755 1.418845
v -0.054468 0.393613 1.414525
v 0.022138 0.393613 1.414525
v -0.054468 0.386747 1.411486
v 0.022138 0.386747 1.411486
vn -0.0000 0.0240 -0.9997
vn -0.0000 -0.1715 -0.9852
vn -0.0000 -0.3604 -0.9328
vn -0.0000 -0.5355 -0.8446
vn -0.0000 -0.6899 -0.7239
vn -0.0000 -0.8179 -0.5754
vn -0.0000 -0.9144 -0.4047
vn -0.0000 -0.9758 -0.2186
vn -0.0000 -0.9997 -0.0240
vn -0.0000 -0.9852 0.1715
vn -0.0000 -0.9328 0.3604
vn -0.0000 -0.8446 0.5355
vn -0.0000 -0.7239 0.6899
vn -0.0000 -0.5754 0.8179
vn -0.0000 -0.4047 0.9144
vn -0.0000 -0.2186 0.9758
vn -0.0000 -0.0240 0.9997
vn -0.0000 0.1715 0.9852
vn -0.0000 0.3604 0.9328
vn -0.0000 0.5355 0.8446
vn -0.0000 0.6899 0.7239
vn -0.0000 0.8179 0.5754
vn -0.0000 0.9144 0.4047
vn -0.0000 0.9758 0.2186
vn -0.0000 0.9997 0.0240
vn -0.0000 0.9852 -0.1715
vn -0.0000 0.9328 -0.3604
vn -0.0000 0.8446 -0.5355
vn -0.0000 0.7239 -0.6899
vn -0.0000 0.5754 -0.8179
vn 1.0000 -0.0000 -0.0000
vn -0.0000 0.2186 -0.9758
vn -0.0000 0.4047 -0.9144
vn -1.0000 -0.0000 -0.0000
s 0
usemtl grayDark
f 4262//8361 4263//8361 4261//8361
f 4264//8362 4265//8362 4263//8362
f 4266//8363 4267//8363 4265//8363
f 4268//8364 4269//8364 4267//8364
f 4270//8365 4271//8365 4269//8365
f 4272//8366 4273//8366 4271//8366
f 4274//8367 4275//8367 4273//8367
f 4276//8368 4277//8368 4275//8368
f 4278//8369 4279//8369 4277//8369
f 4280//8370 4281//8370 4279//8370
f 4282//8371 4283//8371 4281//8371
f 4284//8372 4285//8372 4283//8372
f 4286//8373 4287//8373 4285//8373
f 4288//8374 4289//8374 4287//8374
f 4290//8375 4291//8375 4289//8375
f 4292//8376 4293//8376 4291//8376
f 4294//8377 4295//8377 4293//8377
f 4296//8378 4297//8378 4295//8378
f 4298//8379 4299//8379 4297//8379
f 4300//8380 4301//8380 4299//8380
f 4302//8381 4303//8381 4301//8381
f 4304//8382 4305//8382 4303//8382
f 4306//8383 4307//8383 4305//8383
f 4308//8384 4309//8384 4307//8384
f 4310//8385 4311//8385 4309//8385
f 4312//8386 4313//8386 4311//8386
f 4314//8387 4315//8387 4313//8387
f 4316//8388 4317//8388 4315//8388
f 4318//8389 4319//8389 4317//8389
f 4320//8390 4321//8390 4319//8390
f 4298//8391 4282//8391 4266//8391
f 4324//8392 4261//8392 4323//8392
f 4322//8393 4323//8393 4321//8393
f 4291//8394 4307//8394 4323//8394
f 4262//8361 4264//8361 4263//8361
f 4264//8362 4266//8362 4265//8362
f 4266//8363 4268//8363 4267//8363
f 4268//8364 4270//8364 4269//8364
f 4270//8365 4272//8365 4271//8365
f 4272//8366 4274//8366 4273//8366
f 4274//8367 4276//8367 4275//8367
f 4276//8368 4278//8368 4277//8368
f 4278//8369 4280//8369 4279//8369
f 4280//8370 4282//8370 4281//8370
f 4282//8371 4284//8371 4283//8371
f 4284//8372 4286//8372 4285//8372
f 4286//8373 4288//8373 4287//8373
f 4288//8374 4290//8374 4289//8374
f 4290//8375 4292//8375 4291//8375
f 4292//8376 4294//8376 4293//8376
f 4294//8377 4296//8377 4295//8377
f 4296//8378 4298//8378 4297//8378
f 4298//8379 4300//8379 4299//8379
f 4300//8380 4302//8380 4301//8380
f 4302//8381 4304//8381 4303//8381
f 4304//8382 4306//8382 4305//8382
f 4306//8383 4308//8383 4307//8383
f 4308//8384 4310//8384 4309//8384
f 4310//8385 4312//8385 4311//8385
f 4312//8386 4314//8386 4313//8386
f 4314//8387 4316//8387 4315//8387
f 4316//8388 4318//8388 4317//8388
f 4318//8389 4320//8389 4319//8389
f 4320//8390 4322//8390 4321//8390
f 4266//8391 4264//8391 4262//8391
f 4262//8391 4324//8391 4322//8391
f 4322//8391 4320//8391 4318//8391
f 4318//8391 4316//8391 4314//8391
f 4314//8391 4312//8391 4310//8391
f 4310//8391 4308//8391 4306//8391
f 4306//8391 4304//8391 4302//8391
f 4302//8391 4300//8391 4298//8391
f 4298//8391 4296//8391 4294//8391
f 4294//8391 4292//8391 4290//8391
f 4290//8391 4288//8391 4286//8391
f 4286//8391 4284//8391 4282//8391
f 4282//8391 4280//8391 4278//8391
f 4278//8391 4276//8391 4274//8391
f 4274//8391 4272//8391 4270//8391
f 4270//8391 4268//8391 4266//8391
f 4266//8391 4262//8391 4322//8391
f 4322//8391 4318//8391 4314//8391
f 4314//8391 4310//8391 4306//8391
f 4306//8391 4302//8391 4298//8391
f 4298//8391 4294//8391 4290//8391
f 4290//8391 4286//8391 4282//8391
f 4282//8391 4278//8391 4274//8391
f 4274//8391 4270//8391 4266//8391
f 4266//8391 4322//8391 4314//8391
f 4314//8391 4306//8391 4298//8391
f 4298//8391 4290//8391 4282//8391
f 4282//8391 4274//8391 4266//8391
f 4266//8391 4314//8391 4298//8391
f 4324//8392 4262//8392 4261//8392
f 4322//8393 4324//8393 4323//8393
f 4323//8394 4261//8394 4263//8394
f 4263//8394 4265//8394 4267//8394
f 4267//8394 4269//8394 4271//8394
f 4271//8394 4273//8394 4275//8394
f 4275//8394 4277//8394 4279//8394
f 4279//8394 4281//8394 4283//8394
f 4283//8394 4285//8394 4287//8394
f 4287//8394 4289//8394 4291//8394
f 4291//8394 4293//8394 4295//8394
f 4295//8394 4297//8394 4299//8394
f 4299//8394 4301//8394 4303//8394
f 4303//8394 4305//8394 4307//8394
f 4307//8394 4309//8394 4311//8394
f 4311//8394 4313//8394 4315//8394
f 4315//8394 4317//8394 4319//8394
f 4319//8394 4321//8394 4323//8394
f 4323//8394 4263//8394 4267//8394
f 4267//8394 4271//8394 4275//8394
f 4275//8394 4279//8394 4283//8394
f 4283//8394 4287//8394 4291//8394
f 4291//8394 4295//8394 4299//8394
f 4299//8394 4303//8394 4307//8394
f 4307//8394 4311//8394 4315//8394
f 4315//8394 4319//8394 4323//8394
f 4323//8394 4267//8394 4275//8394
f 4275//8394 4283//8394 4291//8394
f 4291//8394 4299//8394 4307//8394
f 4307//8394 4315//8394 4323//8394
f 4323//8394 4275//8394 4291//8394
o ruotaPost
v -0.033841 0.312636 1.439600
v -0.023265 0.314284 1.439802
v -0.015523 0.318786 1.440355
v -0.012690 0.324937 1.441110
v -0.015523 0.331087 1.441865
v -0.023265 0.335589 1.442418
v -0.033841 0.337237 1.442620
v -0.044416 0.335589 1.442418
v -0.052158 0.331087 1.441865
v -0.054992 0.324937 1.441110
v -0.052158 0.318786 1.440355
v -0.044416 0.314284 1.439802
v -0.033841 0.314148 1.431637
v -0.023265 0.315755 1.432052
v -0.015523 0.320147 1.433188
v -0.012690 0.326146 1.434739
v -0.015523 0.332145 1.436291
v -0.023265 0.336537 1.437427
v -0.033841 0.338144 1.437842
v -0.044416 0.336537 1.437427
v -0.052158 0.332145 1.436291
v -0.054992 0.326146 1.434739
v -0.052158 0.320147 1.433188
v -0.044416 0.315755 1.432052
v -0.033841 0.316686 1.423939
v -0.023265 0.318226 1.424561
v -0.015523 0.322431 1.426260
v -0.012690 0.328177 1.428581
v -0.015523 0.333922 1.430903
v -0.023265 0.338128 1.432602
v -0.033841 0.339667 1.433224
v -0.044416 0.338128 1.432602
v -0.052158 0.333922 1.430903
v -0.054992 0.328177 1.428581
v -0.052158 0.322431 1.426260
v -0.044416 0.318226 1.424561
v -0.033841 0.320208 1.416639
v -0.023265 0.321653 1.417456
v -0.015523 0.325601 1.419690
v -0.012690 0.330994 1.422741
v -0.015523 0.336387 1.425792
v -0.023265 0.340335 1.428026
v -0.033841 0.341780 1.428844
v -0.044416 0.340335 1.428026
v -0.052158 0.336387 1.425792
v -0.054992 0.330994 1.422741
v -0.052158 0.325601 1.419690
v -0.044416 0.321653 1.417456
v -0.033841 0.324652 1.409860
v -0.023265 0.325978 1.410859
v -0.015523 0.329600 1.413589
v -0.012690 0.334549 1.417318
v -0.015523 0.339498 1.421047
v -0.023265 0.343120 1.423777
v -0.033841 0.344446 1.424777
v -0.044416 0.343120 1.423777
v -0.052158 0.339498 1.421047
v -0.054992 0.334549 1.417318
v -0.052158 0.329600 1.413589
v -0.044416 0.325978 1.410859
v -0.033841 0.329942 1.403720
v -0.023265 0.331127 1.404884
v -0.015523 0.334362 1.408063
v -0.012690 0.338782 1.412406
v -0.015523 0.343201 1.416749
v -0.023265 0.346437 1.419929
v -0.033841 0.347621 1.421092
v -0.044416 0.346437 1.419929
v -0.052158 0.343201 1.416749
v -0.054992 0.338782 1.412406
v -0.052158 0.334362 1.408063
v -0.044416 0.331127 1.404884
v -0.033841 0.335989 1.398323
v -0.023265 0.337012 1.399631
v -0.015523 0.339804 1.403206
v -0.012690 0.343619 1.408088
v -0.015523 0.347434 1.412971
v -0.023265 0.350227 1.416546
v -0.033841 0.351249 1.417854
v -0.044416 0.350227 1.416546
v -0.052158 0.347434 1.412971
v -0.054992 0.343619 1.408088
v -0.052158 0.339804 1.403206
v -0.044416 0.337012 1.399631
v -0.033841 0.342689 1.393761
v -0.023265 0.343532 1.395192
v -0.015523 0.345834 1.399100
v -0.012690 0.348979 1.404439
v -0.015523 0.352124 1.409778
v -0.023265 0.354426 1.413687
v -0.033841 0.355269 1.415117
v -0.044416 0.354426 1.413687
v -0.052158 0.352124 1.409778
v -0.054992 0.348979 1.404439
v -0.052158 0.345834 1.399100
v -0.044416 0.343532 1.395192
v -0.033841 0.349927 1.390113
v -0.023265 0.350576 1.391641
v -0.015523 0.352348 1.395817
v -0.012690 0.354769 1.401521
v -0.015523 0.357190 1.407224
v -0.023265 0.358963 1.411400
v -0.033841 0.359612 1.412928
v -0.044416 0.358963 1.411400
v -0.052158 0.357190 1.407224
v -0.054992 0.354769 1.401521
v -0.052158 0.352348 1.395817
v -0.044416 0.350576 1.391641
v -0.033841 0.357579 1.387441
v -0.023265 0.358023 1.389041
v -0.015523 0.359235 1.393412
v -0.012690 0.360891 1.399383
v -0.015523 0.362547 1.405354
v -0.023265 0.363759 1.409725
v -0.033841 0.364203 1.411325
v -0.044416 0.363759 1.409725
v -0.052158 0.362547 1.405354
v -0.054992 0.360891 1.399383
v -0.052158 0.359235 1.393412
v -0.044416 0.358023 1.389041
v -0.033841 0.365515 1.385790
v -0.023265 0.365746 1.387434
v -0.015523 0.366377 1.391926
v -0.012690 0.367239 1.398062
v -0.015523 0.368102 1.404198
v -0.023265 0.368733 1.408690
v -0.033841 0.368964 1.410334
v -0.044416 0.368733 1.408690
v -0.052158 0.368102 1.404198
v -0.054992 0.367239 1.398062
v -0.052158 0.366377 1.391926
v -0.044416 0.365746 1.387434
v -0.033841 0.373598 1.385190
v -0.023265 0.373612 1.386850
v -0.015523 0.373652 1.391386
v -0.012690 0.373706 1.397582
v -0.015523 0.373760 1.403778
v -0.023265 0.373799 1.408314
v -0.033841 0.373814 1.409974
v -0.044416 0.373799 1.408314
v -0.052158 0.373760 1.403778
v -0.054992 0.373706 1.397582
v -0.052158 0.373652 1.391386
v -0.044416 0.373612 1.386850
v -0.033841 0.381690 1.385649
v -0.023265 0.381487 1.387297
v -0.015523 0.380935 1.391799
v -0.012690 0.380179 1.397949
v -0.015523 0.379424 1.404100
v -0.023265 0.378871 1.408602
v -0.033841 0.378669 1.410250
v -0.044416 0.378871 1.408602
v -0.052158 0.379424 1.404100
v -0.054992 0.380179 1.397949
v -0.052158 0.380935 1.391799
v -0.044416 0.381487 1.387297
v -0.033841 0.389653 1.387161
v -0.023265 0.389237 1.388768
v -0.015523 0.388101 1.393160
v -0.012690 0.386550 1.399159
v -0.015523 0.384998 1.405158
v -0.023265 0.383863 1.409549
v -0.033841 0.383447 1.411157
v -0.044416 0.383863 1.409549
v -0.052158 0.384998 1.405158
v -0.054992 0.386550 1.399159
v -0.052158 0.388101 1.393160
v -0.044416 0.389237 1.388768
v -0.033841 0.397350 1.389699
v -0.023265 0.396728 1.391239
v -0.015523 0.395029 1.395444
v -0.012690 0.392708 1.401189
v -0.015523 0.390387 1.406935
v -0.023265 0.388687 1.411140
v -0.033841 0.388065 1.412680
v -0.044416 0.388687 1.411140
v -0.052158 0.390387 1.406935
v -0.054992 0.392708 1.401189
v -0.052158 0.395029 1.395444
v -0.044416 0.396728 1.391239
v -0.033841 0.404651 1.393220
v -0.023265 0.403833 1.394665
v -0.015523 0.401599 1.398613
v -0.012690 0.398548 1.404006
v -0.015523 0.395497 1.409400
v -0.023265 0.393263 1.413348
v -0.033841 0.392446 1.414793
v -0.044416 0.393263 1.413348
v -0.052158 0.395497 1.409400
v -0.054992 0.398548 1.404006
v -0.052158 0.401599 1.398613
v -0.044416 0.403833 1.394665
v -0.033841 0.411429 1.397664
v -0.023265 0.410430 1.398990
v -0.015523 0.407700 1.402613
v -0.012690 0.403971 1.407562
v -0.015523 0.400242 1.412510
v -0.023265 0.397512 1.416133
v -0.033841 0.396513 1.417459
v -0.044416 0.397512 1.416133
v -0.052158 0.400242 1.412510
v -0.054992 0.403971 1.407562
v -0.052158 0.407700 1.402613
v -0.044416 0.410430 1.398990
v -0.033841 0.417569 1.402955
v -0.023265 0.416406 1.404140
v -0.015523 0.413226 1.407375
v -0.012690 0.408883 1.411794
v -0.015523 0.404540 1.416214
v -0.023265 0.401361 1.419449
v -0.033841 0.400197 1.420634
v -0.044416 0.401361 1.419449
v -0.052158 0.404540 1.416214
v -0.054992 0.408883 1.411794
v -0.052158 0.413226 1.407375
v -0.044416 0.416406 1.404140
v -0.033841 0.422966 1.409002
v -0.023265 0.421658 1.410024
v -0.015523 0.418084 1.412817
v -0.012690 0.413201 1.416632
v -0.015523 0.408318 1.420447
v -0.023265 0.404744 1.423240
v -0.033841 0.403435 1.424262
v -0.044416 0.404744 1.423240
v -0.052158 0.408318 1.420447
v -0.054992 0.413201 1.416632
v -0.052158 0.418084 1.412817
v -0.044416 0.421658 1.410024
v -0.033841 0.427528 1.415702
v -0.023265 0.426098 1.416545
v -0.015523 0.422189 1.418847
v -0.012690 0.416850 1.421992
v -0.015523 0.411511 1.425137
v -0.023265 0.407603 1.427439
v -0.033841 0.406172 1.428282
v -0.044416 0.407603 1.427439
v -0.052158 0.411511 1.425137
v -0.054992 0.416850 1.421992
v -0.052158 0.422189 1.418847
v -0.044416 0.426098 1.416545
v -0.033841 0.431176 1.422940
v -0.023265 0.429648 1.423589
v -0.015523 0.425473 1.425361
v -0.012690 0.419769 1.427782
v -0.015523 0.414065 1.430203
v -0.023265 0.409889 1.431976
v -0.033841 0.408361 1.432624
v -0.044416 0.409889 1.431976
v -0.052158 0.414065 1.430203
v -0.054992 0.419769 1.427782
v -0.052158 0.425473 1.425361
v -0.044416 0.429648 1.423589
v -0.033841 0.433849 1.430592
v -0.023265 0.432249 1.431036
v -0.015523 0.427878 1.432248
v -0.012690 0.421907 1.433904
v -0.015523 0.415935 1.435560
v -0.023265 0.411564 1.436772
v -0.033841 0.409964 1.437216
v -0.044416 0.411564 1.436772
v -0.052158 0.415935 1.435560
v -0.054992 0.421907 1.433904
v -0.052158 0.427878 1.432248
v -0.044416 0.432249 1.431036
v -0.033841 0.435499 1.438527
v -0.023265 0.433855 1.438758
v -0.015523 0.429363 1.439390
v -0.012690 0.423227 1.440252
v -0.015523 0.417091 1.441114
v -0.023265 0.412599 1.441746
v -0.033841 0.410955 1.441977
v -0.044416 0.412599 1.441746
v -0.052158 0.417091 1.441114
v -0.054992 0.423227 1.440252
v -0.052158 0.429363 1.439390
v -0.044416 0.433855 1.438758
v -0.033841 0.436100 1.446610
v -0.023265 0.434440 1.446625
v -0.015523 0.429904 1.446664
v -0.012690 0.423707 1.446718
v -0.015523 0.417511 1.446773
v -0.023265 0.412975 1.446812
v -0.033841 0.411315 1.446827
v -0.044416 0.412975 1.446812
v -0.052158 0.417511 1.446773
v -0.054992 0.423707 1.446718
v -0.052158 0.429904 1.446664
v -0.044416 0.434440 1.446625
v -0.033841 0.435640 1.454703
v -0.023265 0.433992 1.454500
v -0.015523 0.429490 1.453947
v -0.012690 0.423340 1.453192
v -0.015523 0.417190 1.452437
v -0.023265 0.412687 1.451884
v -0.033841 0.411039 1.451682
v -0.044416 0.412687 1.451884
v -0.052158 0.417190 1.452437
v -0.054992 0.423340 1.453192
v -0.052158 0.429490 1.453947
v -0.044416 0.433992 1.454500
v -0.033841 0.434128 1.462666
v -0.023265 0.432521 1.462250
v -0.015523 0.428129 1.461114
v -0.012690 0.422130 1.459563
v -0.015523 0.416131 1.458011
v -0.023265 0.411740 1.456875
v -0.033841 0.410132 1.456460
v -0.044416 0.411740 1.456875
v -0.052158 0.416131 1.458011
v -0.054992 0.422130 1.459563
v -0.052158 0.428129 1.461114
v -0.044416 0.432521 1.462250
v -0.033841 0.431590 1.470363
v -0.023265 0.430051 1.469741
v -0.015523 0.425845 1.468042
v -0.012690 0.420100 1.465721
v -0.015523 0.414355 1.463400
v -0.023265 0.410149 1.461700
v -0.033841 0.408609 1.461078
v -0.044416 0.410149 1.461700
v -0.052158 0.414355 1.463400
v -0.054992 0.420100 1.465721
v -0.052158 0.425845 1.468042
v -0.044416 0.430051 1.469741
v -0.033841 0.428069 1.477664
v -0.023265 0.426624 1.476846
v -0.015523 0.422676 1.474612
v -0.012690 0.417283 1.471561
v -0.015523 0.411890 1.468510
v -0.023265 0.407942 1.466276
v -0.033841 0.406497 1.465459
v -0.044416 0.407942 1.466276
v -0.052158 0.411890 1.468510
v -0.054992 0.417283 1.471561
v -0.052158 0.422676 1.474612
v -0.044416 0.426624 1.476846
v -0.033841 0.423625 1.484442
v -0.023265 0.422299 1.483443
v -0.015523 0.418676 1.480713
v -0.012690 0.413728 1.476984
v -0.015523 0.408779 1.473255
v -0.023265 0.405156 1.470525
v -0.033841 0.403830 1.469526
v -0.044416 0.405156 1.470525
v -0.052158 0.408779 1.473255
v -0.054992 0.413728 1.476984
v -0.052158 0.418676 1.480713
v -0.044416 0.422299 1.483443
v -0.033841 0.418334 1.490582
v -0.023265 0.417150 1.489418
v -0.015523 0.413914 1.486239
v -0.012690 0.409495 1.481896
v -0.015523 0.405075 1.477553
v -0.023265 0.401840 1.474373
v -0.033841 0.400656 1.473210
v -0.044416 0.401840 1.474373
v -0.052158 0.405075 1.477553
v -0.054992 0.409495 1.481896
v -0.052158 0.413914 1.486239
v -0.044416 0.417150 1.489418
v -0.033841 0.412287 1.495979
v -0.023265 0.411265 1.494671
v -0.015523 0.408472 1.491096
v -0.012690 0.404657 1.486214
v -0.015523 0.400842 1.481331
v -0.023265 0.398050 1.477756
v -0.033841 0.397028 1.476448
v -0.044416 0.398050 1.477756
v -0.052158 0.400842 1.481331
v -0.054992 0.404657 1.486214
v -0.052158 0.408472 1.491096
v -0.044416 0.411265 1.494671
v -0.033841 0.405587 1.500541
v -0.023265 0.404745 1.499110
v -0.015523 0.402442 1.495202
v -0.012690 0.399298 1.489863
v -0.015523 0.396153 1.484524
v -0.023265 0.393850 1.480616
v -0.033841 0.393008 1.479185
v -0.044416 0.393850 1.480616
v -0.052158 0.396153 1.484524
v -0.054992 0.399298 1.489863
v -0.052158 0.402442 1.495202
v -0.044416 0.404745 1.499110
v -0.033841 0.398349 1.504189
v -0.023265 0.397701 1.502661
v -0.015523 0.395928 1.498485
v -0.012690 0.393507 1.492782
v -0.015523 0.391086 1.487078
v -0.023265 0.389314 1.482902
v -0.033841 0.388665 1.481374
v -0.044416 0.389314 1.482902
v -0.052158 0.391086 1.487078
v -0.054992 0.393507 1.492782
v -0.052158 0.395928 1.498485
v -0.044416 0.397701 1.502661
v -0.033841 0.390697 1.506861
v -0.023265 0.390254 1.505261
v -0.015523 0.389041 1.500890
v -0.012690 0.387386 1.494919
v -0.015523 0.385730 1.488948
v -0.023265 0.384517 1.484577
v -0.033841 0.384074 1.482977
v -0.044416 0.384517 1.484577
v -0.052158 0.385730 1.488948
v -0.054992 0.387386 1.494919
v -0.052158 0.389041 1.500890
v -0.044416 0.390254 1.505261
v -0.033841 0.382762 1.508512
v -0.023265 0.382531 1.506868
v -0.015523 0.381900 1.502376
v -0.012690 0.381037 1.496240
v -0.015523 0.380175 1.490104
v -0.023265 0.379544 1.485612
v -0.033841 0.379312 1.483968
v -0.044416 0.379544 1.485612
v -0.052158 0.380175 1.490104
v -0.054992 0.381037 1.496240
v -0.052158 0.381900 1.502376
v -0.044416 0.382531 1.506868
v -0.033841 0.374679 1.509113
v -0.023265 0.374665 1.507452
v -0.015523 0.374625 1.502916
v -0.012690 0.374571 1.496720
v -0.015523 0.374517 1.490524
v -0.023265 0.374477 1.485988
v -0.033841 0.374463 1.484328
v -0.044416 0.374477 1.485988
v -0.052158 0.374517 1.490524
v -0.054992 0.374571 1.496720
v -0.052158 0.374625 1.502916
v -0.044416 0.374665 1.507452
v -0.033841 0.366587 1.508653
v -0.023265 0.366789 1.507005
v -0.015523 0.367342 1.502503
v -0.012690 0.368097 1.496353
v -0.015523 0.368852 1.490203
v -0.023265 0.369405 1.485700
v -0.033841 0.369607 1.484052
v -0.044416 0.369405 1.485700
v -0.052158 0.368852 1.490203
v -0.054992 0.368097 1.496353
v -0.052158 0.367342 1.502503
v -0.044416 0.366789 1.507005
v -0.033841 0.358624 1.507141
v -0.023265 0.359039 1.505534
v -0.015523 0.360175 1.501142
v -0.012690 0.361727 1.495143
v -0.015523 0.363278 1.489144
v -0.023265 0.364414 1.484753
v -0.033841 0.364830 1.483145
v -0.044416 0.364414 1.484753
v -0.052158 0.363278 1.489144
v -0.054992 0.361727 1.495143
v -0.052158 0.360175 1.501142
v -0.044416 0.359039 1.505534
v -0.033841 0.350926 1.504603
v -0.023265 0.351548 1.503064
v -0.015523 0.353247 1.498858
v -0.012690 0.355569 1.493113
v -0.015523 0.357890 1.487367
v -0.023265 0.359589 1.483162
v -0.033841 0.360211 1.481622
v -0.044416 0.359589 1.483162
v -0.052158 0.357890 1.487367
v -0.054992 0.355569 1.493113
v -0.052158 0.353247 1.498858
v -0.044416 0.351548 1.503064
v -0.033841 0.343626 1.501082
v -0.023265 0.344443 1.499637
v -0.015523 0.346677 1.495689
v -0.012690 0.349728 1.490296
v -0.015523 0.352779 1.484903
v -0.023265 0.355013 1.480955
v -0.033841 0.355831 1.479509
v -0.044416 0.355013 1.480955
v -0.052158 0.352779 1.484903
v -0.054992 0.349728 1.490296
v -0.052158 0.346677 1.495689
v -0.044416 0.344443 1.499637
v -0.033841 0.336847 1.496638
v -0.023265 0.337847 1.495312
v -0.015523 0.340576 1.491689
v -0.012690 0.344306 1.486740
v -0.015523 0.348035 1.481792
v -0.023265 0.350765 1.478169
v -0.033841 0.351764 1.476843
v -0.044416 0.350765 1.478169
v -0.052158 0.348035 1.481792
v -0.054992 0.344306 1.486740
v -0.052158 0.340576 1.491689
v -0.044416 0.337847 1.495312
v -0.033841 0.330707 1.491347
v -0.023265 0.331871 1.490163
v -0.015523 0.335050 1.486927
v -0.012690 0.339393 1.482508
v -0.015523 0.343736 1.478088
v -0.023265 0.346916 1.474853
v -0.033841 0.348080 1.473669
v -0.044416 0.346916 1.474853
v -0.052158 0.343736 1.478088
v -0.054992 0.339393 1.482508
v -0.052158 0.335050 1.486927
v -0.044416 0.331871 1.490163
v -0.033841 0.325310 1.485300
v -0.023265 0.326618 1.484278
v -0.015523 0.330193 1.481485
v -0.012690 0.335076 1.477670
v -0.015523 0.339958 1.473855
v -0.023265 0.343533 1.471063
v -0.033841 0.344841 1.470040
v -0.044416 0.343533 1.471063
v -0.052158 0.339958 1.473855
v -0.054992 0.335076 1.477670
v -0.052158 0.330193 1.481485
v -0.044416 0.326618 1.484278
v -0.033841 0.320748 1.478600
v -0.023265 0.322179 1.477757
v -0.015523 0.326087 1.475455
v -0.012690 0.331426 1.472310
v -0.015523 0.336765 1.469165
v -0.023265 0.340674 1.466863
v -0.033841 0.342104 1.466020
v -0.044416 0.340674 1.466863
v -0.052158 0.336765 1.469165
v -0.054992 0.331426 1.472310
v -0.052158 0.326087 1.475455
v -0.044416 0.322179 1.477757
v -0.033841 0.317100 1.471362
v -0.023265 0.318628 1.470714
v -0.015523 0.322804 1.468941
v -0.012690 0.328508 1.466520
v -0.015523 0.334212 1.464099
v -0.023265 0.338387 1.462327
v -0.033841 0.339915 1.461678
v -0.044416 0.338387 1.462327
v -0.052158 0.334212 1.464099
v -0.054992 0.328508 1.466520
v -0.052158 0.322804 1.468941
v -0.044416 0.318628 1.470714
v -0.033841 0.314428 1.463710
v -0.023265 0.316028 1.463266
v -0.015523 0.320399 1.462054
v -0.012690 0.326370 1.460398
v -0.015523 0.332341 1.458742
v -0.023265 0.336712 1.457530
v -0.033841 0.338312 1.457087
v -0.044416 0.336712 1.457530
v -0.052158 0.332341 1.458742
v -0.054992 0.326370 1.460398
v -0.052158 0.320399 1.462054
v -0.044416 0.316028 1.463266
v -0.033841 0.312777 1.455775
v -0.023265 0.314421 1.455544
v -0.015523 0.318913 1.454912
v -0.012690 0.325050 1.454050
v -0.015523 0.331186 1.453188
v -0.023265 0.335678 1.452556
v -0.033841 0.337322 1.452325
v -0.044416 0.335678 1.452556
v -0.052158 0.331186 1.453188
v -0.054992 0.325050 1.454050
v -0.052158 0.318913 1.454912
v -0.044416 0.314421 1.455544
v -0.033841 0.312177 1.447692
v -0.023265 0.313837 1.447677
v -0.015523 0.318373 1.447638
v -0.012690 0.324569 1.447584
v -0.015523 0.330765 1.447530
v -0.023265 0.335301 1.447490
v -0.033841 0.336961 1.447476
v -0.044416 0.335301 1.447490
v -0.052158 0.330765 1.447530
v -0.054992 0.324569 1.447584
v -0.052158 0.318373 1.447638
v -0.044416 0.313837 1.447677
vn 0.1548 -0.9706 -0.1843
vn 0.5047 -0.8481 -0.1610
vn 0.9091 -0.4093 -0.0777
vn 0.9091 0.4093 0.0777
vn 0.5047 0.8481 0.1610
vn 0.1548 0.9706 0.1843
vn -0.1548 0.9706 0.1843
vn -0.5047 0.8481 0.1610
vn -0.9091 0.4093 0.0777
vn -0.9091 -0.4093 -0.0777
vn -0.5047 -0.8481 -0.1610
vn -0.1548 -0.9706 -0.1843
vn 0.1548 -0.9383 -0.3094
vn 0.5047 -0.8199 -0.2703
vn 0.9091 -0.3957 -0.1305
vn 0.9091 0.3957 0.1305
vn 0.5047 0.8199 0.2703
vn 0.1548 0.9383 0.3094
vn -0.1548 0.9383 0.3094
vn -0.5047 0.8199 0.2703
vn -0.9091 0.3957 0.1305
vn -0.9091 -0.3957 -0.1305
vn -0.5047 -0.8199 -0.2703
vn -0.1548 -0.9383 -0.3094
vn 0.1548 -0.8898 -0.4292
vn 0.5047 -0.7776 -0.3750
vn 0.9091 -0.3753 -0.1810
vn 0.9091 0.3753 0.1810
vn 0.5047 0.7776 0.3750
vn 0.1548 0.8898 0.4292
vn -0.1548 0.8898 0.4292
vn -0.5047 0.7776 0.3750
vn -0.9091 0.3753 0.1810
vn -0.9091 -0.3753 -0.1810
vn -0.5047 -0.7776 -0.3750
vn -0.1548 -0.8898 -0.4292
vn 0.1548 -0.8262 -0.5417
vn 0.5047 -0.7219 -0.4733
vn 0.9091 -0.3484 -0.2284
vn 0.9091 0.3484 0.2284
vn 0.5047 0.7219 0.4733
vn 0.1548 0.8262 0.5417
vn -0.1548 0.8262 0.5417
vn -0.5047 0.7219 0.4733
vn -0.9091 0.3484 0.2284
vn -0.9091 -0.3484 -0.2284
vn -0.5047 -0.7219 -0.4733
vn -0.1548 -0.8262 -0.5417
vn 0.1548 -0.7484 -0.6449
vn 0.5047 -0.6540 -0.5635
vn 0.9091 -0.3156 -0.2720
vn 0.9091 0.3156 0.2720
vn 0.5047 0.6540 0.5635
vn 0.1548 0.7484 0.6449
vn -0.1548 0.7484 0.6449
vn -0.5047 0.6540 0.5635
vn -0.9091 0.3156 0.2720
vn -0.9091 -0.3156 -0.2720
vn -0.5047 -0.6540 -0.5635
vn -0.1548 -0.7484 -0.6449
vn 0.1548 -0.6579 -0.7371
vn 0.5047 -0.5748 -0.6441
vn 0.9091 -0.2774 -0.3108
vn 0.9091 0.2774 0.3108
vn 0.5047 0.5748 0.6441
vn 0.1548 0.6579 0.7371
vn -0.1548 0.6579 0.7371
vn -0.5047 0.5748 0.6441
vn -0.9091 0.2774 0.3108
vn -0.9091 -0.2774 -0.3108
vn -0.5047 -0.5748 -0.6441
vn -0.1548 -0.6579 -0.7371
vn 0.1548 -0.5560 -0.8166
vn 0.5047 -0.4859 -0.7136
vn 0.9091 -0.2345 -0.3444
vn 0.9091 0.2345 0.3444
vn 0.5047 0.4859 0.7136
vn 0.1548 0.5560 0.8166
vn -0.1548 0.5560 0.8166
vn -0.5047 0.4859 0.7136
vn -0.9091 0.2345 0.3444
vn -0.9091 -0.2345 -0.3444
vn -0.5047 -0.4859 -0.7136
vn -0.1548 -0.5560 -0.8166
vn 0.1548 -0.4447 -0.8822
vn 0.5047 -0.3886 -0.7709
vn 0.9091 -0.1875 -0.3720
vn 0.9091 0.1875 0.3720
vn 0.5047 0.3886 0.7709
vn 0.1548 0.4447 0.8822
vn -0.1548 0.4447 0.8822
vn -0.5047 0.3886 0.7709
vn -0.9091 0.1875 0.3720
vn -0.9091 -0.1875 -0.3720
vn -0.5047 -0.3886 -0.7709
vn -0.1548 -0.4447 -0.8822
vn 0.1548 -0.3257 -0.9327
vn 0.5047 -0.2846 -0.8150
vn 0.9091 -0.1374 -0.3933
vn 0.9091 0.1374 0.3933
vn 0.5047 0.2846 0.8150
vn 0.1548 0.3257 0.9327
vn -0.1548 0.3257 0.9327
vn -0.5047 0.2846 0.8150
vn -0.9091 0.1374 0.3933
vn -0.9091 -0.1374 -0.3933
vn -0.5047 -0.2846 -0.8150
vn -0.1548 -0.3257 -0.9327
vn 0.1548 -0.2012 -0.9672
vn 0.5047 -0.1758 -0.8452
vn 0.9091 -0.0848 -0.4079
vn 0.9091 0.0848 0.4079
vn 0.5047 0.1758 0.8452
vn 0.1548 0.2012 0.9672
vn -0.1548 0.2012 0.9672
vn -0.5047 0.1758 0.8452
vn -0.9091 0.0848 0.4079
vn -0.9091 -0.0848 -0.4079
vn -0.5047 -0.1758 -0.8452
vn -0.1548 -0.2012 -0.9672
vn 0.1548 -0.0732 -0.9852
vn 0.5047 -0.0640 -0.8609
vn 0.9091 -0.0309 -0.4155
vn 0.9091 0.0309 0.4155
vn 0.5047 0.0640 0.8609
vn 0.1548 0.0732 0.9852
vn -0.1548 0.0732 0.9852
vn -0.5047 0.0640 0.8609
vn -0.9091 0.0309 0.4155
vn -0.9091 -0.0309 -0.4155
vn -0.5047 -0.0640 -0.8609
vn -0.1548 -0.0732 -0.9852
vn 0.1548 0.0560 -0.9864
vn 0.5047 0.0489 -0.8619
vn 0.9091 0.0236 -0.4160
vn 0.9091 -0.0236 0.4160
vn 0.5047 -0.0489 0.8619
vn 0.1548 -0.0560 0.9864
vn -0.1548 -0.0560 0.9864
vn -0.5047 -0.0489 0.8619
vn -0.9091 -0.0236 0.4160
vn -0.9091 0.0236 -0.4160
vn -0.5047 0.0489 -0.8619
vn -0.1548 0.0560 -0.9864
vn 0.1548 0.1843 -0.9706
vn 0.5047 0.1610 -0.8481
vn 0.9091 0.0777 -0.4093
vn 0.9091 -0.0777 0.4093
vn 0.5047 -0.1610 0.8481
vn 0.1548 -0.1843 0.9706
vn -0.1548 -0.1843 0.9706
vn -0.5047 -0.1610 0.8481
vn -0.9091 -0.0777 0.4093
vn -0.9091 0.0777 -0.4093
vn -0.5047 0.1610 -0.8481
vn -0.1548 0.1843 -0.9706
vn 0.1548 0.3094 -0.9383
vn 0.5047 0.2703 -0.8199
vn 0.9091 0.1305 -0.3957
vn 0.9091 -0.1305 0.3957
vn 0.5047 -0.2703 0.8199
vn 0.1548 -0.3094 0.9383
vn -0.1548 -0.3094 0.9383
vn -0.5047 -0.2703 0.8199
vn -0.9091 -0.1305 0.3957
vn -0.9091 0.1305 -0.3957
vn -0.5047 0.2703 -0.8199
vn -0.1548 0.3094 -0.9383
vn 0.1548 0.4292 -0.8898
vn 0.5047 0.3750 -0.7776
vn 0.9091 0.1810 -0.3753
vn 0.9091 -0.1810 0.3753
vn 0.5047 -0.3750 0.7776
vn 0.1548 -0.4292 0.8898
vn -0.1548 -0.4292 0.8898
vn -0.5047 -0.3750 0.7776
vn -0.9091 -0.1810 0.3753
vn -0.9091 0.1810 -0.3753
vn -0.5047 0.3750 -0.7776
vn -0.1548 0.4292 -0.8898
vn 0.1548 0.5417 -0.8262
vn 0.5047 0.4733 -0.7219
vn 0.9091 0.2284 -0.3484
vn 0.9091 -0.2284 0.3484
vn 0.5047 -0.4733 0.7219
vn 0.1548 -0.5417 0.8262
vn -0.1548 -0.5417 0.8262
vn -0.5047 -0.4733 0.7219
vn -0.9091 -0.2284 0.3484
vn -0.9091 0.2284 -0.3484
vn -0.5047 0.4733 -0.7219
vn -0.1548 0.5417 -0.8262
vn 0.1548 0.6449 -0.7484
vn 0.5047 0.5635 -0.6540
vn 0.9091 0.2720 -0.3156
vn 0.9091 -0.2720 0.3156
vn 0.5047 -0.5635 0.6540
vn 0.1548 -0.6449 0.7484
vn -0.1548 -0.6449 0.7484
vn -0.5047 -0.5635 0.6540
vn -0.9091 -0.2720 0.3156
vn -0.9091 0.2720 -0.3156
vn -0.5047 0.5635 -0.6540
vn -0.1548 0.6449 -0.7484
vn 0.1548 0.7371 -0.6579
vn 0.5047 0.6441 -0.5748
vn 0.9091 0.3108 -0.2774
vn 0.9091 -0.3108 0.2774
vn 0.5047 -0.6441 0.5748
vn 0.1548 -0.7371 0.6579
vn -0.1548 -0.7371 0.6579
vn -0.5047 -0.6441 0.5748
vn -0.9091 -0.3108 0.2774
vn -0.9091 0.3108 -0.2774
vn -0.5047 0.6441 -0.5748
vn -0.1548 0.7371 -0.6579
vn 0.1548 0.8166 -0.5560
vn 0.5047 0.7136 -0.4859
vn 0.9091 0.3444 -0.2345
vn 0.9091 -0.3444 0.2345
vn 0.5047 -0.7136 0.4859
vn 0.1548 -0.8166 0.5560
vn -0.1548 -0.8166 0.5560
vn -0.5047 -0.7136 0.4859
vn -0.9091 -0.3444 0.2345
vn -0.9091 0.3444 -0.2345
vn -0.5047 0.7136 -0.4859
vn -0.1548 0.8166 -0.5560
vn 0.1548 0.8822 -0.4447
vn 0.5047 0.7709 -0.3886
vn 0.9091 0.3720 -0.1875
vn 0.9091 -0.3720 0.1875
vn 0.5047 -0.7709 0.3886
vn 0.1548 -0.8822 0.4447
vn -0.1548 -0.8822 0.4447
vn -0.5047 -0.7709 0.3886
vn -0.9091 -0.3720 0.1875
vn -0.9091 0.3720 -0.1875
vn -0.5047 0.7709 -0.3886
vn -0.1548 0.8822 -0.4447
vn 0.1548 0.9327 -0.3257
vn 0.5047 0.8150 -0.2846
vn 0.9091 0.3933 -0.1374
vn 0.9091 -0.3933 0.1374
vn 0.5047 -0.8150 0.2846
vn 0.1548 -0.9327 0.3257
vn -0.1548 -0.9327 0.3257
vn -0.5047 -0.8150 0.2846
vn -0.9091 -0.3933 0.1374
vn -0.9091 0.3933 -0.1374
vn -0.5047 0.8150 -0.2846
vn -0.1548 0.9327 -0.3257
vn 0.1548 0.9672 -0.2012
vn 0.5047 0.8452 -0.1758
vn 0.9091 0.4079 -0.0848
vn 0.9091 -0.4079 0.0848
vn 0.5047 -0.8452 0.1758
vn 0.1548 -0.9672 0.2012
vn -0.1548 -0.9672 0.2012
vn -0.5047 -0.8452 0.1758
vn -0.9091 -0.4079 0.0848
vn -0.9091 0.4079 -0.0848
vn -0.5047 0.8452 -0.1758
vn -0.1548 0.9672 -0.2012
vn 0.1548 0.9852 -0.0732
vn 0.5047 0.8609 -0.0640
vn 0.9091 0.4155 -0.0309
vn 0.9091 -0.4155 0.0309
vn 0.5047 -0.8609 0.0640
vn 0.1548 -0.9852 0.0732
vn -0.1548 -0.9852 0.0732
vn -0.5047 -0.8609 0.0640
vn -0.9091 -0.4155 0.0309
vn -0.9091 0.4155 -0.0309
vn -0.5047 0.8609 -0.0640
vn -0.1548 0.9852 -0.0732
vn 0.1548 0.9864 0.0560
vn 0.5047 0.8619 0.0489
vn 0.9091 0.4160 0.0236
vn 0.9091 -0.4160 -0.0236
vn 0.5047 -0.8619 -0.0489
vn 0.1548 -0.9864 -0.0560
vn -0.1548 -0.9864 -0.0560
vn -0.5047 -0.8619 -0.0489
vn -0.9091 -0.4160 -0.0236
vn -0.9091 0.4160 0.0236
vn -0.5047 0.8619 0.0489
vn -0.1548 0.9864 0.0560
s 0
usemtl black
f 4337//8395 4326//8395 4325//8395
f 4338//8396 4327//8396 4326//8396
f 4327//8397 4340//8397 4328//8397
f 4340//8398 4329//8398 4328//8398
f 4341//8399 4330//8399 4329//8399
f 4342//8400 4331//8400 4330//8400
f 4343//8401 4332//8401 4331//8401
f 4344//8402 4333//8402 4332//8402
f 4333//8403 4346//8403 4334//8403
f 4346//8404 4335//8404 4334//8404
f 4347//8405 4336//8405 4335//8405
f 4336//8406 4337//8406 4325//8406
f 4337//8407 4350//8407 4338//8407
f 4338//8408 4351//8408 4339//8408
f 4339//8409 4352//8409 4340//8409
f 4340//8410 4353//8410 4341//8410
f 4341//8411 4354//8411 4342//8411
f 4342//8412 4355//8412 4343//8412
f 4355//8413 4344//8413 4343//8413
f 4356//8414 4345//8414 4344//8414
f 4357//8415 4346//8415 4345//8415
f 4358//8416 4347//8416 4346//8416
f 4359//8417 4348//8417 4347//8417
f 4360//8418 4337//8418 4348//8418
f 4361//8419 4350//8419 4349//8419
f 4362//8420 4351//8420 4350//8420
f 4363//8421 4352//8421 4351//8421
f 4364//8422 4353//8422 4352//8422
f 4365//8423 4354//8423 4353//8423
f 4366//8424 4355//8424 4354//8424
f 4367//8425 4356//8425 4355//8425
f 4356//8426 4369//8426 4357//8426
f 4369//8427 4358//8427 4357//8427
f 4358//8428 4371//8428 4359//8428
f 4371//8429 4360//8429 4359//8429
f 4360//8430 4361//8430 4349//8430
f 4373//8431 4362//8431 4361//8431
f 4362//8432 4375//8432 4363//8432
f 4375//8433 4364//8433 4363//8433
f 4376//8434 4365//8434 4364//8434
f 4377//8435 4366//8435 4365//8435
f 4366//8436 4379//8436 4367//8436
f 4379//8437 4368//8437 4367//8437
f 4368//8438 4381//8438 4369//8438
f 4381//8439 4370//8439 4369//8439
f 4382//8440 4371//8440 4370//8440
f 4383//8441 4372//8441 4371//8441
f 4372//8442 4373//8442 4361//8442
f 4385//8443 4374//8443 4373//8443
f 4386//8444 4375//8444 4374//8444
f 4387//8445 4376//8445 4375//8445
f 4376//8446 4389//8446 4377//8446
f 4389//8447 4378//8447 4377//8447
f 4390//8448 4379//8448 4378//8448
f 4391//8449 4380//8449 4379//8449
f 4392//8450 4381//8450 4380//8450
f 4393//8451 4382//8451 4381//8451
f 4394//8452 4383//8452 4382//8452
f 4383//8453 4396//8453 4384//8453
f 4384//8454 4385//8454 4373//8454
f 4397//8455 4386//8455 4385//8455
f 4398//8456 4387//8456 4386//8456
f 4399//8457 4388//8457 4387//8457
f 4400//8458 4389//8458 4388//8458
f 4401//8459 4390//8459 4389//8459
f 4402//8460 4391//8460 4390//8460
f 4391//8461 4404//8461 4392//8461
f 4392//8462 4405//8462 4393//8462
f 4393//8463 4406//8463 4394//8463
f 4406//8464 4395//8464 4394//8464
f 4395//8465 4408//8465 4396//8465
f 4396//8466 4397//8466 4385//8466
f 4409//8467 4398//8467 4397//8467
f 4410//8468 4399//8468 4398//8468
f 4411//8469 4400//8469 4399//8469
f 4412//8470 4401//8470 4400//8470
f 4401//8471 4414//8471 4402//8471
f 4402//8472 4415//8472 4403//8472
f 4415//8473 4404//8473 4403//8473
f 4416//8474 4405//8474 4404//8474
f 4405//8475 4418//8475 4406//8475
f 4418//8476 4407//8476 4406//8476
f 4407//8477 4420//8477 4408//8477
f 4420//8478 4397//8478 4408//8478
f 4409//8479 4422//8479 4410//8479
f 4422//8480 4411//8480 4410//8480
f 4411//8481 4424//8481 4412//8481
f 4424//8482 4413//8482 4412//8482
f 4425//8483 4414//8483 4413//8483
f 4426//8484 4415//8484 4414//8484
f 4427//8485 4416//8485 4415//8485
f 4428//8486 4417//8486 4416//8486
f 4417//8487 4430//8487 4418//8487
f 4430//8488 4419//8488 4418//8488
f 4431//8489 4420//8489 4419//8489
f 4432//8490 4409//8490 4420//8490
f 4421//8491 4434//8491 4422//8491
f 4434//8492 4423//8492 4422//8492
f 4435//8493 4424//8493 4423//8493
f 4436//8494 4425//8494 4424//8494
f 4437//8495 4426//8495 4425//8495
f 4438//8496 4427//8496 4426//8496
f 4427//8497 4440//8497 4428//8497
f 4428//8498 4441//8498 4429//8498
f 4441//8499 4430//8499 4429//8499
f 4442//8500 4431//8500 4430//8500
f 4431//8501 4444//8501 4432//8501
f 4444//8502 4421//8502 4432//8502
f 4445//8503 4434//8503 4433//8503
f 4434//8504 4447//8504 4435//8504
f 4447//8505 4436//8505 4435//8505
f 4448//8506 4437//8506 4436//8506
f 4449//8507 4438//8507 4437//8507
f 4438//8508 4451//8508 4439//8508
f 4439//8509 4452//8509 4440//8509
f 4440//8510 4453//8510 4441//8510
f 4453//8511 4442//8511 4441//8511
f 4454//8512 4443//8512 4442//8512
f 4443//8513 4456//8513 4444//8513
f 4456//8514 4433//8514 4444//8514
f 4445//8515 4458//8515 4446//8515
f 4446//8516 4459//8516 4447//8516
f 4447//8517 4460//8517 4448//8517
f 4448//8518 4461//8518 4449//8518
f 4449//8519 4462//8519 4450//8519
f 4450//8520 4463//8520 4451//8520
f 4463//8521 4452//8521 4451//8521
f 4464//8522 4453//8522 4452//8522
f 4453//8523 4466//8523 4454//8523
f 4466//8524 4455//8524 4454//8524
f 4467//8525 4456//8525 4455//8525
f 4468//8526 4445//8526 4456//8526
f 4457//8527 4470//8527 4458//8527
f 4470//8528 4459//8528 4458//8528
f 4471//8529 4460//8529 4459//8529
f 4460//8530 4473//8530 4461//8530
f 4461//8531 4474//8531 4462//8531
f 4474//8532 4463//8532 4462//8532
f 4475//8533 4464//8533 4463//8533
f 4476//8534 4465//8534 4464//8534
f 4477//8535 4466//8535 4465//8535
f 4478//8536 4467//8536 4466//8536
f 4467//8537 4480//8537 4468//8537
f 4480//8538 4457//8538 4468//8538
f 4469//8539 4482//8539 4470//8539
f 4482//8540 4471//8540 4470//8540
f 4483//8541 4472//8541 4471//8541
f 4484//8542 4473//8542 4472//8542
f 4485//8543 4474//8543 4473//8543
f 4486//8544 4475//8544 4474//8544
f 4487//8545 4476//8545 4475//8545
f 4488//8546 4477//8546 4476//8546
f 4477//8547 4490//8547 4478//8547
f 4490//8548 4479//8548 4478//8548
f 4491//8549 4480//8549 4479//8549
f 4492//8550 4469//8550 4480//8550
f 4493//8551 4482//8551 4481//8551
f 4482//8552 4495//8552 4483//8552
f 4495//8553 4484//8553 4483//8553
f 4484//8554 4497//8554 4485//8554
f 4497//8555 4486//8555 4485//8555
f 4498//8556 4487//8556 4486//8556
f 4499//8557 4488//8557 4487//8557
f 4500//8558 4489//8558 4488//8558
f 4501//8559 4490//8559 4489//8559
f 4502//8560 4491//8560 4490//8560
f 4503//8561 4492//8561 4491//8561
f 4504//8562 4481//8562 4492//8562
f 4505//8563 4494//8563 4493//8563
f 4494//8564 4507//8564 4495//8564
f 4507//8565 4496//8565 4495//8565
f 4508//8566 4497//8566 4496//8566
f 4509//8567 4498//8567 4497//8567
f 4510//8568 4499//8568 4498//8568
f 4511//8569 4500//8569 4499//8569
f 4500//8570 4513//8570 4501//8570
f 4501//8571 4514//8571 4502//8571
f 4502//8572 4515//8572 4503//8572
f 4515//8573 4504//8573 4503//8573
f 4504//8574 4505//8574 4493//8574
f 4517//8575 4506//8575 4505//8575
f 4506//8576 4519//8576 4507//8576
f 4507//8577 4520//8577 4508//8577
f 4520//8578 4509//8578 4508//8578
f 4509//8579 4522//8579 4510//8579
f 4522//8580 4511//8580 4510//8580
f 4511//8581 4524//8581 4512//8581
f 4524//8582 4513//8582 4512//8582
f 4525//8583 4514//8583 4513//8583
f 4526//8584 4515//8584 4514//8584
f 4527//8585 4516//8585 4515//8585
f 4528//8586 4505//8586 4516//8586
f 4529//8587 4518//8587 4517//8587
f 4518//8588 4531//8588 4519//8588
f 4519//8589 4532//8589 4520//8589
f 4532//8590 4521//8590 4520//8590
f 4533//8591 4522//8591 4521//8591
f 4522//8592 4535//8592 4523//8592
f 4535//8593 4524//8593 4523//8593
f 4524//8594 4537//8594 4525//8594
f 4525//8595 4538//8595 4526//8595
f 4526//8596 4539//8596 4527//8596
f 4539//8597 4528//8597 4527//8597
f 4528//8598 4529//8598 4517//8598
f 4541//8599 4530//8599 4529//8599
f 4542//8600 4531//8600 4530//8600
f 4543//8601 4532//8601 4531//8601
f 4544//8602 4533//8602 4532//8602
f 4545//8603 4534//8603 4533//8603
f 4534//8604 4547//8604 4535//8604
f 4547//8605 4536//8605 4535//8605
f 4536//8606 4549//8606 4537//8606
f 4537//8607 4550//8607 4538//8607
f 4538//8608 4551//8608 4539//8608
f 4551//8609 4540//8609 4539//8609
f 4540//8610 4541//8610 4529//8610
f 4553//8611 4542//8611 4541//8611
f 4542//8612 4555//8612 4543//8612
f 4555//8613 4544//8613 4543//8613
f 4556//8614 4545//8614 4544//8614
f 4557//8615 4546//8615 4545//8615
f 4558//8616 4547//8616 4546//8616
f 4559//8617 4548//8617 4547//8617
f 4560//8618 4549//8618 4548//8618
f 4561//8619 4550//8619 4549//8619
f 4562//8620 4551//8620 4550//8620
f 4563//8621 4552//8621 4551//8621
f 4552//8622 4553//8622 4541//8622
f 4565//8623 4554//8623 4553//8623
f 4554//8624 4567//8624 4555//8624
f 4555//8625 4568//8625 4556//8625
f 4556//8626 4569//8626 4557//8626
f 4557//8627 4570//8627 4558//8627
f 4570//8628 4559//8628 4558//8628
f 4559//8629 4572//8629 4560//8629
f 4572//8630 4561//8630 4560//8630
f 4573//8631 4562//8631 4561//8631
f 4574//8632 4563//8632 4562//8632
f 4575//8633 4564//8633 4563//8633
f 4564//8634 4565//8634 4553//8634
f 4577//8635 4566//8635 4565//8635
f 4578//8636 4567//8636 4566//8636
f 4579//8637 4568//8637 4567//8637
f 4580//8638 4569//8638 4568//8638
f 4581//8639 4570//8639 4569//8639
f 4582//8640 4571//8640 4570//8640
f 4571//8641 4584//8641 4572//8641
f 4572//8642 4585//8642 4573//8642
f 4573//8643 4586//8643 4574//8643
f 4574//8644 4587//8644 4575//8644
f 4575//8645 4588//8645 4576//8645
f 4576//8646 4577//8646 4565//8646
f 4577//8647 4590//8647 4578//8647
f 4578//8648 4591//8648 4579//8648
f 4579//8649 4592//8649 4580//8649
f 4580//8650 4593//8650 4581//8650
f 4581//8651 4594//8651 4582//8651
f 4582//8652 4595//8652 4583//8652
f 4595//8653 4584//8653 4583//8653
f 4596//8654 4585//8654 4584//8654
f 4597//8655 4586//8655 4585//8655
f 4598//8656 4587//8656 4586//8656
f 4599//8657 4588//8657 4587//8657
f 4600//8658 4577//8658 4588//8658
f 4601//8659 4590//8659 4589//8659
f 4602//8660 4591//8660 4590//8660
f 4591//8661 4604//8661 4592//8661
f 4604//8662 4593//8662 4592//8662
f 4605//8663 4594//8663 4593//8663
f 4594//8664 4607//8664 4595//8664
f 4607//8665 4596//8665 4595//8665
f 4608//8666 4597//8666 4596//8666
f 4609//8667 4598//8667 4597//8667
f 4610//8668 4599//8668 4598//8668
f 4599//8669 4612//8669 4600//8669
f 4612//8670 4589//8670 4600//8670
f 4613//8671 4602//8671 4601//8671
f 4614//8672 4603//8672 4602//8672
f 4615//8673 4604//8673 4603//8673
f 4616//8674 4605//8674 4604//8674
f 4617//8675 4606//8675 4605//8675
f 4618//8676 4607//8676 4606//8676
f 4619//8677 4608//8677 4607//8677
f 4608//8678 4621//8678 4609//8678
f 4609//8679 4622//8679 4610//8679
f 4610//8680 4623//8680 4611//8680
f 4611//8681 4624//8681 4612//8681
f 4612//8682 4613//8682 4601//8682
f 4625//8400 4614//8400 4613//8400
f 4626//8399 4615//8399 4614//8399
f 4615//8398 4628//8398 4616//8398
f 4616//8397 4629//8397 4617//8397
f 4629//8396 4618//8396 4617//8396
f 4618//8395 4631//8395 4619//8395
f 4631//8406 4620//8406 4619//8406
f 4632//8405 4621//8405 4620//8405
f 4633//8404 4622//8404 4621//8404
f 4634//8403 4623//8403 4622//8403
f 4635//8402 4624//8402 4623//8402
f 4624//8401 4625//8401 4613//8401
f 4637//8412 4626//8412 4625//8412
f 4626//8411 4639//8411 4627//8411
f 4639//8410 4628//8410 4627//8410
f 4640//8409 4629//8409 4628//8409
f 4641//8408 4630//8408 4629//8408
f 4630//8407 4643//8407 4631//8407
f 4643//8418 4632//8418 4631//8418
f 4644//8417 4633//8417 4632//8417
f 4645//8416 4634//8416 4633//8416
f 4646//8415 4635//8415 4634//8415
f 4647//8414 4636//8414 4635//8414
f 4648//8413 4625//8413 4636//8413
f 4649//8424 4638//8424 4637//8424
f 4650//8423 4639//8423 4638//8423
f 4651//8422 4640//8422 4639//8422
f 4652//8421 4641//8421 4640//8421
f 4653//8420 4642//8420 4641//8420
f 4654//8419 4643//8419 4642//8419
f 4655//8430 4644//8430 4643//8430
f 4644//8429 4657//8429 4645//8429
f 4645//8428 4658//8428 4646//8428
f 4646//8427 4659//8427 4647//8427
f 4659//8426 4648//8426 4647//8426
f 4660//8425 4637//8425 4648//8425
f 4649//8436 4662//8436 4650//8436
f 4650//8435 4663//8435 4651//8435
f 4651//8434 4664//8434 4652//8434
f 4652//8433 4665//8433 4653//8433
f 4653//8432 4666//8432 4654//8432
f 4666//8431 4655//8431 4654//8431
f 4667//8442 4656//8442 4655//8442
f 4668//8441 4657//8441 4656//8441
f 4669//8440 4658//8440 4657//8440
f 4670//8439 4659//8439 4658//8439
f 4671//8438 4660//8438 4659//8438
f 4672//8437 4649//8437 4660//8437
f 4661//8448 4674//8448 4662//8448
f 4674//8447 4663//8447 4662//8447
f 4675//8446 4664//8446 4663//8446
f 4676//8445 4665//8445 4664//8445
f 4677//8444 4666//8444 4665//8444
f 4678//8443 4667//8443 4666//8443
f 4679//8454 4668//8454 4667//8454
f 4668//8453 4681//8453 4669//8453
f 4681//8452 4670//8452 4669//8452
f 4670//8451 4683//8451 4671//8451
f 4683//8450 4672//8450 4671//8450
f 4684//8449 4661//8449 4672//8449
f 4673//8460 4686//8460 4674//8460
f 4686//8459 4675//8459 4674//8459
f 4687//8458 4676//8458 4675//8458
f 4676//8457 4689//8457 4677//8457
f 4689//8456 4678//8456 4677//8456
f 4690//8455 4679//8455 4678//8455
f 4691//8466 4680//8466 4679//8466
f 4692//8465 4681//8465 4680//8465
f 4693//8464 4682//8464 4681//8464
f 4694//8463 4683//8463 4682//8463
f 4683//8462 4696//8462 4684//8462
f 4696//8461 4673//8461 4684//8461
f 4697//8472 4686//8472 4685//8472
f 4686//8471 4699//8471 4687//8471
f 4687//8470 4700//8470 4688//8470
f 4688//8469 4701//8469 4689//8469
f 4689//8468 4702//8468 4690//8468
f 4702//8467 4691//8467 4690//8467
f 4691//8478 4704//8478 4692//8478
f 4704//8477 4693//8477 4692//8477
f 4705//8476 4694//8476 4693//8476
f 4706//8475 4695//8475 4694//8475
f 4707//8474 4696//8474 4695//8474
f 4708//8473 4685//8473 4696//8473
f 4697//8484 4710//8484 4698//8484
f 4710//8483 4699//8483 4698//8483
f 4699//8482 4712//8482 4700//8482
f 4712//8481 4701//8481 4700//8481
f 4701//8480 4714//8480 4702//8480
f 4714//8479 4703//8479 4702//8479
f 4703//8490 4716//8490 4704//8490
f 4716//8489 4705//8489 4704//8489
f 4705//8488 4718//8488 4706//8488
f 4718//8487 4707//8487 4706//8487
f 4707//8486 4720//8486 4708//8486
f 4720//8485 4697//8485 4708//8485
f 4721//8496 4710//8496 4709//8496
f 4722//8495 4711//8495 4710//8495
f 4723//8494 4712//8494 4711//8494
f 4724//8493 4713//8493 4712//8493
f 4725//8492 4714//8492 4713//8492
f 4714//8491 4727//8491 4715//8491
f 4727//8502 4716//8502 4715//8502
f 4716//8501 4729//8501 4717//8501
f 4729//8500 4718//8500 4717//8500
f 4718//8499 4731//8499 4719//8499
f 4719//8498 4732//8498 4720//8498
f 4732//8497 4709//8497 4720//8497
f 4733//8508 4722//8508 4721//8508
f 4722//8507 4735//8507 4723//8507
f 4735//8506 4724//8506 4723//8506
f 4736//8505 4725//8505 4724//8505
f 4725//8504 4738//8504 4726//8504
f 4738//8503 4727//8503 4726//8503
f 4727//8514 4740//8514 4728//8514
f 4728//8513 4741//8513 4729//8513
f 4741//8512 4730//8512 4729//8512
f 4730//8511 4743//8511 4731//8511
f 4743//8510 4732//8510 4731//8510
f 4744//8509 4721//8509 4732//8509
f 4745//8520 4734//8520 4733//8520
f 4746//8519 4735//8519 4734//8519
f 4747//8518 4736//8518 4735//8518
f 4748//8517 4737//8517 4736//8517
f 4737//8516 4750//8516 4738//8516
f 4750//8515 4739//8515 4738//8515
f 4739//8526 4752//8526 4740//8526
f 4740//8525 4753//8525 4741//8525
f 4741//8524 4754//8524 4742//8524
f 4742//8523 4755//8523 4743//8523
f 4755//8522 4744//8522 4743//8522
f 4744//8521 4745//8521 4733//8521
f 4757//8532 4746//8532 4745//8532
f 4746//8531 4759//8531 4747//8531
f 4747//8530 4760//8530 4748//8530
f 4748//8529 4761//8529 4749//8529
f 4749//8528 4762//8528 4750//8528
f 4762//8527 4751//8527 4750//8527
f 4763//8538 4752//8538 4751//8538
f 4764//8537 4753//8537 4752//8537
f 4765//8536 4754//8536 4753//8536
f 4766//8535 4755//8535 4754//8535
f 4767//8534 4756//8534 4755//8534
f 4756//8533 4757//8533 4745//8533
f 4769//8544 4758//8544 4757//8544
f 4770//8543 4759//8543 4758//8543
f 4759//8542 4772//8542 4760//8542
f 4772//8541 4761//8541 4760//8541
f 4773//8540 4762//8540 4761//8540
f 4774//8539 4763//8539 4762//8539
f 4763//8550 4776//8550 4764//8550
f 4764//8549 4777//8549 4765//8549
f 4765//8548 4778//8548 4766//8548
f 4778//8547 4767//8547 4766//8547
f 4779//8546 4768//8546 4767//8546
f 4768//8545 4769//8545 4757//8545
f 4781//8556 4770//8556 4769//8556
f 4782//8555 4771//8555 4770//8555
f 4771//8554 4784//8554 4772//8554
f 4772//8553 4785//8553 4773//8553
f 4785//8552 4774//8552 4773//8552
f 4786//8551 4775//8551 4774//8551
f 4787//8562 4776//8562 4775//8562
f 4788//8561 4777//8561 4776//8561
f 4789//8560 4778//8560 4777//8560
f 4790//8559 4779//8559 4778//8559
f 4779//8558 4792//8558 4780//8558
f 4792//8557 4769//8557 4780//8557
f 4793//8568 4782//8568 4781//8568
f 4794//8567 4783//8567 4782//8567
f 4795//8566 4784//8566 4783//8566
f 4796//8565 4785//8565 4784//8565
f 4797//8564 4786//8564 4785//8564
f 4798//8563 4787//8563 4786//8563
f 4787//8574 4800//8574 4788//8574
f 4788//8573 4801//8573 4789//8573
f 4789//8572 4802//8572 4790//8572
f 4790//8571 4803//8571 4791//8571
f 4791//8570 4804//8570 4792//8570
f 4804//8569 4781//8569 4792//8569
f 4805//8580 4794//8580 4793//8580
f 4794//8579 4807//8579 4795//8579
f 4807//8578 4796//8578 4795//8578
f 4796//8577 4809//8577 4797//8577
f 4797//8576 4810//8576 4798//8576
f 4798//8575 4811//8575 4799//8575
f 4811//8586 4800//8586 4799//8586
f 4812//8585 4801//8585 4800//8585
f 4801//8584 4814//8584 4802//8584
f 4814//8583 4803//8583 4802//8583
f 4815//8582 4804//8582 4803//8582
f 4804//8581 4805//8581 4793//8581
f 4817//8592 4806//8592 4805//8592
f 4806//8591 4819//8591 4807//8591
f 4807//8590 4820//8590 4808//8590
f 4808//8589 4821//8589 4809//8589
f 4809//8588 4822//8588 4810//8588
f 4822//8587 4811//8587 4810//8587
f 4823//8598 4812//8598 4811//8598
f 4824//8597 4813//8597 4812//8597
f 4825//8596 4814//8596 4813//8596
f 4826//8595 4815//8595 4814//8595
f 4827//8594 4816//8594 4815//8594
f 4816//8593 4817//8593 4805//8593
f 4817//8604 4830//8604 4818//8604
f 4830//8603 4819//8603 4818//8603
f 4831//8602 4820//8602 4819//8602
f 4820//8601 4833//8601 4821//8601
f 4821//8600 4834//8600 4822//8600
f 4834//8599 4823//8599 4822//8599
f 4823//8610 4836//8610 4824//8610
f 4836//8609 4825//8609 4824//8609
f 4825//8608 4838//8608 4826//8608
f 4826//8607 4839//8607 4827//8607
f 4827//8606 4840//8606 4828//8606
f 4840//8605 4817//8605 4828//8605
f 4829//8616 4842//8616 4830//8616
f 4842//8615 4831//8615 4830//8615
f 4843//8614 4832//8614 4831//8614
f 4844//8613 4833//8613 4832//8613
f 4833//8612 4846//8612 4834//8612
f 4846//8611 4835//8611 4834//8611
f 4847//8622 4836//8622 4835//8622
f 4848//8621 4837//8621 4836//8621
f 4849//8620 4838//8620 4837//8620
f 4838//8619 4851//8619 4839//8619
f 4839//8618 4852//8618 4840//8618
f 4852//8617 4829//8617 4840//8617
f 4841//8628 4854//8628 4842//8628
f 4842//8627 4855//8627 4843//8627
f 4843//8626 4856//8626 4844//8626
f 4856//8625 4845//8625 4844//8625
f 4857//8624 4846//8624 4845//8624
f 4858//8623 4847//8623 4846//8623
f 4859//8634 4848//8634 4847//8634
f 4860//8633 4849//8633 4848//8633
f 4849//8632 4862//8632 4850//8632
f 4850//8631 4863//8631 4851//8631
f 4863//8630 4852//8630 4851//8630
f 4864//8629 4841//8629 4852//8629
f 4853//8640 4866//8640 4854//8640
f 4866//8639 4855//8639 4854//8639
f 4867//8638 4856//8638 4855//8638
f 4868//8637 4857//8637 4856//8637
f 4869//8636 4858//8636 4857//8636
f 4870//8635 4859//8635 4858//8635
f 4859//8646 4872//8646 4860//8646
f 4860//8645 4873//8645 4861//8645
f 4861//8644 4874//8644 4862//8644
f 4874//8643 4863//8643 4862//8643
f 4863//8642 4876//8642 4864//8642
f 4876//8641 4853//8641 4864//8641
f 4865//8652 4878//8652 4866//8652
f 4878//8651 4867//8651 4866//8651
f 4867//8650 4880//8650 4868//8650
f 4868//8649 4881//8649 4869//8649
f 4869//8648 4882//8648 4870//8648
f 4870//8647 4883//8647 4871//8647
f 4883//8658 4872//8658 4871//8658
f 4884//8657 4873//8657 4872//8657
f 4885//8656 4874//8656 4873//8656
f 4886//8655 4875//8655 4874//8655
f 4887//8654 4876//8654 4875//8654
f 4888//8653 4865//8653 4876//8653
f 4889//8664 4878//8664 4877//8664
f 4890//8663 4879//8663 4878//8663
f 4891//8662 4880//8662 4879//8662
f 4892//8661 4881//8661 4880//8661
f 4881//8660 4894//8660 4882//8660
f 4894//8659 4883//8659 4882//8659
f 4895//8670 4884//8670 4883//8670
f 4896//8669 4885//8669 4884//8669
f 4897//8668 4886//8668 4885//8668
f 4898//8667 4887//8667 4886//8667
f 4887//8666 4900//8666 4888//8666
f 4900//8665 4877//8665 4888//8665
f 4325//8676 4890//8676 4889//8676
f 4326//8675 4891//8675 4890//8675
f 4327//8674 4892//8674 4891//8674
f 4892//8673 4329//8673 4893//8673
f 4329//8672 4894//8672 4893//8672
f 4330//8671 4895//8671 4894//8671
f 4331//8682 4896//8682 4895//8682
f 4896//8681 4333//8681 4897//8681
f 4333//8680 4898//8680 4897//8680
f 4898//8679 4335//8679 4899//8679
f 4335//8678 4900//8678 4899//8678
f 4336//8677 4889//8677 4900//8677
f 4337//8395 4338//8395 4326//8395
f 4338//8396 4339//8396 4327//8396
f 4327//8397 4339//8397 4340//8397
f 4340//8398 4341//8398 4329//8398
f 4341//8399 4342//8399 4330//8399
f 4342//8400 4343//8400 4331//8400
f 4343//8401 4344//8401 4332//8401
f 4344//8402 4345//8402 4333//8402
f 4333//8403 4345//8403 4346//8403
f 4346//8404 4347//8404 4335//8404
f 4347//8405 4348//8405 4336//8405
f 4336//8406 4348//8406 4337//8406
f 4337//8407 4349//8407 4350//8407
f 4338//8408 4350//8408 4351//8408
f 4339//8409 4351//8409 4352//8409
f 4340//8410 4352//8410 4353//8410
f 4341//8411 4353//8411 4354//8411
f 4342//8412 4354//8412 4355//8412
f 4355//8413 4356//8413 4344//8413
f 4356//8414 4357//8414 4345//8414
f 4357//8415 4358//8415 4346//8415
f 4358//8416 4359//8416 4347//8416
f 4359//8417 4360//8417 4348//8417
f 4360//8418 4349//8418 4337//8418
f 4361//8419 4362//8419 4350//8419
f 4362//8420 4363//8420 4351//8420
f 4363//8421 4364//8421 4352//8421
f 4364//8422 4365//8422 4353//8422
f 4365//8423 4366//8423 4354//8423
f 4366//8424 4367//8424 4355//8424
f 4367//8425 4368//8425 4356//8425
f 4356//8426 4368//8426 4369//8426
f 4369//8427 4370//8427 4358//8427
f 4358//8428 4370//8428 4371//8428
f 4371//8429 4372//8429 4360//8429
f 4360//8430 4372//8430 4361//8430
f 4373//8431 4374//8431 4362//8431
f 4362//8432 4374//8432 4375//8432
f 4375//8433 4376//8433 4364//8433
f 4376//8434 4377//8434 4365//8434
f 4377//8435 4378//8435 4366//8435
f 4366//8436 4378//8436 4379//8436
f 4379//8437 4380//8437 4368//8437
f 4368//8438 4380//8438 4381//8438
f 4381//8439 4382//8439 4370//8439
f 4382//8440 4383//8440 4371//8440
f 4383//8441 4384//8441 4372//8441
f 4372//8442 4384//8442 4373//8442
f 4385//8443 4386//8443 4374//8443
f 4386//8444 4387//8444 4375//8444
f 4387//8445 4388//8445 4376//8445
f 4376//8446 4388//8446 4389//8446
f 4389//8447 4390//8447 4378//8447
f 4390//8448 4391//8448 4379//8448
f 4391//8449 4392//8449 4380//8449
f 4392//8450 4393//8450 4381//8450
f 4393//8451 4394//8451 4382//8451
f 4394//8452 4395//8452 4383//8452
f 4383//8453 4395//8453 4396//8453
f 4384//8454 4396//8454 4385//8454
f 4397//8455 4398//8455 4386//8455
f 4398//8456 4399//8456 4387//8456
f 4399//8457 4400//8457 4388//8457
f 4400//8458 4401//8458 4389//8458
f 4401//8459 4402//8459 4390//8459
f 4402//8460 4403//8460 4391//8460
f 4391//8461 4403//8461 4404//8461
f 4392//8462 4404//8462 4405//8462
f 4393//8463 4405//8463 4406//8463
f 4406//8464 4407//8464 4395//8464
f 4395//8465 4407//8465 4408//8465
f 4396//8466 4408//8466 4397//8466
f 4409//8467 4410//8467 4398//8467
f 4410//8468 4411//8468 4399//8468
f 4411//8469 4412//8469 4400//8469
f 4412//8470 4413//8470 4401//8470
f 4401//8471 4413//8471 4414//8471
f 4402//8472 4414//8472 4415//8472
f 4415//8473 4416//8473 4404//8473
f 4416//8474 4417//8474 4405//8474
f 4405//8475 4417//8475 4418//8475
f 4418//8476 4419//8476 4407//8476
f 4407//8477 4419//8477 4420//8477
f 4420//8478 4409//8478 4397//8478
f 4409//8479 4421//8479 4422//8479
f 4422//8480 4423//8480 4411//8480
f 4411//8481 4423//8481 4424//8481
f 4424//8482 4425//8482 4413//8482
f 4425//8483 4426//8483 4414//8483
f 4426//8484 4427//8484 4415//8484
f 4427//8485 4428//8485 4416//8485
f 4428//8486 4429//8486 4417//8486
f 4417//8487 4429//8487 4430//8487
f 4430//8488 4431//8488 4419//8488
f 4431//8489 4432//8489 4420//8489
f 4432//8490 4421//8490 4409//8490
f 4421//8491 4433//8491 4434//8491
f 4434//8492 4435//8492 4423//8492
f 4435//8493 4436//8493 4424//8493
f 4436//8494 4437//8494 4425//8494
f 4437//8495 4438//8495 4426//8495
f 4438//8496 4439//8496 4427//8496
f 4427//8497 4439//8497 4440//8497
f 4428//8498 4440//8498 4441//8498
f 4441//8499 4442//8499 4430//8499
f 4442//8500 4443//8500 4431//8500
f 4431//8501 4443//8501 4444//8501
f 4444//8502 4433//8502 4421//8502
f 4445//8503 4446//8503 4434//8503
f 4434//8504 4446//8504 4447//8504
f 4447//8505 4448//8505 4436//8505
f 4448//8506 4449//8506 4437//8506
f 4449//8507 4450//8507 4438//8507
f 4438//8508 4450//8508 4451//8508
f 4439//8509 4451//8509 4452//8509
f 4440//8510 4452//8510 4453//8510
f 4453//8511 4454//8511 4442//8511
f 4454//8512 4455//8512 4443//8512
f 4443//8513 4455//8513 4456//8513
f 4456//8514 4445//8514 4433//8514
f 4445//8515 4457//8515 4458//8515
f 4446//8516 4458//8516 4459//8516
f 4447//8517 4459//8517 4460//8517
f 4448//8518 4460//8518 4461//8518
f 4449//8519 4461//8519 4462//8519
f 4450//8520 4462//8520 4463//8520
f 4463//8521 4464//8521 4452//8521
f 4464//8522 4465//8522 4453//8522
f 4453//8523 4465//8523 4466//8523
f 4466//8524 4467//8524 4455//8524
f 4467//8525 4468//8525 4456//8525
f 4468//8526 4457//8526 4445//8526
f 4457//8527 4469//8527 4470//8527
f 4470//8528 4471//8528 4459//8528
f 4471//8529 4472//8529 4460//8529
f 4460//8530 4472//8530 4473//8530
f 4461//8531 4473//8531 4474//8531
f 4474//8532 4475//8532 4463//8532
f 4475//8533 4476//8533 4464//8533
f 4476//8534 4477//8534 4465//8534
f 4477//8535 4478//8535 4466//8535
f 4478//8536 4479//8536 4467//8536
f 4467//8537 4479//8537 4480//8537
f 4480//8538 4469//8538 4457//8538
f 4469//8539 4481//8539 4482//8539
f 4482//8540 4483//8540 4471//8540
f 4483//8541 4484//8541 4472//8541
f 4484//8542 4485//8542 4473//8542
f 4485//8543 4486//8543 4474//8543
f 4486//8544 4487//8544 4475//8544
f 4487//8545 4488//8545 4476//8545
f 4488//8546 4489//8546 4477//8546
f 4477//8547 4489//8547 4490//8547
f 4490//8548 4491//8548 4479//8548
f 4491//8549 4492//8549 4480//8549
f 4492//8550 4481//8550 4469//8550
f 4493//8551 4494//8551 4482//8551
f 4482//8552 4494//8552 4495//8552
f 4495//8553 4496//8553 4484//8553
f 4484//8554 4496//8554 4497//8554
f 4497//8555 4498//8555 4486//8555
f 4498//8556 4499//8556 4487//8556
f 4499//8557 4500//8557 4488//8557
f 4500//8558 4501//8558 4489//8558
f 4501//8559 4502//8559 4490//8559
f 4502//8560 4503//8560 4491//8560
f 4503//8561 4504//8561 4492//8561
f 4504//8562 4493//8562 4481//8562
f 4505//8563 4506//8563 4494//8563
f 4494//8564 4506//8564 4507//8564
f 4507//8565 4508//8565 4496//8565
f 4508//8566 4509//8566 4497//8566
f 4509//8567 4510//8567 4498//8567
f 4510//8568 4511//8568 4499//8568
f 4511//8569 4512//8569 4500//8569
f 4500//8570 4512//8570 4513//8570
f 4501//8571 4513//8571 4514//8571
f 4502//8572 4514//8572 4515//8572
f 4515//8573 4516//8573 4504//8573
f 4504//8574 4516//8574 4505//8574
f 4517//8575 4518//8575 4506//8575
f 4506//8576 4518//8576 4519//8576
f 4507//8577 4519//8577 4520//8577
f 4520//8578 4521//8578 4509//8578
f 4509//8579 4521//8579 4522//8579
f 4522//8580 4523//8580 4511//8580
f 4511//8581 4523//8581 4524//8581
f 4524//8582 4525//8582 4513//8582
f 4525//8583 4526//8583 4514//8583
f 4526//8584 4527//8584 4515//8584
f 4527//8585 4528//8585 4516//8585
f 4528//8586 4517//8586 4505//8586
f 4529//8587 4530//8587 4518//8587
f 4518//8588 4530//8588 4531//8588
f 4519//8589 4531//8589 4532//8589
f 4532//8590 4533//8590 4521//8590
f 4533//8591 4534//8591 4522//8591
f 4522//8592 4534//8592 4535//8592
f 4535//8593 4536//8593 4524//8593
f 4524//8594 4536//8594 4537//8594
f 4525//8595 4537//8595 4538//8595
f 4526//8596 4538//8596 4539//8596
f 4539//8597 4540//8597 4528//8597
f 4528//8598 4540//8598 4529//8598
f 4541//8599 4542//8599 4530//8599
f 4542//8600 4543//8600 4531//8600
f 4543//8601 4544//8601 4532//8601
f 4544//8602 4545//8602 4533//8602
f 4545//8603 4546//8603 4534//8603
f 4534//8604 4546//8604 4547//8604
f 4547//8605 4548//8605 4536//8605
f 4536//8606 4548//8606 4549//8606
f 4537//8607 4549//8607 4550//8607
f 4538//8608 4550//8608 4551//8608
f 4551//8609 4552//8609 4540//8609
f 4540//8610 4552//8610 4541//8610
f 4553//8611 4554//8611 4542//8611
f 4542//8612 4554//8612 4555//8612
f 4555//8613 4556//8613 4544//8613
f 4556//8614 4557//8614 4545//8614
f 4557//8615 4558//8615 4546//8615
f 4558//8616 4559//8616 4547//8616
f 4559//8617 4560//8617 4548//8617
f 4560//8618 4561//8618 4549//8618
f 4561//8619 4562//8619 4550//8619
f 4562//8620 4563//8620 4551//8620
f 4563//8621 4564//8621 4552//8621
f 4552//8622 4564//8622 4553//8622
f 4565//8623 4566//8623 4554//8623
f 4554//8624 4566//8624 4567//8624
f 4555//8625 4567//8625 4568//8625
f 4556//8626 4568//8626 4569//8626
f 4557//8627 4569//8627 4570//8627
f 4570//8628 4571//8628 4559//8628
f 4559//8629 4571//8629 4572//8629
f 4572//8630 4573//8630 4561//8630
f 4573//8631 4574//8631 4562//8631
f 4574//8632 4575//8632 4563//8632
f 4575//8633 4576//8633 4564//8633
f 4564//8634 4576//8634 4565//8634
f 4577//8635 4578//8635 4566//8635
f 4578//8636 4579//8636 4567//8636
f 4579//8637 4580//8637 4568//8637
f 4580//8638 4581//8638 4569//8638
f 4581//8639 4582//8639 4570//8639
f 4582//8640 4583//8640 4571//8640
f 4571//8641 4583//8641 4584//8641
f 4572//8642 4584//8642 4585//8642
f 4573//8643 4585//8643 4586//8643
f 4574//8644 4586//8644 4587//8644
f 4575//8645 4587//8645 4588//8645
f 4576//8646 4588//8646 4577//8646
f 4577//8647 4589//8647 4590//8647
f 4578//8648 4590//8648 4591//8648
f 4579//8649 4591//8649 4592//8649
f 4580//8650 4592//8650 4593//8650
f 4581//8651 4593//8651 4594//8651
f 4582//8652 4594//8652 4595//8652
f 4595//8653 4596//8653 4584//8653
f 4596//8654 4597//8654 4585//8654
f 4597//8655 4598//8655 4586//8655
f 4598//8656 4599//8656 4587//8656
f 4599//8657 4600//8657 4588//8657
f 4600//8658 4589//8658 4577//8658
f 4601//8659 4602//8659 4590//8659
f 4602//8660 4603//8660 4591//8660
f 4591//8661 4603//8661 4604//8661
f 4604//8662 4605//8662 4593//8662
f 4605//8663 4606//8663 4594//8663
f 4594//8664 4606//8664 4607//8664
f 4607//8665 4608//8665 4596//8665
f 4608//8666 4609//8666 4597//8666
f 4609//8667 4610//8667 4598//8667
f 4610//8668 4611//8668 4599//8668
f 4599//8669 4611//8669 4612//8669
f 4612//8670 4601//8670 4589//8670
f 4613//8671 4614//8671 4602//8671
f 4614//8672 4615//8672 4603//8672
f 4615//8673 4616//8673 4604//8673
f 4616//8674 4617//8674 4605//8674
f 4617//8675 4618//8675 4606//8675
f 4618//8676 4619//8676 4607//8676
f 4619//8677 4620//8677 4608//8677
f 4608//8678 4620//8678 4621//8678
f 4609//8679 4621//8679 4622//8679
f 4610//8680 4622//8680 4623//8680
f 4611//8681 4623//8681 4624//8681
f 4612//8682 4624//8682 4613//8682
f 4625//8400 4626//8400 4614//8400
f 4626//8399 4627//8399 4615//8399
f 4615//8398 4627//8398 4628//8398
f 4616//8397 4628//8397 4629//8397
f 4629//8396 4630//8396 4618//8396
f 4618//8395 4630//8395 4631//8395
f 4631//8406 4632//8406 4620//8406
f 4632//8405 4633//8405 4621//8405
f 4633//8404 4634//8404 4622//8404
f 4634//8403 4635//8403 4623//8403
f 4635//8402 4636//8402 4624//8402
f 4624//8401 4636//8401 4625//8401
f 4637//8412 4638//8412 4626//8412
f 4626//8411 4638//8411 4639//8411
f 4639//8410 4640//8410 4628//8410
f 4640//8409 4641//8409 4629//8409
f 4641//8408 4642//8408 4630//8408
f 4630//8407 4642//8407 4643//8407
f 4643//8418 4644//8418 4632//8418
f 4644//8417 4645//8417 4633//8417
f 4645//8416 4646//8416 4634//8416
f 4646//8415 4647//8415 4635//8415
f 4647//8414 4648//8414 4636//8414
f 4648//8413 4637//8413 4625//8413
f 4649//8424 4650//8424 4638//8424
f 4650//8423 4651//8423 4639//8423
f 4651//8422 4652//8422 4640//8422
f 4652//8421 4653//8421 4641//8421
f 4653//8420 4654//8420 4642//8420
f 4654//8419 4655//8419 4643//8419
f 4655//8430 4656//8430 4644//8430
f 4644//8429 4656//8429 4657//8429
f 4645//8428 4657//8428 4658//8428
f 4646//8427 4658//8427 4659//8427
f 4659//8426 4660//8426 4648//8426
f 4660//8425 4649//8425 4637//8425
f 4649//8436 4661//8436 4662//8436
f 4650//8435 4662//8435 4663//8435
f 4651//8434 4663//8434 4664//8434
f 4652//8433 4664//8433 4665//8433
f 4653//8432 4665//8432 4666//8432
f 4666//8431 4667//8431 4655//8431
f 4667//8442 4668//8442 4656//8442
f 4668//8441 4669//8441 4657//8441
f 4669//8440 4670//8440 4658//8440
f 4670//8439 4671//8439 4659//8439
f 4671//8438 4672//8438 4660//8438
f 4672//8437 4661//8437 4649//8437
f 4661//8448 4673//8448 4674//8448
f 4674//8447 4675//8447 4663//8447
f 4675//8446 4676//8446 4664//8446
f 4676//8445 4677//8445 4665//8445
f 4677//8444 4678//8444 4666//8444
f 4678//8443 4679//8443 4667//8443
f 4679//8454 4680//8454 4668//8454
f 4668//8453 4680//8453 4681//8453
f 4681//8452 4682//8452 4670//8452
f 4670//8451 4682//8451 4683//8451
f 4683//8450 4684//8450 4672//8450
f 4684//8449 4673//8449 4661//8449
f 4673//8460 4685//8460 4686//8460
f 4686//8459 4687//8459 4675//8459
f 4687//8458 4688//8458 4676//8458
f 4676//8457 4688//8457 4689//8457
f 4689//8456 4690//8456 4678//8456
f 4690//8455 4691//8455 4679//8455
f 4691//8466 4692//8466 4680//8466
f 4692//8465 4693//8465 4681//8465
f 4693//8464 4694//8464 4682//8464
f 4694//8463 4695//8463 4683//8463
f 4683//8462 4695//8462 4696//8462
f 4696//8461 4685//8461 4673//8461
f 4697//8472 4698//8472 4686//8472
f 4686//8471 4698//8471 4699//8471
f 4687//8470 4699//8470 4700//8470
f 4688//8469 4700//8469 4701//8469
f 4689//8468 4701//8468 4702//8468
f 4702//8467 4703//8467 4691//8467
f 4691//8478 4703//8478 4704//8478
f 4704//8477 4705//8477 4693//8477
f 4705//8476 4706//8476 4694//8476
f 4706//8475 4707//8475 4695//8475
f 4707//8474 4708//8474 4696//8474
f 4708//8473 4697//8473 4685//8473
f 4697//8484 4709//8484 4710//8484
f 4710//8483 4711//8483 4699//8483
f 4699//8482 4711//8482 4712//8482
f 4712//8481 4713//8481 4701//8481
f 4701//8480 4713//8480 4714//8480
f 4714//8479 4715//8479 4703//8479
f 4703//8490 4715//8490 4716//8490
f 4716//8489 4717//8489 4705//8489
f 4705//8488 4717//8488 4718//8488
f 4718//8487 4719//8487 4707//8487
f 4707//8486 4719//8486 4720//8486
f 4720//8485 4709//8485 4697//8485
f 4721//8496 4722//8496 4710//8496
f 4722//8495 4723//8495 4711//8495
f 4723//8494 4724//8494 4712//8494
f 4724//8493 4725//8493 4713//8493
f 4725//8492 4726//8492 4714//8492
f 4714//8491 4726//8491 4727//8491
f 4727//8502 4728//8502 4716//8502
f 4716//8501 4728//8501 4729//8501
f 4729//8500 4730//8500 4718//8500
f 4718//8499 4730//8499 4731//8499
f 4719//8498 4731//8498 4732//8498
f 4732//8497 4721//8497 4709//8497
f 4733//8508 4734//8508 4722//8508
f 4722//8507 4734//8507 4735//8507
f 4735//8506 4736//8506 4724//8506
f 4736//8505 4737//8505 4725//8505
f 4725//8504 4737//8504 4738//8504
f 4738//8503 4739//8503 4727//8503
f 4727//8514 4739//8514 4740//8514
f 4728//8513 4740//8513 4741//8513
f 4741//8512 4742//8512 4730//8512
f 4730//8511 4742//8511 4743//8511
f 4743//8510 4744//8510 4732//8510
f 4744//8509 4733//8509 4721//8509
f 4745//8520 4746//8520 4734//8520
f 4746//8519 4747//8519 4735//8519
f 4747//8518 4748//8518 4736//8518
f 4748//8517 4749//8517 4737//8517
f 4737//8516 4749//8516 4750//8516
f 4750//8515 4751//8515 4739//8515
f 4739//8526 4751//8526 4752//8526
f 4740//8525 4752//8525 4753//8525
f 4741//8524 4753//8524 4754//8524
f 4742//8523 4754//8523 4755//8523
f 4755//8522 4756//8522 4744//8522
f 4744//8521 4756//8521 4745//8521
f 4757//8532 4758//8532 4746//8532
f 4746//8531 4758//8531 4759//8531
f 4747//8530 4759//8530 4760//8530
f 4748//8529 4760//8529 4761//8529
f 4749//8528 4761//8528 4762//8528
f 4762//8527 4763//8527 4751//8527
f 4763//8538 4764//8538 4752//8538
f 4764//8537 4765//8537 4753//8537
f 4765//8536 4766//8536 4754//8536
f 4766//8535 4767//8535 4755//8535
f 4767//8534 4768//8534 4756//8534
f 4756//8533 4768//8533 4757//8533
f 4769//8544 4770//8544 4758//8544
f 4770//8543 4771//8543 4759//8543
f 4759//8542 4771//8542 4772//8542
f 4772//8541 4773//8541 4761//8541
f 4773//8540 4774//8540 4762//8540
f 4774//8539 4775//8539 4763//8539
f 4763//8550 4775//8550 4776//8550
f 4764//8549 4776//8549 4777//8549
f 4765//8548 4777//8548 4778//8548
f 4778//8547 4779//8547 4767//8547
f 4779//8546 4780//8546 4768//8546
f 4768//8545 4780//8545 4769//8545
f 4781//8556 4782//8556 4770//8556
f 4782//8555 4783//8555 4771//8555
f 4771//8554 4783//8554 4784//8554
f 4772//8553 4784//8553 4785//8553
f 4785//8552 4786//8552 4774//8552
f 4786//8551 4787//8551 4775//8551
f 4787//8562 4788//8562 4776//8562
f 4788//8561 4789//8561 4777//8561
f 4789//8560 4790//8560 4778//8560
f 4790//8559 4791//8559 4779//8559
f 4779//8558 4791//8558 4792//8558
f 4792//8557 4781//8557 4769//8557
f 4793//8568 4794//8568 4782//8568
f 4794//8567 4795//8567 4783//8567
f 4795//8566 4796//8566 4784//8566
f 4796//8565 4797//8565 4785//8565
f 4797//8564 4798//8564 4786//8564
f 4798//8563 4799//8563 4787//8563
f 4787//8574 4799//8574 4800//8574
f 4788//8573 4800//8573 4801//8573
f 4789//8572 4801//8572 4802//8572
f 4790//8571 4802//8571 4803//8571
f 4791//8570 4803//8570 4804//8570
f 4804//8569 4793//8569 4781//8569
f 4805//8580 4806//8580 4794//8580
f 4794//8579 4806//8579 4807//8579
f 4807//8578 4808//8578 4796//8578
f 4796//8577 4808//8577 4809//8577
f 4797//8576 4809//8576 4810//8576
f 4798//8575 4810//8575 4811//8575
f 4811//8586 4812//8586 4800//8586
f 4812//8585 4813//8585 4801//8585
f 4801//8584 4813//8584 4814//8584
f 4814//8583 4815//8583 4803//8583
f 4815//8582 4816//8582 4804//8582
f 4804//8581 4816//8581 4805//8581
f 4817//8592 4818//8592 4806//8592
f 4806//8591 4818//8591 4819//8591
f 4807//8590 4819//8590 4820//8590
f 4808//8589 4820//8589 4821//8589
f 4809//8588 4821//8588 4822//8588
f 4822//8587 4823//8587 4811//8587
f 4823//8598 4824//8598 4812//8598
f 4824//8597 4825//8597 4813//8597
f 4825//8596 4826//8596 4814//8596
f 4826//8595 4827//8595 4815//8595
f 4827//8594 4828//8594 4816//8594
f 4816//8593 4828//8593 4817//8593
f 4817//8604 4829//8604 4830//8604
f 4830//8603 4831//8603 4819//8603
f 4831//8602 4832//8602 4820//8602
f 4820//8601 4832//8601 4833//8601
f 4821//8600 4833//8600 4834//8600
f 4834//8599 4835//8599 4823//8599
f 4823//8610 4835//8610 4836//8610
f 4836//8609 4837//8609 4825//8609
f 4825//8608 4837//8608 4838//8608
f 4826//8607 4838//8607 4839//8607
f 4827//8606 4839//8606 4840//8606
f 4840//8605 4829//8605 4817//8605
f 4829//8616 4841//8616 4842//8616
f 4842//8615 4843//8615 4831//8615
f 4843//8614 4844//8614 4832//8614
f 4844//8613 4845//8613 4833//8613
f 4833//8612 4845//8612 4846//8612
f 4846//8611 4847//8611 4835//8611
f 4847//8622 4848//8622 4836//8622
f 4848//8621 4849//8621 4837//8621
f 4849//8620 4850//8620 4838//8620
f 4838//8619 4850//8619 4851//8619
f 4839//8618 4851//8618 4852//8618
f 4852//8617 4841//8617 4829//8617
f 4841//8628 4853//8628 4854//8628
f 4842//8627 4854//8627 4855//8627
f 4843//8626 4855//8626 4856//8626
f 4856//8625 4857//8625 4845//8625
f 4857//8624 4858//8624 4846//8624
f 4858//8623 4859//8623 4847//8623
f 4859//8634 4860//8634 4848//8634
f 4860//8633 4861//8633 4849//8633
f 4849//8632 4861//8632 4862//8632
f 4850//8631 4862//8631 4863//8631
f 4863//8630 4864//8630 4852//8630
f 4864//8629 4853//8629 4841//8629
f 4853//8640 4865//8640 4866//8640
f 4866//8639 4867//8639 4855//8639
f 4867//8638 4868//8638 4856//8638
f 4868//8637 4869//8637 4857//8637
f 4869//8636 4870//8636 4858//8636
f 4870//8635 4871//8635 4859//8635
f 4859//8646 4871//8646 4872//8646
f 4860//8645 4872//8645 4873//8645
f 4861//8644 4873//8644 4874//8644
f 4874//8643 4875//8643 4863//8643
f 4863//8642 4875//8642 4876//8642
f 4876//8641 4865//8641 4853//8641
f 4865//8652 4877//8652 4878//8652
f 4878//8651 4879//8651 4867//8651
f 4867//8650 4879//8650 4880//8650
f 4868//8649 4880//8649 4881//8649
f 4869//8648 4881//8648 4882//8648
f 4870//8647 4882//8647 4883//8647
f 4883//8658 4884//8658 4872//8658
f 4884//8657 4885//8657 4873//8657
f 4885//8656 4886//8656 4874//8656
f 4886//8655 4887//8655 4875//8655
f 4887//8654 4888//8654 4876//8654
f 4888//8653 4877//8653 4865//8653
f 4889//8664 4890//8664 4878//8664
f 4890//8663 4891//8663 4879//8663
f 4891//8662 4892//8662 4880//8662
f 4892//8661 4893//8661 4881//8661
f 4881//8660 4893//8660 4894//8660
f 4894//8659 4895//8659 4883//8659
f 4895//8670 4896//8670 4884//8670
f 4896//8669 4897//8669 4885//8669
f 4897//8668 4898//8668 4886//8668
f 4898//8667 4899//8667 4887//8667
f 4887//8666 4899//8666 4900//8666
f 4900//8665 4889//8665 4877//8665
f 4325//8676 4326//8676 4890//8676
f 4326//8675 4327//8675 4891//8675
f 4327//8674 4328//8674 4892//8674
f 4892//8673 4328//8673 4329//8673
f 4329//8672 4330//8672 4894//8672
f 4330//8671 4331//8671 4895//8671
f 4331//8682 4332//8682 4896//8682
f 4896//8681 4332//8681 4333//8681
f 4333//8680 4334//8680 4898//8680
f 4898//8679 4334//8679 4335//8679
f 4335//8678 4336//8678 4900//8678
f 4336//8677 4325//8677 4889//8677
o astaRuotaPost
v 0.004750 0.409290 1.435317
v 0.004750 0.851382 1.489599
v 0.007361 0.409258 1.435572
v 0.007361 0.851350 1.489854
v 0.009872 0.409166 1.436328
v 0.009872 0.851258 1.490610
v 0.012186 0.409015 1.437555
v 0.012186 0.851107 1.491838
v 0.014214 0.408812 1.439207
v 0.014214 0.850904 1.493490
v 0.015878 0.408565 1.441220
v 0.015878 0.850657 1.495502
v 0.017115 0.408283 1.443517
v 0.017115 0.850375 1.497799
v 0.017876 0.407977 1.446009
v 0.017876 0.850069 1.500291
v 0.018133 0.407659 1.448600
v 0.018133 0.849751 1.502882
v 0.017876 0.407341 1.451192
v 0.017876 0.849433 1.505474
v 0.017115 0.407035 1.453684
v 0.017115 0.849127 1.507966
v 0.015878 0.406753 1.455980
v 0.015878 0.848845 1.510262
v 0.014214 0.406505 1.457993
v 0.014214 0.848598 1.512275
v 0.012186 0.406303 1.459645
v 0.012186 0.848395 1.513927
v 0.009872 0.406152 1.460873
v 0.009872 0.848244 1.515155
v 0.007361 0.406059 1.461629
v 0.007361 0.848151 1.515911
v 0.004750 0.406028 1.461884
v 0.004750 0.848120 1.516166
v 0.002139 0.406059 1.461629
v 0.002139 0.848151 1.515911
v -0.000371 0.406152 1.460873
v -0.000371 0.848244 1.515155
v -0.002685 0.406303 1.459645
v -0.002685 0.848395 1.513927
v -0.004713 0.406505 1.457993
v -0.004713 0.848598 1.512275
v -0.006378 0.406753 1.455980
v -0.006378 0.848845 1.510262
v -0.007614 0.407035 1.453684
v -0.007614 0.849127 1.507966
v -0.008376 0.407341 1.451192
v -0.008376 0.849433 1.505474
v -0.008633 0.407659 1.448600
v -0.008633 0.849751 1.502882
v -0.008376 0.407977 1.446009
v -0.008376 0.850069 1.500291
v -0.007614 0.408283 1.443517
v -0.007614 0.850375 1.497799
v -0.006378 0.408565 1.441220
v -0.006378 0.850657 1.495502
v -0.004713 0.408812 1.439207
v -0.004713 0.850904 1.493490
v -0.002685 0.409015 1.437555
v -0.002685 0.851107 1.491838
v -0.000371 0.409166 1.436328
v -0.000371 0.851258 1.490610
v 0.002139 0.409258 1.435572
v 0.002139 0.851350 1.489854
vn 0.0980 0.1213 -0.9878
vn 0.2903 0.1166 -0.9498
vn 0.4714 0.1075 -0.8753
vn 0.6344 0.0942 -0.7672
vn 0.7730 0.0773 -0.6297
vn 0.8819 0.0574 -0.4679
vn 0.9569 0.0354 -0.2881
vn 0.9952 0.0119 -0.0973
vn 0.9952 -0.0119 0.0973
vn 0.9569 -0.0354 0.2881
vn 0.8819 -0.0574 0.4679
vn 0.7730 -0.0773 0.6297
vn 0.6344 -0.0942 0.7672
vn 0.4714 -0.1075 0.8753
vn 0.2903 -0.1166 0.9498
vn 0.0980 -0.1213 0.9878
vn -0.0980 -0.1213 0.9878
vn -0.2903 -0.1166 0.9498
vn -0.4714 -0.1075 0.8753
vn -0.6344 -0.0942 0.7672
vn -0.7730 -0.0773 0.6297
vn -0.8819 -0.0574 0.4679
vn -0.9569 -0.0354 0.2881
vn -0.9952 -0.0119 0.0973
vn -0.9952 0.0119 -0.0973
vn -0.9569 0.0354 -0.2881
vn -0.8819 0.0574 -0.4679
vn -0.7730 0.0773 -0.6297
vn -0.6344 0.0942 -0.7672
vn -0.4714 0.1075 -0.8753
vn -0.0000 0.9925 0.1219
vn -0.0980 0.1213 -0.9878
vn -0.2903 0.1166 -0.9498
vn -0.0000 -0.9925 -0.1219
vn 0.0001 0.9925 0.1219
vn -0.0001 0.9925 0.1219
s 0
usemtl grayDark
f 4902//8683 4903//8683 4901//8683
f 4904//8684 4905//8684 4903//8684
f 4906//8685 4907//8685 4905//8685
f 4908//8686 4909//8686 4907//8686
f 4910//8687 4911//8687 4909//8687
f 4912//8688 4913//8688 4911//8688
f 4914//8689 4915//8689 4913//8689
f 4916//8690 4917//8690 4915//8690
f 4918//8691 4919//8691 4917//8691
f 4920//8692 4921//8692 4919//8692
f 4922//8693 4923//8693 4921//8693
f 4924//8694 4925//8694 4923//8694
f 4926//8695 4927//8695 4925//8695
f 4928//8696 4929//8696 4927//8696
f 4930//8697 4931//8697 4929//8697
f 4932//8698 4933//8698 4931//8698
f 4934//8699 4935//8699 4933//8699
f 4936//8700 4937//8700 4935//8700
f 4938//8701 4939//8701 4937//8701
f 4940//8702 4941//8702 4939//8702
f 4942//8703 4943//8703 4941//8703
f 4944//8704 4945//8704 4943//8704
f 4946//8705 4947//8705 4945//8705
f 4948//8706 4949//8706 4947//8706
f 4950//8707 4951//8707 4949//8707
f 4952//8708 4953//8708 4951//8708
f 4954//8709 4955//8709 4953//8709
f 4956//8710 4957//8710 4955//8710
f 4958//8711 4959//8711 4957//8711
f 4960//8712 4961//8712 4959//8712
f 4938//8713 4922//8713 4906//8713
f 4964//8714 4901//8714 4963//8714
f 4962//8715 4963//8715 4961//8715
f 4931//8716 4947//8716 4963//8716
f 4902//8683 4904//8683 4903//8683
f 4904//8684 4906//8684 4905//8684
f 4906//8685 4908//8685 4907//8685
f 4908//8686 4910//8686 4909//8686
f 4910//8687 4912//8687 4911//8687
f 4912//8688 4914//8688 4913//8688
f 4914//8689 4916//8689 4915//8689
f 4916//8690 4918//8690 4917//8690
f 4918//8691 4920//8691 4919//8691
f 4920//8692 4922//8692 4921//8692
f 4922//8693 4924//8693 4923//8693
f 4924//8694 4926//8694 4925//8694
f 4926//8695 4928//8695 4927//8695
f 4928//8696 4930//8696 4929//8696
f 4930//8697 4932//8697 4931//8697
f 4932//8698 4934//8698 4933//8698
f 4934//8699 4936//8699 4935//8699
f 4936//8700 4938//8700 4937//8700
f 4938//8701 4940//8701 4939//8701
f 4940//8702 4942//8702 4941//8702
f 4942//8703 4944//8703 4943//8703
f 4944//8704 4946//8704 4945//8704
f 4946//8705 4948//8705 4947//8705
f 4948//8706 4950//8706 4949//8706
f 4950//8707 4952//8707 4951//8707
f 4952//8708 4954//8708 4953//8708
f 4954//8709 4956//8709 4955//8709
f 4956//8710 4958//8710 4957//8710
f 4958//8711 4960//8711 4959//8711
f 4960//8712 4962//8712 4961//8712
f 4906//8713 4904//8713 4902//8713
f 4902//8713 4964//8713 4962//8713
f 4962//8713 4960//8713 4958//8713
f 4958//8713 4956//8713 4954//8713
f 4954//8713 4952//8713 4950//8713
f 4950//8717 4948//8717 4946//8717
f 4946//8717 4944//8717 4942//8717
f 4942//8713 4940//8713 4938//8713
f 4938//8713 4936//8713 4934//8713
f 4934//8713 4932//8713 4930//8713
f 4930//8713 4928//8713 4926//8713
f 4926//8717 4924//8717 4922//8717
f 4922//8717 4920//8717 4918//8717
f 4918//8718 4916//8718 4914//8718
f 4914//8713 4912//8713 4910//8713
f 4910//8713 4908//8713 4906//8713
f 4906//8713 4902//8713 4962//8713
f 4962//8713 4958//8713 4954//8713
f 4954//8713 4950//8713 4946//8713
f 4946//8713 4942//8713 4938//8713
f 4938//8713 4934//8713 4930//8713
f 4930//8713 4926//8713 4922//8713
f 4922//8713 4918//8713 4914//8713
f 4914//8717 4910//8717 4906//8717
f 4906//8713 4962//8713 4954//8713
f 4954//8713 4946//8713 4938//8713
f 4938//8713 4930//8713 4922//8713
f 4922//8713 4914//8713 4906//8713
f 4906//8713 4954//8713 4938//8713
f 4964//8714 4902//8714 4901//8714
f 4962//8715 4964//8715 4963//8715
f 4963//8716 4901//8716 4903//8716
f 4903//8716 4905//8716 4907//8716
f 4907//8716 4909//8716 4911//8716
f 4911//8716 4913//8716 4915//8716
f 4915//8716 4917//8716 4919//8716
f 4919//8716 4921//8716 4923//8716
f 4923//8716 4925//8716 4927//8716
f 4927//8716 4929//8716 4931//8716
f 4931//8716 4933//8716 4935//8716
f 4935//8716 4937//8716 4939//8716
f 4939//8716 4941//8716 4943//8716
f 4943//8716 4945//8716 4947//8716
f 4947//8716 4949//8716 4951//8716
f 4951//8716 4953//8716 4955//8716
f 4955//8716 4957//8716 4959//8716
f 4959//8716 4961//8716 4963//8716
f 4963//8716 4903//8716 4907//8716
f 4907//8716 4911//8716 4915//8716
f 4915//8716 4919//8716 4923//8716
f 4923//8716 4927//8716 4931//8716
f 4931//8716 4935//8716 4939//8716
f 4939//8716 4943//8716 4947//8716
f 4947//8716 4951//8716 4955//8716
f 4955//8716 4959//8716 4963//8716
f 4963//8716 4907//8716 4915//8716
f 4915//8716 4923//8716 4931//8716
f 4931//8716 4939//8716 4947//8716
f 4947//8716 4955//8716 4963//8716
f 4963//8716 4915//8716 4931//8716
o elica
v -0.001258 1.032666 -1.048245
v 0.016467 1.034399 -1.048032
v 0.033511 1.039531 -1.047402
v 0.049219 1.047864 -1.046379
v 0.062987 1.059079 -1.045002
v 0.074286 1.072744 -1.043324
v 0.082682 1.088335 -1.041410
v 0.087852 1.105251 -1.039333
v 0.089598 1.122844 -1.037172
v -0.001258 1.157093 -1.316107
v 0.087852 1.140437 -1.035012
v 0.082682 1.157354 -1.032935
v 0.074286 1.172944 -1.031021
v 0.062987 1.186610 -1.029343
v 0.049219 1.197824 -1.027966
v 0.033511 1.206158 -1.026943
v 0.016467 1.211289 -1.026313
v -0.001258 1.213022 -1.026100
v -0.018983 1.211289 -1.026313
v -0.036026 1.206158 -1.026943
v -0.051734 1.197824 -1.027966
v -0.065502 1.186610 -1.029343
v -0.076801 1.172944 -1.031021
v -0.085197 1.157354 -1.032935
v -0.090367 1.140437 -1.035012
v -0.092113 1.122844 -1.037172
v -0.090367 1.105251 -1.039333
v -0.085197 1.088335 -1.041410
v -0.076801 1.072744 -1.043324
v -0.065502 1.059079 -1.045002
v -0.051734 1.047864 -1.046379
v -0.036026 1.039531 -1.047402
v -0.018982 1.034399 -1.048032
vn -0.2763 -0.8668 -0.4150
vn 0.0933 -0.9030 -0.4194
vn -0.4487 -0.7960 -0.4063
vn -0.6039 -0.6931 -0.3937
vn -0.7359 -0.5621 -0.3776
vn -0.8395 -0.4081 -0.3587
vn -0.9110 -0.2370 -0.3377
vn -0.9474 -0.0553 -0.3154
vn -0.9474 0.1299 -0.2926
vn -0.9110 0.3116 -0.2703
vn -0.8395 0.4827 -0.2493
vn -0.7359 0.6367 -0.2304
vn -0.6039 0.7677 -0.2143
vn -0.4487 0.8706 -0.2017
vn -0.2763 0.9415 -0.1930
vn -0.0933 0.9776 -0.1885
vn 0.0933 0.9776 -0.1885
vn 0.2763 0.9415 -0.1930
vn 0.4487 0.8706 -0.2017
vn 0.6039 0.7677 -0.2143
vn 0.7359 0.6367 -0.2304
vn 0.8395 0.4827 -0.2493
vn 0.9110 0.3116 -0.2703
vn 0.9474 0.1299 -0.2926
vn 0.9474 -0.0553 -0.3154
vn 0.9110 -0.2369 -0.3377
vn 0.8395 -0.4081 -0.3587
vn 0.7359 -0.5621 -0.3776
vn 0.6039 -0.6931 -0.3937
vn 0.4487 -0.7960 -0.4063
vn -0.0933 -0.9030 -0.4194
vn 0.2763 -0.8668 -0.4150
vn -0.0000 -0.1219 0.9925
s 0
usemtl grayDark
f 4996//8719 4974//8719 4997//8719
f 4965//8720 4974//8720 4966//8720
f 4995//8721 4974//8721 4996//8721
f 4994//8722 4974//8722 4995//8722
f 4993//8723 4974//8723 4994//8723
f 4992//8724 4974//8724 4993//8724
f 4991//8725 4974//8725 4992//8725
f 4990//8726 4974//8726 4991//8726
f 4989//8727 4974//8727 4990//8727
f 4988//8728 4974//8728 4989//8728
f 4987//8729 4974//8729 4988//8729
f 4986//8730 4974//8730 4987//8730
f 4985//8731 4974//8731 4986//8731
f 4984//8732 4974//8732 4985//8732
f 4983//8733 4974//8733 4984//8733
f 4982//8734 4974//8734 4983//8734
f 4981//8735 4974//8735 4982//8735
f 4980//8736 4974//8736 4981//8736
f 4979//8737 4974//8737 4980//8737
f 4978//8738 4974//8738 4979//8738
f 4977//8739 4974//8739 4978//8739
f 4976//8740 4974//8740 4977//8740
f 4975//8741 4974//8741 4976//8741
f 4973//8742 4974//8742 4975//8742
f 4972//8743 4974//8743 4973//8743
f 4971//8744 4974//8744 4972//8744
f 4970//8745 4974//8745 4971//8745
f 4969//8746 4974//8746 4970//8746
f 4968//8747 4974//8747 4969//8747
f 4967//8748 4974//8748 4968//8748
f 4997//8749 4974//8749 4965//8749
f 4966//8750 4974//8750 4967//8750
f 4981//8751 4989//8751 4997//8751
f 4997//8751 4965//8751 4966//8751
f 4966//8751 4967//8751 4968//8751
f 4968//8751 4969//8751 4970//8751
f 4970//8751 4971//8751 4972//8751
f 4972//8751 4973//8751 4975//8751
f 4975//8751 4976//8751 4977//8751
f 4977//8751 4978//8751 4979//8751
f 4979//8751 4980//8751 4981//8751
f 4981//8751 4982//8751 4983//8751
f 4983//8751 4984//8751 4985//8751
f 4985//8751 4986//8751 4987//8751
f 4987//8751 4988//8751 4989//8751
f 4989//8751 4990//8751 4991//8751
f 4991//8751 4992//8751 4993//8751
f 4993//8751 4994//8751 4995//8751
f 4995//8751 4996//8751 4997//8751
f 4997//8751 4966//8751 4968//8751
f 4968//8751 4970//8751 4972//8751
f 4972//8751 4975//8751 4977//8751
f 4977//8751 4979//8751 4981//8751
f 4981//8751 4983//8751 4985//8751
f 4985//8751 4987//8751 4989//8751
f 4989//8751 4991//8751 4993//8751
f 4993//8751 4995//8751 4997//8751
f 4997//8751 4968//8751 4972//8751
f 4972//8751 4977//8751 4981//8751
f 4981//8751 4985//8751 4989//8751
f 4989//8751 4993//8751 4997//8751
f 4997//8751 4972//8751 4981//8751
o pala1
v -0.799206 1.427772 -1.073616
v -0.761953 1.448157 -1.071113
v -0.773238 1.416912 -1.064707
v -0.784523 1.388145 -1.078482
v -0.773238 1.419390 -1.084889
v -0.738296 1.438175 -1.081872
v -0.738296 1.435869 -1.063089
v -0.759301 1.380017 -1.069947
v -0.759301 1.382323 -1.088730
v -0.412750 1.281486 -1.065919
v -0.401465 1.311700 -1.063933
v -0.258473 1.224535 -1.074636
v -0.424034 1.251689 -1.071302
v -0.567026 1.338854 -1.060599
v -0.545831 1.363015 -1.059255
v -0.258662 1.256619 -1.072319
v -0.279668 1.200766 -1.079177
v -0.566837 1.307163 -1.066113
v -0.026293 1.141407 -1.108778
v -0.040976 1.181034 -1.103912
v -0.052261 1.152267 -1.117687
v -0.063546 1.121022 -1.111281
v -0.052261 1.149789 -1.097505
v -0.066198 1.186856 -1.093664
v -0.066198 1.189162 -1.112447
v -0.087203 1.133310 -1.119305
v -0.087203 1.131004 -1.100522
v -0.412750 1.287693 -1.116475
v -0.401465 1.317491 -1.111092
v -0.567026 1.344645 -1.107758
v -0.424034 1.257479 -1.118461
v -0.258473 1.230325 -1.121795
v -0.258662 1.262017 -1.116281
v -0.545831 1.368413 -1.103217
v -0.566837 1.312561 -1.110075
v -0.279668 1.206164 -1.123139
v -0.441017 1.209427 -1.100426
v -0.593395 1.271637 -1.092787
v -0.439118 1.213238 -1.089715
v -0.284841 1.157317 -1.106824
v -0.439118 1.215716 -1.109897
v -0.580915 1.273582 -1.102082
v -0.580915 1.271276 -1.083298
v -0.293746 1.164879 -1.096362
v -0.293746 1.167185 -1.115146
v -0.384482 1.359753 -1.081968
v -0.232104 1.297542 -1.089607
v -0.386381 1.353463 -1.072497
v -0.540658 1.411862 -1.075570
v -0.386381 1.355941 -1.092679
v -0.244584 1.297904 -1.099096
v -0.244584 1.295597 -1.080312
v -0.531753 1.401994 -1.067248
v -0.531753 1.404300 -1.086032
v -0.685963 1.358484 -1.099619
v -0.695718 1.391702 -1.096833
v -0.666522 1.410177 -1.093272
v -0.656969 1.434529 -1.081610
v -0.675020 1.444465 -1.071567
v -0.656969 1.432394 -1.064225
v -0.666522 1.405944 -1.058802
v -0.695718 1.387157 -1.059816
v -0.685963 1.354251 -1.065149
v -0.695516 1.329899 -1.076810
v -0.716416 1.334394 -1.085082
v -0.695516 1.332034 -1.094195
v -0.526368 1.382958 -1.061624
v -0.392051 1.337352 -1.065931
v -0.260584 1.284484 -1.073715
v -0.139536 1.210696 -1.082775
v -0.129781 1.177477 -1.085561
v -0.158977 1.159003 -1.089122
v -0.299131 1.181989 -1.086300
v -0.433448 1.227282 -1.079446
v -0.564915 1.280463 -1.074209
v -0.129983 1.237145 -1.088199
v -0.109083 1.234785 -1.097312
v -0.129983 1.239280 -1.105584
v -0.139536 1.214928 -1.117245
v -0.129781 1.182022 -1.122579
v -0.158977 1.163235 -1.123592
v -0.168530 1.136785 -1.118169
v -0.150479 1.124714 -1.110827
v -0.168530 1.134650 -1.100784
v -0.260584 1.288717 -1.108185
v -0.392051 1.341898 -1.102948
v -0.526368 1.387190 -1.096094
v -0.564915 1.284695 -1.108679
v -0.433448 1.231827 -1.116463
v -0.299131 1.186222 -1.120770
v -0.653169 1.325820 -1.101009
v -0.620395 1.412966 -1.090309
v -0.653169 1.322222 -1.071702
v -0.620395 1.409367 -1.061001
v -0.205104 1.159812 -1.121393
v -0.172330 1.246957 -1.110692
v -0.205104 1.156213 -1.092085
v -0.172330 1.243359 -1.081385
vn -0.1964 0.4650 -0.8633
vn 0.0277 0.7350 -0.6775
vn -0.0538 0.2551 -0.9654
vn 0.0211 0.4046 -0.9143
vn -0.2002 0.2892 0.9361
vn -0.0524 0.0276 0.9982
vn 0.0366 0.5949 0.8030
vn 0.0307 0.2136 0.9764
vn -0.3818 -0.2507 0.8896
vn -0.4030 -0.5960 0.6945
vn -0.1295 -0.1872 0.9738
vn -0.1742 -0.3479 0.9212
vn -0.4141 -0.0616 -0.9081
vn -0.1372 0.0427 -0.9896
vn -0.4234 -0.4516 -0.7854
vn -0.1937 -0.1532 -0.9690
vn 0.0080 -0.0685 0.9976
vn 0.0519 0.0586 0.9969
vn -0.0122 -0.0449 0.9989
vn 0.0312 0.0878 0.9957
vn 0.0298 -0.0718 0.9970
vn 0.0605 -0.0658 0.9960
vn 0.0798 0.0554 0.9953
vn 0.1153 0.0736 0.9906
vn -0.0080 -0.1748 0.9846
vn -0.0519 -0.2980 0.9531
vn 0.0122 -0.1981 0.9801
vn -0.0312 -0.3260 0.9448
vn -0.0298 -0.1715 0.9847
vn -0.0605 -0.1772 0.9823
vn -0.0798 -0.2945 0.9523
vn -0.1153 -0.3111 0.9434
vn 0.3818 0.0281 0.9238
vn 0.4030 0.4102 0.8181
vn 0.1295 -0.0539 0.9901
vn 0.1742 0.1147 0.9780
vn 0.4141 0.2795 -0.8663
vn 0.1372 0.1980 -0.9706
vn 0.4234 0.6282 -0.6528
vn 0.1937 0.3831 -0.9032
vn 0.1964 -0.2423 -0.9501
vn -0.0277 -0.5493 -0.8352
vn 0.0538 -0.0140 -0.9985
vn -0.0211 -0.1714 -0.9850
vn 0.2002 -0.5071 0.8383
vn 0.0524 -0.2682 0.9619
vn -0.0366 -0.7715 0.6352
vn -0.0307 -0.4434 0.8958
vn 0.0291 0.1670 -0.9855
vn 0.0785 0.2881 -0.9544
vn 0.0598 0.1715 -0.9834
vn 0.1130 0.2957 -0.9486
vn 0.0104 0.1787 -0.9838
vn -0.0089 0.2029 -0.9792
vn 0.0552 0.3036 -0.9512
vn 0.0399 0.3390 -0.9399
vn -0.0291 0.0764 -0.9967
vn -0.0785 -0.0487 -0.9957
vn -0.0598 0.0715 -0.9956
vn -0.1130 -0.0575 -0.9919
vn -0.0104 0.0646 -0.9979
vn 0.0089 0.0400 -0.9992
vn -0.0552 -0.0645 -0.9964
vn -0.0399 -0.1016 -0.9940
vn -0.3291 -0.7330 -0.5953
vn -0.3674 -0.6370 -0.6776
vn -0.1754 -0.3034 -0.9366
vn -0.1886 -0.2413 -0.9519
vn -0.3379 -0.8662 0.3681
vn -0.1820 -0.5314 0.8273
vn -0.3807 -0.7962 0.4703
vn -0.2050 -0.4844 0.8505
vn -0.2757 -0.8751 0.3978
vn -0.1909 -0.8475 0.4954
vn -0.1396 -0.5342 0.8337
vn -0.0905 -0.5008 0.8608
vn -0.2787 -0.7733 -0.5695
vn -0.1421 -0.3303 -0.9331
vn -0.1927 -0.7284 -0.6575
vn -0.0922 -0.3060 -0.9475
vn 0.3291 0.8553 -0.4003
vn 0.3674 0.7821 -0.5034
vn 0.1754 0.5210 -0.8354
vn 0.1886 0.4644 -0.8653
vn 0.3379 0.7514 0.5668
vn 0.1820 0.3155 0.9313
vn 0.3807 0.6587 0.6490
vn 0.2050 0.2642 0.9424
vn 0.2757 0.7528 0.5977
vn 0.1909 0.7025 0.6857
vn 0.1396 0.3167 0.9382
vn 0.0905 0.2776 0.9564
vn 0.2787 0.8881 -0.3655
vn 0.1421 0.5462 -0.8255
vn 0.1927 0.8658 -0.4618
vn 0.0922 0.5262 -0.8454
vn -0.2002 0.5071 -0.8383
vn 0.0366 0.7715 -0.6352
vn -0.0524 0.2682 -0.9619
vn 0.0307 0.4434 -0.8958
vn -0.1964 0.2423 0.9501
vn -0.0538 0.0140 0.9985
vn 0.0277 0.5493 0.8352
vn 0.0211 0.1714 0.9850
vn -0.4141 -0.2795 0.8663
vn -0.4234 -0.6282 0.6528
vn -0.1372 -0.1980 0.9706
vn -0.1937 -0.3831 0.9032
vn -0.3818 -0.0281 -0.9238
vn -0.1295 0.0539 -0.9901
vn -0.4030 -0.4102 -0.8181
vn -0.1742 -0.1147 -0.9780
vn 0.0104 -0.0646 0.9979
vn 0.0552 0.0645 0.9964
vn -0.0089 -0.0400 0.9992
vn 0.0399 0.1016 0.9940
vn 0.0291 -0.0764 0.9967
vn 0.0598 -0.0715 0.9956
vn 0.0785 0.0487 0.9957
vn 0.1130 0.0575 0.9919
vn -0.0104 -0.1787 0.9838
vn -0.0552 -0.3036 0.9512
vn 0.0089 -0.2029 0.9792
vn -0.0399 -0.3390 0.9399
vn -0.0291 -0.1670 0.9855
vn -0.0598 -0.1715 0.9834
vn -0.0785 -0.2881 0.9544
vn -0.1130 -0.2957 0.9486
vn 0.4141 0.0616 0.9081
vn 0.4234 0.4516 0.7854
vn 0.1372 -0.0427 0.9896
vn 0.1937 0.1532 0.9690
vn 0.3818 0.2507 -0.8896
vn 0.1295 0.1872 -0.9738
vn 0.4030 0.5960 -0.6945
vn 0.1742 0.3479 -0.9212
vn 0.2002 -0.2892 -0.9361
vn -0.0366 -0.5949 -0.8030
vn 0.0524 -0.0276 -0.9982
vn -0.0307 -0.2136 -0.9764
vn 0.1964 -0.4650 0.8633
vn 0.0538 -0.2551 0.9654
vn -0.0277 -0.7350 0.6775
vn -0.0211 -0.4046 0.9143
vn 0.0298 0.1715 -0.9847
vn 0.0798 0.2945 -0.9523
vn 0.0605 0.1772 -0.9823
vn 0.1153 0.3111 -0.9434
vn 0.0080 0.1748 -0.9846
vn -0.0122 0.1981 -0.9801
vn 0.0519 0.2980 -0.9531
vn 0.0312 0.3260 -0.9448
vn -0.0298 0.0718 -0.9970
vn -0.0798 -0.0554 -0.9953
vn -0.0605 0.0658 -0.9960
vn -0.1153 -0.0736 -0.9906
vn -0.0080 0.0685 -0.9976
vn 0.0122 0.0449 -0.9989
vn -0.0519 -0.0586 -0.9969
vn -0.0312 -0.0878 -0.9957
vn -0.3379 -0.7514 -0.5668
vn -0.3807 -0.6587 -0.6490
vn -0.1820 -0.3155 -0.9313
vn -0.2050 -0.2642 -0.9424
vn -0.3291 -0.8553 0.4003
vn -0.1754 -0.5210 0.8354
vn -0.3674 -0.7821 0.5034
vn -0.1886 -0.4644 0.8653
vn -0.2787 -0.8881 0.3655
vn -0.1927 -0.8658 0.4618
vn -0.1421 -0.5462 0.8255
vn -0.0922 -0.5262 0.8454
vn -0.2757 -0.7528 -0.5977
vn -0.1396 -0.3167 -0.9382
vn -0.1909 -0.7025 -0.6857
vn -0.0905 -0.2776 -0.9564
vn 0.3379 0.8662 -0.3681
vn 0.3807 0.7962 -0.4703
vn 0.1820 0.5314 -0.8273
vn 0.2050 0.4844 -0.8505
vn 0.3291 0.7330 0.5953
vn 0.1754 0.3034 0.9366
vn 0.3674 0.6370 0.6776
vn 0.1886 0.2413 0.9519
vn 0.2787 0.7733 0.5695
vn 0.1927 0.7284 0.6575
vn 0.1421 0.3303 0.9331
vn 0.0922 0.3060 0.9475
vn 0.2757 0.8751 -0.3978
vn 0.1396 0.5342 -0.8337
vn 0.1909 0.8475 -0.4954
vn 0.0905 0.5008 -0.8608
s 0
usemtl black
f 4998//8752 4999//8752 5003//8752
f 4999//8753 5056//8753 5055//8753
f 5002//8754 5003//8754 5054//8754
f 5003//8755 5055//8755 5089//8755
f 4998//8756 5000//8756 5004//8756
f 5000//8757 5059//8757 5058//8757
f 4999//8758 5004//8758 5057//8758
f 5004//8759 5058//8759 5091//8759
f 4998//8760 5001//8760 5005//8760
f 5001//8761 5062//8761 5061//8761
f 5000//8762 5005//8762 5060//8762
f 5005//8763 5061//8763 5090//8763
f 4998//8764 5002//8764 5006//8764
f 5002//8765 5053//8765 5052//8765
f 5001//8766 5006//8766 5063//8766
f 5006//8767 5052//8767 5088//8767
f 5007//8768 5008//8768 5012//8768
f 5008//8769 5065//8769 5064//8769
f 5011//8770 5012//8770 5058//8770
f 5012//8771 5064//8771 5091//8771
f 5007//8772 5009//8772 5013//8772
f 5009//8773 5068//8773 5067//8773
f 5008//8774 5013//8774 5066//8774
f 5013//8775 5067//8775 5095//8775
f 5007//8776 5010//8776 5014//8776
f 5010//8777 5071//8777 5070//8777
f 5009//8778 5014//8778 5069//8778
f 5014//8779 5070//8779 5094//8779
f 5007//8780 5011//8780 5015//8780
f 5011//8781 5059//8781 5060//8781
f 5010//8782 5015//8782 5072//8782
f 5015//8783 5060//8783 5090//8783
f 5016//8784 5017//8784 5021//8784
f 5017//8785 5074//8785 5073//8785
f 5020//8786 5021//8786 5067//8786
f 5021//8787 5073//8787 5095//8787
f 5016//8788 5018//8788 5022//8788
f 5018//8789 5077//8789 5076//8789
f 5017//8790 5022//8790 5075//8790
f 5022//8791 5076//8791 5093//8791
f 5016//8792 5019//8792 5023//8792
f 5019//8793 5080//8793 5079//8793
f 5018//8794 5023//8794 5078//8794
f 5023//8795 5079//8795 5092//8795
f 5016//8796 5020//8796 5024//8796
f 5020//8797 5068//8797 5069//8797
f 5019//8798 5024//8798 5081//8798
f 5024//8799 5069//8799 5094//8799
f 5025//8800 5026//8800 5030//8800
f 5026//8801 5083//8801 5082//8801
f 5029//8802 5030//8802 5076//8802
f 5030//8803 5082//8803 5093//8803
f 5025//8804 5027//8804 5031//8804
f 5027//8805 5053//8805 5054//8805
f 5026//8806 5031//8806 5084//8806
f 5031//8807 5054//8807 5089//8807
f 5025//8808 5028//8808 5032//8808
f 5028//8809 5086//8809 5085//8809
f 5027//8810 5032//8810 5052//8810
f 5032//8811 5085//8811 5088//8811
f 5025//8812 5029//8812 5033//8812
f 5029//8813 5077//8813 5078//8813
f 5028//8814 5033//8814 5087//8814
f 5033//8815 5078//8815 5092//8815
f 5034//8816 5035//8816 5039//8816
f 5035//8817 5062//8817 5063//8817
f 5038//8818 5039//8818 5085//8818
f 5039//8819 5063//8819 5088//8819
f 5034//8820 5036//8820 5040//8820
f 5036//8821 5071//8821 5072//8821
f 5035//8822 5040//8822 5061//8822
f 5040//8823 5072//8823 5090//8823
f 5034//8824 5037//8824 5041//8824
f 5037//8825 5080//8825 5081//8825
f 5036//8826 5041//8826 5070//8826
f 5041//8827 5081//8827 5094//8827
f 5034//8828 5038//8828 5042//8828
f 5038//8829 5086//8829 5087//8829
f 5037//8830 5042//8830 5079//8830
f 5042//8831 5087//8831 5092//8831
f 5043//8832 5044//8832 5048//8832
f 5044//8833 5074//8833 5075//8833
f 5047//8834 5048//8834 5082//8834
f 5048//8835 5075//8835 5093//8835
f 5043//8836 5045//8836 5049//8836
f 5045//8837 5065//8837 5066//8837
f 5044//8838 5049//8838 5073//8838
f 5049//8839 5066//8839 5095//8839
f 5043//8840 5046//8840 5050//8840
f 5046//8841 5056//8841 5057//8841
f 5045//8842 5050//8842 5064//8842
f 5050//8843 5057//8843 5091//8843
f 5043//8844 5047//8844 5051//8844
f 5047//8845 5083//8845 5084//8845
f 5046//8846 5051//8846 5055//8846
f 5051//8847 5084//8847 5089//8847
f 4998//8848 5003//8848 5002//8848
f 4999//8849 5055//8849 5003//8849
f 5002//8850 5054//8850 5053//8850
f 5003//8851 5089//8851 5054//8851
f 4998//8852 5004//8852 4999//8852
f 5000//8853 5058//8853 5004//8853
f 4999//8854 5057//8854 5056//8854
f 5004//8855 5091//8855 5057//8855
f 4998//8856 5005//8856 5000//8856
f 5001//8857 5061//8857 5005//8857
f 5000//8858 5060//8858 5059//8858
f 5005//8859 5090//8859 5060//8859
f 4998//8860 5006//8860 5001//8860
f 5002//8861 5052//8861 5006//8861
f 5001//8862 5063//8862 5062//8862
f 5006//8863 5088//8863 5063//8863
f 5007//8864 5012//8864 5011//8864
f 5008//8865 5064//8865 5012//8865
f 5011//8866 5058//8866 5059//8866
f 5012//8867 5091//8867 5058//8867
f 5007//8868 5013//8868 5008//8868
f 5009//8869 5067//8869 5013//8869
f 5008//8870 5066//8870 5065//8870
f 5013//8871 5095//8871 5066//8871
f 5007//8872 5014//8872 5009//8872
f 5010//8873 5070//8873 5014//8873
f 5009//8874 5069//8874 5068//8874
f 5014//8875 5094//8875 5069//8875
f 5007//8876 5015//8876 5010//8876
f 5011//8877 5060//8877 5015//8877
f 5010//8878 5072//8878 5071//8878
f 5015//8879 5090//8879 5072//8879
f 5016//8880 5021//8880 5020//8880
f 5017//8881 5073//8881 5021//8881
f 5020//8882 5067//8882 5068//8882
f 5021//8883 5095//8883 5067//8883
f 5016//8884 5022//8884 5017//8884
f 5018//8885 5076//8885 5022//8885
f 5017//8886 5075//8886 5074//8886
f 5022//8887 5093//8887 5075//8887
f 5016//8888 5023//8888 5018//8888
f 5019//8889 5079//8889 5023//8889
f 5018//8890 5078//8890 5077//8890
f 5023//8891 5092//8891 5078//8891
f 5016//8892 5024//8892 5019//8892
f 5020//8893 5069//8893 5024//8893
f 5019//8894 5081//8894 5080//8894
f 5024//8895 5094//8895 5081//8895
f 5025//8896 5030//8896 5029//8896
f 5026//8897 5082//8897 5030//8897
f 5029//8898 5076//8898 5077//8898
f 5030//8899 5093//8899 5076//8899
f 5025//8900 5031//8900 5026//8900
f 5027//8901 5054//8901 5031//8901
f 5026//8902 5084//8902 5083//8902
f 5031//8903 5089//8903 5084//8903
f 5025//8904 5032//8904 5027//8904
f 5028//8905 5085//8905 5032//8905
f 5027//8906 5052//8906 5053//8906
f 5032//8907 5088//8907 5052//8907
f 5025//8908 5033//8908 5028//8908
f 5029//8909 5078//8909 5033//8909
f 5028//8910 5087//8910 5086//8910
f 5033//8911 5092//8911 5087//8911
f 5034//8912 5039//8912 5038//8912
f 5035//8913 5063//8913 5039//8913
f 5038//8914 5085//8914 5086//8914
f 5039//8915 5088//8915 5085//8915
f 5034//8916 5040//8916 5035//8916
f 5036//8917 5072//8917 5040//8917
f 5035//8918 5061//8918 5062//8918
f 5040//8919 5090//8919 5061//8919
f 5034//8920 5041//8920 5036//8920
f 5037//8921 5081//8921 5041//8921
f 5036//8922 5070//8922 5071//8922
f 5041//8923 5094//8923 5070//8923
f 5034//8924 5042//8924 5037//8924
f 5038//8925 5087//8925 5042//8925
f 5037//8926 5079//8926 5080//8926
f 5042//8927 5092//8927 5079//8927
f 5043//8928 5048//8928 5047//8928
f 5044//8929 5075//8929 5048//8929
f 5047//8930 5082//8930 5083//8930
f 5048//8931 5093//8931 5082//8931
f 5043//8932 5049//8932 5044//8932
f 5045//8933 5066//8933 5049//8933
f 5044//8934 5073//8934 5074//8934
f 5049//8935 5095//8935 5073//8935
f 5043//8936 5050//8936 5045//8936
f 5046//8937 5057//8937 5050//8937
f 5045//8938 5064//8938 5065//8938
f 5050//8939 5091//8939 5064//8939
f 5043//8940 5051//8940 5046//8940
f 5047//8941 5084//8941 5051//8941
f 5046//8942 5055//8942 5056//8942
f 5051//8943 5089//8943 5055//8943
o pala2
v 0.005681 1.110048 -1.112628
v 0.042933 1.130433 -1.110125
v 0.031649 1.099188 -1.103718
v 0.020364 1.070421 -1.117494
v 0.031649 1.101666 -1.123901
v 0.066591 1.120451 -1.120884
v 0.066591 1.118145 -1.102101
v 0.045586 1.062292 -1.108958
v 0.045586 1.064599 -1.127742
v 0.392137 0.963762 -1.104931
v 0.403422 0.993976 -1.102945
v 0.546414 0.906810 -1.113648
v 0.380852 0.933964 -1.110314
v 0.237860 1.021130 -1.099611
v 0.259055 1.045291 -1.098267
v 0.546224 0.938894 -1.111331
v 0.525219 0.883042 -1.118189
v 0.238050 0.989438 -1.105125
v 0.778593 0.823683 -1.147789
v 0.763911 0.863310 -1.142924
v 0.752626 0.834543 -1.156699
v 0.741341 0.803298 -1.150292
v 0.752626 0.832065 -1.136517
v 0.738689 0.869132 -1.132676
v 0.738689 0.871438 -1.151459
v 0.717683 0.815586 -1.158317
v 0.717683 0.813280 -1.139533
v 0.392137 0.969969 -1.155487
v 0.403422 0.999766 -1.150104
v 0.237860 1.026920 -1.146770
v 0.380852 0.939755 -1.157472
v 0.546414 0.912601 -1.160806
v 0.546224 0.944292 -1.155293
v 0.259055 1.050689 -1.142229
v 0.238050 0.994836 -1.149086
v 0.525219 0.888440 -1.162150
v 0.363869 0.891702 -1.139438
v 0.211492 0.953913 -1.131799
v 0.365769 0.895514 -1.128726
v 0.520046 0.839593 -1.145836
v 0.365769 0.897992 -1.148909
v 0.223972 0.955858 -1.141094
v 0.223972 0.953551 -1.122310
v 0.511141 0.847155 -1.135374
v 0.511141 0.849461 -1.154158
v 0.420405 1.042028 -1.120980
v 0.572783 0.979818 -1.128618
v 0.418506 1.035739 -1.111509
v 0.264229 1.094138 -1.114582
v 0.418506 1.038217 -1.131691
v 0.560302 0.980179 -1.138107
v 0.560302 0.977873 -1.119324
v 0.273133 1.084270 -1.106260
v 0.273133 1.086576 -1.125044
v 0.118924 1.040759 -1.138630
v 0.109169 1.073978 -1.135845
v 0.138365 1.092452 -1.132283
v 0.147918 1.116804 -1.120622
v 0.129867 1.126741 -1.110579
v 0.147918 1.114670 -1.103237
v 0.138365 1.088220 -1.097813
v 0.109169 1.069433 -1.098827
v 0.118924 1.036527 -1.104161
v 0.109371 1.012175 -1.115822
v 0.088471 1.016670 -1.124094
v 0.109371 1.014310 -1.133207
v 0.278519 1.065233 -1.100636
v 0.412835 1.019628 -1.104942
v 0.544303 0.966760 -1.112727
v 0.665350 0.892971 -1.121787
v 0.675105 0.859753 -1.124573
v 0.645909 0.841278 -1.128134
v 0.505756 0.864265 -1.125312
v 0.371439 0.909557 -1.118457
v 0.239972 0.962738 -1.113221
v 0.674903 0.919421 -1.127211
v 0.695804 0.917061 -1.136324
v 0.674903 0.921556 -1.144596
v 0.665350 0.897204 -1.156257
v 0.675105 0.864298 -1.161590
v 0.645909 0.845510 -1.162604
v 0.636356 0.819061 -1.157180
v 0.654407 0.806990 -1.149839
v 0.636356 0.816926 -1.139796
v 0.544303 0.970992 -1.147197
v 0.412835 1.024173 -1.141960
v 0.278519 1.069466 -1.135106
v 0.239972 0.966971 -1.147691
v 0.371439 0.914103 -1.155475
v 0.505756 0.868497 -1.159782
v 0.151717 1.008096 -1.140021
v 0.184492 1.095242 -1.129321
v 0.151717 1.004498 -1.110713
v 0.184492 1.091643 -1.100013
v 0.599783 0.842087 -1.160404
v 0.632557 0.929233 -1.149704
v 0.599783 0.838489 -1.131097
v 0.632557 0.925634 -1.120396
vn -0.1964 0.4650 -0.8633
vn 0.0277 0.7350 -0.6775
vn -0.0538 0.2551 -0.9654
vn 0.0211 0.4046 -0.9143
vn -0.2002 0.2892 0.9361
vn -0.0524 0.0276 0.9982
vn 0.0366 0.5949 0.8030
vn 0.0307 0.2136 0.9764
vn -0.3818 -0.2507 0.8896
vn -0.4030 -0.5960 0.6945
vn -0.1295 -0.1872 0.9738
vn -0.1742 -0.3479 0.9212
vn -0.4141 -0.0616 -0.9081
vn -0.1372 0.0427 -0.9896
vn -0.4234 -0.4516 -0.7854
vn -0.1937 -0.1532 -0.9690
vn 0.0080 -0.0685 0.9976
vn 0.0519 0.0586 0.9969
vn -0.0122 -0.0449 0.9989
vn 0.0312 0.0878 0.9957
vn 0.0298 -0.0718 0.9970
vn 0.0605 -0.0658 0.9960
vn 0.0798 0.0554 0.9953
vn 0.1153 0.0736 0.9906
vn -0.0080 -0.1748 0.9846
vn -0.0519 -0.2980 0.9531
vn 0.0122 -0.1981 0.9801
vn -0.0312 -0.3260 0.9448
vn -0.0298 -0.1715 0.9847
vn -0.0605 -0.1772 0.9823
vn -0.0798 -0.2945 0.9523
vn -0.1153 -0.3111 0.9434
vn 0.3818 0.0281 0.9238
vn 0.4030 0.4102 0.8181
vn 0.1295 -0.0539 0.9901
vn 0.1742 0.1147 0.9780
vn 0.4141 0.2795 -0.8663
vn 0.1372 0.1980 -0.9706
vn 0.4234 0.6282 -0.6528
vn 0.1937 0.3831 -0.9032
vn 0.1964 -0.2423 -0.9501
vn -0.0277 -0.5493 -0.8352
vn 0.0538 -0.0140 -0.9985
vn -0.0211 -0.1714 -0.9850
vn 0.2002 -0.5071 0.8383
vn 0.0524 -0.2682 0.9619
vn -0.0366 -0.7715 0.6352
vn -0.0307 -0.4434 0.8958
vn 0.0291 0.1670 -0.9855
vn 0.0785 0.2881 -0.9544
vn 0.0598 0.1715 -0.9834
vn 0.1130 0.2957 -0.9486
vn 0.0104 0.1787 -0.9838
vn -0.0089 0.2029 -0.9792
vn 0.0552 0.3036 -0.9512
vn 0.0399 0.3390 -0.9399
vn -0.0291 0.0764 -0.9967
vn -0.0785 -0.0487 -0.9957
vn -0.0598 0.0715 -0.9956
vn -0.1130 -0.0575 -0.9919
vn -0.0104 0.0646 -0.9979
vn 0.0089 0.0400 -0.9992
vn -0.0552 -0.0645 -0.9964
vn -0.0399 -0.1016 -0.9940
vn -0.3291 -0.7330 -0.5953
vn -0.3674 -0.6370 -0.6776
vn -0.1754 -0.3034 -0.9366
vn -0.1886 -0.2413 -0.9519
vn -0.3379 -0.8662 0.3681
vn -0.1820 -0.5314 0.8273
vn -0.3807 -0.7962 0.4703
vn -0.2050 -0.4844 0.8505
vn -0.2757 -0.8751 0.3978
vn -0.1909 -0.8475 0.4954
vn -0.1396 -0.5342 0.8337
vn -0.0905 -0.5008 0.8608
vn -0.2787 -0.7733 -0.5695
vn -0.1421 -0.3303 -0.9331
vn -0.1927 -0.7284 -0.6575
vn -0.0922 -0.3060 -0.9475
vn 0.3291 0.8553 -0.4003
vn 0.3674 0.7821 -0.5034
vn 0.1754 0.5210 -0.8354
vn 0.1886 0.4644 -0.8653
vn 0.3379 0.7514 0.5668
vn 0.1820 0.3155 0.9313
vn 0.3807 0.6587 0.6490
vn 0.2050 0.2642 0.9424
vn 0.2757 0.7528 0.5977
vn 0.1909 0.7025 0.6857
vn 0.1396 0.3167 0.9382
vn 0.0905 0.2776 0.9564
vn 0.2787 0.8881 -0.3655
vn 0.1421 0.5462 -0.8255
vn 0.1927 0.8658 -0.4618
vn 0.0922 0.5262 -0.8454
vn -0.2002 0.5071 -0.8383
vn 0.0366 0.7715 -0.6352
vn -0.0524 0.2682 -0.9619
vn 0.0307 0.4434 -0.8958
vn -0.1964 0.2423 0.9501
vn -0.0538 0.0140 0.9985
vn 0.0277 0.5493 0.8352
vn 0.0211 0.1714 0.9850
vn -0.4141 -0.2795 0.8663
vn -0.4234 -0.6282 0.6528
vn -0.1372 -0.1980 0.9706
vn -0.1937 -0.3831 0.9032
vn -0.3818 -0.0281 -0.9238
vn -0.1295 0.0539 -0.9901
vn -0.4030 -0.4102 -0.8181
vn -0.1742 -0.1147 -0.9780
vn 0.0104 -0.0646 0.9979
vn 0.0552 0.0645 0.9964
vn -0.0089 -0.0400 0.9992
vn 0.0399 0.1016 0.9940
vn 0.0291 -0.0764 0.9967
vn 0.0598 -0.0715 0.9956
vn 0.0785 0.0487 0.9957
vn 0.1130 0.0575 0.9919
vn -0.0104 -0.1787 0.9838
vn -0.0552 -0.3036 0.9512
vn 0.0089 -0.2029 0.9792
vn -0.0399 -0.3390 0.9399
vn -0.0291 -0.1670 0.9855
vn -0.0598 -0.1715 0.9834
vn -0.0785 -0.2881 0.9544
vn -0.1130 -0.2957 0.9486
vn 0.4141 0.0616 0.9081
vn 0.4234 0.4516 0.7854
vn 0.1372 -0.0427 0.9896
vn 0.1937 0.1532 0.9690
vn 0.3818 0.2507 -0.8896
vn 0.1295 0.1872 -0.9738
vn 0.4030 0.5960 -0.6945
vn 0.1742 0.3479 -0.9212
vn 0.2002 -0.2892 -0.9361
vn -0.0366 -0.5949 -0.8030
vn 0.0524 -0.0276 -0.9982
vn -0.0307 -0.2136 -0.9764
vn 0.1964 -0.4650 0.8633
vn 0.0538 -0.2551 0.9654
vn -0.0277 -0.7350 0.6775
vn -0.0211 -0.4046 0.9143
vn 0.0298 0.1715 -0.9847
vn 0.0798 0.2945 -0.9523
vn 0.0605 0.1772 -0.9823
vn 0.1153 0.3111 -0.9434
vn 0.0080 0.1748 -0.9846
vn -0.0122 0.1981 -0.9801
vn 0.0519 0.2980 -0.9531
vn 0.0312 0.3260 -0.9448
vn -0.0298 0.0718 -0.9970
vn -0.0798 -0.0554 -0.9953
vn -0.0605 0.0658 -0.9960
vn -0.1153 -0.0736 -0.9906
vn -0.0080 0.0685 -0.9976
vn 0.0122 0.0449 -0.9989
vn -0.0519 -0.0586 -0.9969
vn -0.0312 -0.0878 -0.9957
vn -0.3379 -0.7514 -0.5668
vn -0.3807 -0.6587 -0.6490
vn -0.1820 -0.3155 -0.9313
vn -0.2050 -0.2642 -0.9424
vn -0.3291 -0.8553 0.4003
vn -0.1754 -0.5210 0.8354
vn -0.3674 -0.7821 0.5034
vn -0.1886 -0.4644 0.8653
vn -0.2787 -0.8881 0.3655
vn -0.1927 -0.8658 0.4618
vn -0.1421 -0.5462 0.8255
vn -0.0922 -0.5262 0.8454
vn -0.2757 -0.7528 -0.5977
vn -0.1396 -0.3167 -0.9382
vn -0.1909 -0.7025 -0.6857
vn -0.0905 -0.2776 -0.9564
vn 0.3379 0.8662 -0.3681
vn 0.3807 0.7962 -0.4703
vn 0.1820 0.5314 -0.8273
vn 0.2050 0.4844 -0.8505
vn 0.3291 0.7330 0.5953
vn 0.1754 0.3034 0.9366
vn 0.3674 0.6370 0.6776
vn 0.1886 0.2413 0.9519
vn 0.2787 0.7733 0.5695
vn 0.1927 0.7284 0.6575
vn 0.1421 0.3303 0.9331
vn 0.0922 0.3060 0.9475
vn 0.2757 0.8751 -0.3978
vn 0.1396 0.5342 -0.8337
vn 0.1909 0.8475 -0.4954
vn 0.0905 0.5008 -0.8608
s 0
usemtl black
f 5096//8944 5097//8944 5101//8944
f 5097//8945 5154//8945 5153//8945
f 5100//8946 5101//8946 5152//8946
f 5101//8947 5153//8947 5187//8947
f 5096//8948 5098//8948 5102//8948
f 5098//8949 5157//8949 5156//8949
f 5097//8950 5102//8950 5155//8950
f 5102//8951 5156//8951 5189//8951
f 5096//8952 5099//8952 5103//8952
f 5099//8953 5160//8953 5159//8953
f 5098//8954 5103//8954 5158//8954
f 5103//8955 5159//8955 5188//8955
f 5096//8956 5100//8956 5104//8956
f 5100//8957 5151//8957 5150//8957
f 5099//8958 5104//8958 5161//8958
f 5104//8959 5150//8959 5186//8959
f 5105//8960 5106//8960 5110//8960
f 5106//8961 5163//8961 5162//8961
f 5109//8962 5110//8962 5156//8962
f 5110//8963 5162//8963 5189//8963
f 5105//8964 5107//8964 5111//8964
f 5107//8965 5166//8965 5165//8965
f 5106//8966 5111//8966 5164//8966
f 5111//8967 5165//8967 5193//8967
f 5105//8968 5108//8968 5112//8968
f 5108//8969 5169//8969 5168//8969
f 5107//8970 5112//8970 5167//8970
f 5112//8971 5168//8971 5192//8971
f 5105//8972 5109//8972 5113//8972
f 5109//8973 5157//8973 5158//8973
f 5108//8974 5113//8974 5170//8974
f 5113//8975 5158//8975 5188//8975
f 5114//8976 5115//8976 5119//8976
f 5115//8977 5172//8977 5171//8977
f 5118//8978 5119//8978 5165//8978
f 5119//8979 5171//8979 5193//8979
f 5114//8980 5116//8980 5120//8980
f 5116//8981 5175//8981 5174//8981
f 5115//8982 5120//8982 5173//8982
f 5120//8983 5174//8983 5191//8983
f 5114//8984 5117//8984 5121//8984
f 5117//8985 5178//8985 5177//8985
f 5116//8986 5121//8986 5176//8986
f 5121//8987 5177//8987 5190//8987
f 5114//8988 5118//8988 5122//8988
f 5118//8989 5166//8989 5167//8989
f 5117//8990 5122//8990 5179//8990
f 5122//8991 5167//8991 5192//8991
f 5123//8992 5124//8992 5128//8992
f 5124//8993 5181//8993 5180//8993
f 5127//8994 5128//8994 5174//8994
f 5128//8995 5180//8995 5191//8995
f 5123//8996 5125//8996 5129//8996
f 5125//8997 5151//8997 5152//8997
f 5124//8998 5129//8998 5182//8998
f 5129//8999 5152//8999 5187//8999
f 5123//9000 5126//9000 5130//9000
f 5126//9001 5184//9001 5183//9001
f 5125//9002 5130//9002 5150//9002
f 5130//9003 5183//9003 5186//9003
f 5123//9004 5127//9004 5131//9004
f 5127//9005 5175//9005 5176//9005
f 5126//9006 5131//9006 5185//9006
f 5131//9007 5176//9007 5190//9007
f 5132//9008 5133//9008 5137//9008
f 5133//9009 5160//9009 5161//9009
f 5136//9010 5137//9010 5183//9010
f 5137//9011 5161//9011 5186//9011
f 5132//9012 5134//9012 5138//9012
f 5134//9013 5169//9013 5170//9013
f 5133//9014 5138//9014 5159//9014
f 5138//9015 5170//9015 5188//9015
f 5132//9016 5135//9016 5139//9016
f 5135//9017 5178//9017 5179//9017
f 5134//9018 5139//9018 5168//9018
f 5139//9019 5179//9019 5192//9019
f 5132//9020 5136//9020 5140//9020
f 5136//9021 5184//9021 5185//9021
f 5135//9022 5140//9022 5177//9022
f 5140//9023 5185//9023 5190//9023
f 5141//9024 5142//9024 5146//9024
f 5142//9025 5172//9025 5173//9025
f 5145//9026 5146//9026 5180//9026
f 5146//9027 5173//9027 5191//9027
f 5141//9028 5143//9028 5147//9028
f 5143//9029 5163//9029 5164//9029
f 5142//9030 5147//9030 5171//9030
f 5147//9031 5164//9031 5193//9031
f 5141//9032 5144//9032 5148//9032
f 5144//9033 5154//9033 5155//9033
f 5143//9034 5148//9034 5162//9034
f 5148//9035 5155//9035 5189//9035
f 5141//9036 5145//9036 5149//9036
f 5145//9037 5181//9037 5182//9037
f 5144//9038 5149//9038 5153//9038
f 5149//9039 5182//9039 5187//9039
f 5096//9040 5101//9040 5100//9040
f 5097//9041 5153//9041 5101//9041
f 5100//9042 5152//9042 5151//9042
f 5101//9043 5187//9043 5152//9043
f 5096//9044 5102//9044 5097//9044
f 5098//9045 5156//9045 5102//9045
f 5097//9046 5155//9046 5154//9046
f 5102//9047 5189//9047 5155//9047
f 5096//9048 5103//9048 5098//9048
f 5099//9049 5159//9049 5103//9049
f 5098//9050 5158//9050 5157//9050
f 5103//9051 5188//9051 5158//9051
f 5096//9052 5104//9052 5099//9052
f 5100//9053 5150//9053 5104//9053
f 5099//9054 5161//9054 5160//9054
f 5104//9055 5186//9055 5161//9055
f 5105//9056 5110//9056 5109//9056
f 5106//9057 5162//9057 5110//9057
f 5109//9058 5156//9058 5157//9058
f 5110//9059 5189//9059 5156//9059
f 5105//9060 5111//9060 5106//9060
f 5107//9061 5165//9061 5111//9061
f 5106//9062 5164//9062 5163//9062
f 5111//9063 5193//9063 5164//9063
f 5105//9064 5112//9064 5107//9064
f 5108//9065 5168//9065 5112//9065
f 5107//9066 5167//9066 5166//9066
f 5112//9067 5192//9067 5167//9067
f 5105//9068 5113//9068 5108//9068
f 5109//9069 5158//9069 5113//9069
f 5108//9070 5170//9070 5169//9070
f 5113//9071 5188//9071 5170//9071
f 5114//9072 5119//9072 5118//9072
f 5115//9073 5171//9073 5119//9073
f 5118//9074 5165//9074 5166//9074
f 5119//9075 5193//9075 5165//9075
f 5114//9076 5120//9076 5115//9076
f 5116//9077 5174//9077 5120//9077
f 5115//9078 5173//9078 5172//9078
f 5120//9079 5191//9079 5173//9079
f 5114//9080 5121//9080 5116//9080
f 5117//9081 5177//9081 5121//9081
f 5116//9082 5176//9082 5175//9082
f 5121//9083 5190//9083 5176//9083
f 5114//9084 5122//9084 5117//9084
f 5118//9085 5167//9085 5122//9085
f 5117//9086 5179//9086 5178//9086
f 5122//9087 5192//9087 5179//9087
f 5123//9088 5128//9088 5127//9088
f 5124//9089 5180//9089 5128//9089
f 5127//9090 5174//9090 5175//9090
f 5128//9091 5191//9091 5174//9091
f 5123//9092 5129//9092 5124//9092
f 5125//9093 5152//9093 5129//9093
f 5124//9094 5182//9094 5181//9094
f 5129//9095 5187//9095 5182//9095
f 5123//9096 5130//9096 5125//9096
f 5126//9097 5183//9097 5130//9097
f 5125//9098 5150//9098 5151//9098
f 5130//9099 5186//9099 5150//9099
f 5123//9100 5131//9100 5126//9100
f 5127//9101 5176//9101 5131//9101
f 5126//9102 5185//9102 5184//9102
f 5131//9103 5190//9103 5185//9103
f 5132//9104 5137//9104 5136//9104
f 5133//9105 5161//9105 5137//9105
f 5136//9106 5183//9106 5184//9106
f 5137//9107 5186//9107 5183//9107
f 5132//9108 5138//9108 5133//9108
f 5134//9109 5170//9109 5138//9109
f 5133//9110 5159//9110 5160//9110
f 5138//9111 5188//9111 5159//9111
f 5132//9112 5139//9112 5134//9112
f 5135//9113 5179//9113 5139//9113
f 5134//9114 5168//9114 5169//9114
f 5139//9115 5192//9115 5168//9115
f 5132//9116 5140//9116 5135//9116
f 5136//9117 5185//9117 5140//9117
f 5135//9118 5177//9118 5178//9118
f 5140//9119 5190//9119 5177//9119
f 5141//9120 5146//9120 5145//9120
f 5142//9121 5173//9121 5146//9121
f 5145//9122 5180//9122 5181//9122
f 5146//9123 5191//9123 5180//9123
f 5141//9124 5147//9124 5142//9124
f 5143//9125 5164//9125 5147//9125
f 5142//9126 5171//9126 5172//9126
f 5147//9127 5193//9127 5171//9127
f 5141//9128 5148//9128 5143//9128
f 5144//9129 5155//9129 5148//9129
f 5143//9130 5162//9130 5163//9130
f 5148//9131 5189//9131 5162//9131
f 5141//9132 5149//9132 5144//9132
f 5145//9133 5182//9133 5149//9133
f 5144//9134 5153//9134 5154//9134
f 5149//9135 5187//9135 5153//9135
o suppRuotaAntDx
v 0.270129 0.390129 0.034442
v 0.173024 0.373134 0.032355
v 0.268459 0.399415 0.036537
v 0.171354 0.382420 0.034450
v 0.266853 0.408113 0.040431
v 0.169748 0.391119 0.038344
v 0.265373 0.415890 0.045976
v 0.168267 0.398895 0.043889
v 0.264076 0.422445 0.052958
v 0.166970 0.405450 0.050872
v 0.263011 0.427528 0.061110
v 0.165905 0.410533 0.059023
v 0.262220 0.430942 0.070117
v 0.165114 0.413948 0.068030
v 0.261733 0.432558 0.079633
v 0.164627 0.415563 0.077546
v 0.261568 0.432311 0.089293
v 0.164463 0.415317 0.087207
v 0.261733 0.430213 0.098726
v 0.164627 0.413219 0.096640
v 0.262220 0.426344 0.107569
v 0.165114 0.409349 0.105483
v 0.263011 0.420852 0.115483
v 0.165905 0.403857 0.113396
v 0.264076 0.413948 0.122162
v 0.166970 0.396953 0.120075
v 0.265373 0.405898 0.127351
v 0.168267 0.388903 0.125264
v 0.266853 0.397011 0.130850
v 0.169748 0.380017 0.128763
v 0.268459 0.387629 0.132525
v 0.171354 0.370634 0.130438
v 0.270129 0.378112 0.132310
v 0.173024 0.361117 0.130224
v 0.271800 0.368826 0.130216
v 0.174694 0.351831 0.128129
v 0.273406 0.360128 0.126321
v 0.176300 0.343133 0.124235
v 0.274886 0.352351 0.120776
v 0.177780 0.335357 0.118690
v 0.276183 0.345796 0.113794
v 0.179077 0.328801 0.111707
v 0.277248 0.340713 0.105643
v 0.180142 0.323718 0.103556
v 0.278039 0.337299 0.096636
v 0.180933 0.320304 0.094549
v 0.278526 0.335683 0.087119
v 0.181420 0.318689 0.085033
v 0.278691 0.335930 0.077459
v 0.181585 0.318935 0.075372
v 0.278526 0.338028 0.068026
v 0.181420 0.321033 0.065939
v 0.278039 0.341897 0.059183
v 0.180933 0.324903 0.057096
v 0.277248 0.347389 0.051270
v 0.180142 0.330395 0.049183
v 0.276183 0.354293 0.044590
v 0.179077 0.337298 0.042504
v 0.274886 0.362343 0.039401
v 0.177780 0.345348 0.037315
v 0.273406 0.371230 0.035902
v 0.176300 0.354235 0.033816
v 0.271800 0.380612 0.034228
v 0.174694 0.363617 0.032141
vn -0.0170 0.2171 -0.9760
vn -0.0504 0.4004 -0.9150
vn -0.0819 0.5683 -0.8188
vn -0.1102 0.7143 -0.6911
vn -0.1342 0.8329 -0.5369
vn -0.1531 0.9195 -0.3620
vn -0.1662 0.9708 -0.1733
vn -0.1728 0.9847 0.0222
vn -0.1728 0.9608 0.2167
vn -0.1662 0.9000 0.4030
vn -0.1531 0.8046 0.5737
vn -0.1342 0.6783 0.7224
vn -0.1102 0.5259 0.8434
vn -0.0819 0.3533 0.9319
vn -0.0504 0.1671 0.9846
vn -0.0170 -0.0255 0.9995
vn 0.0170 -0.2171 0.9760
vn 0.0504 -0.4004 0.9150
vn 0.0819 -0.5683 0.8188
vn 0.1102 -0.7143 0.6911
vn 0.1342 -0.8329 0.5369
vn 0.1531 -0.9195 0.3620
vn 0.1662 -0.9708 0.1733
vn 0.1728 -0.9847 -0.0222
vn 0.1728 -0.9608 -0.2167
vn 0.1662 -0.9000 -0.4030
vn 0.1531 -0.8046 -0.5737
vn 0.1342 -0.6783 -0.7224
vn 0.1102 -0.5259 -0.8434
vn 0.0819 -0.3533 -0.9319
vn -0.9848 -0.1724 -0.0212
vn 0.0170 0.0255 -0.9995
vn 0.0504 -0.1671 -0.9846
vn 0.9848 0.1724 0.0212
vn -0.9848 -0.1723 -0.0212
vn 0.9848 0.1723 0.0212
s 0
usemtl grayDark
f 5195//9136 5196//9136 5194//9136
f 5197//9137 5198//9137 5196//9137
f 5199//9138 5200//9138 5198//9138
f 5201//9139 5202//9139 5200//9139
f 5203//9140 5204//9140 5202//9140
f 5205//9141 5206//9141 5204//9141
f 5207//9142 5208//9142 5206//9142
f 5209//9143 5210//9143 5208//9143
f 5211//9144 5212//9144 5210//9144
f 5213//9145 5214//9145 5212//9145
f 5215//9146 5216//9146 5214//9146
f 5217//9147 5218//9147 5216//9147
f 5219//9148 5220//9148 5218//9148
f 5221//9149 5222//9149 5220//9149
f 5223//9150 5224//9150 5222//9150
f 5225//9151 5226//9151 5224//9151
f 5227//9152 5228//9152 5226//9152
f 5229//9153 5230//9153 5228//9153
f 5231//9154 5232//9154 5230//9154
f 5233//9155 5234//9155 5232//9155
f 5235//9156 5236//9156 5234//9156
f 5237//9157 5238//9157 5236//9157
f 5239//9158 5240//9158 5238//9158
f 5241//9159 5242//9159 5240//9159
f 5243//9160 5244//9160 5242//9160
f 5245//9161 5246//9161 5244//9161
f 5247//9162 5248//9162 5246//9162
f 5249//9163 5250//9163 5248//9163
f 5251//9164 5252//9164 5250//9164
f 5253//9165 5254//9165 5252//9165
f 5231//9166 5215//9166 5199//9166
f 5257//9167 5194//9167 5256//9167
f 5255//9168 5256//9168 5254//9168
f 5224//9169 5240//9169 5256//9169
f 5195//9136 5197//9136 5196//9136
f 5197//9137 5199//9137 5198//9137
f 5199//9138 5201//9138 5200//9138
f 5201//9139 5203//9139 5202//9139
f 5203//9140 5205//9140 5204//9140
f 5205//9141 5207//9141 5206//9141
f 5207//9142 5209//9142 5208//9142
f 5209//9143 5211//9143 5210//9143
f 5211//9144 5213//9144 5212//9144
f 5213//9145 5215//9145 5214//9145
f 5215//9146 5217//9146 5216//9146
f 5217//9147 5219//9147 5218//9147
f 5219//9148 5221//9148 5220//9148
f 5221//9149 5223//9149 5222//9149
f 5223//9150 5225//9150 5224//9150
f 5225//9151 5227//9151 5226//9151
f 5227//9152 5229//9152 5228//9152
f 5229//9153 5231//9153 5230//9153
f 5231//9154 5233//9154 5232//9154
f 5233//9155 5235//9155 5234//9155
f 5235//9156 5237//9156 5236//9156
f 5237//9157 5239//9157 5238//9157
f 5239//9158 5241//9158 5240//9158
f 5241//9159 5243//9159 5242//9159
f 5243//9160 5245//9160 5244//9160
f 5245//9161 5247//9161 5246//9161
f 5247//9162 5249//9162 5248//9162
f 5249//9163 5251//9163 5250//9163
f 5251//9164 5253//9164 5252//9164
f 5253//9165 5255//9165 5254//9165
f 5199//9166 5197//9166 5195//9166
f 5195//9166 5257//9166 5255//9166
f 5255//9166 5253//9166 5251//9166
f 5251//9166 5249//9166 5247//9166
f 5247//9166 5245//9166 5243//9166
f 5243//9170 5241//9170 5239//9170
f 5239//9166 5237//9166 5235//9166
f 5235//9166 5233//9166 5231//9166
f 5231//9166 5229//9166 5227//9166
f 5227//9166 5225//9166 5223//9166
f 5223//9166 5221//9166 5219//9166
f 5219//9166 5217//9166 5215//9166
f 5215//9170 5213//9170 5211//9170
f 5211//9166 5209//9166 5207//9166
f 5207//9166 5205//9166 5203//9166
f 5203//9166 5201//9166 5199//9166
f 5199//9166 5195//9166 5255//9166
f 5255//9166 5251//9166 5247//9166
f 5247//9166 5243//9166 5239//9166
f 5239//9166 5235//9166 5231//9166
f 5231//9166 5227//9166 5223//9166
f 5223//9166 5219//9166 5215//9166
f 5215//9166 5211//9166 5207//9166
f 5207//9166 5203//9166 5199//9166
f 5199//9166 5255//9166 5247//9166
f 5247//9166 5239//9166 5231//9166
f 5231//9166 5223//9166 5215//9166
f 5215//9166 5207//9166 5199//9166
f 5199//9166 5247//9166 5231//9166
f 5257//9167 5195//9167 5194//9167
f 5255//9168 5257//9168 5256//9168
f 5256//9169 5194//9169 5196//9169
f 5196//9169 5198//9169 5200//9169
f 5200//9169 5202//9169 5204//9169
f 5204//9169 5206//9169 5208//9169
f 5208//9169 5210//9169 5212//9169
f 5212//9169 5214//9169 5216//9169
f 5216//9169 5218//9169 5220//9169
f 5220//9169 5222//9169 5224//9169
f 5224//9169 5226//9169 5228//9169
f 5228//9169 5230//9169 5232//9169
f 5232//9169 5234//9169 5236//9169
f 5236//9169 5238//9169 5240//9169
f 5240//9171 5242//9171 5244//9171
f 5244//9169 5246//9169 5248//9169
f 5248//9169 5250//9169 5252//9169
f 5252//9169 5254//9169 5256//9169
f 5256//9169 5196//9169 5200//9169
f 5200//9169 5204//9169 5208//9169
f 5208//9169 5212//9169 5216//9169
f 5216//9169 5220//9169 5224//9169
f 5224//9169 5228//9169 5232//9169
f 5232//9169 5236//9169 5240//9169
f 5240//9169 5244//9169 5248//9169
f 5248//9169 5252//9169 5256//9169
f 5256//9169 5200//9169 5208//9169
f 5208//9169 5216//9169 5224//9169
f 5224//9169 5232//9169 5240//9169
f 5240//9169 5248//9169 5256//9169
f 5256//9169 5208//9169 5224//9169
o astaRuotaAntDx
v 0.191061 0.379256 0.079913
v 0.125503 0.998353 0.155928
v 0.194717 0.379593 0.080319
v 0.129159 0.998690 0.156335
v 0.198233 0.379829 0.081429
v 0.132675 0.998926 0.157444
v 0.201473 0.379955 0.083199
v 0.135915 0.999052 0.159214
v 0.204313 0.379966 0.085561
v 0.138755 0.999062 0.161577
v 0.206644 0.379861 0.088425
v 0.141086 0.998958 0.164441
v 0.208376 0.379644 0.091681
v 0.142818 0.998741 0.167697
v 0.209443 0.379325 0.095204
v 0.143884 0.998422 0.171219
v 0.209803 0.378914 0.098858
v 0.144244 0.998011 0.174873
v 0.209443 0.378429 0.102502
v 0.143884 0.997526 0.178517
v 0.208376 0.377887 0.105997
v 0.142818 0.996983 0.182013
v 0.206644 0.377309 0.109209
v 0.141086 0.996406 0.185224
v 0.204313 0.376718 0.112013
v 0.138755 0.995815 0.188029
v 0.201473 0.376136 0.114303
v 0.135915 0.995233 0.190319
v 0.198233 0.375586 0.115990
v 0.132675 0.994682 0.192006
v 0.194717 0.375088 0.117009
v 0.129159 0.994185 0.193025
v 0.191061 0.374663 0.117322
v 0.125503 0.993759 0.193338
v 0.187405 0.374325 0.116916
v 0.121846 0.993422 0.192931
v 0.183889 0.374089 0.115806
v 0.118330 0.993186 0.191822
v 0.180649 0.373963 0.114036
v 0.115090 0.993060 0.190052
v 0.177809 0.373953 0.111674
v 0.112250 0.993050 0.187689
v 0.175478 0.374058 0.108810
v 0.109919 0.993154 0.184825
v 0.173746 0.374274 0.105554
v 0.108187 0.993371 0.181569
v 0.172679 0.374594 0.102031
v 0.107121 0.993690 0.178047
v 0.172319 0.375004 0.098377
v 0.106761 0.994101 0.174393
v 0.172679 0.375490 0.094733
v 0.107121 0.994586 0.170748
v 0.173746 0.376032 0.091238
v 0.108188 0.995129 0.167253
v 0.175478 0.376610 0.088026
v 0.109919 0.995706 0.164042
v 0.177809 0.377201 0.085222
v 0.112250 0.996297 0.161237
v 0.180649 0.377783 0.082932
v 0.115090 0.996879 0.158947
v 0.183889 0.378333 0.081245
v 0.118331 0.997430 0.157260
v 0.187405 0.378830 0.080225
v 0.121846 0.997927 0.156241
vn 0.0975 0.1315 -0.9865
vn 0.2887 0.1467 -0.9461
vn 0.4688 0.1564 -0.8693
vn 0.6309 0.1600 -0.7592
vn 0.7688 0.1575 -0.6198
vn 0.8771 0.1489 -0.4566
vn 0.9517 0.1347 -0.2759
vn 0.9897 0.1152 -0.0846
vn 0.9897 0.0913 0.1100
vn 0.9517 0.0639 0.3003
vn 0.8771 0.0340 0.4791
vn 0.7688 0.0029 0.6395
vn 0.6309 -0.0284 0.7753
vn 0.4688 -0.0586 0.8814
vn 0.2887 -0.0865 0.9535
vn 0.0975 -0.1111 0.9890
vn -0.0975 -0.1315 0.9865
vn -0.2887 -0.1467 0.9461
vn -0.4688 -0.1564 0.8693
vn -0.6309 -0.1600 0.7592
vn -0.7688 -0.1575 0.6198
vn -0.8771 -0.1489 0.4566
vn -0.9517 -0.1347 0.2759
vn -0.9897 -0.1152 0.0846
vn -0.9897 -0.0913 -0.1100
vn -0.9517 -0.0639 -0.3003
vn -0.8771 -0.0340 -0.4791
vn -0.7688 -0.0029 -0.6395
vn -0.6309 0.0284 -0.7753
vn -0.4688 0.0586 -0.8814
vn -0.1045 0.9871 0.1212
vn -0.0975 0.1111 -0.9890
vn -0.2887 0.0865 -0.9535
vn 0.1045 -0.9871 -0.1212
vn 0.8771 0.0341 0.4791
vn -0.1046 0.9871 0.1212
vn -0.1044 0.9871 0.1212
vn -0.1047 0.9871 0.1212
s 0
usemtl grayDark
f 5259//9172 5260//9172 5258//9172
f 5261//9173 5262//9173 5260//9173
f 5263//9174 5264//9174 5262//9174
f 5265//9175 5266//9175 5264//9175
f 5267//9176 5268//9176 5266//9176
f 5269//9177 5270//9177 5268//9177
f 5271//9178 5272//9178 5270//9178
f 5273//9179 5274//9179 5272//9179
f 5275//9180 5276//9180 5274//9180
f 5277//9181 5278//9181 5276//9181
f 5279//9182 5280//9182 5278//9182
f 5281//9183 5282//9183 5280//9183
f 5283//9184 5284//9184 5282//9184
f 5285//9185 5286//9185 5284//9185
f 5287//9186 5288//9186 5286//9186
f 5289//9187 5290//9187 5288//9187
f 5291//9188 5292//9188 5290//9188
f 5293//9189 5294//9189 5292//9189
f 5295//9190 5296//9190 5294//9190
f 5297//9191 5298//9191 5296//9191
f 5299//9192 5300//9192 5298//9192
f 5301//9193 5302//9193 5300//9193
f 5303//9194 5304//9194 5302//9194
f 5305//9195 5306//9195 5304//9195
f 5307//9196 5308//9196 5306//9196
f 5309//9197 5310//9197 5308//9197
f 5311//9198 5312//9198 5310//9198
f 5313//9199 5314//9199 5312//9199
f 5315//9200 5316//9200 5314//9200
f 5317//9201 5318//9201 5316//9201
f 5295//9202 5279//9202 5263//9202
f 5321//9203 5258//9203 5320//9203
f 5319//9204 5320//9204 5318//9204
f 5288//9205 5304//9205 5320//9205
f 5259//9172 5261//9172 5260//9172
f 5261//9173 5263//9173 5262//9173
f 5263//9174 5265//9174 5264//9174
f 5265//9175 5267//9175 5266//9175
f 5267//9176 5269//9176 5268//9176
f 5269//9177 5271//9177 5270//9177
f 5271//9178 5273//9178 5272//9178
f 5273//9179 5275//9179 5274//9179
f 5275//9180 5277//9180 5276//9180
f 5277//9181 5279//9181 5278//9181
f 5279//9206 5281//9206 5280//9206
f 5281//9183 5283//9183 5282//9183
f 5283//9184 5285//9184 5284//9184
f 5285//9185 5287//9185 5286//9185
f 5287//9186 5289//9186 5288//9186
f 5289//9187 5291//9187 5290//9187
f 5291//9188 5293//9188 5292//9188
f 5293//9189 5295//9189 5294//9189
f 5295//9190 5297//9190 5296//9190
f 5297//9191 5299//9191 5298//9191
f 5299//9192 5301//9192 5300//9192
f 5301//9193 5303//9193 5302//9193
f 5303//9194 5305//9194 5304//9194
f 5305//9195 5307//9195 5306//9195
f 5307//9196 5309//9196 5308//9196
f 5309//9197 5311//9197 5310//9197
f 5311//9198 5313//9198 5312//9198
f 5313//9199 5315//9199 5314//9199
f 5315//9200 5317//9200 5316//9200
f 5317//9201 5319//9201 5318//9201
f 5263//9207 5261//9207 5259//9207
f 5259//9202 5321//9202 5319//9202
f 5319//9202 5317//9202 5315//9202
f 5315//9202 5313//9202 5311//9202
f 5311//9202 5309//9202 5307//9202
f 5307//9208 5305//9208 5303//9208
f 5303//9208 5301//9208 5299//9208
f 5299//9202 5297//9202 5295//9202
f 5295//9207 5293//9207 5291//9207
f 5291//9202 5289//9202 5287//9202
f 5287//9202 5285//9202 5283//9202
f 5283//9208 5281//9208 5279//9208
f 5279//9208 5277//9208 5275//9208
f 5275//9209 5273//9209 5271//9209
f 5271//9202 5269//9202 5267//9202
f 5267//9202 5265//9202 5263//9202
f 5263//9202 5259//9202 5319//9202
f 5319//9202 5315//9202 5311//9202
f 5311//9202 5307//9202 5303//9202
f 5303//9202 5299//9202 5295//9202
f 5295//9202 5291//9202 5287//9202
f 5287//9202 5283//9202 5279//9202
f 5279//9207 5275//9207 5271//9207
f 5271//9202 5267//9202 5263//9202
f 5263//9202 5319//9202 5311//9202
f 5311//9202 5303//9202 5295//9202
f 5295//9202 5287//9202 5279//9202
f 5279//9202 5271//9202 5263//9202
f 5263//9202 5311//9202 5295//9202
f 5321//9203 5259//9203 5258//9203
f 5319//9204 5321//9204 5320//9204
f 5320//9205 5258//9205 5260//9205
f 5260//9205 5262//9205 5264//9205
f 5264//9205 5266//9205 5268//9205
f 5268//9205 5270//9205 5272//9205
f 5272//9205 5274//9205 5276//9205
f 5276//9205 5278//9205 5280//9205
f 5280//9205 5282//9205 5284//9205
f 5284//9205 5286//9205 5288//9205
f 5288//9205 5290//9205 5292//9205
f 5292//9205 5294//9205 5296//9205
f 5296//9205 5298//9205 5300//9205
f 5300//9205 5302//9205 5304//9205
f 5304//9205 5306//9205 5308//9205
f 5308//9205 5310//9205 5312//9205
f 5312//9205 5314//9205 5316//9205
f 5316//9205 5318//9205 5320//9205
f 5320//9205 5260//9205 5264//9205
f 5264//9205 5268//9205 5272//9205
f 5272//9205 5276//9205 5280//9205
f 5280//9205 5284//9205 5288//9205
f 5288//9205 5292//9205 5296//9205
f 5296//9205 5300//9205 5304//9205
f 5304//9205 5308//9205 5312//9205
f 5312//9205 5316//9205 5320//9205
f 5320//9205 5264//9205 5272//9205
f 5272//9205 5280//9205 5288//9205
f 5288//9205 5296//9205 5304//9205
f 5304//9205 5312//9205 5320//9205
f 5320//9205 5272//9205 5288//9205
o ruotaAntDx
v 0.229977 0.458480 0.091688
v 0.216943 0.454045 0.091143
v 0.208143 0.446620 0.090232
v 0.205936 0.438195 0.089197
v 0.210913 0.431028 0.088317
v 0.221741 0.427038 0.087827
v 0.235517 0.427296 0.087859
v 0.248552 0.431731 0.088404
v 0.257352 0.439155 0.089315
v 0.259559 0.447580 0.090350
v 0.254582 0.454747 0.091230
v 0.243754 0.458737 0.091719
v 0.230096 0.459082 0.081273
v 0.217058 0.454630 0.081008
v 0.208250 0.447162 0.080858
v 0.206031 0.438677 0.080865
v 0.210996 0.431449 0.081027
v 0.221815 0.427416 0.081299
v 0.235588 0.427657 0.081610
v 0.248626 0.432108 0.081876
v 0.257435 0.439577 0.082025
v 0.259654 0.448061 0.082018
v 0.254688 0.455289 0.081856
v 0.243870 0.459323 0.081584
v 0.230449 0.458339 0.070873
v 0.217402 0.453908 0.070886
v 0.208568 0.446493 0.071498
v 0.206314 0.438083 0.072545
v 0.211243 0.430929 0.073747
v 0.222036 0.426950 0.074781
v 0.235801 0.427211 0.075370
v 0.248848 0.431643 0.075357
v 0.257682 0.439057 0.074745
v 0.259936 0.447467 0.073697
v 0.255006 0.454621 0.072496
v 0.244214 0.458600 0.071462
v 0.231032 0.456265 0.060665
v 0.217969 0.451889 0.060952
v 0.209092 0.444627 0.062311
v 0.206779 0.436424 0.064379
v 0.211651 0.429478 0.066601
v 0.222401 0.425650 0.068382
v 0.236150 0.425967 0.069245
v 0.249213 0.430343 0.068958
v 0.258090 0.437605 0.067599
v 0.260402 0.445808 0.065531
v 0.255531 0.452754 0.063309
v 0.244780 0.456582 0.061528
v 0.231833 0.452895 0.050824
v 0.218749 0.448610 0.051374
v 0.209813 0.441594 0.053454
v 0.207420 0.433728 0.056506
v 0.212212 0.427119 0.059712
v 0.222904 0.423538 0.062214
v 0.236631 0.423945 0.063341
v 0.249715 0.428230 0.062790
v 0.258651 0.435246 0.060710
v 0.261043 0.443112 0.057658
v 0.256252 0.449721 0.054452
v 0.245560 0.453302 0.051950
v 0.232839 0.448287 0.041518
v 0.219728 0.444125 0.042318
v 0.210719 0.437446 0.045079
v 0.208226 0.430041 0.049062
v 0.212916 0.423893 0.053199
v 0.223534 0.420649 0.056381
v 0.237235 0.421180 0.057757
v 0.250346 0.425342 0.056957
v 0.259355 0.432020 0.054196
v 0.261848 0.439426 0.050214
v 0.257158 0.445574 0.046077
v 0.246540 0.448817 0.042894
v 0.234034 0.442519 0.032907
v 0.220891 0.438511 0.033938
v 0.211794 0.432255 0.037329
v 0.209181 0.425427 0.042173
v 0.213753 0.419855 0.047171
v 0.224283 0.417034 0.050984
v 0.237951 0.417719 0.052591
v 0.251095 0.421726 0.051560
v 0.260191 0.427983 0.048169
v 0.262804 0.434811 0.043325
v 0.258233 0.440383 0.038327
v 0.247702 0.443204 0.034514
v 0.235396 0.435690 0.025138
v 0.222216 0.431866 0.026377
v 0.213020 0.426109 0.030337
v 0.210271 0.419964 0.035958
v 0.214706 0.415075 0.041733
v 0.225137 0.412754 0.046115
v 0.238769 0.413622 0.047929
v 0.251948 0.417446 0.046691
v 0.261145 0.423203 0.042731
v 0.263894 0.429348 0.037110
v 0.259458 0.434237 0.031335
v 0.249028 0.436558 0.026953
v 0.236902 0.427917 0.018344
v 0.223682 0.424301 0.019765
v 0.214376 0.419114 0.024223
v 0.211476 0.413745 0.030522
v 0.215760 0.409634 0.036977
v 0.226081 0.407882 0.041856
v 0.239672 0.408958 0.043853
v 0.252892 0.412574 0.042432
v 0.262199 0.417762 0.037975
v 0.265099 0.423130 0.031675
v 0.260814 0.427241 0.025220
v 0.250494 0.428993 0.020341
v 0.238527 0.419334 0.012642
v 0.225263 0.415947 0.014215
v 0.215838 0.411389 0.019090
v 0.212776 0.406878 0.025960
v 0.216898 0.403626 0.032985
v 0.227099 0.402502 0.038282
v 0.240647 0.403808 0.040431
v 0.253911 0.407194 0.038858
v 0.263336 0.411753 0.033983
v 0.266399 0.416263 0.027112
v 0.262276 0.419516 0.020088
v 0.252075 0.420640 0.014791
v 0.240243 0.410086 0.008127
v 0.226933 0.406947 0.009822
v 0.217382 0.403065 0.015027
v 0.214148 0.399480 0.022349
v 0.218099 0.397152 0.029825
v 0.228175 0.396705 0.035452
v 0.241676 0.398259 0.037723
v 0.254986 0.401398 0.036028
v 0.264537 0.405280 0.030823
v 0.267771 0.408865 0.023501
v 0.263820 0.411193 0.016025
v 0.253744 0.411640 0.010398
v 0.242019 0.400332 0.004879
v 0.228662 0.397455 0.006661
v 0.218981 0.394287 0.012104
v 0.215570 0.391677 0.019750
v 0.219342 0.390325 0.027551
v 0.229288 0.390592 0.033416
v 0.242743 0.392407 0.035774
v 0.256100 0.395284 0.033992
v 0.265781 0.398452 0.028549
v 0.269192 0.401062 0.020903
v 0.265420 0.402414 0.013102
v 0.255474 0.402147 0.007237
v 0.243827 0.390239 0.002952
v 0.230422 0.387633 0.004786
v 0.220608 0.385204 0.010370
v 0.217016 0.383603 0.018209
v 0.220608 0.383260 0.026202
v 0.230422 0.384266 0.032208
v 0.243827 0.386351 0.034618
v 0.257233 0.388958 0.032785
v 0.267047 0.391387 0.027200
v 0.270639 0.392988 0.019361
v 0.267047 0.393331 0.011368
v 0.257233 0.392325 0.005362
v 0.245635 0.379980 0.002380
v 0.232181 0.377649 0.004229
v 0.222235 0.375971 0.009855
v 0.218462 0.375396 0.017751
v 0.221873 0.376078 0.025802
v 0.231555 0.377835 0.031850
v 0.244912 0.380196 0.034274
v 0.258366 0.382528 0.032426
v 0.268312 0.384206 0.026800
v 0.272085 0.384780 0.018903
v 0.268674 0.384098 0.010853
v 0.258992 0.382341 0.004805
v 0.247412 0.369731 0.003172
v 0.233910 0.367673 0.005000
v 0.223834 0.366746 0.010568
v 0.219884 0.367196 0.018385
v 0.223117 0.368903 0.026356
v 0.232668 0.371411 0.032346
v 0.245978 0.374046 0.034750
v 0.259480 0.376103 0.032922
v 0.269556 0.377031 0.027354
v 0.273506 0.376581 0.019537
v 0.270273 0.374873 0.011566
v 0.260721 0.372366 0.005576
v 0.249127 0.359665 0.005315
v 0.235580 0.357878 0.007085
v 0.225378 0.357687 0.012496
v 0.221256 0.359144 0.020099
v 0.224318 0.361858 0.027856
v 0.233744 0.365102 0.033689
v 0.247007 0.368007 0.036035
v 0.260555 0.369794 0.034266
v 0.270757 0.369985 0.028854
v 0.274879 0.368528 0.021251
v 0.271817 0.365814 0.013494
v 0.262391 0.362570 0.007661
v 0.250752 0.349957 0.008772
v 0.237161 0.348430 0.010449
v 0.226840 0.348949 0.015607
v 0.222556 0.351377 0.022865
v 0.225455 0.355062 0.030276
v 0.234762 0.359017 0.035856
v 0.247982 0.362182 0.038109
v 0.261573 0.363709 0.036432
v 0.271894 0.363189 0.031274
v 0.276178 0.360762 0.024017
v 0.273279 0.357077 0.016605
v 0.263972 0.353122 0.011025
v 0.252258 0.340771 0.013484
v 0.238627 0.339490 0.015035
v 0.228196 0.340683 0.019848
v 0.223761 0.344029 0.026634
v 0.226510 0.348632 0.033574
v 0.235706 0.353259 0.038810
v 0.248886 0.356671 0.040937
v 0.262518 0.357952 0.039386
v 0.272948 0.356759 0.034572
v 0.277384 0.353413 0.027786
v 0.274635 0.348810 0.020846
v 0.265438 0.344183 0.015611
v 0.253620 0.332266 0.019370
v 0.239952 0.331213 0.020763
v 0.229422 0.333028 0.025146
v 0.224850 0.337224 0.031343
v 0.227463 0.342678 0.037695
v 0.236560 0.347928 0.042499
v 0.249703 0.351567 0.044468
v 0.263371 0.352621 0.043075
v 0.273902 0.350806 0.038693
v 0.278473 0.346609 0.032495
v 0.275860 0.341155 0.026144
v 0.266764 0.335905 0.021339
v 0.254815 0.324586 0.026330
v 0.241115 0.323739 0.027537
v 0.230497 0.326116 0.031409
v 0.225806 0.331081 0.036911
v 0.228299 0.337303 0.042567
v 0.237309 0.343115 0.046861
v 0.250420 0.346960 0.048644
v 0.264120 0.347807 0.047437
v 0.274738 0.345430 0.043564
v 0.279429 0.340465 0.038063
v 0.276936 0.334243 0.032407
v 0.267926 0.328431 0.028113
v 0.255821 0.317864 0.034244
v 0.242094 0.317196 0.035239
v 0.231403 0.320065 0.038532
v 0.226611 0.325702 0.043242
v 0.229004 0.332597 0.048107
v 0.237939 0.338901 0.051822
v 0.251024 0.342926 0.053393
v 0.264751 0.343593 0.052398
v 0.275443 0.340724 0.049104
v 0.280234 0.335087 0.044394
v 0.277841 0.328193 0.039530
v 0.268906 0.321889 0.035815
v 0.256623 0.312213 0.042977
v 0.242874 0.311697 0.043738
v 0.232124 0.314980 0.046392
v 0.227252 0.321182 0.050229
v 0.229565 0.328641 0.054220
v 0.238442 0.335359 0.057296
v 0.251505 0.339536 0.058633
v 0.265253 0.340051 0.057872
v 0.276003 0.336769 0.055218
v 0.280875 0.330567 0.051381
v 0.278562 0.323107 0.047390
v 0.269686 0.316389 0.044314
v 0.257205 0.307731 0.052380
v 0.243441 0.307335 0.052889
v 0.232648 0.310946 0.054855
v 0.227718 0.317596 0.057751
v 0.229972 0.325504 0.060802
v 0.238807 0.332550 0.063190
v 0.251854 0.336846 0.064274
v 0.265618 0.337242 0.063766
v 0.276411 0.333631 0.061800
v 0.281341 0.326981 0.058904
v 0.279087 0.319074 0.055853
v 0.270252 0.312028 0.053465
v 0.257558 0.304495 0.062292
v 0.243785 0.304185 0.062535
v 0.232966 0.308033 0.063776
v 0.228001 0.315007 0.065681
v 0.230220 0.323238 0.067740
v 0.239028 0.330521 0.069402
v 0.252066 0.334904 0.070222
v 0.265840 0.335214 0.069978
v 0.276658 0.331366 0.068738
v 0.281624 0.324392 0.066833
v 0.279405 0.316161 0.064773
v 0.270596 0.308878 0.063111
v 0.257677 0.302559 0.072543
v 0.243900 0.302302 0.072512
v 0.233073 0.306291 0.073001
v 0.228096 0.313459 0.073882
v 0.230303 0.321883 0.074916
v 0.239103 0.329308 0.075828
v 0.252137 0.333743 0.076372
v 0.265914 0.334000 0.076404
v 0.276741 0.330011 0.075914
v 0.281718 0.322843 0.075034
v 0.279511 0.314419 0.073999
v 0.270712 0.306994 0.073088
v 0.257558 0.301957 0.082958
v 0.243785 0.301716 0.082647
v 0.232966 0.305750 0.082375
v 0.228001 0.312977 0.082213
v 0.230220 0.321462 0.082206
v 0.239028 0.328931 0.082355
v 0.252066 0.333382 0.082621
v 0.265840 0.333623 0.082932
v 0.276658 0.329589 0.083204
v 0.281624 0.322362 0.083366
v 0.279405 0.313877 0.083373
v 0.270596 0.306408 0.083223
v 0.257205 0.302700 0.093358
v 0.243441 0.302439 0.092769
v 0.232648 0.306418 0.091735
v 0.227718 0.313571 0.090534
v 0.229972 0.321982 0.089486
v 0.238807 0.329396 0.088874
v 0.251854 0.333827 0.088861
v 0.265618 0.334088 0.089451
v 0.276411 0.330109 0.090484
v 0.281341 0.322956 0.091686
v 0.279087 0.314545 0.092733
v 0.270252 0.307131 0.093345
v 0.256623 0.304774 0.103566
v 0.242874 0.304457 0.102703
v 0.232124 0.308284 0.100922
v 0.227252 0.315230 0.098700
v 0.229565 0.323434 0.096632
v 0.238442 0.330696 0.095273
v 0.251505 0.335072 0.094986
v 0.265253 0.335388 0.095849
v 0.276003 0.331561 0.097630
v 0.280875 0.324615 0.099852
v 0.278562 0.316412 0.101920
v 0.269686 0.309149 0.103280
v 0.255821 0.308144 0.113407
v 0.242094 0.307737 0.112281
v 0.231403 0.311317 0.109779
v 0.226611 0.317926 0.106573
v 0.229004 0.325793 0.103521
v 0.237939 0.332808 0.101441
v 0.251024 0.337094 0.100891
v 0.264751 0.337501 0.102017
v 0.275443 0.333920 0.104519
v 0.280234 0.327311 0.107725
v 0.277841 0.319445 0.110777
v 0.268906 0.312429 0.112857
v 0.254815 0.312752 0.122713
v 0.241115 0.312222 0.121337
v 0.230497 0.315465 0.118154
v 0.225806 0.321613 0.114017
v 0.228299 0.329019 0.110035
v 0.237309 0.335697 0.107274
v 0.250420 0.339859 0.106474
v 0.264120 0.340389 0.107850
v 0.274738 0.337146 0.111033
v 0.279429 0.330998 0.115169
v 0.276936 0.323592 0.119152
v 0.267926 0.316914 0.121913
v 0.253620 0.318520 0.131324
v 0.239952 0.317835 0.129717
v 0.229422 0.320656 0.125904
v 0.224850 0.326227 0.120906
v 0.227463 0.333056 0.116062
v 0.236560 0.339312 0.112671
v 0.249703 0.343320 0.111640
v 0.263371 0.344005 0.113247
v 0.273902 0.341183 0.117060
v 0.278473 0.335612 0.122058
v 0.275860 0.328783 0.126902
v 0.266764 0.322527 0.130293
v 0.252258 0.325349 0.139093
v 0.238627 0.324481 0.137278
v 0.228196 0.326802 0.132896
v 0.223761 0.331690 0.127121
v 0.226510 0.337836 0.121500
v 0.235706 0.343592 0.117540
v 0.248886 0.347417 0.116302
v 0.262518 0.348285 0.118117
v 0.272948 0.345963 0.122498
v 0.277384 0.341075 0.128273
v 0.274635 0.334929 0.133894
v 0.265438 0.329173 0.137854
v 0.250752 0.333121 0.145887
v 0.237161 0.332045 0.143890
v 0.226840 0.333797 0.139011
v 0.222556 0.337909 0.132556
v 0.225455 0.343277 0.126256
v 0.234762 0.348464 0.121799
v 0.247982 0.352081 0.120378
v 0.261573 0.353157 0.122375
v 0.271894 0.351404 0.127254
v 0.276178 0.347293 0.133709
v 0.273279 0.341925 0.140008
v 0.263972 0.336738 0.144466
v 0.249127 0.341705 0.151590
v 0.235580 0.340399 0.149440
v 0.225378 0.341523 0.144143
v 0.221256 0.344776 0.137119
v 0.224318 0.349286 0.130248
v 0.233744 0.353845 0.125373
v 0.247007 0.357231 0.123800
v 0.260555 0.358537 0.125950
v 0.270757 0.357413 0.131246
v 0.274879 0.354160 0.138271
v 0.271817 0.349650 0.145141
v 0.262391 0.345091 0.150016
v 0.247412 0.350953 0.156104
v 0.233910 0.349399 0.153833
v 0.223834 0.349846 0.148206
v 0.219884 0.352174 0.140730
v 0.223117 0.355759 0.133408
v 0.232668 0.359641 0.128203
v 0.245978 0.362779 0.126508
v 0.259480 0.364333 0.128779
v 0.269556 0.363886 0.134406
v 0.273506 0.361558 0.141882
v 0.270273 0.357973 0.149204
v 0.260721 0.354091 0.154409
v 0.245635 0.360707 0.159352
v 0.232181 0.358891 0.156994
v 0.222235 0.358624 0.151129
v 0.218462 0.359977 0.143329
v 0.221873 0.362587 0.135682
v 0.231555 0.365755 0.130239
v 0.244912 0.368632 0.128457
v 0.258366 0.370447 0.130815
v 0.268312 0.370714 0.136680
v 0.272085 0.369361 0.144481
v 0.268674 0.366751 0.152127
v 0.258992 0.363584 0.157570
v 0.243827 0.370799 0.161279
v 0.230422 0.368714 0.158869
v 0.220608 0.367708 0.152863
v 0.217016 0.368051 0.144870
v 0.220608 0.369652 0.137031
v 0.230422 0.372081 0.131447
v 0.243827 0.374687 0.129613
v 0.257233 0.376773 0.132023
v 0.267047 0.377779 0.138029
v 0.270639 0.377436 0.146022
v 0.267047 0.375835 0.153861
v 0.257233 0.373406 0.159446
v 0.242019 0.381058 0.161851
v 0.228662 0.378698 0.159426
v 0.218981 0.376941 0.153378
v 0.215570 0.376258 0.145328
v 0.219342 0.376833 0.137431
v 0.229288 0.378511 0.131805
v 0.242743 0.380843 0.129957
v 0.256100 0.383203 0.132381
v 0.265781 0.384960 0.138429
v 0.269192 0.385643 0.146480
v 0.265420 0.385068 0.154376
v 0.255474 0.383390 0.160002
v 0.240243 0.391308 0.161059
v 0.226933 0.388673 0.158655
v 0.217382 0.386166 0.152665
v 0.214148 0.384458 0.144694
v 0.218099 0.384008 0.136877
v 0.228175 0.384936 0.131309
v 0.241676 0.386993 0.129481
v 0.254986 0.389628 0.131885
v 0.264537 0.392135 0.137875
v 0.267771 0.393843 0.145846
v 0.263820 0.394293 0.153663
v 0.253744 0.393365 0.159232
v 0.238527 0.401373 0.158916
v 0.225263 0.398468 0.156570
v 0.215838 0.395224 0.150737
v 0.212776 0.392510 0.142980
v 0.216898 0.391053 0.135377
v 0.227099 0.391244 0.129966
v 0.240647 0.393032 0.128196
v 0.253911 0.395937 0.130542
v 0.263336 0.399181 0.136375
v 0.266399 0.401895 0.144132
v 0.262276 0.403352 0.151735
v 0.252075 0.403161 0.157146
v 0.236902 0.411082 0.155459
v 0.223682 0.407917 0.153206
v 0.214376 0.403962 0.147626
v 0.211476 0.400277 0.140214
v 0.215760 0.397849 0.132957
v 0.226081 0.397330 0.127799
v 0.239672 0.398857 0.126122
v 0.252892 0.402022 0.128375
v 0.262199 0.405977 0.133955
v 0.265099 0.409662 0.141366
v 0.260814 0.412089 0.148624
v 0.250494 0.412609 0.153782
v 0.235396 0.420267 0.150747
v 0.222216 0.416856 0.148620
v 0.213020 0.412229 0.143385
v 0.210271 0.407625 0.136445
v 0.214706 0.404279 0.129659
v 0.225137 0.403087 0.124845
v 0.238769 0.404368 0.123295
v 0.251948 0.407779 0.125422
v 0.261145 0.412407 0.130657
v 0.263894 0.417010 0.137597
v 0.259458 0.420356 0.144383
v 0.249028 0.421548 0.149196
v 0.234034 0.428773 0.144861
v 0.220891 0.425133 0.142892
v 0.211794 0.419884 0.138088
v 0.209181 0.414430 0.131736
v 0.213753 0.410233 0.125538
v 0.224283 0.408418 0.121156
v 0.237951 0.409471 0.119763
v 0.251095 0.413110 0.121732
v 0.260191 0.418360 0.126536
v 0.262804 0.423814 0.132888
v 0.258233 0.428011 0.139085
v 0.247702 0.429826 0.143468
v 0.232839 0.436452 0.137901
v 0.219728 0.432607 0.136118
v 0.210719 0.426795 0.131824
v 0.208226 0.420573 0.126168
v 0.212916 0.415609 0.120667
v 0.223534 0.413232 0.116794
v 0.237235 0.414079 0.115587
v 0.250346 0.417924 0.117370
v 0.259355 0.423736 0.121664
v 0.261848 0.429958 0.127320
v 0.257158 0.434923 0.132822
v 0.246540 0.437300 0.136695
v 0.231833 0.443175 0.129987
v 0.218749 0.439150 0.128416
v 0.209813 0.432846 0.124701
v 0.207420 0.425952 0.119837
v 0.212212 0.420315 0.115127
v 0.222904 0.417445 0.111833
v 0.236631 0.418113 0.110838
v 0.249715 0.422138 0.112409
v 0.258651 0.428442 0.116125
v 0.261043 0.435336 0.120989
v 0.256252 0.440973 0.125699
v 0.245560 0.443842 0.128992
v 0.231032 0.448826 0.121254
v 0.217969 0.444649 0.119917
v 0.209092 0.437931 0.116841
v 0.206779 0.430472 0.112850
v 0.211651 0.424270 0.109013
v 0.222401 0.420987 0.106359
v 0.236150 0.421503 0.105598
v 0.249213 0.425680 0.106935
v 0.258090 0.432397 0.110011
v 0.260402 0.439857 0.114002
v 0.255531 0.446059 0.117839
v 0.244780 0.449342 0.120493
v 0.230449 0.453308 0.111851
v 0.217402 0.449011 0.110766
v 0.208568 0.441965 0.108378
v 0.206314 0.434058 0.105327
v 0.211243 0.427407 0.102431
v 0.222036 0.423797 0.100465
v 0.235801 0.424192 0.099957
v 0.248848 0.428489 0.101041
v 0.257682 0.435535 0.103429
v 0.259936 0.443442 0.106480
v 0.255006 0.450092 0.109376
v 0.244214 0.453703 0.111342
v 0.230096 0.456544 0.101939
v 0.217058 0.452161 0.101120
v 0.208250 0.444878 0.099458
v 0.206031 0.436647 0.097398
v 0.210996 0.429673 0.095493
v 0.221815 0.425825 0.094253
v 0.235588 0.426134 0.094010
v 0.248626 0.430517 0.094829
v 0.257435 0.437800 0.096491
v 0.259654 0.446031 0.098550
v 0.254688 0.453005 0.100455
v 0.243870 0.456853 0.101696
vn -0.3236 0.9448 0.0509
vn -0.6466 0.7619 0.0367
vn -0.9675 0.2530 0.0036
vn -0.8231 -0.5664 -0.0421
vn -0.3475 -0.9359 -0.0580
vn 0.0188 -0.9982 -0.0575
vn 0.3236 -0.9448 -0.0509
vn 0.6466 -0.7619 -0.0367
vn 0.9675 -0.2530 -0.0036
vn 0.8231 0.5664 0.0421
vn 0.3475 0.9359 0.0580
vn -0.0188 0.9982 0.0575
vn -0.3207 0.9439 -0.0783
vn -0.6441 0.7611 -0.0762
vn -0.9662 0.2526 -0.0509
vn -0.8243 -0.5660 0.0124
vn -0.3500 -0.9351 0.0549
vn 0.0158 -0.9973 0.0717
vn 0.3207 -0.9439 0.0783
vn 0.6441 -0.7611 0.0762
vn 0.9662 -0.2526 0.0509
vn 0.8243 0.5660 -0.0124
vn 0.3500 0.9351 -0.0549
vn -0.0158 0.9973 -0.0717
vn -0.3149 0.9265 -0.2062
vn -0.6390 0.7459 -0.1880
vn -0.9638 0.2453 -0.1048
vn -0.8268 -0.5586 0.0663
vn -0.3551 -0.9199 0.1666
vn 0.0100 -0.9798 0.1996
vn 0.3149 -0.9265 0.2062
vn 0.6390 -0.7459 0.1880
vn 0.9638 -0.2453 0.1048
vn 0.8268 0.5586 -0.0663
vn 0.3551 0.9199 -0.1666
vn -0.0100 0.9798 -0.1996
vn -0.3063 0.8927 -0.3306
vn -0.6315 0.7163 -0.2967
vn -0.9602 0.2310 -0.1573
vn -0.8304 -0.5444 0.1188
vn -0.3626 -0.8903 0.2754
vn 0.0014 -0.9460 0.3241
vn 0.3063 -0.8927 0.3306
vn 0.6315 -0.7163 0.2967
vn 0.9602 -0.2310 0.1573
vn 0.8304 0.5444 -0.1188
vn 0.3626 0.8903 -0.2754
vn -0.0014 0.9460 -0.3241
vn -0.2951 0.8432 -0.4495
vn -0.6217 0.6731 -0.4006
vn -0.9554 0.2101 -0.2074
vn -0.8351 -0.5235 0.1689
vn -0.3724 -0.8471 0.3792
vn -0.0098 -0.8965 0.4429
vn 0.2951 -0.8432 0.4495
vn 0.6217 -0.6731 0.4006
vn 0.9554 -0.2101 0.2074
vn 0.8351 0.5235 -0.1689
vn 0.3724 0.8471 -0.3792
vn 0.0098 0.8965 -0.4429
vn -0.2814 0.7788 -0.5607
vn -0.6098 0.6168 -0.4977
vn -0.9497 0.1830 -0.2543
vn -0.8409 -0.4963 0.2158
vn -0.3844 -0.7908 0.4764
vn -0.0234 -0.8321 0.5541
vn 0.2814 -0.7788 0.5607
vn 0.6098 -0.6168 0.4977
vn 0.9497 -0.1830 0.2543
vn 0.8409 0.4963 -0.2158
vn 0.3844 0.7908 -0.4764
vn 0.0234 0.8321 -0.5541
vn -0.2655 0.7006 -0.6623
vn -0.5959 0.5485 -0.5866
vn -0.9430 0.1500 -0.2972
vn -0.8476 -0.4634 0.2587
vn -0.3982 -0.7225 0.5652
vn -0.0393 -0.7539 0.6558
vn 0.2655 -0.7006 0.6623
vn 0.5959 -0.5485 0.5866
vn 0.9430 -0.1500 0.2972
vn 0.8476 0.4634 -0.2587
vn 0.3982 0.7225 -0.5652
vn 0.0393 0.7539 -0.6558
vn -0.2477 0.6099 -0.7527
vn -0.5803 0.4693 -0.6656
vn -0.9355 0.1118 -0.3353
vn -0.8551 -0.4252 0.2968
vn -0.4138 -0.6433 0.6442
vn -0.0571 -0.6633 0.7462
vn 0.2477 -0.6099 0.7527
vn 0.5803 -0.4693 0.6656
vn 0.9355 -0.1118 0.3353
vn 0.8551 0.4252 -0.2968
vn 0.4138 0.6433 -0.6442
vn 0.0571 0.6633 -0.7462
vn -0.2283 0.5084 -0.8303
vn -0.5634 0.3806 -0.7333
vn -0.9273 0.0690 -0.3680
vn -0.8633 -0.3823 0.3295
vn -0.4308 -0.5546 0.7120
vn -0.0765 -0.5618 0.8237
vn 0.2283 -0.5084 0.8303
vn 0.5634 -0.3806 0.7333
vn 0.9273 -0.0690 0.3680
vn 0.8633 0.3823 -0.3295
vn 0.4308 0.5546 -0.7120
vn 0.0765 0.5618 -0.8237
vn -0.2076 0.3977 -0.8937
vn -0.5452 0.2839 -0.7888
vn -0.9185 0.0223 -0.3947
vn -0.8720 -0.3357 0.3563
vn -0.4489 -0.4579 0.7674
vn -0.0973 -0.4511 0.8872
vn 0.2076 -0.3977 0.8937
vn 0.5452 -0.2839 0.7887
vn 0.9185 -0.0223 0.3947
vn 0.8720 0.3357 -0.3563
vn 0.4489 0.4579 -0.7674
vn 0.0973 0.4511 -0.8872
vn -0.1859 0.2798 -0.9419
vn -0.5263 0.1808 -0.8308
vn -0.9094 -0.0274 -0.4151
vn -0.8812 -0.2859 0.3766
vn -0.4678 -0.3548 0.8095
vn -0.1190 -0.3332 0.9353
vn 0.1859 -0.2798 0.9419
vn 0.5263 -0.1808 0.8308
vn 0.9094 0.0274 0.4151
vn 0.8812 0.2859 -0.3766
vn 0.4678 0.3548 -0.8095
vn 0.1190 0.3332 -0.9353
vn -0.1636 0.1566 -0.9740
vn -0.5069 0.0732 -0.8589
vn -0.9000 -0.0794 -0.4286
vn -0.8905 -0.2340 0.3901
vn -0.4873 -0.2472 0.8376
vn -0.1412 -0.2100 0.9675
vn 0.1636 -0.1566 0.9740
vn 0.5069 -0.0732 0.8589
vn 0.9000 0.0794 0.4286
vn 0.8905 0.2340 -0.3901
vn 0.4873 0.2472 -0.8376
vn 0.1412 0.2100 -0.9675
vn -0.1412 0.0303 -0.9895
vn -0.4873 -0.0372 -0.8725
vn -0.8905 -0.1327 -0.4351
vn -0.9000 -0.1807 0.3967
vn -0.5069 -0.1368 0.8511
vn -0.1636 -0.0837 0.9830
vn 0.1412 -0.0303 0.9895
vn 0.4873 0.0372 0.8725
vn 0.8905 0.1327 0.4351
vn 0.9000 0.1807 -0.3967
vn 0.5069 0.1368 -0.8511
vn 0.1636 0.0837 -0.9830
vn -0.1190 -0.0970 -0.9882
vn -0.4678 -0.1484 -0.8713
vn -0.8812 -0.1863 -0.4346
vn -0.9094 -0.1270 0.3961
vn -0.5263 -0.0256 0.8499
vn -0.1859 0.0436 0.9816
vn 0.1190 0.0970 0.9882
vn 0.4678 0.1484 0.8713
vn 0.8812 0.1863 0.4346
vn 0.9094 0.1270 -0.3961
vn 0.5263 0.0256 -0.8499
vn 0.1859 -0.0436 -0.9816
vn -0.0973 -0.2231 -0.9699
vn -0.4489 -0.2586 -0.8554
vn -0.8720 -0.2395 -0.4269
vn -0.9185 -0.0739 0.3884
vn -0.5452 0.0846 0.8340
vn -0.2076 0.1697 0.9634
vn 0.0973 0.2231 0.9699
vn 0.4489 0.2586 0.8554
vn 0.8720 0.2395 0.4269
vn 0.9185 0.0739 -0.3884
vn 0.5452 -0.0846 -0.8340
vn 0.2076 -0.1697 -0.9634
vn -0.0765 -0.3458 -0.9352
vn -0.4308 -0.3658 -0.8250
vn -0.8633 -0.2913 -0.4122
vn -0.9273 -0.0221 0.3738
vn -0.5634 0.1919 0.8036
vn -0.2283 0.2925 0.9286
vn 0.0765 0.3458 0.9352
vn 0.4308 0.3658 0.8250
vn 0.8633 0.2913 0.4122
vn 0.9273 0.0221 -0.3738
vn 0.5634 -0.1919 -0.8036
vn 0.2283 -0.2925 -0.9286
vn -0.0571 -0.4631 -0.8845
vn -0.4138 -0.4683 -0.7807
vn -0.8551 -0.3407 -0.3909
vn -0.9355 0.0274 0.3524
vn -0.5803 0.2943 0.7593
vn -0.2477 0.4097 0.8779
vn 0.0571 0.4631 0.8845
vn 0.4138 0.4683 0.7807
vn 0.8551 0.3407 0.3909
vn 0.9355 -0.0274 -0.3524
vn 0.5803 -0.2943 -0.7593
vn 0.2477 -0.4097 -0.8779
vn -0.0393 -0.5729 -0.8187
vn -0.3982 -0.5643 -0.7232
vn -0.8476 -0.3870 -0.3631
vn -0.9430 0.0737 0.3246
vn -0.5959 0.3903 0.7018
vn -0.2655 0.5195 0.8121
vn 0.0393 0.5729 0.8187
vn 0.3982 0.5643 0.7232
vn 0.8476 0.3870 0.3631
vn 0.9430 -0.0737 -0.3246
vn 0.5959 -0.3903 -0.7018
vn 0.2655 -0.5195 -0.8121
vn -0.0234 -0.6733 -0.7390
vn -0.3844 -0.6520 -0.6535
vn -0.8409 -0.4294 -0.3295
vn -0.9497 0.1160 0.2910
vn -0.6098 0.4781 0.6322
vn -0.2814 0.6200 0.7324
vn 0.0234 0.6733 0.7390
vn 0.3844 0.6520 0.6535
vn 0.8409 0.4294 0.3295
vn 0.9497 -0.1160 -0.2910
vn 0.6098 -0.4781 -0.6322
vn 0.2814 -0.6200 -0.7324
vn -0.0098 -0.7627 -0.6466
vn -0.3724 -0.7302 -0.5729
vn -0.8351 -0.4671 -0.2906
vn -0.9554 0.1537 0.2521
vn -0.6217 0.5562 0.5515
vn -0.2951 0.7094 0.6401
vn 0.0098 0.7627 0.6466
vn 0.3724 0.7302 0.5729
vn 0.8351 0.4671 0.2906
vn 0.9554 -0.1537 -0.2521
vn 0.6217 -0.5562 -0.5515
vn 0.2951 -0.7094 -0.6401
vn 0.0014 -0.8395 -0.5433
vn -0.3626 -0.7973 -0.4826
vn -0.8304 -0.4995 -0.2470
vn -0.9602 0.1861 0.2085
vn -0.6315 0.6233 0.4612
vn -0.3063 0.7862 0.5368
vn -0.0014 0.8395 0.5433
vn 0.3626 0.7973 0.4826
vn 0.8304 0.4995 0.2470
vn 0.9602 -0.1861 -0.2085
vn 0.6315 -0.6233 -0.4612
vn 0.3063 -0.7862 -0.5368
vn 0.0100 -0.9024 -0.4308
vn -0.3551 -0.8522 -0.3842
vn -0.8268 -0.5260 -0.1995
vn -0.9638 0.2126 0.1610
vn -0.6390 0.6782 0.3629
vn -0.3149 0.8491 0.4242
vn -0.0100 0.9024 0.4308
vn 0.3551 0.8522 0.3842
vn 0.8268 0.5260 0.1995
vn 0.9638 -0.2126 -0.1610
vn 0.6390 -0.6782 -0.3629
vn 0.3149 -0.8491 -0.4242
vn 0.0158 -0.9503 -0.3109
vn -0.3500 -0.8941 -0.2795
vn -0.8243 -0.5462 -0.1490
vn -0.9662 0.2328 0.1105
vn -0.6441 0.7201 0.2581
vn -0.3207 0.8970 0.3043
vn -0.0158 0.9503 0.3109
vn 0.3500 0.8941 0.2795
vn 0.8243 0.5462 0.1490
vn 0.9662 -0.2328 -0.1105
vn 0.6441 -0.7201 -0.2581
vn 0.3207 -0.8970 -0.3043
vn 0.0188 -0.9824 -0.1857
vn -0.3475 -0.9221 -0.1701
vn -0.8231 -0.5597 -0.0962
vn -0.9675 0.2464 0.0577
vn -0.6466 0.7481 0.1487
vn -0.3236 0.9291 0.1792
vn -0.0188 0.9824 0.1857
vn 0.3475 0.9221 0.1701
vn 0.8231 0.5597 0.0962
vn 0.9675 -0.2464 -0.0577
vn 0.6466 -0.7481 -0.1487
vn 0.3236 -0.9291 -0.1792
vn -0.5452 0.2839 -0.7887
vn -0.8551 -0.3407 -0.3908
vn 0.0098 0.7627 0.6467
s 0
usemtl black
f 5334//9210 5323//9210 5322//9210
f 5335//9211 5324//9211 5323//9211
f 5324//9212 5337//9212 5325//9212
f 5337//9213 5326//9213 5325//9213
f 5338//9214 5327//9214 5326//9214
f 5339//9215 5328//9215 5327//9215
f 5340//9216 5329//9216 5328//9216
f 5341//9217 5330//9217 5329//9217
f 5330//9218 5343//9218 5331//9218
f 5343//9219 5332//9219 5331//9219
f 5344//9220 5333//9220 5332//9220
f 5333//9221 5334//9221 5322//9221
f 5334//9222 5347//9222 5335//9222
f 5335//9223 5348//9223 5336//9223
f 5336//9224 5349//9224 5337//9224
f 5337//9225 5350//9225 5338//9225
f 5338//9226 5351//9226 5339//9226
f 5339//9227 5352//9227 5340//9227
f 5352//9228 5341//9228 5340//9228
f 5353//9229 5342//9229 5341//9229
f 5354//9230 5343//9230 5342//9230
f 5355//9231 5344//9231 5343//9231
f 5356//9232 5345//9232 5344//9232
f 5357//9233 5334//9233 5345//9233
f 5358//9234 5347//9234 5346//9234
f 5359//9235 5348//9235 5347//9235
f 5360//9236 5349//9236 5348//9236
f 5361//9237 5350//9237 5349//9237
f 5362//9238 5351//9238 5350//9238
f 5363//9239 5352//9239 5351//9239
f 5364//9240 5353//9240 5352//9240
f 5353//9241 5366//9241 5354//9241
f 5366//9242 5355//9242 5354//9242
f 5355//9243 5368//9243 5356//9243
f 5368//9244 5357//9244 5356//9244
f 5357//9245 5358//9245 5346//9245
f 5370//9246 5359//9246 5358//9246
f 5359//9247 5372//9247 5360//9247
f 5372//9248 5361//9248 5360//9248
f 5373//9249 5362//9249 5361//9249
f 5374//9250 5363//9250 5362//9250
f 5363//9251 5376//9251 5364//9251
f 5376//9252 5365//9252 5364//9252
f 5365//9253 5378//9253 5366//9253
f 5378//9254 5367//9254 5366//9254
f 5379//9255 5368//9255 5367//9255
f 5380//9256 5369//9256 5368//9256
f 5369//9257 5370//9257 5358//9257
f 5382//9258 5371//9258 5370//9258
f 5383//9259 5372//9259 5371//9259
f 5384//9260 5373//9260 5372//9260
f 5373//9261 5386//9261 5374//9261
f 5386//9262 5375//9262 5374//9262
f 5387//9263 5376//9263 5375//9263
f 5388//9264 5377//9264 5376//9264
f 5389//9265 5378//9265 5377//9265
f 5390//9266 5379//9266 5378//9266
f 5391//9267 5380//9267 5379//9267
f 5380//9268 5393//9268 5381//9268
f 5381//9269 5382//9269 5370//9269
f 5394//9270 5383//9270 5382//9270
f 5395//9271 5384//9271 5383//9271
f 5396//9272 5385//9272 5384//9272
f 5397//9273 5386//9273 5385//9273
f 5398//9274 5387//9274 5386//9274
f 5399//9275 5388//9275 5387//9275
f 5388//9276 5401//9276 5389//9276
f 5389//9277 5402//9277 5390//9277
f 5390//9278 5403//9278 5391//9278
f 5403//9279 5392//9279 5391//9279
f 5392//9280 5405//9280 5393//9280
f 5393//9281 5394//9281 5382//9281
f 5406//9282 5395//9282 5394//9282
f 5407//9283 5396//9283 5395//9283
f 5408//9284 5397//9284 5396//9284
f 5409//9285 5398//9285 5397//9285
f 5398//9286 5411//9286 5399//9286
f 5399//9287 5412//9287 5400//9287
f 5412//9288 5401//9288 5400//9288
f 5413//9289 5402//9289 5401//9289
f 5402//9290 5415//9290 5403//9290
f 5415//9291 5404//9291 5403//9291
f 5404//9292 5417//9292 5405//9292
f 5417//9293 5394//9293 5405//9293
f 5406//9294 5419//9294 5407//9294
f 5419//9295 5408//9295 5407//9295
f 5408//9296 5421//9296 5409//9296
f 5421//9297 5410//9297 5409//9297
f 5422//9298 5411//9298 5410//9298
f 5423//9299 5412//9299 5411//9299
f 5424//9300 5413//9300 5412//9300
f 5425//9301 5414//9301 5413//9301
f 5414//9302 5427//9302 5415//9302
f 5427//9303 5416//9303 5415//9303
f 5428//9304 5417//9304 5416//9304
f 5429//9305 5406//9305 5417//9305
f 5418//9306 5431//9306 5419//9306
f 5431//9307 5420//9307 5419//9307
f 5432//9308 5421//9308 5420//9308
f 5433//9309 5422//9309 5421//9309
f 5434//9310 5423//9310 5422//9310
f 5435//9311 5424//9311 5423//9311
f 5424//9312 5437//9312 5425//9312
f 5425//9313 5438//9313 5426//9313
f 5438//9314 5427//9314 5426//9314
f 5439//9315 5428//9315 5427//9315
f 5428//9316 5441//9316 5429//9316
f 5441//9317 5418//9317 5429//9317
f 5442//9318 5431//9318 5430//9318
f 5431//9319 5444//9319 5432//9319
f 5444//9320 5433//9320 5432//9320
f 5445//9321 5434//9321 5433//9321
f 5446//9322 5435//9322 5434//9322
f 5435//9323 5448//9323 5436//9323
f 5436//9324 5449//9324 5437//9324
f 5437//9325 5450//9325 5438//9325
f 5450//9326 5439//9326 5438//9326
f 5451//9327 5440//9327 5439//9327
f 5440//9328 5453//9328 5441//9328
f 5453//9329 5430//9329 5441//9329
f 5442//9330 5455//9330 5443//9330
f 5443//9331 5456//9331 5444//9331
f 5444//9332 5457//9332 5445//9332
f 5445//9333 5458//9333 5446//9333
f 5446//9334 5459//9334 5447//9334
f 5447//9335 5460//9335 5448//9335
f 5460//9336 5449//9336 5448//9336
f 5461//9337 5450//9337 5449//9337
f 5450//9338 5463//9338 5451//9338
f 5463//9339 5452//9339 5451//9339
f 5464//9340 5453//9340 5452//9340
f 5465//9341 5442//9341 5453//9341
f 5454//9342 5467//9342 5455//9342
f 5467//9343 5456//9343 5455//9343
f 5468//9344 5457//9344 5456//9344
f 5457//9345 5470//9345 5458//9345
f 5458//9346 5471//9346 5459//9346
f 5471//9347 5460//9347 5459//9347
f 5472//9348 5461//9348 5460//9348
f 5473//9349 5462//9349 5461//9349
f 5474//9350 5463//9350 5462//9350
f 5475//9351 5464//9351 5463//9351
f 5464//9352 5477//9352 5465//9352
f 5477//9353 5454//9353 5465//9353
f 5466//9354 5479//9354 5467//9354
f 5479//9355 5468//9355 5467//9355
f 5480//9356 5469//9356 5468//9356
f 5481//9357 5470//9357 5469//9357
f 5482//9358 5471//9358 5470//9358
f 5483//9359 5472//9359 5471//9359
f 5484//9360 5473//9360 5472//9360
f 5485//9361 5474//9361 5473//9361
f 5474//9362 5487//9362 5475//9362
f 5487//9363 5476//9363 5475//9363
f 5488//9364 5477//9364 5476//9364
f 5489//9365 5466//9365 5477//9365
f 5490//9366 5479//9366 5478//9366
f 5479//9367 5492//9367 5480//9367
f 5492//9368 5481//9368 5480//9368
f 5481//9369 5494//9369 5482//9369
f 5494//9370 5483//9370 5482//9370
f 5495//9371 5484//9371 5483//9371
f 5496//9372 5485//9372 5484//9372
f 5497//9373 5486//9373 5485//9373
f 5498//9374 5487//9374 5486//9374
f 5499//9375 5488//9375 5487//9375
f 5500//9376 5489//9376 5488//9376
f 5501//9377 5478//9377 5489//9377
f 5502//9378 5491//9378 5490//9378
f 5491//9379 5504//9379 5492//9379
f 5504//9380 5493//9380 5492//9380
f 5505//9381 5494//9381 5493//9381
f 5506//9382 5495//9382 5494//9382
f 5507//9383 5496//9383 5495//9383
f 5508//9384 5497//9384 5496//9384
f 5497//9385 5510//9385 5498//9385
f 5498//9386 5511//9386 5499//9386
f 5499//9387 5512//9387 5500//9387
f 5512//9388 5501//9388 5500//9388
f 5501//9389 5502//9389 5490//9389
f 5514//9390 5503//9390 5502//9390
f 5503//9391 5516//9391 5504//9391
f 5504//9392 5517//9392 5505//9392
f 5517//9393 5506//9393 5505//9393
f 5506//9394 5519//9394 5507//9394
f 5519//9395 5508//9395 5507//9395
f 5508//9396 5521//9396 5509//9396
f 5521//9397 5510//9397 5509//9397
f 5522//9398 5511//9398 5510//9398
f 5523//9399 5512//9399 5511//9399
f 5524//9400 5513//9400 5512//9400
f 5525//9401 5502//9401 5513//9401
f 5526//9402 5515//9402 5514//9402
f 5515//9403 5528//9403 5516//9403
f 5516//9404 5529//9404 5517//9404
f 5529//9405 5518//9405 5517//9405
f 5530//9406 5519//9406 5518//9406
f 5519//9407 5532//9407 5520//9407
f 5532//9408 5521//9408 5520//9408
f 5521//9409 5534//9409 5522//9409
f 5522//9410 5535//9410 5523//9410
f 5523//9411 5536//9411 5524//9411
f 5536//9412 5525//9412 5524//9412
f 5525//9413 5526//9413 5514//9413
f 5538//9414 5527//9414 5526//9414
f 5539//9415 5528//9415 5527//9415
f 5540//9416 5529//9416 5528//9416
f 5541//9417 5530//9417 5529//9417
f 5542//9418 5531//9418 5530//9418
f 5531//9419 5544//9419 5532//9419
f 5544//9420 5533//9420 5532//9420
f 5533//9421 5546//9421 5534//9421
f 5534//9422 5547//9422 5535//9422
f 5535//9423 5548//9423 5536//9423
f 5548//9424 5537//9424 5536//9424
f 5537//9425 5538//9425 5526//9425
f 5550//9426 5539//9426 5538//9426
f 5539//9427 5552//9427 5540//9427
f 5552//9428 5541//9428 5540//9428
f 5553//9429 5542//9429 5541//9429
f 5554//9430 5543//9430 5542//9430
f 5555//9431 5544//9431 5543//9431
f 5556//9432 5545//9432 5544//9432
f 5557//9433 5546//9433 5545//9433
f 5558//9434 5547//9434 5546//9434
f 5559//9435 5548//9435 5547//9435
f 5560//9436 5549//9436 5548//9436
f 5549//9437 5550//9437 5538//9437
f 5562//9438 5551//9438 5550//9438
f 5551//9439 5564//9439 5552//9439
f 5552//9440 5565//9440 5553//9440
f 5553//9441 5566//9441 5554//9441
f 5554//9442 5567//9442 5555//9442
f 5567//9443 5556//9443 5555//9443
f 5556//9444 5569//9444 5557//9444
f 5569//9445 5558//9445 5557//9445
f 5570//9446 5559//9446 5558//9446
f 5571//9447 5560//9447 5559//9447
f 5572//9448 5561//9448 5560//9448
f 5561//9449 5562//9449 5550//9449
f 5574//9450 5563//9450 5562//9450
f 5575//9451 5564//9451 5563//9451
f 5576//9452 5565//9452 5564//9452
f 5577//9453 5566//9453 5565//9453
f 5578//9454 5567//9454 5566//9454
f 5579//9455 5568//9455 5567//9455
f 5568//9456 5581//9456 5569//9456
f 5569//9457 5582//9457 5570//9457
f 5570//9458 5583//9458 5571//9458
f 5571//9459 5584//9459 5572//9459
f 5572//9460 5585//9460 5573//9460
f 5573//9461 5574//9461 5562//9461
f 5574//9462 5587//9462 5575//9462
f 5575//9463 5588//9463 5576//9463
f 5576//9464 5589//9464 5577//9464
f 5577//9465 5590//9465 5578//9465
f 5578//9466 5591//9466 5579//9466
f 5579//9467 5592//9467 5580//9467
f 5592//9468 5581//9468 5580//9468
f 5593//9469 5582//9469 5581//9469
f 5594//9470 5583//9470 5582//9470
f 5595//9471 5584//9471 5583//9471
f 5596//9472 5585//9472 5584//9472
f 5597//9473 5574//9473 5585//9473
f 5598//9474 5587//9474 5586//9474
f 5599//9475 5588//9475 5587//9475
f 5588//9476 5601//9476 5589//9476
f 5601//9477 5590//9477 5589//9477
f 5602//9478 5591//9478 5590//9478
f 5591//9479 5604//9479 5592//9479
f 5604//9480 5593//9480 5592//9480
f 5605//9481 5594//9481 5593//9481
f 5606//9482 5595//9482 5594//9482
f 5607//9483 5596//9483 5595//9483
f 5596//9484 5609//9484 5597//9484
f 5609//9485 5586//9485 5597//9485
f 5610//9486 5599//9486 5598//9486
f 5611//9487 5600//9487 5599//9487
f 5612//9488 5601//9488 5600//9488
f 5613//9489 5602//9489 5601//9489
f 5614//9490 5603//9490 5602//9490
f 5615//9491 5604//9491 5603//9491
f 5616//9492 5605//9492 5604//9492
f 5605//9493 5618//9493 5606//9493
f 5606//9494 5619//9494 5607//9494
f 5607//9495 5620//9495 5608//9495
f 5608//9496 5621//9496 5609//9496
f 5609//9497 5610//9497 5598//9497
f 5622//9215 5611//9215 5610//9215
f 5623//9214 5612//9214 5611//9214
f 5612//9213 5625//9213 5613//9213
f 5613//9212 5626//9212 5614//9212
f 5626//9211 5615//9211 5614//9211
f 5615//9210 5628//9210 5616//9210
f 5628//9221 5617//9221 5616//9221
f 5629//9220 5618//9220 5617//9220
f 5630//9219 5619//9219 5618//9219
f 5631//9218 5620//9218 5619//9218
f 5632//9217 5621//9217 5620//9217
f 5621//9216 5622//9216 5610//9216
f 5634//9227 5623//9227 5622//9227
f 5623//9226 5636//9226 5624//9226
f 5636//9225 5625//9225 5624//9225
f 5637//9224 5626//9224 5625//9224
f 5638//9223 5627//9223 5626//9223
f 5627//9222 5640//9222 5628//9222
f 5640//9233 5629//9233 5628//9233
f 5641//9232 5630//9232 5629//9232
f 5642//9231 5631//9231 5630//9231
f 5643//9230 5632//9230 5631//9230
f 5644//9229 5633//9229 5632//9229
f 5645//9228 5622//9228 5633//9228
f 5646//9239 5635//9239 5634//9239
f 5647//9238 5636//9238 5635//9238
f 5648//9237 5637//9237 5636//9237
f 5649//9236 5638//9236 5637//9236
f 5650//9235 5639//9235 5638//9235
f 5651//9234 5640//9234 5639//9234
f 5652//9245 5641//9245 5640//9245
f 5641//9244 5654//9244 5642//9244
f 5642//9243 5655//9243 5643//9243
f 5643//9242 5656//9242 5644//9242
f 5656//9241 5645//9241 5644//9241
f 5657//9240 5634//9240 5645//9240
f 5646//9251 5659//9251 5647//9251
f 5647//9250 5660//9250 5648//9250
f 5648//9249 5661//9249 5649//9249
f 5649//9248 5662//9248 5650//9248
f 5650//9247 5663//9247 5651//9247
f 5663//9246 5652//9246 5651//9246
f 5664//9257 5653//9257 5652//9257
f 5665//9256 5654//9256 5653//9256
f 5666//9255 5655//9255 5654//9255
f 5667//9254 5656//9254 5655//9254
f 5668//9253 5657//9253 5656//9253
f 5669//9252 5646//9252 5657//9252
f 5658//9263 5671//9263 5659//9263
f 5671//9262 5660//9262 5659//9262
f 5672//9261 5661//9261 5660//9261
f 5673//9260 5662//9260 5661//9260
f 5674//9259 5663//9259 5662//9259
f 5675//9258 5664//9258 5663//9258
f 5676//9269 5665//9269 5664//9269
f 5665//9268 5678//9268 5666//9268
f 5678//9267 5667//9267 5666//9267
f 5667//9266 5680//9266 5668//9266
f 5680//9265 5669//9265 5668//9265
f 5681//9264 5658//9264 5669//9264
f 5670//9275 5683//9275 5671//9275
f 5683//9274 5672//9274 5671//9274
f 5684//9273 5673//9273 5672//9273
f 5673//9272 5686//9272 5674//9272
f 5686//9271 5675//9271 5674//9271
f 5687//9270 5676//9270 5675//9270
f 5688//9281 5677//9281 5676//9281
f 5689//9280 5678//9280 5677//9280
f 5690//9279 5679//9279 5678//9279
f 5691//9278 5680//9278 5679//9278
f 5680//9277 5693//9277 5681//9277
f 5693//9276 5670//9276 5681//9276
f 5694//9287 5683//9287 5682//9287
f 5683//9286 5696//9286 5684//9286
f 5684//9285 5697//9285 5685//9285
f 5685//9284 5698//9284 5686//9284
f 5686//9283 5699//9283 5687//9283
f 5699//9282 5688//9282 5687//9282
f 5688//9293 5701//9293 5689//9293
f 5701//9292 5690//9292 5689//9292
f 5702//9291 5691//9291 5690//9291
f 5703//9290 5692//9290 5691//9290
f 5704//9289 5693//9289 5692//9289
f 5705//9288 5682//9288 5693//9288
f 5694//9299 5707//9299 5695//9299
f 5707//9298 5696//9298 5695//9298
f 5696//9297 5709//9297 5697//9297
f 5709//9296 5698//9296 5697//9296
f 5698//9295 5711//9295 5699//9295
f 5711//9294 5700//9294 5699//9294
f 5700//9305 5713//9305 5701//9305
f 5713//9304 5702//9304 5701//9304
f 5702//9303 5715//9303 5703//9303
f 5715//9302 5704//9302 5703//9302
f 5704//9301 5717//9301 5705//9301
f 5717//9300 5694//9300 5705//9300
f 5718//9311 5707//9311 5706//9311
f 5719//9310 5708//9310 5707//9310
f 5720//9309 5709//9309 5708//9309
f 5721//9308 5710//9308 5709//9308
f 5722//9307 5711//9307 5710//9307
f 5711//9306 5724//9306 5712//9306
f 5724//9317 5713//9317 5712//9317
f 5713//9316 5726//9316 5714//9316
f 5726//9315 5715//9315 5714//9315
f 5715//9314 5728//9314 5716//9314
f 5716//9313 5729//9313 5717//9313
f 5729//9312 5706//9312 5717//9312
f 5730//9323 5719//9323 5718//9323
f 5719//9322 5732//9322 5720//9322
f 5732//9321 5721//9321 5720//9321
f 5733//9320 5722//9320 5721//9320
f 5722//9498 5735//9498 5723//9498
f 5735//9318 5724//9318 5723//9318
f 5724//9329 5737//9329 5725//9329
f 5725//9328 5738//9328 5726//9328
f 5738//9327 5727//9327 5726//9327
f 5727//9326 5740//9326 5728//9326
f 5740//9325 5729//9325 5728//9325
f 5741//9324 5718//9324 5729//9324
f 5742//9335 5731//9335 5730//9335
f 5743//9334 5732//9334 5731//9334
f 5744//9333 5733//9333 5732//9333
f 5745//9332 5734//9332 5733//9332
f 5734//9331 5747//9331 5735//9331
f 5747//9330 5736//9330 5735//9330
f 5736//9341 5749//9341 5737//9341
f 5737//9340 5750//9340 5738//9340
f 5738//9339 5751//9339 5739//9339
f 5739//9338 5752//9338 5740//9338
f 5752//9337 5741//9337 5740//9337
f 5741//9336 5742//9336 5730//9336
f 5754//9347 5743//9347 5742//9347
f 5743//9346 5756//9346 5744//9346
f 5744//9345 5757//9345 5745//9345
f 5745//9344 5758//9344 5746//9344
f 5746//9343 5759//9343 5747//9343
f 5759//9342 5748//9342 5747//9342
f 5760//9353 5749//9353 5748//9353
f 5761//9352 5750//9352 5749//9352
f 5762//9351 5751//9351 5750//9351
f 5763//9350 5752//9350 5751//9350
f 5764//9349 5753//9349 5752//9349
f 5753//9348 5754//9348 5742//9348
f 5766//9359 5755//9359 5754//9359
f 5767//9358 5756//9358 5755//9358
f 5756//9357 5769//9357 5757//9357
f 5769//9356 5758//9356 5757//9356
f 5770//9355 5759//9355 5758//9355
f 5771//9354 5760//9354 5759//9354
f 5760//9365 5773//9365 5761//9365
f 5761//9364 5774//9364 5762//9364
f 5762//9363 5775//9363 5763//9363
f 5775//9362 5764//9362 5763//9362
f 5776//9361 5765//9361 5764//9361
f 5765//9360 5766//9360 5754//9360
f 5778//9371 5767//9371 5766//9371
f 5779//9370 5768//9370 5767//9370
f 5768//9369 5781//9369 5769//9369
f 5769//9368 5782//9368 5770//9368
f 5782//9367 5771//9367 5770//9367
f 5783//9366 5772//9366 5771//9366
f 5784//9377 5773//9377 5772//9377
f 5785//9376 5774//9376 5773//9376
f 5786//9375 5775//9375 5774//9375
f 5787//9374 5776//9374 5775//9374
f 5776//9373 5789//9373 5777//9373
f 5789//9372 5766//9372 5777//9372
f 5790//9383 5779//9383 5778//9383
f 5791//9382 5780//9382 5779//9382
f 5792//9381 5781//9381 5780//9381
f 5793//9380 5782//9380 5781//9380
f 5794//9379 5783//9379 5782//9379
f 5795//9378 5784//9378 5783//9378
f 5784//9389 5797//9389 5785//9389
f 5785//9388 5798//9388 5786//9388
f 5786//9387 5799//9387 5787//9387
f 5787//9386 5800//9386 5788//9386
f 5788//9385 5801//9385 5789//9385
f 5801//9384 5778//9384 5789//9384
f 5802//9395 5791//9395 5790//9395
f 5791//9394 5804//9394 5792//9394
f 5804//9393 5793//9393 5792//9393
f 5793//9392 5806//9392 5794//9392
f 5794//9391 5807//9391 5795//9391
f 5795//9390 5808//9390 5796//9390
f 5808//9401 5797//9401 5796//9401
f 5809//9400 5798//9400 5797//9400
f 5798//9399 5811//9399 5799//9399
f 5811//9398 5800//9398 5799//9398
f 5812//9397 5801//9397 5800//9397
f 5801//9396 5802//9396 5790//9396
f 5814//9407 5803//9407 5802//9407
f 5803//9406 5816//9406 5804//9406
f 5804//9405 5817//9405 5805//9405
f 5805//9404 5818//9404 5806//9404
f 5806//9403 5819//9403 5807//9403
f 5819//9402 5808//9402 5807//9402
f 5820//9413 5809//9413 5808//9413
f 5821//9412 5810//9412 5809//9412
f 5822//9411 5811//9411 5810//9411
f 5823//9410 5812//9410 5811//9410
f 5824//9409 5813//9409 5812//9409
f 5813//9408 5814//9408 5802//9408
f 5814//9419 5827//9419 5815//9419
f 5827//9418 5816//9418 5815//9418
f 5828//9417 5817//9417 5816//9417
f 5817//9416 5830//9416 5818//9416
f 5818//9415 5831//9415 5819//9415
f 5831//9414 5820//9414 5819//9414
f 5820//9425 5833//9425 5821//9425
f 5833//9424 5822//9424 5821//9424
f 5822//9423 5835//9423 5823//9423
f 5823//9422 5836//9422 5824//9422
f 5824//9421 5837//9421 5825//9421
f 5837//9420 5814//9420 5825//9420
f 5826//9431 5839//9431 5827//9431
f 5839//9430 5828//9430 5827//9430
f 5840//9429 5829//9429 5828//9429
f 5841//9428 5830//9428 5829//9428
f 5830//9427 5843//9427 5831//9427
f 5843//9426 5832//9426 5831//9426
f 5844//9437 5833//9437 5832//9437
f 5845//9436 5834//9436 5833//9436
f 5846//9435 5835//9435 5834//9435
f 5835//9434 5848//9434 5836//9434
f 5836//9433 5849//9433 5837//9433
f 5849//9432 5826//9432 5837//9432
f 5838//9443 5851//9443 5839//9443
f 5839//9442 5852//9442 5840//9442
f 5840//9441 5853//9441 5841//9441
f 5853//9440 5842//9440 5841//9440
f 5854//9439 5843//9439 5842//9439
f 5855//9438 5844//9438 5843//9438
f 5856//9449 5845//9449 5844//9449
f 5857//9448 5846//9448 5845//9448
f 5846//9447 5859//9447 5847//9447
f 5847//9446 5860//9446 5848//9446
f 5860//9445 5849//9445 5848//9445
f 5861//9444 5838//9444 5849//9444
f 5850//9455 5863//9455 5851//9455
f 5863//9454 5852//9454 5851//9454
f 5864//9453 5853//9453 5852//9453
f 5865//9452 5854//9452 5853//9452
f 5866//9451 5855//9451 5854//9451
f 5867//9450 5856//9450 5855//9450
f 5856//9461 5869//9461 5857//9461
f 5857//9460 5870//9460 5858//9460
f 5858//9459 5871//9459 5859//9459
f 5871//9458 5860//9458 5859//9458
f 5860//9457 5873//9457 5861//9457
f 5873//9456 5850//9456 5861//9456
f 5862//9467 5875//9467 5863//9467
f 5875//9466 5864//9466 5863//9466
f 5864//9465 5877//9465 5865//9465
f 5865//9464 5878//9464 5866//9464
f 5866//9463 5879//9463 5867//9463
f 5867//9462 5880//9462 5868//9462
f 5880//9473 5869//9473 5868//9473
f 5881//9472 5870//9472 5869//9472
f 5882//9471 5871//9471 5870//9471
f 5883//9470 5872//9470 5871//9470
f 5884//9469 5873//9469 5872//9469
f 5885//9468 5862//9468 5873//9468
f 5886//9479 5875//9479 5874//9479
f 5887//9478 5876//9478 5875//9478
f 5888//9477 5877//9477 5876//9477
f 5889//9476 5878//9476 5877//9476
f 5878//9475 5891//9475 5879//9475
f 5891//9474 5880//9474 5879//9474
f 5892//9485 5881//9485 5880//9485
f 5893//9484 5882//9484 5881//9484
f 5894//9483 5883//9483 5882//9483
f 5895//9482 5884//9482 5883//9482
f 5884//9481 5897//9481 5885//9481
f 5897//9480 5874//9480 5885//9480
f 5322//9491 5887//9491 5886//9491
f 5323//9490 5888//9490 5887//9490
f 5324//9489 5889//9489 5888//9489
f 5889//9488 5326//9488 5890//9488
f 5326//9487 5891//9487 5890//9487
f 5327//9486 5892//9486 5891//9486
f 5328//9497 5893//9497 5892//9497
f 5893//9496 5330//9496 5894//9496
f 5330//9495 5895//9495 5894//9495
f 5895//9494 5332//9494 5896//9494
f 5332//9493 5897//9493 5896//9493
f 5333//9492 5886//9492 5897//9492
f 5334//9210 5335//9210 5323//9210
f 5335//9211 5336//9211 5324//9211
f 5324//9212 5336//9212 5337//9212
f 5337//9213 5338//9213 5326//9213
f 5338//9214 5339//9214 5327//9214
f 5339//9215 5340//9215 5328//9215
f 5340//9216 5341//9216 5329//9216
f 5341//9217 5342//9217 5330//9217
f 5330//9218 5342//9218 5343//9218
f 5343//9219 5344//9219 5332//9219
f 5344//9220 5345//9220 5333//9220
f 5333//9221 5345//9221 5334//9221
f 5334//9222 5346//9222 5347//9222
f 5335//9223 5347//9223 5348//9223
f 5336//9224 5348//9224 5349//9224
f 5337//9225 5349//9225 5350//9225
f 5338//9226 5350//9226 5351//9226
f 5339//9227 5351//9227 5352//9227
f 5352//9228 5353//9228 5341//9228
f 5353//9229 5354//9229 5342//9229
f 5354//9230 5355//9230 5343//9230
f 5355//9231 5356//9231 5344//9231
f 5356//9232 5357//9232 5345//9232
f 5357//9233 5346//9233 5334//9233
f 5358//9234 5359//9234 5347//9234
f 5359//9235 5360//9235 5348//9235
f 5360//9236 5361//9236 5349//9236
f 5361//9237 5362//9237 5350//9237
f 5362//9238 5363//9238 5351//9238
f 5363//9239 5364//9239 5352//9239
f 5364//9240 5365//9240 5353//9240
f 5353//9241 5365//9241 5366//9241
f 5366//9242 5367//9242 5355//9242
f 5355//9243 5367//9243 5368//9243
f 5368//9244 5369//9244 5357//9244
f 5357//9245 5369//9245 5358//9245
f 5370//9246 5371//9246 5359//9246
f 5359//9247 5371//9247 5372//9247
f 5372//9248 5373//9248 5361//9248
f 5373//9249 5374//9249 5362//9249
f 5374//9250 5375//9250 5363//9250
f 5363//9251 5375//9251 5376//9251
f 5376//9252 5377//9252 5365//9252
f 5365//9253 5377//9253 5378//9253
f 5378//9254 5379//9254 5367//9254
f 5379//9255 5380//9255 5368//9255
f 5380//9256 5381//9256 5369//9256
f 5369//9257 5381//9257 5370//9257
f 5382//9258 5383//9258 5371//9258
f 5383//9259 5384//9259 5372//9259
f 5384//9260 5385//9260 5373//9260
f 5373//9261 5385//9261 5386//9261
f 5386//9262 5387//9262 5375//9262
f 5387//9263 5388//9263 5376//9263
f 5388//9264 5389//9264 5377//9264
f 5389//9265 5390//9265 5378//9265
f 5390//9266 5391//9266 5379//9266
f 5391//9267 5392//9267 5380//9267
f 5380//9268 5392//9268 5393//9268
f 5381//9269 5393//9269 5382//9269
f 5394//9270 5395//9270 5383//9270
f 5395//9271 5396//9271 5384//9271
f 5396//9272 5397//9272 5385//9272
f 5397//9273 5398//9273 5386//9273
f 5398//9274 5399//9274 5387//9274
f 5399//9275 5400//9275 5388//9275
f 5388//9276 5400//9276 5401//9276
f 5389//9277 5401//9277 5402//9277
f 5390//9278 5402//9278 5403//9278
f 5403//9279 5404//9279 5392//9279
f 5392//9280 5404//9280 5405//9280
f 5393//9281 5405//9281 5394//9281
f 5406//9282 5407//9282 5395//9282
f 5407//9283 5408//9283 5396//9283
f 5408//9284 5409//9284 5397//9284
f 5409//9285 5410//9285 5398//9285
f 5398//9286 5410//9286 5411//9286
f 5399//9287 5411//9287 5412//9287
f 5412//9288 5413//9288 5401//9288
f 5413//9289 5414//9289 5402//9289
f 5402//9290 5414//9290 5415//9290
f 5415//9291 5416//9291 5404//9291
f 5404//9292 5416//9292 5417//9292
f 5417//9293 5406//9293 5394//9293
f 5406//9294 5418//9294 5419//9294
f 5419//9295 5420//9295 5408//9295
f 5408//9296 5420//9296 5421//9296
f 5421//9297 5422//9297 5410//9297
f 5422//9298 5423//9298 5411//9298
f 5423//9299 5424//9299 5412//9299
f 5424//9300 5425//9300 5413//9300
f 5425//9301 5426//9301 5414//9301
f 5414//9302 5426//9302 5427//9302
f 5427//9303 5428//9303 5416//9303
f 5428//9304 5429//9304 5417//9304
f 5429//9305 5418//9305 5406//9305
f 5418//9306 5430//9306 5431//9306
f 5431//9307 5432//9307 5420//9307
f 5432//9308 5433//9308 5421//9308
f 5433//9309 5434//9309 5422//9309
f 5434//9310 5435//9310 5423//9310
f 5435//9311 5436//9311 5424//9311
f 5424//9312 5436//9312 5437//9312
f 5425//9313 5437//9313 5438//9313
f 5438//9314 5439//9314 5427//9314
f 5439//9315 5440//9315 5428//9315
f 5428//9316 5440//9316 5441//9316
f 5441//9317 5430//9317 5418//9317
f 5442//9318 5443//9318 5431//9318
f 5431//9498 5443//9498 5444//9498
f 5444//9320 5445//9320 5433//9320
f 5445//9321 5446//9321 5434//9321
f 5446//9322 5447//9322 5435//9322
f 5435//9323 5447//9323 5448//9323
f 5436//9324 5448//9324 5449//9324
f 5437//9325 5449//9325 5450//9325
f 5450//9326 5451//9326 5439//9326
f 5451//9327 5452//9327 5440//9327
f 5440//9328 5452//9328 5453//9328
f 5453//9329 5442//9329 5430//9329
f 5442//9330 5454//9330 5455//9330
f 5443//9331 5455//9331 5456//9331
f 5444//9332 5456//9332 5457//9332
f 5445//9333 5457//9333 5458//9333
f 5446//9334 5458//9334 5459//9334
f 5447//9335 5459//9335 5460//9335
f 5460//9336 5461//9336 5449//9336
f 5461//9337 5462//9337 5450//9337
f 5450//9338 5462//9338 5463//9338
f 5463//9339 5464//9339 5452//9339
f 5464//9340 5465//9340 5453//9340
f 5465//9341 5454//9341 5442//9341
f 5454//9342 5466//9342 5467//9342
f 5467//9343 5468//9343 5456//9343
f 5468//9344 5469//9344 5457//9344
f 5457//9345 5469//9345 5470//9345
f 5458//9346 5470//9346 5471//9346
f 5471//9347 5472//9347 5460//9347
f 5472//9348 5473//9348 5461//9348
f 5473//9349 5474//9349 5462//9349
f 5474//9350 5475//9350 5463//9350
f 5475//9351 5476//9351 5464//9351
f 5464//9352 5476//9352 5477//9352
f 5477//9353 5466//9353 5454//9353
f 5466//9354 5478//9354 5479//9354
f 5479//9355 5480//9355 5468//9355
f 5480//9356 5481//9356 5469//9356
f 5481//9357 5482//9357 5470//9357
f 5482//9358 5483//9358 5471//9358
f 5483//9359 5484//9359 5472//9359
f 5484//9360 5485//9360 5473//9360
f 5485//9361 5486//9361 5474//9361
f 5474//9362 5486//9362 5487//9362
f 5487//9363 5488//9363 5476//9363
f 5488//9364 5489//9364 5477//9364
f 5489//9365 5478//9365 5466//9365
f 5490//9366 5491//9366 5479//9366
f 5479//9367 5491//9367 5492//9367
f 5492//9368 5493//9368 5481//9368
f 5481//9369 5493//9369 5494//9369
f 5494//9370 5495//9370 5483//9370
f 5495//9371 5496//9371 5484//9371
f 5496//9372 5497//9372 5485//9372
f 5497//9373 5498//9373 5486//9373
f 5498//9374 5499//9374 5487//9374
f 5499//9375 5500//9375 5488//9375
f 5500//9376 5501//9376 5489//9376
f 5501//9377 5490//9377 5478//9377
f 5502//9378 5503//9378 5491//9378
f 5491//9379 5503//9379 5504//9379
f 5504//9380 5505//9380 5493//9380
f 5505//9381 5506//9381 5494//9381
f 5506//9382 5507//9382 5495//9382
f 5507//9383 5508//9383 5496//9383
f 5508//9384 5509//9384 5497//9384
f 5497//9385 5509//9385 5510//9385
f 5498//9386 5510//9386 5511//9386
f 5499//9387 5511//9387 5512//9387
f 5512//9388 5513//9388 5501//9388
f 5501//9389 5513//9389 5502//9389
f 5514//9390 5515//9390 5503//9390
f 5503//9391 5515//9391 5516//9391
f 5504//9392 5516//9392 5517//9392
f 5517//9393 5518//9393 5506//9393
f 5506//9394 5518//9394 5519//9394
f 5519//9395 5520//9395 5508//9395
f 5508//9396 5520//9396 5521//9396
f 5521//9397 5522//9397 5510//9397
f 5522//9398 5523//9398 5511//9398
f 5523//9399 5524//9399 5512//9399
f 5524//9400 5525//9400 5513//9400
f 5525//9401 5514//9401 5502//9401
f 5526//9402 5527//9402 5515//9402
f 5515//9403 5527//9403 5528//9403
f 5516//9499 5528//9499 5529//9499
f 5529//9405 5530//9405 5518//9405
f 5530//9406 5531//9406 5519//9406
f 5519//9407 5531//9407 5532//9407
f 5532//9408 5533//9408 5521//9408
f 5521//9409 5533//9409 5534//9409
f 5522//9410 5534//9410 5535//9410
f 5523//9411 5535//9411 5536//9411
f 5536//9412 5537//9412 5525//9412
f 5525//9413 5537//9413 5526//9413
f 5538//9414 5539//9414 5527//9414
f 5539//9415 5540//9415 5528//9415
f 5540//9416 5541//9416 5529//9416
f 5541//9417 5542//9417 5530//9417
f 5542//9418 5543//9418 5531//9418
f 5531//9419 5543//9419 5544//9419
f 5544//9420 5545//9420 5533//9420
f 5533//9421 5545//9421 5546//9421
f 5534//9422 5546//9422 5547//9422
f 5535//9423 5547//9423 5548//9423
f 5548//9424 5549//9424 5537//9424
f 5537//9425 5549//9425 5538//9425
f 5550//9426 5551//9426 5539//9426
f 5539//9427 5551//9427 5552//9427
f 5552//9428 5553//9428 5541//9428
f 5553//9429 5554//9429 5542//9429
f 5554//9430 5555//9430 5543//9430
f 5555//9431 5556//9431 5544//9431
f 5556//9432 5557//9432 5545//9432
f 5557//9433 5558//9433 5546//9433
f 5558//9434 5559//9434 5547//9434
f 5559//9435 5560//9435 5548//9435
f 5560//9436 5561//9436 5549//9436
f 5549//9437 5561//9437 5550//9437
f 5562//9438 5563//9438 5551//9438
f 5551//9439 5563//9439 5564//9439
f 5552//9440 5564//9440 5565//9440
f 5553//9441 5565//9441 5566//9441
f 5554//9442 5566//9442 5567//9442
f 5567//9443 5568//9443 5556//9443
f 5556//9500 5568//9500 5569//9500
f 5569//9445 5570//9445 5558//9445
f 5570//9446 5571//9446 5559//9446
f 5571//9447 5572//9447 5560//9447
f 5572//9448 5573//9448 5561//9448
f 5561//9449 5573//9449 5562//9449
f 5574//9450 5575//9450 5563//9450
f 5575//9451 5576//9451 5564//9451
f 5576//9452 5577//9452 5565//9452
f 5577//9453 5578//9453 5566//9453
f 5578//9454 5579//9454 5567//9454
f 5579//9455 5580//9455 5568//9455
f 5568//9456 5580//9456 5581//9456
f 5569//9457 5581//9457 5582//9457
f 5570//9458 5582//9458 5583//9458
f 5571//9459 5583//9459 5584//9459
f 5572//9460 5584//9460 5585//9460
f 5573//9461 5585//9461 5574//9461
f 5574//9462 5586//9462 5587//9462
f 5575//9463 5587//9463 5588//9463
f 5576//9464 5588//9464 5589//9464
f 5577//9465 5589//9465 5590//9465
f 5578//9466 5590//9466 5591//9466
f 5579//9467 5591//9467 5592//9467
f 5592//9468 5593//9468 5581//9468
f 5593//9469 5594//9469 5582//9469
f 5594//9470 5595//9470 5583//9470
f 5595//9471 5596//9471 5584//9471
f 5596//9472 5597//9472 5585//9472
f 5597//9473 5586//9473 5574//9473
f 5598//9474 5599//9474 5587//9474
f 5599//9475 5600//9475 5588//9475
f 5588//9476 5600//9476 5601//9476
f 5601//9477 5602//9477 5590//9477
f 5602//9478 5603//9478 5591//9478
f 5591//9479 5603//9479 5604//9479
f 5604//9480 5605//9480 5593//9480
f 5605//9481 5606//9481 5594//9481
f 5606//9482 5607//9482 5595//9482
f 5607//9483 5608//9483 5596//9483
f 5596//9484 5608//9484 5609//9484
f 5609//9485 5598//9485 5586//9485
f 5610//9486 5611//9486 5599//9486
f 5611//9487 5612//9487 5600//9487
f 5612//9488 5613//9488 5601//9488
f 5613//9489 5614//9489 5602//9489
f 5614//9490 5615//9490 5603//9490
f 5615//9491 5616//9491 5604//9491
f 5616//9492 5617//9492 5605//9492
f 5605//9493 5617//9493 5618//9493
f 5606//9494 5618//9494 5619//9494
f 5607//9495 5619//9495 5620//9495
f 5608//9496 5620//9496 5621//9496
f 5609//9497 5621//9497 5610//9497
f 5622//9215 5623//9215 5611//9215
f 5623//9214 5624//9214 5612//9214
f 5612//9213 5624//9213 5625//9213
f 5613//9212 5625//9212 5626//9212
f 5626//9211 5627//9211 5615//9211
f 5615//9210 5627//9210 5628//9210
f 5628//9221 5629//9221 5617//9221
f 5629//9220 5630//9220 5618//9220
f 5630//9219 5631//9219 5619//9219
f 5631//9218 5632//9218 5620//9218
f 5632//9217 5633//9217 5621//9217
f 5621//9216 5633//9216 5622//9216
f 5634//9227 5635//9227 5623//9227
f 5623//9226 5635//9226 5636//9226
f 5636//9225 5637//9225 5625//9225
f 5637//9224 5638//9224 5626//9224
f 5638//9223 5639//9223 5627//9223
f 5627//9222 5639//9222 5640//9222
f 5640//9233 5641//9233 5629//9233
f 5641//9232 5642//9232 5630//9232
f 5642//9231 5643//9231 5631//9231
f 5643//9230 5644//9230 5632//9230
f 5644//9229 5645//9229 5633//9229
f 5645//9228 5634//9228 5622//9228
f 5646//9239 5647//9239 5635//9239
f 5647//9238 5648//9238 5636//9238
f 5648//9237 5649//9237 5637//9237
f 5649//9236 5650//9236 5638//9236
f 5650//9235 5651//9235 5639//9235
f 5651//9234 5652//9234 5640//9234
f 5652//9245 5653//9245 5641//9245
f 5641//9244 5653//9244 5654//9244
f 5642//9243 5654//9243 5655//9243
f 5643//9242 5655//9242 5656//9242
f 5656//9241 5657//9241 5645//9241
f 5657//9240 5646//9240 5634//9240
f 5646//9251 5658//9251 5659//9251
f 5647//9250 5659//9250 5660//9250
f 5648//9249 5660//9249 5661//9249
f 5649//9248 5661//9248 5662//9248
f 5650//9247 5662//9247 5663//9247
f 5663//9246 5664//9246 5652//9246
f 5664//9257 5665//9257 5653//9257
f 5665//9256 5666//9256 5654//9256
f 5666//9255 5667//9255 5655//9255
f 5667//9254 5668//9254 5656//9254
f 5668//9253 5669//9253 5657//9253
f 5669//9252 5658//9252 5646//9252
f 5658//9263 5670//9263 5671//9263
f 5671//9262 5672//9262 5660//9262
f 5672//9261 5673//9261 5661//9261
f 5673//9260 5674//9260 5662//9260
f 5674//9259 5675//9259 5663//9259
f 5675//9258 5676//9258 5664//9258
f 5676//9269 5677//9269 5665//9269
f 5665//9268 5677//9268 5678//9268
f 5678//9267 5679//9267 5667//9267
f 5667//9266 5679//9266 5680//9266
f 5680//9265 5681//9265 5669//9265
f 5681//9264 5670//9264 5658//9264
f 5670//9275 5682//9275 5683//9275
f 5683//9274 5684//9274 5672//9274
f 5684//9273 5685//9273 5673//9273
f 5673//9272 5685//9272 5686//9272
f 5686//9271 5687//9271 5675//9271
f 5687//9270 5688//9270 5676//9270
f 5688//9281 5689//9281 5677//9281
f 5689//9280 5690//9280 5678//9280
f 5690//9279 5691//9279 5679//9279
f 5691//9278 5692//9278 5680//9278
f 5680//9277 5692//9277 5693//9277
f 5693//9276 5682//9276 5670//9276
f 5694//9287 5695//9287 5683//9287
f 5683//9286 5695//9286 5696//9286
f 5684//9285 5696//9285 5697//9285
f 5685//9284 5697//9284 5698//9284
f 5686//9283 5698//9283 5699//9283
f 5699//9282 5700//9282 5688//9282
f 5688//9293 5700//9293 5701//9293
f 5701//9292 5702//9292 5690//9292
f 5702//9291 5703//9291 5691//9291
f 5703//9290 5704//9290 5692//9290
f 5704//9289 5705//9289 5693//9289
f 5705//9288 5694//9288 5682//9288
f 5694//9299 5706//9299 5707//9299
f 5707//9298 5708//9298 5696//9298
f 5696//9297 5708//9297 5709//9297
f 5709//9296 5710//9296 5698//9296
f 5698//9295 5710//9295 5711//9295
f 5711//9294 5712//9294 5700//9294
f 5700//9305 5712//9305 5713//9305
f 5713//9304 5714//9304 5702//9304
f 5702//9303 5714//9303 5715//9303
f 5715//9302 5716//9302 5704//9302
f 5704//9301 5716//9301 5717//9301
f 5717//9300 5706//9300 5694//9300
f 5718//9311 5719//9311 5707//9311
f 5719//9310 5720//9310 5708//9310
f 5720//9309 5721//9309 5709//9309
f 5721//9308 5722//9308 5710//9308
f 5722//9307 5723//9307 5711//9307
f 5711//9306 5723//9306 5724//9306
f 5724//9317 5725//9317 5713//9317
f 5713//9316 5725//9316 5726//9316
f 5726//9315 5727//9315 5715//9315
f 5715//9314 5727//9314 5728//9314
f 5716//9313 5728//9313 5729//9313
f 5729//9312 5718//9312 5706//9312
f 5730//9323 5731//9323 5719//9323
f 5719//9322 5731//9322 5732//9322
f 5732//9321 5733//9321 5721//9321
f 5733//9320 5734//9320 5722//9320
f 5722//9498 5734//9498 5735//9498
f 5735//9318 5736//9318 5724//9318
f 5724//9329 5736//9329 5737//9329
f 5725//9328 5737//9328 5738//9328
f 5738//9327 5739//9327 5727//9327
f 5727//9326 5739//9326 5740//9326
f 5740//9325 5741//9325 5729//9325
f 5741//9324 5730//9324 5718//9324
f 5742//9335 5743//9335 5731//9335
f 5743//9334 5744//9334 5732//9334
f 5744//9333 5745//9333 5733//9333
f 5745//9332 5746//9332 5734//9332
f 5734//9331 5746//9331 5747//9331
f 5747//9330 5748//9330 5736//9330
f 5736//9341 5748//9341 5749//9341
f 5737//9340 5749//9340 5750//9340
f 5738//9339 5750//9339 5751//9339
f 5739//9338 5751//9338 5752//9338
f 5752//9337 5753//9337 5741//9337
f 5741//9336 5753//9336 5742//9336
f 5754//9347 5755//9347 5743//9347
f 5743//9346 5755//9346 5756//9346
f 5744//9345 5756//9345 5757//9345
f 5745//9344 5757//9344 5758//9344
f 5746//9343 5758//9343 5759//9343
f 5759//9342 5760//9342 5748//9342
f 5760//9353 5761//9353 5749//9353
f 5761//9352 5762//9352 5750//9352
f 5762//9351 5763//9351 5751//9351
f 5763//9350 5764//9350 5752//9350
f 5764//9349 5765//9349 5753//9349
f 5753//9348 5765//9348 5754//9348
f 5766//9359 5767//9359 5755//9359
f 5767//9358 5768//9358 5756//9358
f 5756//9357 5768//9357 5769//9357
f 5769//9356 5770//9356 5758//9356
f 5770//9355 5771//9355 5759//9355
f 5771//9354 5772//9354 5760//9354
f 5760//9365 5772//9365 5773//9365
f 5761//9364 5773//9364 5774//9364
f 5762//9363 5774//9363 5775//9363
f 5775//9362 5776//9362 5764//9362
f 5776//9361 5777//9361 5765//9361
f 5765//9360 5777//9360 5766//9360
f 5778//9371 5779//9371 5767//9371
f 5779//9370 5780//9370 5768//9370
f 5768//9369 5780//9369 5781//9369
f 5769//9368 5781//9368 5782//9368
f 5782//9367 5783//9367 5771//9367
f 5783//9366 5784//9366 5772//9366
f 5784//9377 5785//9377 5773//9377
f 5785//9376 5786//9376 5774//9376
f 5786//9375 5787//9375 5775//9375
f 5787//9374 5788//9374 5776//9374
f 5776//9373 5788//9373 5789//9373
f 5789//9372 5778//9372 5766//9372
f 5790//9383 5791//9383 5779//9383
f 5791//9382 5792//9382 5780//9382
f 5792//9381 5793//9381 5781//9381
f 5793//9380 5794//9380 5782//9380
f 5794//9379 5795//9379 5783//9379
f 5795//9378 5796//9378 5784//9378
f 5784//9389 5796//9389 5797//9389
f 5785//9388 5797//9388 5798//9388
f 5786//9387 5798//9387 5799//9387
f 5787//9386 5799//9386 5800//9386
f 5788//9385 5800//9385 5801//9385
f 5801//9384 5790//9384 5778//9384
f 5802//9395 5803//9395 5791//9395
f 5791//9394 5803//9394 5804//9394
f 5804//9393 5805//9393 5793//9393
f 5793//9392 5805//9392 5806//9392
f 5794//9391 5806//9391 5807//9391
f 5795//9390 5807//9390 5808//9390
f 5808//9401 5809//9401 5797//9401
f 5809//9400 5810//9400 5798//9400
f 5798//9399 5810//9399 5811//9399
f 5811//9398 5812//9398 5800//9398
f 5812//9397 5813//9397 5801//9397
f 5801//9396 5813//9396 5802//9396
f 5814//9407 5815//9407 5803//9407
f 5803//9406 5815//9406 5816//9406
f 5804//9405 5816//9405 5817//9405
f 5805//9499 5817//9499 5818//9499
f 5806//9403 5818//9403 5819//9403
f 5819//9402 5820//9402 5808//9402
f 5820//9413 5821//9413 5809//9413
f 5821//9412 5822//9412 5810//9412
f 5822//9411 5823//9411 5811//9411
f 5823//9410 5824//9410 5812//9410
f 5824//9409 5825//9409 5813//9409
f 5813//9408 5825//9408 5814//9408
f 5814//9419 5826//9419 5827//9419
f 5827//9418 5828//9418 5816//9418
f 5828//9417 5829//9417 5817//9417
f 5817//9416 5829//9416 5830//9416
f 5818//9415 5830//9415 5831//9415
f 5831//9414 5832//9414 5820//9414
f 5820//9425 5832//9425 5833//9425
f 5833//9424 5834//9424 5822//9424
f 5822//9423 5834//9423 5835//9423
f 5823//9422 5835//9422 5836//9422
f 5824//9421 5836//9421 5837//9421
f 5837//9420 5826//9420 5814//9420
f 5826//9431 5838//9431 5839//9431
f 5839//9430 5840//9430 5828//9430
f 5840//9429 5841//9429 5829//9429
f 5841//9428 5842//9428 5830//9428
f 5830//9427 5842//9427 5843//9427
f 5843//9426 5844//9426 5832//9426
f 5844//9437 5845//9437 5833//9437
f 5845//9436 5846//9436 5834//9436
f 5846//9435 5847//9435 5835//9435
f 5835//9434 5847//9434 5848//9434
f 5836//9433 5848//9433 5849//9433
f 5849//9432 5838//9432 5826//9432
f 5838//9443 5850//9443 5851//9443
f 5839//9442 5851//9442 5852//9442
f 5840//9441 5852//9441 5853//9441
f 5853//9440 5854//9440 5842//9440
f 5854//9439 5855//9439 5843//9439
f 5855//9438 5856//9438 5844//9438
f 5856//9449 5857//9449 5845//9449
f 5857//9448 5858//9448 5846//9448
f 5846//9447 5858//9447 5859//9447
f 5847//9446 5859//9446 5860//9446
f 5860//9445 5861//9445 5849//9445
f 5861//9444 5850//9444 5838//9444
f 5850//9455 5862//9455 5863//9455
f 5863//9454 5864//9454 5852//9454
f 5864//9453 5865//9453 5853//9453
f 5865//9452 5866//9452 5854//9452
f 5866//9451 5867//9451 5855//9451
f 5867//9450 5868//9450 5856//9450
f 5856//9461 5868//9461 5869//9461
f 5857//9460 5869//9460 5870//9460
f 5858//9459 5870//9459 5871//9459
f 5871//9458 5872//9458 5860//9458
f 5860//9457 5872//9457 5873//9457
f 5873//9456 5862//9456 5850//9456
f 5862//9467 5874//9467 5875//9467
f 5875//9466 5876//9466 5864//9466
f 5864//9465 5876//9465 5877//9465
f 5865//9464 5877//9464 5878//9464
f 5866//9463 5878//9463 5879//9463
f 5867//9462 5879//9462 5880//9462
f 5880//9473 5881//9473 5869//9473
f 5881//9472 5882//9472 5870//9472
f 5882//9471 5883//9471 5871//9471
f 5883//9470 5884//9470 5872//9470
f 5884//9469 5885//9469 5873//9469
f 5885//9468 5874//9468 5862//9468
f 5886//9479 5887//9479 5875//9479
f 5887//9478 5888//9478 5876//9478
f 5888//9477 5889//9477 5877//9477
f 5889//9476 5890//9476 5878//9476
f 5878//9475 5890//9475 5891//9475
f 5891//9474 5892//9474 5880//9474
f 5892//9485 5893//9485 5881//9485
f 5893//9484 5894//9484 5882//9484
f 5894//9483 5895//9483 5883//9483
f 5895//9482 5896//9482 5884//9482
f 5884//9481 5896//9481 5897//9481
f 5897//9480 5886//9480 5874//9480
f 5322//9491 5323//9491 5887//9491
f 5323//9490 5324//9490 5888//9490
f 5324//9489 5325//9489 5889//9489
f 5889//9488 5325//9488 5326//9488
f 5326//9487 5327//9487 5891//9487
f 5327//9486 5328//9486 5892//9486
f 5328//9497 5329//9497 5893//9497
f 5893//9496 5329//9496 5330//9496
f 5330//9495 5331//9495 5895//9495
f 5895//9494 5331//9494 5332//9494
f 5332//9493 5333//9493 5897//9493
f 5333//9492 5322//9492 5886//9492
o suppRuotaAntSx
v -0.269801 0.391005 0.034549
v -0.172695 0.374010 0.032463
v -0.271471 0.381488 0.034335
v -0.174366 0.364493 0.032249
v -0.273077 0.372105 0.036010
v -0.175972 0.355111 0.033923
v -0.274557 0.363219 0.039509
v -0.177452 0.346224 0.037422
v -0.275855 0.355169 0.044698
v -0.178749 0.338174 0.042611
v -0.276919 0.348265 0.051377
v -0.179814 0.331270 0.049291
v -0.277710 0.342773 0.059291
v -0.180605 0.325778 0.057204
v -0.278198 0.338903 0.068134
v -0.181092 0.321909 0.066047
v -0.278362 0.336805 0.077567
v -0.181257 0.319811 0.075480
v -0.278198 0.336559 0.087227
v -0.181092 0.319564 0.085140
v -0.277710 0.338174 0.096743
v -0.180605 0.321180 0.094657
v -0.276919 0.341589 0.105750
v -0.179814 0.324594 0.103664
v -0.275855 0.346672 0.113901
v -0.178749 0.329677 0.111815
v -0.274557 0.353227 0.120884
v -0.177452 0.336232 0.118797
v -0.273077 0.361003 0.126429
v -0.175972 0.344009 0.124342
v -0.271471 0.369702 0.130323
v -0.174366 0.352707 0.128237
v -0.269801 0.378988 0.132418
v -0.172695 0.361993 0.130331
v -0.268131 0.388505 0.132632
v -0.171025 0.371510 0.130545
v -0.266525 0.397887 0.130957
v -0.169419 0.380892 0.128871
v -0.265045 0.406774 0.127458
v -0.167939 0.389779 0.125372
v -0.263747 0.414824 0.122269
v -0.166642 0.397829 0.120183
v -0.262683 0.421727 0.115590
v -0.165577 0.404733 0.113503
v -0.261891 0.427219 0.107677
v -0.164786 0.410225 0.105590
v -0.261404 0.431089 0.098834
v -0.164299 0.414094 0.096747
v -0.261240 0.433187 0.089401
v -0.164134 0.416192 0.087314
v -0.261404 0.433433 0.079740
v -0.164299 0.416439 0.077654
v -0.261891 0.431818 0.070224
v -0.164786 0.414823 0.068137
v -0.262683 0.428403 0.061217
v -0.165577 0.411409 0.059130
v -0.263747 0.423321 0.053066
v -0.166642 0.406326 0.050979
v -0.265045 0.416765 0.046084
v -0.167939 0.399771 0.043997
v -0.266525 0.408989 0.040539
v -0.169419 0.391994 0.038452
v -0.268131 0.400291 0.036644
v -0.171025 0.383296 0.034557
vn -0.0170 0.0255 -0.9995
vn -0.0504 -0.1671 -0.9846
vn -0.0819 -0.3533 -0.9319
vn -0.1102 -0.5259 -0.8434
vn -0.1342 -0.6783 -0.7224
vn -0.1531 -0.8046 -0.5737
vn -0.1662 -0.9000 -0.4030
vn -0.1728 -0.9608 -0.2167
vn -0.1728 -0.9847 -0.0222
vn -0.1662 -0.9708 0.1733
vn -0.1531 -0.9195 0.3620
vn -0.1342 -0.8329 0.5369
vn -0.1102 -0.7143 0.6911
vn -0.0819 -0.5683 0.8188
vn -0.0504 -0.4004 0.9150
vn -0.0170 -0.2171 0.9760
vn 0.0170 -0.0255 0.9995
vn 0.0504 0.1671 0.9846
vn 0.0819 0.3533 0.9319
vn 0.1102 0.5259 0.8434
vn 0.1342 0.6783 0.7224
vn 0.1531 0.8046 0.5737
vn 0.1662 0.9000 0.4030
vn 0.1728 0.9608 0.2167
vn 0.1728 0.9847 0.0222
vn 0.1662 0.9708 -0.1733
vn 0.1531 0.9195 -0.3620
vn 0.1342 0.8329 -0.5369
vn 0.1102 0.7143 -0.6911
vn 0.0819 0.5683 -0.8188
vn 0.9848 -0.1724 -0.0212
vn 0.0170 0.2171 -0.9760
vn 0.0504 0.4004 -0.9150
vn -0.9848 0.1724 0.0212
vn 0.9848 -0.1723 -0.0212
vn -0.9848 0.1723 0.0212
s 0
usemtl grayDark
f 5899//9501 5900//9501 5898//9501
f 5901//9502 5902//9502 5900//9502
f 5903//9503 5904//9503 5902//9503
f 5905//9504 5906//9504 5904//9504
f 5907//9505 5908//9505 5906//9505
f 5909//9506 5910//9506 5908//9506
f 5911//9507 5912//9507 5910//9507
f 5913//9508 5914//9508 5912//9508
f 5915//9509 5916//9509 5914//9509
f 5917//9510 5918//9510 5916//9510
f 5919//9511 5920//9511 5918//9511
f 5921//9512 5922//9512 5920//9512
f 5923//9513 5924//9513 5922//9513
f 5925//9514 5926//9514 5924//9514
f 5927//9515 5928//9515 5926//9515
f 5929//9516 5930//9516 5928//9516
f 5931//9517 5932//9517 5930//9517
f 5933//9518 5934//9518 5932//9518
f 5935//9519 5936//9519 5934//9519
f 5937//9520 5938//9520 5936//9520
f 5939//9521 5940//9521 5938//9521
f 5941//9522 5942//9522 5940//9522
f 5943//9523 5944//9523 5942//9523
f 5945//9524 5946//9524 5944//9524
f 5947//9525 5948//9525 5946//9525
f 5949//9526 5950//9526 5948//9526
f 5951//9527 5952//9527 5950//9527
f 5953//9528 5954//9528 5952//9528
f 5955//9529 5956//9529 5954//9529
f 5957//9530 5958//9530 5956//9530
f 5935//9531 5919//9531 5903//9531
f 5961//9532 5898//9532 5960//9532
f 5959//9533 5960//9533 5958//9533
f 5928//9534 5944//9534 5960//9534
f 5899//9501 5901//9501 5900//9501
f 5901//9502 5903//9502 5902//9502
f 5903//9503 5905//9503 5904//9503
f 5905//9504 5907//9504 5906//9504
f 5907//9505 5909//9505 5908//9505
f 5909//9506 5911//9506 5910//9506
f 5911//9507 5913//9507 5912//9507
f 5913//9508 5915//9508 5914//9508
f 5915//9509 5917//9509 5916//9509
f 5917//9510 5919//9510 5918//9510
f 5919//9511 5921//9511 5920//9511
f 5921//9512 5923//9512 5922//9512
f 5923//9513 5925//9513 5924//9513
f 5925//9514 5927//9514 5926//9514
f 5927//9515 5929//9515 5928//9515
f 5929//9516 5931//9516 5930//9516
f 5931//9517 5933//9517 5932//9517
f 5933//9518 5935//9518 5934//9518
f 5935//9519 5937//9519 5936//9519
f 5937//9520 5939//9520 5938//9520
f 5939//9521 5941//9521 5940//9521
f 5941//9522 5943//9522 5942//9522
f 5943//9523 5945//9523 5944//9523
f 5945//9524 5947//9524 5946//9524
f 5947//9525 5949//9525 5948//9525
f 5949//9526 5951//9526 5950//9526
f 5951//9527 5953//9527 5952//9527
f 5953//9528 5955//9528 5954//9528
f 5955//9529 5957//9529 5956//9529
f 5957//9530 5959//9530 5958//9530
f 5903//9531 5901//9531 5899//9531
f 5899//9531 5961//9531 5959//9531
f 5959//9531 5957//9531 5955//9531
f 5955//9531 5953//9531 5951//9531
f 5951//9535 5949//9535 5947//9535
f 5947//9531 5945//9531 5943//9531
f 5943//9531 5941//9531 5939//9531
f 5939//9531 5937//9531 5935//9531
f 5935//9531 5933//9531 5931//9531
f 5931//9531 5929//9531 5927//9531
f 5927//9531 5925//9531 5923//9531
f 5923//9531 5921//9531 5919//9531
f 5919//9531 5917//9531 5915//9531
f 5915//9535 5913//9535 5911//9535
f 5911//9531 5909//9531 5907//9531
f 5907//9531 5905//9531 5903//9531
f 5903//9531 5899//9531 5959//9531
f 5959//9531 5955//9531 5951//9531
f 5951//9531 5947//9531 5943//9531
f 5943//9531 5939//9531 5935//9531
f 5935//9531 5931//9531 5927//9531
f 5927//9531 5923//9531 5919//9531
f 5919//9531 5915//9531 5911//9531
f 5911//9531 5907//9531 5903//9531
f 5903//9531 5959//9531 5951//9531
f 5951//9531 5943//9531 5935//9531
f 5935//9531 5927//9531 5919//9531
f 5919//9531 5911//9531 5903//9531
f 5903//9531 5951//9531 5935//9531
f 5961//9532 5899//9532 5898//9532
f 5959//9533 5961//9533 5960//9533
f 5960//9534 5898//9534 5900//9534
f 5900//9534 5902//9534 5904//9534
f 5904//9534 5906//9534 5908//9534
f 5908//9534 5910//9534 5912//9534
f 5912//9534 5914//9534 5916//9534
f 5916//9534 5918//9534 5920//9534
f 5920//9534 5922//9534 5924//9534
f 5924//9534 5926//9534 5928//9534
f 5928//9534 5930//9534 5932//9534
f 5932//9534 5934//9534 5936//9534
f 5936//9534 5938//9534 5940//9534
f 5940//9534 5942//9534 5944//9534
f 5944//9534 5946//9534 5948//9534
f 5948//9536 5950//9536 5952//9536
f 5952//9534 5954//9534 5956//9534
f 5956//9534 5958//9534 5960//9534
f 5960//9534 5900//9534 5904//9534
f 5904//9534 5908//9534 5912//9534
f 5912//9534 5916//9534 5920//9534
f 5920//9534 5924//9534 5928//9534
f 5928//9534 5932//9534 5936//9534
f 5936//9534 5940//9534 5944//9534
f 5944//9534 5948//9534 5952//9534
f 5952//9534 5956//9534 5960//9534
f 5960//9534 5904//9534 5912//9534
f 5912//9534 5920//9534 5928//9534
f 5928//9534 5936//9534 5944//9534
f 5944//9534 5952//9534 5960//9534
f 5960//9534 5912//9534 5928//9534
o astaRuotaAntSx
v -0.190028 0.379256 0.079913
v -0.124469 0.998352 0.155929
v -0.186371 0.378830 0.080226
v -0.120813 0.997927 0.156241
v -0.182856 0.378333 0.081245
v -0.117297 0.997429 0.157260
v -0.179615 0.377782 0.082932
v -0.114057 0.996879 0.158947
v -0.176775 0.377201 0.085222
v -0.111217 0.996297 0.161237
v -0.174445 0.376609 0.088026
v -0.108886 0.995706 0.164042
v -0.172713 0.376032 0.091238
v -0.107154 0.995128 0.167253
v -0.171646 0.375490 0.094733
v -0.106088 0.994586 0.170749
v -0.171286 0.375004 0.098377
v -0.105728 0.994101 0.174393
v -0.171646 0.374593 0.102031
v -0.106088 0.993690 0.178047
v -0.172713 0.374274 0.105554
v -0.107154 0.993371 0.181569
v -0.174445 0.374058 0.108810
v -0.108886 0.993154 0.184825
v -0.176775 0.373953 0.111674
v -0.111217 0.993049 0.187689
v -0.179615 0.373963 0.114036
v -0.114057 0.993060 0.190052
v -0.182856 0.374089 0.115806
v -0.117297 0.993186 0.191822
v -0.186371 0.374325 0.116916
v -0.120813 0.993422 0.192931
v -0.190028 0.374662 0.117322
v -0.124469 0.993759 0.193338
v -0.193684 0.375088 0.117010
v -0.128126 0.994185 0.193025
v -0.197200 0.375585 0.115990
v -0.131642 0.994682 0.192006
v -0.200440 0.376136 0.114303
v -0.134882 0.995232 0.190319
v -0.203280 0.376718 0.112013
v -0.137722 0.995814 0.188029
v -0.205611 0.377309 0.109209
v -0.140053 0.996405 0.185224
v -0.207343 0.377887 0.105997
v -0.141785 0.996983 0.182013
v -0.208409 0.378429 0.102502
v -0.142851 0.997525 0.178518
v -0.208770 0.378914 0.098858
v -0.143211 0.998011 0.174873
v -0.208409 0.379325 0.095204
v -0.142851 0.998421 0.171219
v -0.207343 0.379644 0.091681
v -0.141785 0.998741 0.167697
v -0.205611 0.379861 0.088425
v -0.140053 0.998957 0.164441
v -0.203280 0.379966 0.085561
v -0.137722 0.999062 0.161577
v -0.200440 0.379955 0.083199
v -0.134882 0.999052 0.159214
v -0.197200 0.379829 0.081429
v -0.131642 0.998926 0.157444
v -0.193684 0.379593 0.080319
v -0.128126 0.998690 0.156335
vn 0.0975 0.1111 -0.9890
vn 0.2887 0.0865 -0.9535
vn 0.4688 0.0586 -0.8814
vn 0.6309 0.0284 -0.7753
vn 0.7688 -0.0029 -0.6395
vn 0.8771 -0.0340 -0.4791
vn 0.9517 -0.0639 -0.3003
vn 0.9897 -0.0913 -0.1100
vn 0.9897 -0.1152 0.0846
vn 0.9517 -0.1347 0.2759
vn 0.8771 -0.1489 0.4566
vn 0.7688 -0.1575 0.6198
vn 0.6309 -0.1600 0.7592
vn 0.4688 -0.1564 0.8693
vn 0.2887 -0.1467 0.9461
vn 0.0975 -0.1315 0.9865
vn -0.0975 -0.1111 0.9890
vn -0.2887 -0.0865 0.9535
vn -0.4688 -0.0586 0.8814
vn -0.6309 -0.0284 0.7753
vn -0.7688 0.0029 0.6395
vn -0.8771 0.0340 0.4791
vn -0.9517 0.0639 0.3003
vn -0.9897 0.0913 0.1100
vn -0.9897 0.1152 -0.0846
vn -0.9517 0.1347 -0.2759
vn -0.8771 0.1489 -0.4566
vn -0.7688 0.1575 -0.6198
vn -0.6309 0.1600 -0.7592
vn -0.4688 0.1564 -0.8693
vn 0.1045 0.9871 0.1212
vn -0.0975 0.1315 -0.9865
vn -0.2887 0.1467 -0.9461
vn -0.1045 -0.9871 -0.1212
vn -0.8771 0.0341 0.4791
vn 0.1046 0.9871 0.1212
vn 0.1047 0.9871 0.1212
vn 0.1044 0.9871 0.1212
s 0
usemtl grayDark
f 5963//9537 5964//9537 5962//9537
f 5965//9538 5966//9538 5964//9538
f 5967//9539 5968//9539 5966//9539
f 5969//9540 5970//9540 5968//9540
f 5971//9541 5972//9541 5970//9541
f 5973//9542 5974//9542 5972//9542
f 5975//9543 5976//9543 5974//9543
f 5977//9544 5978//9544 5976//9544
f 5979//9545 5980//9545 5978//9545
f 5981//9546 5982//9546 5980//9546
f 5983//9547 5984//9547 5982//9547
f 5985//9548 5986//9548 5984//9548
f 5987//9549 5988//9549 5986//9549
f 5989//9550 5990//9550 5988//9550
f 5991//9551 5992//9551 5990//9551
f 5993//9552 5994//9552 5992//9552
f 5995//9553 5996//9553 5994//9553
f 5997//9554 5998//9554 5996//9554
f 5999//9555 6000//9555 5998//9555
f 6001//9556 6002//9556 6000//9556
f 6003//9557 6004//9557 6002//9557
f 6005//9558 6006//9558 6004//9558
f 6007//9559 6008//9559 6006//9559
f 6009//9560 6010//9560 6008//9560
f 6011//9561 6012//9561 6010//9561
f 6013//9562 6014//9562 6012//9562
f 6015//9563 6016//9563 6014//9563
f 6017//9564 6018//9564 6016//9564
f 6019//9565 6020//9565 6018//9565
f 6021//9566 6022//9566 6020//9566
f 5999//9567 5983//9567 5967//9567
f 6025//9568 5962//9568 6024//9568
f 6023//9569 6024//9569 6022//9569
f 5992//9570 6008//9570 6024//9570
f 5963//9537 5965//9537 5964//9537
f 5965//9538 5967//9538 5966//9538
f 5967//9539 5969//9539 5968//9539
f 5969//9540 5971//9540 5970//9540
f 5971//9541 5973//9541 5972//9541
f 5973//9542 5975//9542 5974//9542
f 5975//9543 5977//9543 5976//9543
f 5977//9544 5979//9544 5978//9544
f 5979//9545 5981//9545 5980//9545
f 5981//9546 5983//9546 5982//9546
f 5983//9547 5985//9547 5984//9547
f 5985//9548 5987//9548 5986//9548
f 5987//9549 5989//9549 5988//9549
f 5989//9550 5991//9550 5990//9550
f 5991//9551 5993//9551 5992//9551
f 5993//9552 5995//9552 5994//9552
f 5995//9553 5997//9553 5996//9553
f 5997//9554 5999//9554 5998//9554
f 5999//9555 6001//9555 6000//9555
f 6001//9556 6003//9556 6002//9556
f 6003//9557 6005//9557 6004//9557
f 6005//9571 6007//9571 6006//9571
f 6007//9559 6009//9559 6008//9559
f 6009//9560 6011//9560 6010//9560
f 6011//9561 6013//9561 6012//9561
f 6013//9562 6015//9562 6014//9562
f 6015//9563 6017//9563 6016//9563
f 6017//9564 6019//9564 6018//9564
f 6019//9565 6021//9565 6020//9565
f 6021//9566 6023//9566 6022//9566
f 5967//9567 5965//9567 5963//9567
f 5963//9572 6025//9572 6023//9572
f 6023//9567 6021//9567 6019//9567
f 6019//9567 6017//9567 6015//9567
f 6015//9567 6013//9567 6011//9567
f 6011//9573 6009//9573 6007//9573
f 6007//9573 6005//9573 6003//9573
f 6003//9567 6001//9567 5999//9567
f 5999//9567 5997//9567 5995//9567
f 5995//9567 5993//9567 5991//9567
f 5991//9567 5989//9567 5987//9567
f 5987//9573 5985//9573 5983//9573
f 5983//9573 5981//9573 5979//9573
f 5979//9574 5977//9574 5975//9574
f 5975//9567 5973//9567 5971//9567
f 5971//9567 5969//9567 5967//9567
f 5967//9567 5963//9567 6023//9567
f 6023//9572 6019//9572 6015//9572
f 6015//9567 6011//9567 6007//9567
f 6007//9567 6003//9567 5999//9567
f 5999//9567 5995//9567 5991//9567
f 5991//9567 5987//9567 5983//9567
f 5983//9567 5979//9567 5975//9567
f 5975//9572 5971//9572 5967//9572
f 5967//9567 6023//9567 6015//9567
f 6015//9567 6007//9567 5999//9567
f 5999//9567 5991//9567 5983//9567
f 5983//9567 5975//9567 5967//9567
f 5967//9567 6015//9567 5999//9567
f 6025//9568 5963//9568 5962//9568
f 6023//9569 6025//9569 6024//9569
f 6024//9570 5962//9570 5964//9570
f 5964//9570 5966//9570 5968//9570
f 5968//9570 5970//9570 5972//9570
f 5972//9570 5974//9570 5976//9570
f 5976//9570 5978//9570 5980//9570
f 5980//9570 5982//9570 5984//9570
f 5984//9570 5986//9570 5988//9570
f 5988//9570 5990//9570 5992//9570
f 5992//9570 5994//9570 5996//9570
f 5996//9570 5998//9570 6000//9570
f 6000//9570 6002//9570 6004//9570
f 6004//9570 6006//9570 6008//9570
f 6008//9570 6010//9570 6012//9570
f 6012//9570 6014//9570 6016//9570
f 6016//9570 6018//9570 6020//9570
f 6020//9570 6022//9570 6024//9570
f 6024//9570 5964//9570 5968//9570
f 5968//9570 5972//9570 5976//9570
f 5976//9570 5980//9570 5984//9570
f 5984//9570 5988//9570 5992//9570
f 5992//9570 5996//9570 6000//9570
f 6000//9570 6004//9570 6008//9570
f 6008//9570 6012//9570 6016//9570
f 6016//9570 6020//9570 6024//9570
f 6024//9570 5968//9570 5976//9570
f 5976//9570 5984//9570 5992//9570
f 5992//9570 6000//9570 6008//9570
f 6008//9570 6016//9570 6024//9570
f 6024//9570 5976//9570 5992//9570
o ruotaAntSx
v -0.257659 0.301683 0.072436
v -0.243882 0.301426 0.072404
v -0.233055 0.305415 0.072894
v -0.228078 0.312583 0.073774
v -0.230285 0.321007 0.074809
v -0.239085 0.328432 0.075720
v -0.252119 0.332867 0.076265
v -0.265896 0.333124 0.076296
v -0.276724 0.329135 0.075806
v -0.281701 0.321967 0.074926
v -0.279494 0.313543 0.073892
v -0.270694 0.306118 0.072980
v -0.257541 0.303619 0.062185
v -0.243767 0.303310 0.062428
v -0.232948 0.307157 0.063668
v -0.227983 0.314131 0.065573
v -0.230202 0.322362 0.067633
v -0.239010 0.329645 0.069295
v -0.252048 0.334029 0.070114
v -0.265822 0.334338 0.069871
v -0.276641 0.330490 0.068631
v -0.281606 0.323516 0.066726
v -0.279387 0.315285 0.064666
v -0.270579 0.308002 0.063004
v -0.257187 0.306855 0.052273
v -0.243423 0.306459 0.052782
v -0.232630 0.310070 0.054748
v -0.227700 0.316720 0.057644
v -0.229955 0.324628 0.060695
v -0.238789 0.331674 0.063082
v -0.251836 0.335970 0.064167
v -0.265600 0.336366 0.063658
v -0.276393 0.332755 0.061693
v -0.281323 0.326105 0.058796
v -0.279069 0.318198 0.055745
v -0.270235 0.311152 0.053358
v -0.256605 0.311337 0.042870
v -0.242856 0.310821 0.043631
v -0.232106 0.314104 0.046285
v -0.227235 0.320306 0.050121
v -0.229547 0.327765 0.054112
v -0.238424 0.334483 0.057188
v -0.251487 0.338660 0.058525
v -0.265235 0.339175 0.057765
v -0.275986 0.335893 0.055110
v -0.280857 0.329691 0.051274
v -0.278545 0.322231 0.047283
v -0.269668 0.315513 0.044207
v -0.255804 0.316988 0.034137
v -0.242077 0.316320 0.035131
v -0.231385 0.319190 0.038425
v -0.226594 0.324827 0.043135
v -0.228986 0.331721 0.047999
v -0.237922 0.338025 0.051714
v -0.251006 0.342050 0.053285
v -0.264733 0.342717 0.052291
v -0.275425 0.339848 0.048997
v -0.280216 0.334211 0.044287
v -0.277824 0.327317 0.039423
v -0.268888 0.321013 0.035707
v -0.254797 0.323710 0.026222
v -0.241097 0.322863 0.027429
v -0.230479 0.325240 0.031302
v -0.225788 0.330205 0.036803
v -0.228282 0.336427 0.042459
v -0.237291 0.342239 0.046754
v -0.250402 0.346084 0.048537
v -0.264102 0.346931 0.047330
v -0.274720 0.344554 0.043457
v -0.279411 0.339589 0.037956
v -0.276918 0.333367 0.032300
v -0.267908 0.327555 0.028005
v -0.253603 0.331390 0.019263
v -0.239935 0.330337 0.020656
v -0.229404 0.332152 0.025038
v -0.224833 0.336348 0.031236
v -0.227445 0.341802 0.037587
v -0.236542 0.347052 0.042392
v -0.249685 0.350691 0.044361
v -0.263353 0.351745 0.042968
v -0.273884 0.349930 0.038585
v -0.278455 0.345733 0.032388
v -0.275843 0.340279 0.026036
v -0.266746 0.335029 0.021232
v -0.252241 0.339895 0.013377
v -0.238609 0.338614 0.014927
v -0.228178 0.339807 0.019741
v -0.223743 0.343153 0.026527
v -0.226492 0.347756 0.033467
v -0.235688 0.352383 0.038702
v -0.248868 0.355795 0.040829
v -0.262500 0.357076 0.039278
v -0.272931 0.355884 0.034465
v -0.277366 0.352537 0.027679
v -0.274617 0.347934 0.020739
v -0.265420 0.343307 0.015504
v -0.250734 0.349081 0.008665
v -0.237143 0.347554 0.010342
v -0.226823 0.348074 0.015500
v -0.222538 0.350501 0.022757
v -0.225438 0.354186 0.030169
v -0.234744 0.358141 0.035749
v -0.247964 0.361306 0.038002
v -0.261556 0.362833 0.036325
v -0.271876 0.362313 0.031167
v -0.276161 0.359886 0.023910
v -0.273261 0.356201 0.016498
v -0.263954 0.352246 0.010918
v -0.249110 0.358789 0.005208
v -0.235562 0.357002 0.006978
v -0.225360 0.356811 0.012389
v -0.221238 0.358268 0.019992
v -0.224300 0.360982 0.027749
v -0.233726 0.364226 0.033582
v -0.246990 0.367131 0.035928
v -0.260537 0.368918 0.034158
v -0.270739 0.369109 0.028747
v -0.274861 0.367652 0.021144
v -0.271799 0.364938 0.013387
v -0.262373 0.361694 0.007554
v -0.247394 0.368855 0.003065
v -0.233892 0.366797 0.004892
v -0.223816 0.365870 0.010460
v -0.219866 0.366320 0.018277
v -0.223099 0.368028 0.026249
v -0.232651 0.370535 0.032239
v -0.245960 0.373170 0.034642
v -0.259462 0.375227 0.032815
v -0.269538 0.376155 0.027247
v -0.273488 0.375705 0.019430
v -0.270255 0.373997 0.011458
v -0.260704 0.371490 0.005468
v -0.245617 0.379104 0.002273
v -0.232163 0.376773 0.004121
v -0.222217 0.375095 0.009747
v -0.218444 0.374520 0.017644
v -0.221856 0.375202 0.025694
v -0.231537 0.376959 0.031742
v -0.244894 0.379320 0.034167
v -0.258348 0.381652 0.032319
v -0.268294 0.383330 0.026692
v -0.272067 0.383905 0.018796
v -0.268656 0.383222 0.010745
v -0.258974 0.381465 0.004697
v -0.243809 0.389363 0.002845
v -0.230404 0.386757 0.004678
v -0.220590 0.384328 0.010262
v -0.216998 0.382727 0.018101
v -0.220590 0.382384 0.026095
v -0.230404 0.383390 0.032101
v -0.243809 0.385475 0.034510
v -0.257215 0.388082 0.032677
v -0.267029 0.390511 0.027093
v -0.270621 0.392112 0.019254
v -0.267029 0.392455 0.011260
v -0.257215 0.391449 0.005254
v -0.242002 0.399456 0.004772
v -0.228644 0.396579 0.006553
v -0.218963 0.393411 0.011996
v -0.215552 0.390801 0.019643
v -0.219325 0.389449 0.027444
v -0.229271 0.389716 0.033309
v -0.242725 0.391531 0.035666
v -0.256082 0.394408 0.033885
v -0.265763 0.397576 0.028442
v -0.269175 0.400186 0.020795
v -0.265402 0.401539 0.012994
v -0.255456 0.401271 0.007129
v -0.240225 0.409210 0.008020
v -0.226915 0.406071 0.009714
v -0.217364 0.402190 0.014920
v -0.214130 0.398604 0.022241
v -0.218081 0.396276 0.029717
v -0.228157 0.395829 0.035345
v -0.241659 0.397383 0.037615
v -0.254968 0.400522 0.035921
v -0.264520 0.404404 0.030715
v -0.267753 0.407989 0.023394
v -0.263803 0.410317 0.015918
v -0.253727 0.410764 0.010290
v -0.238509 0.418458 0.012534
v -0.225246 0.415072 0.014108
v -0.215820 0.410513 0.018983
v -0.212758 0.406003 0.025853
v -0.216880 0.402750 0.032877
v -0.227082 0.401626 0.038174
v -0.240629 0.402932 0.040324
v -0.253893 0.406318 0.038750
v -0.263319 0.410877 0.033875
v -0.266381 0.415387 0.027005
v -0.262259 0.418640 0.019980
v -0.252057 0.419764 0.014684
v -0.236885 0.427041 0.018237
v -0.223664 0.423425 0.019658
v -0.214358 0.418238 0.024115
v -0.211458 0.412869 0.030415
v -0.215743 0.408758 0.036869
v -0.226063 0.407006 0.041749
v -0.239655 0.408082 0.043745
v -0.252875 0.411698 0.042325
v -0.262181 0.416886 0.037867
v -0.265081 0.422254 0.031567
v -0.260796 0.426365 0.025113
v -0.250476 0.428118 0.020234
v -0.235378 0.434814 0.025031
v -0.222198 0.430990 0.026270
v -0.213002 0.425233 0.030230
v -0.210253 0.419088 0.035850
v -0.214688 0.414199 0.041625
v -0.225119 0.411878 0.046007
v -0.238751 0.412746 0.047822
v -0.251931 0.416570 0.046583
v -0.261127 0.422327 0.042623
v -0.263876 0.428472 0.037003
v -0.259441 0.433361 0.031228
v -0.249010 0.435682 0.026846
v -0.234016 0.441643 0.032800
v -0.220873 0.437635 0.033830
v -0.211776 0.431379 0.037222
v -0.209164 0.424551 0.042065
v -0.213735 0.418979 0.047063
v -0.224265 0.416158 0.050877
v -0.237934 0.416843 0.052483
v -0.251077 0.420851 0.051453
v -0.260173 0.427107 0.048061
v -0.262786 0.433935 0.043218
v -0.258215 0.439507 0.038220
v -0.247684 0.442328 0.034407
v -0.232822 0.447411 0.041411
v -0.219710 0.443249 0.042211
v -0.210701 0.436570 0.044972
v -0.208208 0.429165 0.048954
v -0.212899 0.423017 0.053091
v -0.223517 0.419773 0.056274
v -0.237217 0.420304 0.057650
v -0.250328 0.424466 0.056850
v -0.259337 0.431144 0.054089
v -0.261831 0.438550 0.050107
v -0.257140 0.444698 0.045970
v -0.246522 0.447941 0.042787
v -0.231815 0.452019 0.050716
v -0.218731 0.447734 0.051267
v -0.209795 0.440718 0.053347
v -0.207403 0.432852 0.056399
v -0.212194 0.426243 0.059605
v -0.222886 0.422662 0.062107
v -0.236613 0.423069 0.063233
v -0.249697 0.427354 0.062683
v -0.258633 0.434370 0.060603
v -0.261025 0.442236 0.057551
v -0.256234 0.448845 0.054345
v -0.245542 0.452426 0.051843
v -0.231014 0.455389 0.060557
v -0.217951 0.451013 0.060844
v -0.209074 0.443751 0.062204
v -0.206762 0.435548 0.064271
v -0.211633 0.428602 0.066494
v -0.222384 0.424774 0.068275
v -0.236132 0.425091 0.069138
v -0.249195 0.429467 0.068851
v -0.258072 0.436729 0.067492
v -0.260384 0.444932 0.065424
v -0.255513 0.451878 0.063201
v -0.244762 0.455706 0.061420
v -0.230432 0.457463 0.070765
v -0.217384 0.453032 0.070779
v -0.208550 0.445618 0.071391
v -0.206296 0.437207 0.072438
v -0.211226 0.430054 0.073639
v -0.222019 0.426074 0.074673
v -0.235783 0.426335 0.075262
v -0.248830 0.430767 0.075249
v -0.257664 0.438181 0.074637
v -0.259919 0.446592 0.073590
v -0.254989 0.453745 0.072389
v -0.244196 0.457724 0.071355
v -0.230078 0.458206 0.081166
v -0.217040 0.453754 0.080900
v -0.208232 0.446286 0.080751
v -0.206013 0.437801 0.080758
v -0.210978 0.430573 0.080919
v -0.221797 0.426540 0.081192
v -0.235571 0.426781 0.081503
v -0.248608 0.431232 0.081768
v -0.257417 0.438701 0.081917
v -0.259636 0.447186 0.081910
v -0.254671 0.454413 0.081749
v -0.243852 0.458447 0.081476
v -0.229960 0.457604 0.091580
v -0.216925 0.453169 0.091036
v -0.208125 0.445744 0.090124
v -0.205918 0.437319 0.089090
v -0.210895 0.430152 0.088210
v -0.221723 0.426162 0.087720
v -0.235500 0.426420 0.087752
v -0.248534 0.430855 0.088296
v -0.257334 0.438279 0.089208
v -0.259541 0.446704 0.090242
v -0.254564 0.453871 0.091122
v -0.243736 0.457861 0.091612
v -0.230078 0.455668 0.101831
v -0.217040 0.451285 0.101012
v -0.208232 0.444002 0.099350
v -0.206013 0.435771 0.097291
v -0.210978 0.428797 0.095385
v -0.221797 0.424949 0.094145
v -0.235571 0.425258 0.093902
v -0.248608 0.429642 0.094721
v -0.257417 0.436924 0.096383
v -0.259636 0.445156 0.098443
v -0.254671 0.452129 0.100348
v -0.243852 0.455977 0.101588
v -0.230432 0.452432 0.111743
v -0.217384 0.448135 0.110658
v -0.208550 0.441089 0.108271
v -0.206296 0.433182 0.105220
v -0.211226 0.426532 0.102324
v -0.222019 0.422921 0.100358
v -0.235783 0.423316 0.099849
v -0.248830 0.427613 0.100934
v -0.257664 0.434659 0.103322
v -0.259919 0.442566 0.106372
v -0.254989 0.449217 0.109269
v -0.244196 0.452828 0.111235
v -0.231014 0.447950 0.121146
v -0.217951 0.443773 0.119809
v -0.209074 0.437055 0.116733
v -0.206762 0.429596 0.112742
v -0.211633 0.423394 0.108906
v -0.222384 0.420111 0.106252
v -0.236132 0.420627 0.105491
v -0.249195 0.424804 0.106828
v -0.258072 0.431522 0.109904
v -0.260384 0.438981 0.113895
v -0.255513 0.445183 0.117731
v -0.244762 0.448466 0.120386
v -0.231815 0.442299 0.129880
v -0.218731 0.438274 0.128309
v -0.209795 0.431970 0.124593
v -0.207403 0.425076 0.119729
v -0.212194 0.419439 0.115019
v -0.222886 0.416570 0.111726
v -0.236613 0.417237 0.110731
v -0.249697 0.421262 0.112302
v -0.258633 0.427566 0.116017
v -0.261025 0.434460 0.120881
v -0.256234 0.440097 0.125591
v -0.245542 0.442966 0.128885
v -0.232822 0.435576 0.137794
v -0.219710 0.431732 0.136011
v -0.210701 0.425919 0.131716
v -0.208208 0.419697 0.126061
v -0.212899 0.414733 0.120559
v -0.223517 0.412356 0.116686
v -0.237217 0.413203 0.115480
v -0.250328 0.417048 0.117262
v -0.259337 0.422860 0.121557
v -0.261831 0.429082 0.127213
v -0.257140 0.434047 0.132714
v -0.246522 0.436424 0.136587
v -0.234016 0.427897 0.144754
v -0.220873 0.424258 0.142784
v -0.211776 0.419008 0.137980
v -0.209164 0.413554 0.131628
v -0.213735 0.409357 0.125431
v -0.224265 0.407542 0.121049
v -0.237934 0.408595 0.119655
v -0.251077 0.412234 0.121625
v -0.260173 0.417484 0.126429
v -0.262786 0.422938 0.132781
v -0.258215 0.427135 0.138978
v -0.247684 0.428950 0.143360
v -0.235378 0.419391 0.150640
v -0.222198 0.415980 0.148513
v -0.213002 0.411353 0.143278
v -0.210253 0.406749 0.136337
v -0.214688 0.403403 0.129551
v -0.225119 0.402211 0.124738
v -0.238751 0.403492 0.123187
v -0.251931 0.406903 0.125314
v -0.261127 0.411531 0.130549
v -0.263876 0.416134 0.137490
v -0.259441 0.419480 0.144276
v -0.249010 0.420672 0.149089
v -0.236885 0.410206 0.155352
v -0.223664 0.407041 0.153098
v -0.214358 0.403086 0.147518
v -0.211458 0.399401 0.140107
v -0.215743 0.396973 0.132850
v -0.226063 0.396454 0.127691
v -0.239655 0.397981 0.126014
v -0.252875 0.401146 0.128267
v -0.262181 0.405101 0.133848
v -0.265081 0.408786 0.141259
v -0.260796 0.411213 0.148516
v -0.250476 0.411733 0.153674
v -0.238509 0.400497 0.158808
v -0.225246 0.397593 0.156463
v -0.215820 0.394348 0.150629
v -0.212758 0.391634 0.142872
v -0.216880 0.390178 0.135269
v -0.227082 0.390368 0.129858
v -0.240629 0.392156 0.128088
v -0.253893 0.395061 0.130434
v -0.263319 0.398305 0.136267
v -0.266381 0.401019 0.144025
v -0.262259 0.402476 0.151627
v -0.252057 0.402285 0.157039
v -0.240225 0.390432 0.160951
v -0.226915 0.387797 0.158548
v -0.217364 0.385290 0.152558
v -0.214130 0.383582 0.144587
v -0.218081 0.383132 0.136769
v -0.228157 0.384060 0.131201
v -0.241659 0.386117 0.129374
v -0.254968 0.388752 0.131777
v -0.264520 0.391259 0.137767
v -0.267753 0.392967 0.145739
v -0.263803 0.393417 0.153556
v -0.253727 0.392489 0.159124
v -0.242002 0.380182 0.161743
v -0.228644 0.377822 0.159319
v -0.218963 0.376065 0.153271
v -0.215552 0.375382 0.145220
v -0.219325 0.375957 0.137324
v -0.229271 0.377635 0.131698
v -0.242725 0.379967 0.129849
v -0.256082 0.382327 0.132274
v -0.265763 0.384084 0.138322
v -0.269175 0.384767 0.146373
v -0.265402 0.384192 0.154269
v -0.255456 0.382514 0.159895
v -0.243809 0.369923 0.161171
v -0.230404 0.367838 0.158762
v -0.220590 0.366832 0.152756
v -0.216998 0.367175 0.144762
v -0.220590 0.368776 0.136923
v -0.230404 0.371205 0.131339
v -0.243809 0.373811 0.129506
v -0.257215 0.375897 0.131915
v -0.267029 0.376903 0.137921
v -0.270621 0.376560 0.145915
v -0.267029 0.374959 0.153754
v -0.257215 0.372530 0.159338
v -0.245617 0.359831 0.159245
v -0.232163 0.358015 0.156887
v -0.222217 0.357748 0.151022
v -0.218444 0.359101 0.143221
v -0.221856 0.361711 0.135575
v -0.231537 0.364879 0.130131
v -0.244894 0.367756 0.128350
v -0.258348 0.369571 0.130708
v -0.268294 0.369838 0.136573
v -0.272067 0.368486 0.144373
v -0.268656 0.365876 0.152020
v -0.258974 0.362708 0.157463
v -0.247394 0.350077 0.155996
v -0.233892 0.348523 0.153726
v -0.223816 0.348970 0.148099
v -0.219866 0.351298 0.140623
v -0.223099 0.354883 0.133301
v -0.232651 0.358765 0.128095
v -0.245960 0.361904 0.126401
v -0.259462 0.363458 0.128672
v -0.269538 0.363011 0.134299
v -0.273488 0.360683 0.141775
v -0.270255 0.357097 0.149096
v -0.260704 0.353215 0.154302
v -0.249110 0.340829 0.151482
v -0.235562 0.339523 0.149332
v -0.225360 0.340647 0.144036
v -0.221238 0.343900 0.137011
v -0.224300 0.348410 0.130141
v -0.233726 0.352969 0.125266
v -0.246990 0.356355 0.123693
v -0.260537 0.357661 0.125842
v -0.270739 0.356537 0.131139
v -0.274861 0.353284 0.138163
v -0.271799 0.348774 0.145034
v -0.262373 0.344215 0.149909
v -0.250734 0.332245 0.145779
v -0.237143 0.331169 0.143782
v -0.226823 0.332922 0.138903
v -0.222538 0.337033 0.132449
v -0.225438 0.342401 0.126149
v -0.234744 0.347588 0.121691
v -0.247964 0.351205 0.120271
v -0.261556 0.352281 0.122268
v -0.271876 0.350528 0.127147
v -0.276161 0.346417 0.133601
v -0.273261 0.341049 0.139901
v -0.263954 0.335862 0.144359
v -0.252241 0.324473 0.138985
v -0.238609 0.323605 0.137170
v -0.228178 0.325926 0.132789
v -0.223743 0.330815 0.127014
v -0.226492 0.336960 0.121393
v -0.235688 0.342717 0.117433
v -0.248868 0.346541 0.116194
v -0.262500 0.347409 0.118009
v -0.272931 0.345088 0.122391
v -0.277366 0.340199 0.128166
v -0.274617 0.334053 0.133786
v -0.265420 0.328297 0.137747
v -0.253603 0.317644 0.131216
v -0.239935 0.316959 0.129610
v -0.229404 0.319780 0.125796
v -0.224833 0.325352 0.120798
v -0.227445 0.332180 0.115955
v -0.236542 0.338436 0.112563
v -0.249685 0.342444 0.111533
v -0.263353 0.343129 0.113140
v -0.273884 0.340307 0.116953
v -0.278455 0.334736 0.121951
v -0.275843 0.327908 0.126794
v -0.266746 0.321651 0.130186
v -0.254797 0.311876 0.122605
v -0.241097 0.311346 0.121229
v -0.230479 0.314589 0.118047
v -0.225788 0.320737 0.113910
v -0.228282 0.328143 0.109927
v -0.237291 0.334821 0.107166
v -0.250402 0.338983 0.106366
v -0.264102 0.339513 0.107742
v -0.274720 0.336270 0.110925
v -0.279411 0.330122 0.115062
v -0.276918 0.322716 0.119045
v -0.267908 0.316038 0.121806
v -0.255804 0.307268 0.113300
v -0.242077 0.306861 0.112173
v -0.231385 0.310442 0.109672
v -0.226594 0.317050 0.106465
v -0.228986 0.324917 0.103413
v -0.237922 0.331933 0.101334
v -0.251006 0.336218 0.100783
v -0.264733 0.336625 0.101910
v -0.275425 0.333044 0.104411
v -0.280216 0.326435 0.107618
v -0.277824 0.318569 0.110670
v -0.268888 0.311553 0.112749
v -0.256605 0.303898 0.103459
v -0.242856 0.303581 0.102596
v -0.232106 0.307409 0.100815
v -0.227235 0.314354 0.098593
v -0.229547 0.322558 0.096525
v -0.238424 0.329820 0.095165
v -0.251487 0.334196 0.094879
v -0.265235 0.334513 0.095741
v -0.275986 0.330685 0.097523
v -0.280857 0.323739 0.099745
v -0.278545 0.315536 0.101813
v -0.269668 0.308273 0.103172
v -0.257187 0.301824 0.093251
v -0.243423 0.301563 0.092662
v -0.232630 0.305542 0.091628
v -0.227700 0.312695 0.090426
v -0.229955 0.321106 0.089379
v -0.238789 0.328520 0.088767
v -0.251836 0.332952 0.088754
v -0.265600 0.333213 0.089343
v -0.276393 0.329233 0.090377
v -0.281323 0.322080 0.091578
v -0.279069 0.313669 0.092626
v -0.270235 0.306255 0.093238
v -0.257541 0.301081 0.082851
v -0.243767 0.300840 0.082540
v -0.232948 0.304874 0.082267
v -0.227983 0.312101 0.082106
v -0.230202 0.320586 0.082099
v -0.239010 0.328055 0.082248
v -0.252048 0.332506 0.082514
v -0.265822 0.332747 0.082824
v -0.276641 0.328714 0.083097
v -0.281606 0.321486 0.083258
v -0.279387 0.313001 0.083265
v -0.270579 0.305532 0.083116
vn -0.0188 -0.9824 -0.1857
vn 0.3475 -0.9221 -0.1701
vn 0.8231 -0.5597 -0.0962
vn 0.9675 0.2464 0.0577
vn 0.6466 0.7481 0.1487
vn 0.3236 0.9291 0.1792
vn 0.0188 0.9824 0.1857
vn -0.3475 0.9221 0.1701
vn -0.8231 0.5597 0.0962
vn -0.9675 -0.2464 -0.0577
vn -0.6466 -0.7481 -0.1487
vn -0.3236 -0.9291 -0.1792
vn -0.0158 -0.9503 -0.3109
vn 0.3500 -0.8941 -0.2795
vn 0.8243 -0.5462 -0.1490
vn 0.9662 0.2328 0.1105
vn 0.6441 0.7201 0.2581
vn 0.3207 0.8970 0.3043
vn 0.0158 0.9503 0.3109
vn -0.3500 0.8941 0.2795
vn -0.8243 0.5462 0.1490
vn -0.9662 -0.2328 -0.1105
vn -0.6441 -0.7201 -0.2581
vn -0.3207 -0.8970 -0.3043
vn -0.0100 -0.9024 -0.4308
vn 0.3551 -0.8522 -0.3842
vn 0.8268 -0.5260 -0.1995
vn 0.9638 0.2126 0.1610
vn 0.6390 0.6782 0.3629
vn 0.3149 0.8491 0.4242
vn 0.0100 0.9024 0.4308
vn -0.3551 0.8522 0.3842
vn -0.8268 0.5260 0.1995
vn -0.9638 -0.2126 -0.1610
vn -0.6390 -0.6782 -0.3629
vn -0.3149 -0.8491 -0.4242
vn -0.0014 -0.8395 -0.5433
vn 0.3626 -0.7973 -0.4826
vn 0.8304 -0.4995 -0.2470
vn 0.9602 0.1861 0.2085
vn 0.6315 0.6233 0.4612
vn 0.3063 0.7862 0.5368
vn 0.0014 0.8395 0.5433
vn -0.3626 0.7973 0.4826
vn -0.8304 0.4995 0.2470
vn -0.9602 -0.1861 -0.2085
vn -0.6315 -0.6233 -0.4612
vn -0.3063 -0.7862 -0.5368
vn 0.0098 -0.7627 -0.6466
vn 0.3724 -0.7302 -0.5729
vn 0.8351 -0.4671 -0.2906
vn 0.9554 0.1537 0.2521
vn 0.6217 0.5562 0.5515
vn 0.2951 0.7094 0.6401
vn -0.0098 0.7627 0.6466
vn -0.3724 0.7302 0.5729
vn -0.8351 0.4671 0.2906
vn -0.9554 -0.1537 -0.2521
vn -0.6217 -0.5562 -0.5515
vn -0.2951 -0.7094 -0.6401
vn 0.0234 -0.6733 -0.7390
vn 0.3844 -0.6520 -0.6535
vn 0.8409 -0.4294 -0.3295
vn 0.9497 0.1160 0.2910
vn 0.6098 0.4781 0.6322
vn 0.2814 0.6200 0.7324
vn -0.0234 0.6733 0.7390
vn -0.3844 0.6520 0.6535
vn -0.8409 0.4294 0.3295
vn -0.9497 -0.1160 -0.2910
vn -0.6098 -0.4781 -0.6322
vn -0.2814 -0.6200 -0.7324
vn 0.0393 -0.5729 -0.8187
vn 0.3982 -0.5643 -0.7232
vn 0.8476 -0.3870 -0.3631
vn 0.9430 0.0737 0.3246
vn 0.5959 0.3903 0.7018
vn 0.2655 0.5195 0.8121
vn -0.0393 0.5729 0.8187
vn -0.3982 0.5643 0.7232
vn -0.8476 0.3870 0.3631
vn -0.9430 -0.0737 -0.3246
vn -0.5959 -0.3903 -0.7018
vn -0.2655 -0.5195 -0.8121
vn 0.0571 -0.4631 -0.8845
vn 0.4138 -0.4683 -0.7807
vn 0.8551 -0.3407 -0.3909
vn 0.9355 0.0274 0.3524
vn 0.5803 0.2943 0.7593
vn 0.2477 0.4097 0.8779
vn -0.0571 0.4631 0.8845
vn -0.4138 0.4683 0.7807
vn -0.8551 0.3407 0.3909
vn -0.9355 -0.0274 -0.3524
vn -0.5803 -0.2943 -0.7593
vn -0.2477 -0.4097 -0.8779
vn 0.0765 -0.3458 -0.9352
vn 0.4308 -0.3658 -0.8250
vn 0.8633 -0.2913 -0.4122
vn 0.9273 -0.0221 0.3738
vn 0.5634 0.1919 0.8036
vn 0.2283 0.2925 0.9286
vn -0.0765 0.3458 0.9352
vn -0.4308 0.3658 0.8250
vn -0.8633 0.2913 0.4122
vn -0.9273 0.0221 -0.3738
vn -0.5634 -0.1919 -0.8036
vn -0.2283 -0.2925 -0.9286
vn 0.0973 -0.2231 -0.9699
vn 0.4489 -0.2586 -0.8554
vn 0.8720 -0.2395 -0.4269
vn 0.9185 -0.0739 0.3884
vn 0.5452 0.0846 0.8340
vn 0.2076 0.1697 0.9634
vn -0.0973 0.2231 0.9699
vn -0.4489 0.2586 0.8554
vn -0.8720 0.2395 0.4269
vn -0.9185 0.0739 -0.3884
vn -0.5452 -0.0846 -0.8340
vn -0.2076 -0.1697 -0.9634
vn 0.1190 -0.0970 -0.9882
vn 0.4678 -0.1484 -0.8713
vn 0.8812 -0.1863 -0.4346
vn 0.9094 -0.1270 0.3961
vn 0.5263 -0.0256 0.8499
vn 0.1859 0.0436 0.9816
vn -0.1190 0.0970 0.9882
vn -0.4678 0.1484 0.8713
vn -0.8812 0.1863 0.4346
vn -0.9094 0.1270 -0.3961
vn -0.5263 0.0256 -0.8499
vn -0.1859 -0.0436 -0.9816
vn 0.1412 0.0303 -0.9895
vn 0.4873 -0.0372 -0.8725
vn 0.8905 -0.1327 -0.4351
vn 0.9000 -0.1807 0.3967
vn 0.5069 -0.1368 0.8511
vn 0.1636 -0.0837 0.9830
vn -0.1412 -0.0303 0.9895
vn -0.4873 0.0372 0.8725
vn -0.8905 0.1327 0.4351
vn -0.9000 0.1807 -0.3967
vn -0.5069 0.1368 -0.8511
vn -0.1636 0.0837 -0.9830
vn 0.1636 0.1566 -0.9740
vn 0.5069 0.0732 -0.8589
vn 0.9000 -0.0794 -0.4286
vn 0.8905 -0.2340 0.3901
vn 0.4873 -0.2472 0.8376
vn 0.1412 -0.2100 0.9675
vn -0.1636 -0.1566 0.9740
vn -0.5069 -0.0732 0.8589
vn -0.9000 0.0794 0.4286
vn -0.8905 0.2340 -0.3901
vn -0.4873 0.2472 -0.8376
vn -0.1412 0.2100 -0.9675
vn 0.1859 0.2798 -0.9419
vn 0.5263 0.1808 -0.8308
vn 0.9094 -0.0274 -0.4151
vn 0.8812 -0.2859 0.3766
vn 0.4678 -0.3548 0.8095
vn 0.1190 -0.3332 0.9353
vn -0.1859 -0.2798 0.9419
vn -0.5263 -0.1808 0.8308
vn -0.9094 0.0274 0.4151
vn -0.8812 0.2859 -0.3766
vn -0.4678 0.3548 -0.8095
vn -0.1190 0.3332 -0.9353
vn 0.2076 0.3977 -0.8937
vn 0.5452 0.2839 -0.7887
vn 0.9185 0.0223 -0.3947
vn 0.8720 -0.3357 0.3563
vn 0.4489 -0.4579 0.7674
vn 0.0973 -0.4511 0.8872
vn -0.2076 -0.3977 0.8937
vn -0.5452 -0.2839 0.7887
vn -0.9185 -0.0223 0.3947
vn -0.8720 0.3357 -0.3563
vn -0.4489 0.4579 -0.7674
vn -0.0973 0.4511 -0.8872
vn 0.2283 0.5084 -0.8303
vn 0.5634 0.3806 -0.7333
vn 0.9273 0.0690 -0.3680
vn 0.8633 -0.3823 0.3295
vn 0.4308 -0.5546 0.7120
vn 0.0765 -0.5618 0.8237
vn -0.2283 -0.5084 0.8303
vn -0.5634 -0.3806 0.7333
vn -0.9273 -0.0690 0.3680
vn -0.8633 0.3823 -0.3295
vn -0.4308 0.5546 -0.7120
vn -0.0765 0.5618 -0.8237
vn 0.2477 0.6099 -0.7527
vn 0.5803 0.4693 -0.6656
vn 0.9355 0.1118 -0.3353
vn 0.8551 -0.4252 0.2968
vn 0.4138 -0.6433 0.6442
vn 0.0571 -0.6633 0.7462
vn -0.2477 -0.6099 0.7527
vn -0.5803 -0.4693 0.6656
vn -0.9355 -0.1118 0.3353
vn -0.8551 0.4252 -0.2968
vn -0.4138 0.6433 -0.6442
vn -0.0571 0.6633 -0.7462
vn 0.2655 0.7006 -0.6623
vn 0.5959 0.5485 -0.5866
vn 0.9430 0.1500 -0.2972
vn 0.8476 -0.4634 0.2587
vn 0.3982 -0.7225 0.5652
vn 0.0393 -0.7539 0.6558
vn -0.2655 -0.7006 0.6623
vn -0.5959 -0.5485 0.5866
vn -0.9430 -0.1500 0.2972
vn -0.8476 0.4634 -0.2587
vn -0.3982 0.7225 -0.5652
vn -0.0393 0.7539 -0.6558
vn 0.2814 0.7788 -0.5607
vn 0.6098 0.6168 -0.4977
vn 0.9497 0.1830 -0.2543
vn 0.8409 -0.4963 0.2158
vn 0.3844 -0.7908 0.4764
vn 0.0234 -0.8321 0.5541
vn -0.2814 -0.7788 0.5607
vn -0.6098 -0.6168 0.4977
vn -0.9497 -0.1830 0.2543
vn -0.8409 0.4963 -0.2158
vn -0.3844 0.7908 -0.4764
vn -0.0234 0.8321 -0.5541
vn 0.2951 0.8432 -0.4495
vn 0.6217 0.6731 -0.4006
vn 0.9554 0.2101 -0.2074
vn 0.8351 -0.5235 0.1689
vn 0.3724 -0.8471 0.3792
vn 0.0098 -0.8965 0.4429
vn -0.2951 -0.8432 0.4495
vn -0.6217 -0.6731 0.4006
vn -0.9554 -0.2101 0.2074
vn -0.8351 0.5235 -0.1689
vn -0.3724 0.8471 -0.3792
vn -0.0098 0.8965 -0.4429
vn 0.3063 0.8927 -0.3306
vn 0.6315 0.7163 -0.2967
vn 0.9602 0.2310 -0.1573
vn 0.8304 -0.5444 0.1188
vn 0.3626 -0.8903 0.2754
vn -0.0014 -0.9460 0.3241
vn -0.3063 -0.8927 0.3306
vn -0.6315 -0.7163 0.2967
vn -0.9602 -0.2310 0.1573
vn -0.8304 0.5444 -0.1188
vn -0.3626 0.8903 -0.2754
vn 0.0014 0.9460 -0.3241
vn 0.3149 0.9265 -0.2062
vn 0.6390 0.7459 -0.1880
vn 0.9638 0.2453 -0.1048
vn 0.8268 -0.5586 0.0663
vn 0.3551 -0.9199 0.1666
vn -0.0100 -0.9798 0.1996
vn -0.3149 -0.9265 0.2062
vn -0.6390 -0.7459 0.1880
vn -0.9638 -0.2453 0.1048
vn -0.8268 0.5586 -0.0663
vn -0.3551 0.9199 -0.1666
vn 0.0100 0.9798 -0.1996
vn 0.3207 0.9439 -0.0783
vn 0.6441 0.7611 -0.0762
vn 0.9662 0.2526 -0.0509
vn 0.8243 -0.5660 0.0124
vn 0.3500 -0.9351 0.0549
vn -0.0158 -0.9973 0.0717
vn -0.3207 -0.9439 0.0783
vn -0.6441 -0.7611 0.0762
vn -0.9662 -0.2526 0.0509
vn -0.8243 0.5660 -0.0124
vn -0.3500 0.9351 -0.0549
vn 0.0158 0.9973 -0.0717
vn 0.3236 0.9448 0.0509
vn 0.6466 0.7619 0.0367
vn 0.9675 0.2530 0.0036
vn 0.8231 -0.5664 -0.0421
vn 0.3475 -0.9359 -0.0580
vn -0.0188 -0.9982 -0.0575
vn -0.3236 -0.9448 -0.0509
vn -0.6466 -0.7619 -0.0367
vn -0.9675 -0.2530 -0.0036
vn -0.8231 0.5664 0.0421
vn -0.3475 0.9359 0.0580
vn 0.0188 0.9982 0.0575
vn 0.8551 -0.3407 -0.3908
vn -0.8551 0.3407 0.3908
vn 0.9355 0.0273 0.3524
s 0
usemtl black
f 6038//9575 6027//9575 6026//9575
f 6039//9576 6028//9576 6027//9576
f 6028//9577 6041//9577 6029//9577
f 6041//9578 6030//9578 6029//9578
f 6042//9579 6031//9579 6030//9579
f 6043//9580 6032//9580 6031//9580
f 6044//9581 6033//9581 6032//9581
f 6045//9582 6034//9582 6033//9582
f 6034//9583 6047//9583 6035//9583
f 6047//9584 6036//9584 6035//9584
f 6048//9585 6037//9585 6036//9585
f 6037//9586 6038//9586 6026//9586
f 6038//9587 6051//9587 6039//9587
f 6039//9588 6052//9588 6040//9588
f 6040//9589 6053//9589 6041//9589
f 6041//9590 6054//9590 6042//9590
f 6042//9591 6055//9591 6043//9591
f 6043//9592 6056//9592 6044//9592
f 6056//9593 6045//9593 6044//9593
f 6057//9594 6046//9594 6045//9594
f 6058//9595 6047//9595 6046//9595
f 6059//9596 6048//9596 6047//9596
f 6060//9597 6049//9597 6048//9597
f 6061//9598 6038//9598 6049//9598
f 6062//9599 6051//9599 6050//9599
f 6063//9600 6052//9600 6051//9600
f 6064//9601 6053//9601 6052//9601
f 6065//9602 6054//9602 6053//9602
f 6066//9603 6055//9603 6054//9603
f 6067//9604 6056//9604 6055//9604
f 6068//9605 6057//9605 6056//9605
f 6057//9606 6070//9606 6058//9606
f 6070//9607 6059//9607 6058//9607
f 6059//9608 6072//9608 6060//9608
f 6072//9609 6061//9609 6060//9609
f 6061//9610 6062//9610 6050//9610
f 6074//9611 6063//9611 6062//9611
f 6063//9612 6076//9612 6064//9612
f 6076//9613 6065//9613 6064//9613
f 6077//9614 6066//9614 6065//9614
f 6078//9615 6067//9615 6066//9615
f 6067//9616 6080//9616 6068//9616
f 6080//9617 6069//9617 6068//9617
f 6069//9618 6082//9618 6070//9618
f 6082//9619 6071//9619 6070//9619
f 6083//9620 6072//9620 6071//9620
f 6084//9621 6073//9621 6072//9621
f 6073//9622 6074//9622 6062//9622
f 6086//9623 6075//9623 6074//9623
f 6087//9624 6076//9624 6075//9624
f 6088//9625 6077//9625 6076//9625
f 6077//9626 6090//9626 6078//9626
f 6090//9627 6079//9627 6078//9627
f 6091//9628 6080//9628 6079//9628
f 6092//9629 6081//9629 6080//9629
f 6093//9630 6082//9630 6081//9630
f 6094//9631 6083//9631 6082//9631
f 6095//9632 6084//9632 6083//9632
f 6084//9633 6097//9633 6085//9633
f 6085//9634 6086//9634 6074//9634
f 6098//9635 6087//9635 6086//9635
f 6099//9636 6088//9636 6087//9636
f 6100//9637 6089//9637 6088//9637
f 6101//9638 6090//9638 6089//9638
f 6102//9639 6091//9639 6090//9639
f 6103//9640 6092//9640 6091//9640
f 6092//9641 6105//9641 6093//9641
f 6093//9642 6106//9642 6094//9642
f 6094//9643 6107//9643 6095//9643
f 6107//9644 6096//9644 6095//9644
f 6096//9645 6109//9645 6097//9645
f 6097//9646 6098//9646 6086//9646
f 6110//9647 6099//9647 6098//9647
f 6111//9648 6100//9648 6099//9648
f 6112//9649 6101//9649 6100//9649
f 6113//9650 6102//9650 6101//9650
f 6102//9651 6115//9651 6103//9651
f 6103//9652 6116//9652 6104//9652
f 6116//9653 6105//9653 6104//9653
f 6117//9654 6106//9654 6105//9654
f 6106//9655 6119//9655 6107//9655
f 6119//9656 6108//9656 6107//9656
f 6108//9657 6121//9657 6109//9657
f 6121//9658 6098//9658 6109//9658
f 6110//9659 6123//9659 6111//9659
f 6123//9660 6112//9660 6111//9660
f 6112//9661 6125//9661 6113//9661
f 6125//9662 6114//9662 6113//9662
f 6126//9663 6115//9663 6114//9663
f 6127//9664 6116//9664 6115//9664
f 6128//9665 6117//9665 6116//9665
f 6129//9666 6118//9666 6117//9666
f 6118//9667 6131//9667 6119//9667
f 6131//9668 6120//9668 6119//9668
f 6132//9669 6121//9669 6120//9669
f 6133//9670 6110//9670 6121//9670
f 6122//9671 6135//9671 6123//9671
f 6135//9672 6124//9672 6123//9672
f 6136//9673 6125//9673 6124//9673
f 6137//9674 6126//9674 6125//9674
f 6138//9675 6127//9675 6126//9675
f 6139//9676 6128//9676 6127//9676
f 6128//9677 6141//9677 6129//9677
f 6129//9678 6142//9678 6130//9678
f 6142//9679 6131//9679 6130//9679
f 6143//9680 6132//9680 6131//9680
f 6132//9681 6145//9681 6133//9681
f 6145//9682 6122//9682 6133//9682
f 6146//9683 6135//9683 6134//9683
f 6135//9684 6148//9684 6136//9684
f 6148//9685 6137//9685 6136//9685
f 6149//9686 6138//9686 6137//9686
f 6150//9687 6139//9687 6138//9687
f 6139//9688 6152//9688 6140//9688
f 6140//9689 6153//9689 6141//9689
f 6141//9690 6154//9690 6142//9690
f 6154//9691 6143//9691 6142//9691
f 6155//9692 6144//9692 6143//9692
f 6144//9693 6157//9693 6145//9693
f 6157//9694 6134//9694 6145//9694
f 6146//9695 6159//9695 6147//9695
f 6147//9696 6160//9696 6148//9696
f 6148//9697 6161//9697 6149//9697
f 6149//9698 6162//9698 6150//9698
f 6150//9699 6163//9699 6151//9699
f 6151//9700 6164//9700 6152//9700
f 6164//9701 6153//9701 6152//9701
f 6165//9702 6154//9702 6153//9702
f 6154//9703 6167//9703 6155//9703
f 6167//9704 6156//9704 6155//9704
f 6168//9705 6157//9705 6156//9705
f 6169//9706 6146//9706 6157//9706
f 6158//9707 6171//9707 6159//9707
f 6171//9708 6160//9708 6159//9708
f 6172//9709 6161//9709 6160//9709
f 6161//9710 6174//9710 6162//9710
f 6162//9711 6175//9711 6163//9711
f 6175//9712 6164//9712 6163//9712
f 6176//9713 6165//9713 6164//9713
f 6177//9714 6166//9714 6165//9714
f 6178//9715 6167//9715 6166//9715
f 6179//9716 6168//9716 6167//9716
f 6168//9717 6181//9717 6169//9717
f 6181//9718 6158//9718 6169//9718
f 6170//9719 6183//9719 6171//9719
f 6183//9720 6172//9720 6171//9720
f 6184//9721 6173//9721 6172//9721
f 6185//9722 6174//9722 6173//9722
f 6186//9723 6175//9723 6174//9723
f 6187//9724 6176//9724 6175//9724
f 6188//9725 6177//9725 6176//9725
f 6189//9726 6178//9726 6177//9726
f 6178//9727 6191//9727 6179//9727
f 6191//9728 6180//9728 6179//9728
f 6192//9729 6181//9729 6180//9729
f 6193//9730 6170//9730 6181//9730
f 6194//9731 6183//9731 6182//9731
f 6183//9732 6196//9732 6184//9732
f 6196//9733 6185//9733 6184//9733
f 6185//9734 6198//9734 6186//9734
f 6198//9735 6187//9735 6186//9735
f 6199//9736 6188//9736 6187//9736
f 6200//9737 6189//9737 6188//9737
f 6201//9738 6190//9738 6189//9738
f 6202//9739 6191//9739 6190//9739
f 6203//9740 6192//9740 6191//9740
f 6204//9741 6193//9741 6192//9741
f 6205//9742 6182//9742 6193//9742
f 6206//9743 6195//9743 6194//9743
f 6195//9744 6208//9744 6196//9744
f 6208//9745 6197//9745 6196//9745
f 6209//9746 6198//9746 6197//9746
f 6210//9747 6199//9747 6198//9747
f 6211//9748 6200//9748 6199//9748
f 6212//9749 6201//9749 6200//9749
f 6201//9750 6214//9750 6202//9750
f 6202//9751 6215//9751 6203//9751
f 6203//9752 6216//9752 6204//9752
f 6216//9753 6205//9753 6204//9753
f 6205//9754 6206//9754 6194//9754
f 6218//9755 6207//9755 6206//9755
f 6207//9756 6220//9756 6208//9756
f 6208//9757 6221//9757 6209//9757
f 6221//9758 6210//9758 6209//9758
f 6210//9759 6223//9759 6211//9759
f 6223//9760 6212//9760 6211//9760
f 6212//9761 6225//9761 6213//9761
f 6225//9762 6214//9762 6213//9762
f 6226//9763 6215//9763 6214//9763
f 6227//9764 6216//9764 6215//9764
f 6228//9765 6217//9765 6216//9765
f 6229//9766 6206//9766 6217//9766
f 6230//9767 6219//9767 6218//9767
f 6219//9768 6232//9768 6220//9768
f 6220//9769 6233//9769 6221//9769
f 6233//9770 6222//9770 6221//9770
f 6234//9771 6223//9771 6222//9771
f 6223//9772 6236//9772 6224//9772
f 6236//9773 6225//9773 6224//9773
f 6225//9774 6238//9774 6226//9774
f 6226//9775 6239//9775 6227//9775
f 6227//9776 6240//9776 6228//9776
f 6240//9777 6229//9777 6228//9777
f 6229//9778 6230//9778 6218//9778
f 6242//9779 6231//9779 6230//9779
f 6243//9780 6232//9780 6231//9780
f 6244//9781 6233//9781 6232//9781
f 6245//9782 6234//9782 6233//9782
f 6246//9783 6235//9783 6234//9783
f 6235//9784 6248//9784 6236//9784
f 6248//9785 6237//9785 6236//9785
f 6237//9786 6250//9786 6238//9786
f 6238//9787 6251//9787 6239//9787
f 6239//9788 6252//9788 6240//9788
f 6252//9789 6241//9789 6240//9789
f 6241//9790 6242//9790 6230//9790
f 6254//9791 6243//9791 6242//9791
f 6243//9792 6256//9792 6244//9792
f 6256//9793 6245//9793 6244//9793
f 6257//9794 6246//9794 6245//9794
f 6258//9795 6247//9795 6246//9795
f 6259//9796 6248//9796 6247//9796
f 6260//9797 6249//9797 6248//9797
f 6261//9798 6250//9798 6249//9798
f 6262//9799 6251//9799 6250//9799
f 6263//9800 6252//9800 6251//9800
f 6264//9801 6253//9801 6252//9801
f 6253//9802 6254//9802 6242//9802
f 6266//9803 6255//9803 6254//9803
f 6255//9804 6268//9804 6256//9804
f 6256//9805 6269//9805 6257//9805
f 6257//9806 6270//9806 6258//9806
f 6258//9807 6271//9807 6259//9807
f 6271//9808 6260//9808 6259//9808
f 6260//9809 6273//9809 6261//9809
f 6273//9810 6262//9810 6261//9810
f 6274//9811 6263//9811 6262//9811
f 6275//9812 6264//9812 6263//9812
f 6276//9813 6265//9813 6264//9813
f 6265//9814 6266//9814 6254//9814
f 6278//9815 6267//9815 6266//9815
f 6279//9816 6268//9816 6267//9816
f 6280//9817 6269//9817 6268//9817
f 6281//9818 6270//9818 6269//9818
f 6282//9819 6271//9819 6270//9819
f 6283//9820 6272//9820 6271//9820
f 6272//9821 6285//9821 6273//9821
f 6273//9822 6286//9822 6274//9822
f 6274//9823 6287//9823 6275//9823
f 6275//9824 6288//9824 6276//9824
f 6276//9825 6289//9825 6277//9825
f 6277//9826 6278//9826 6266//9826
f 6278//9827 6291//9827 6279//9827
f 6279//9828 6292//9828 6280//9828
f 6280//9829 6293//9829 6281//9829
f 6281//9830 6294//9830 6282//9830
f 6282//9831 6295//9831 6283//9831
f 6283//9832 6296//9832 6284//9832
f 6296//9833 6285//9833 6284//9833
f 6297//9834 6286//9834 6285//9834
f 6298//9835 6287//9835 6286//9835
f 6299//9836 6288//9836 6287//9836
f 6300//9837 6289//9837 6288//9837
f 6301//9838 6278//9838 6289//9838
f 6302//9839 6291//9839 6290//9839
f 6303//9840 6292//9840 6291//9840
f 6292//9841 6305//9841 6293//9841
f 6305//9842 6294//9842 6293//9842
f 6306//9843 6295//9843 6294//9843
f 6295//9844 6308//9844 6296//9844
f 6308//9845 6297//9845 6296//9845
f 6309//9846 6298//9846 6297//9846
f 6310//9847 6299//9847 6298//9847
f 6311//9848 6300//9848 6299//9848
f 6300//9849 6313//9849 6301//9849
f 6313//9850 6290//9850 6301//9850
f 6314//9851 6303//9851 6302//9851
f 6315//9852 6304//9852 6303//9852
f 6316//9853 6305//9853 6304//9853
f 6317//9854 6306//9854 6305//9854
f 6318//9855 6307//9855 6306//9855
f 6319//9856 6308//9856 6307//9856
f 6320//9857 6309//9857 6308//9857
f 6309//9858 6322//9858 6310//9858
f 6310//9859 6323//9859 6311//9859
f 6311//9860 6324//9860 6312//9860
f 6312//9861 6325//9861 6313//9861
f 6313//9862 6314//9862 6302//9862
f 6326//9580 6315//9580 6314//9580
f 6327//9579 6316//9579 6315//9579
f 6316//9578 6329//9578 6317//9578
f 6317//9577 6330//9577 6318//9577
f 6330//9576 6319//9576 6318//9576
f 6319//9575 6332//9575 6320//9575
f 6332//9586 6321//9586 6320//9586
f 6333//9585 6322//9585 6321//9585
f 6334//9584 6323//9584 6322//9584
f 6335//9583 6324//9583 6323//9583
f 6336//9582 6325//9582 6324//9582
f 6325//9581 6326//9581 6314//9581
f 6338//9592 6327//9592 6326//9592
f 6327//9591 6340//9591 6328//9591
f 6340//9590 6329//9590 6328//9590
f 6341//9589 6330//9589 6329//9589
f 6342//9588 6331//9588 6330//9588
f 6331//9587 6344//9587 6332//9587
f 6344//9598 6333//9598 6332//9598
f 6345//9597 6334//9597 6333//9597
f 6346//9596 6335//9596 6334//9596
f 6347//9595 6336//9595 6335//9595
f 6348//9594 6337//9594 6336//9594
f 6349//9593 6326//9593 6337//9593
f 6350//9604 6339//9604 6338//9604
f 6351//9603 6340//9603 6339//9603
f 6352//9602 6341//9602 6340//9602
f 6353//9601 6342//9601 6341//9601
f 6354//9600 6343//9600 6342//9600
f 6355//9599 6344//9599 6343//9599
f 6356//9610 6345//9610 6344//9610
f 6345//9609 6358//9609 6346//9609
f 6346//9608 6359//9608 6347//9608
f 6347//9607 6360//9607 6348//9607
f 6360//9606 6349//9606 6348//9606
f 6361//9605 6338//9605 6349//9605
f 6350//9616 6363//9616 6351//9616
f 6351//9615 6364//9615 6352//9615
f 6352//9614 6365//9614 6353//9614
f 6353//9613 6366//9613 6354//9613
f 6354//9612 6367//9612 6355//9612
f 6367//9611 6356//9611 6355//9611
f 6368//9622 6357//9622 6356//9622
f 6369//9621 6358//9621 6357//9621
f 6370//9620 6359//9620 6358//9620
f 6371//9619 6360//9619 6359//9619
f 6372//9618 6361//9618 6360//9618
f 6373//9617 6350//9617 6361//9617
f 6362//9628 6375//9628 6363//9628
f 6375//9627 6364//9627 6363//9627
f 6376//9626 6365//9626 6364//9626
f 6377//9625 6366//9625 6365//9625
f 6378//9624 6367//9624 6366//9624
f 6379//9623 6368//9623 6367//9623
f 6380//9634 6369//9634 6368//9634
f 6369//9633 6382//9633 6370//9633
f 6382//9632 6371//9632 6370//9632
f 6371//9631 6384//9631 6372//9631
f 6384//9630 6373//9630 6372//9630
f 6385//9629 6362//9629 6373//9629
f 6374//9640 6387//9640 6375//9640
f 6387//9639 6376//9639 6375//9639
f 6388//9638 6377//9638 6376//9638
f 6377//9637 6390//9637 6378//9637
f 6390//9636 6379//9636 6378//9636
f 6391//9635 6380//9635 6379//9635
f 6392//9646 6381//9646 6380//9646
f 6393//9645 6382//9645 6381//9645
f 6394//9644 6383//9644 6382//9644
f 6395//9643 6384//9643 6383//9643
f 6384//9642 6397//9642 6385//9642
f 6397//9641 6374//9641 6385//9641
f 6398//9652 6387//9652 6386//9652
f 6387//9651 6400//9651 6388//9651
f 6388//9650 6401//9650 6389//9650
f 6389//9649 6402//9649 6390//9649
f 6390//9648 6403//9648 6391//9648
f 6403//9647 6392//9647 6391//9647
f 6392//9658 6405//9658 6393//9658
f 6405//9657 6394//9657 6393//9657
f 6406//9656 6395//9656 6394//9656
f 6407//9655 6396//9655 6395//9655
f 6408//9654 6397//9654 6396//9654
f 6409//9653 6386//9653 6397//9653
f 6398//9664 6411//9664 6399//9664
f 6411//9663 6400//9663 6399//9663
f 6400//9662 6413//9662 6401//9662
f 6413//9863 6402//9863 6401//9863
f 6402//9660 6415//9660 6403//9660
f 6415//9659 6404//9659 6403//9659
f 6404//9670 6417//9670 6405//9670
f 6417//9669 6406//9669 6405//9669
f 6406//9668 6419//9668 6407//9668
f 6419//9864 6408//9864 6407//9864
f 6408//9666 6421//9666 6409//9666
f 6421//9665 6398//9665 6409//9665
f 6422//9676 6411//9676 6410//9676
f 6423//9675 6412//9675 6411//9675
f 6424//9674 6413//9674 6412//9674
f 6425//9673 6414//9673 6413//9673
f 6426//9672 6415//9672 6414//9672
f 6415//9671 6428//9671 6416//9671
f 6428//9682 6417//9682 6416//9682
f 6417//9681 6430//9681 6418//9681
f 6430//9680 6419//9680 6418//9680
f 6419//9679 6432//9679 6420//9679
f 6420//9678 6433//9678 6421//9678
f 6433//9677 6410//9677 6421//9677
f 6434//9688 6423//9688 6422//9688
f 6423//9687 6436//9687 6424//9687
f 6436//9686 6425//9686 6424//9686
f 6437//9685 6426//9685 6425//9685
f 6426//9684 6439//9684 6427//9684
f 6439//9683 6428//9683 6427//9683
f 6428//9694 6441//9694 6429//9694
f 6429//9693 6442//9693 6430//9693
f 6442//9692 6431//9692 6430//9692
f 6431//9691 6444//9691 6432//9691
f 6444//9690 6433//9690 6432//9690
f 6445//9689 6422//9689 6433//9689
f 6446//9700 6435//9700 6434//9700
f 6447//9699 6436//9699 6435//9699
f 6448//9698 6437//9698 6436//9698
f 6449//9697 6438//9697 6437//9697
f 6438//9696 6451//9696 6439//9696
f 6451//9695 6440//9695 6439//9695
f 6440//9706 6453//9706 6441//9706
f 6441//9705 6454//9705 6442//9705
f 6442//9704 6455//9704 6443//9704
f 6443//9703 6456//9703 6444//9703
f 6456//9702 6445//9702 6444//9702
f 6445//9701 6446//9701 6434//9701
f 6458//9712 6447//9712 6446//9712
f 6447//9711 6460//9711 6448//9711
f 6448//9710 6461//9710 6449//9710
f 6449//9709 6462//9709 6450//9709
f 6450//9708 6463//9708 6451//9708
f 6463//9707 6452//9707 6451//9707
f 6464//9718 6453//9718 6452//9718
f 6465//9717 6454//9717 6453//9717
f 6466//9716 6455//9716 6454//9716
f 6467//9715 6456//9715 6455//9715
f 6468//9714 6457//9714 6456//9714
f 6457//9713 6458//9713 6446//9713
f 6470//9724 6459//9724 6458//9724
f 6471//9723 6460//9723 6459//9723
f 6460//9722 6473//9722 6461//9722
f 6473//9721 6462//9721 6461//9721
f 6474//9720 6463//9720 6462//9720
f 6475//9719 6464//9719 6463//9719
f 6464//9730 6477//9730 6465//9730
f 6465//9729 6478//9729 6466//9729
f 6466//9728 6479//9728 6467//9728
f 6479//9727 6468//9727 6467//9727
f 6480//9726 6469//9726 6468//9726
f 6469//9725 6470//9725 6458//9725
f 6482//9736 6471//9736 6470//9736
f 6483//9735 6472//9735 6471//9735
f 6472//9734 6485//9734 6473//9734
f 6473//9733 6486//9733 6474//9733
f 6486//9732 6475//9732 6474//9732
f 6487//9731 6476//9731 6475//9731
f 6488//9742 6477//9742 6476//9742
f 6489//9741 6478//9741 6477//9741
f 6490//9740 6479//9740 6478//9740
f 6491//9739 6480//9739 6479//9739
f 6480//9738 6493//9738 6481//9738
f 6493//9737 6470//9737 6481//9737
f 6494//9748 6483//9748 6482//9748
f 6495//9747 6484//9747 6483//9747
f 6496//9746 6485//9746 6484//9746
f 6497//9745 6486//9745 6485//9745
f 6498//9744 6487//9744 6486//9744
f 6499//9743 6488//9743 6487//9743
f 6488//9754 6501//9754 6489//9754
f 6489//9753 6502//9753 6490//9753
f 6490//9752 6503//9752 6491//9752
f 6491//9751 6504//9751 6492//9751
f 6492//9750 6505//9750 6493//9750
f 6505//9749 6482//9749 6493//9749
f 6506//9760 6495//9760 6494//9760
f 6495//9759 6508//9759 6496//9759
f 6508//9758 6497//9758 6496//9758
f 6497//9757 6510//9757 6498//9757
f 6498//9756 6511//9756 6499//9756
f 6499//9755 6512//9755 6500//9755
f 6512//9766 6501//9766 6500//9766
f 6513//9765 6502//9765 6501//9765
f 6502//9764 6515//9764 6503//9764
f 6515//9763 6504//9763 6503//9763
f 6516//9762 6505//9762 6504//9762
f 6505//9761 6506//9761 6494//9761
f 6518//9772 6507//9772 6506//9772
f 6507//9771 6520//9771 6508//9771
f 6508//9770 6521//9770 6509//9770
f 6509//9769 6522//9769 6510//9769
f 6510//9768 6523//9768 6511//9768
f 6523//9767 6512//9767 6511//9767
f 6524//9778 6513//9778 6512//9778
f 6525//9777 6514//9777 6513//9777
f 6526//9776 6515//9776 6514//9776
f 6527//9775 6516//9775 6515//9775
f 6528//9774 6517//9774 6516//9774
f 6517//9773 6518//9773 6506//9773
f 6518//9784 6531//9784 6519//9784
f 6531//9783 6520//9783 6519//9783
f 6532//9782 6521//9782 6520//9782
f 6521//9781 6534//9781 6522//9781
f 6522//9780 6535//9780 6523//9780
f 6535//9779 6524//9779 6523//9779
f 6524//9790 6537//9790 6525//9790
f 6537//9789 6526//9789 6525//9789
f 6526//9788 6539//9788 6527//9788
f 6527//9787 6540//9787 6528//9787
f 6528//9786 6541//9786 6529//9786
f 6541//9785 6518//9785 6529//9785
f 6530//9796 6543//9796 6531//9796
f 6543//9795 6532//9795 6531//9795
f 6544//9794 6533//9794 6532//9794
f 6545//9793 6534//9793 6533//9793
f 6534//9792 6547//9792 6535//9792
f 6547//9791 6536//9791 6535//9791
f 6548//9802 6537//9802 6536//9802
f 6549//9801 6538//9801 6537//9801
f 6550//9800 6539//9800 6538//9800
f 6539//9799 6552//9799 6540//9799
f 6540//9798 6553//9798 6541//9798
f 6553//9797 6530//9797 6541//9797
f 6542//9808 6555//9808 6543//9808
f 6543//9807 6556//9807 6544//9807
f 6544//9806 6557//9806 6545//9806
f 6557//9805 6546//9805 6545//9805
f 6558//9804 6547//9804 6546//9804
f 6559//9803 6548//9803 6547//9803
f 6560//9814 6549//9814 6548//9814
f 6561//9813 6550//9813 6549//9813
f 6550//9812 6563//9812 6551//9812
f 6551//9811 6564//9811 6552//9811
f 6564//9810 6553//9810 6552//9810
f 6565//9809 6542//9809 6553//9809
f 6554//9820 6567//9820 6555//9820
f 6567//9819 6556//9819 6555//9819
f 6568//9818 6557//9818 6556//9818
f 6569//9817 6558//9817 6557//9817
f 6570//9816 6559//9816 6558//9816
f 6571//9815 6560//9815 6559//9815
f 6560//9826 6573//9826 6561//9826
f 6561//9825 6574//9825 6562//9825
f 6562//9824 6575//9824 6563//9824
f 6575//9823 6564//9823 6563//9823
f 6564//9822 6577//9822 6565//9822
f 6577//9821 6554//9821 6565//9821
f 6566//9832 6579//9832 6567//9832
f 6579//9831 6568//9831 6567//9831
f 6568//9830 6581//9830 6569//9830
f 6569//9829 6582//9829 6570//9829
f 6570//9828 6583//9828 6571//9828
f 6571//9827 6584//9827 6572//9827
f 6584//9838 6573//9838 6572//9838
f 6585//9837 6574//9837 6573//9837
f 6586//9836 6575//9836 6574//9836
f 6587//9835 6576//9835 6575//9835
f 6588//9834 6577//9834 6576//9834
f 6589//9833 6566//9833 6577//9833
f 6590//9844 6579//9844 6578//9844
f 6591//9843 6580//9843 6579//9843
f 6592//9842 6581//9842 6580//9842
f 6593//9841 6582//9841 6581//9841
f 6582//9840 6595//9840 6583//9840
f 6595//9839 6584//9839 6583//9839
f 6596//9850 6585//9850 6584//9850
f 6597//9849 6586//9849 6585//9849
f 6598//9848 6587//9848 6586//9848
f 6599//9847 6588//9847 6587//9847
f 6588//9846 6601//9846 6589//9846
f 6601//9845 6578//9845 6589//9845
f 6026//9856 6591//9856 6590//9856
f 6027//9855 6592//9855 6591//9855
f 6028//9854 6593//9854 6592//9854
f 6593//9853 6030//9853 6594//9853
f 6030//9852 6595//9852 6594//9852
f 6031//9851 6596//9851 6595//9851
f 6032//9862 6597//9862 6596//9862
f 6597//9861 6034//9861 6598//9861
f 6034//9860 6599//9860 6598//9860
f 6599//9859 6036//9859 6600//9859
f 6036//9858 6601//9858 6600//9858
f 6037//9857 6590//9857 6601//9857
f 6038//9575 6039//9575 6027//9575
f 6039//9576 6040//9576 6028//9576
f 6028//9577 6040//9577 6041//9577
f 6041//9578 6042//9578 6030//9578
f 6042//9579 6043//9579 6031//9579
f 6043//9580 6044//9580 6032//9580
f 6044//9581 6045//9581 6033//9581
f 6045//9582 6046//9582 6034//9582
f 6034//9583 6046//9583 6047//9583
f 6047//9584 6048//9584 6036//9584
f 6048//9585 6049//9585 6037//9585
f 6037//9586 6049//9586 6038//9586
f 6038//9587 6050//9587 6051//9587
f 6039//9588 6051//9588 6052//9588
f 6040//9589 6052//9589 6053//9589
f 6041//9590 6053//9590 6054//9590
f 6042//9591 6054//9591 6055//9591
f 6043//9592 6055//9592 6056//9592
f 6056//9593 6057//9593 6045//9593
f 6057//9594 6058//9594 6046//9594
f 6058//9595 6059//9595 6047//9595
f 6059//9596 6060//9596 6048//9596
f 6060//9597 6061//9597 6049//9597
f 6061//9598 6050//9598 6038//9598
f 6062//9599 6063//9599 6051//9599
f 6063//9600 6064//9600 6052//9600
f 6064//9601 6065//9601 6053//9601
f 6065//9602 6066//9602 6054//9602
f 6066//9603 6067//9603 6055//9603
f 6067//9604 6068//9604 6056//9604
f 6068//9605 6069//9605 6057//9605
f 6057//9606 6069//9606 6070//9606
f 6070//9607 6071//9607 6059//9607
f 6059//9608 6071//9608 6072//9608
f 6072//9609 6073//9609 6061//9609
f 6061//9610 6073//9610 6062//9610
f 6074//9611 6075//9611 6063//9611
f 6063//9612 6075//9612 6076//9612
f 6076//9613 6077//9613 6065//9613
f 6077//9614 6078//9614 6066//9614
f 6078//9615 6079//9615 6067//9615
f 6067//9616 6079//9616 6080//9616
f 6080//9617 6081//9617 6069//9617
f 6069//9618 6081//9618 6082//9618
f 6082//9619 6083//9619 6071//9619
f 6083//9620 6084//9620 6072//9620
f 6084//9621 6085//9621 6073//9621
f 6073//9622 6085//9622 6074//9622
f 6086//9623 6087//9623 6075//9623
f 6087//9624 6088//9624 6076//9624
f 6088//9625 6089//9625 6077//9625
f 6077//9626 6089//9626 6090//9626
f 6090//9627 6091//9627 6079//9627
f 6091//9628 6092//9628 6080//9628
f 6092//9629 6093//9629 6081//9629
f 6093//9630 6094//9630 6082//9630
f 6094//9631 6095//9631 6083//9631
f 6095//9632 6096//9632 6084//9632
f 6084//9633 6096//9633 6097//9633
f 6085//9634 6097//9634 6086//9634
f 6098//9635 6099//9635 6087//9635
f 6099//9636 6100//9636 6088//9636
f 6100//9637 6101//9637 6089//9637
f 6101//9638 6102//9638 6090//9638
f 6102//9639 6103//9639 6091//9639
f 6103//9640 6104//9640 6092//9640
f 6092//9641 6104//9641 6105//9641
f 6093//9642 6105//9642 6106//9642
f 6094//9643 6106//9643 6107//9643
f 6107//9644 6108//9644 6096//9644
f 6096//9645 6108//9645 6109//9645
f 6097//9646 6109//9646 6098//9646
f 6110//9647 6111//9647 6099//9647
f 6111//9648 6112//9648 6100//9648
f 6112//9649 6113//9649 6101//9649
f 6113//9650 6114//9650 6102//9650
f 6102//9651 6114//9651 6115//9651
f 6103//9652 6115//9652 6116//9652
f 6116//9653 6117//9653 6105//9653
f 6117//9654 6118//9654 6106//9654
f 6106//9655 6118//9655 6119//9655
f 6119//9656 6120//9656 6108//9656
f 6108//9657 6120//9657 6121//9657
f 6121//9658 6110//9658 6098//9658
f 6110//9659 6122//9659 6123//9659
f 6123//9660 6124//9660 6112//9660
f 6112//9863 6124//9863 6125//9863
f 6125//9865 6126//9865 6114//9865
f 6126//9663 6127//9663 6115//9663
f 6127//9664 6128//9664 6116//9664
f 6128//9665 6129//9665 6117//9665
f 6129//9666 6130//9666 6118//9666
f 6118//9864 6130//9864 6131//9864
f 6131//9668 6132//9668 6120//9668
f 6132//9669 6133//9669 6121//9669
f 6133//9670 6122//9670 6110//9670
f 6122//9671 6134//9671 6135//9671
f 6135//9672 6136//9672 6124//9672
f 6136//9673 6137//9673 6125//9673
f 6137//9674 6138//9674 6126//9674
f 6138//9675 6139//9675 6127//9675
f 6139//9676 6140//9676 6128//9676
f 6128//9677 6140//9677 6141//9677
f 6129//9678 6141//9678 6142//9678
f 6142//9679 6143//9679 6131//9679
f 6143//9680 6144//9680 6132//9680
f 6132//9681 6144//9681 6145//9681
f 6145//9682 6134//9682 6122//9682
f 6146//9683 6147//9683 6135//9683
f 6135//9684 6147//9684 6148//9684
f 6148//9685 6149//9685 6137//9685
f 6149//9686 6150//9686 6138//9686
f 6150//9687 6151//9687 6139//9687
f 6139//9688 6151//9688 6152//9688
f 6140//9689 6152//9689 6153//9689
f 6141//9690 6153//9690 6154//9690
f 6154//9691 6155//9691 6143//9691
f 6155//9692 6156//9692 6144//9692
f 6144//9693 6156//9693 6157//9693
f 6157//9694 6146//9694 6134//9694
f 6146//9695 6158//9695 6159//9695
f 6147//9696 6159//9696 6160//9696
f 6148//9697 6160//9697 6161//9697
f 6149//9698 6161//9698 6162//9698
f 6150//9699 6162//9699 6163//9699
f 6151//9700 6163//9700 6164//9700
f 6164//9701 6165//9701 6153//9701
f 6165//9702 6166//9702 6154//9702
f 6154//9703 6166//9703 6167//9703
f 6167//9704 6168//9704 6156//9704
f 6168//9705 6169//9705 6157//9705
f 6169//9706 6158//9706 6146//9706
f 6158//9707 6170//9707 6171//9707
f 6171//9708 6172//9708 6160//9708
f 6172//9709 6173//9709 6161//9709
f 6161//9710 6173//9710 6174//9710
f 6162//9711 6174//9711 6175//9711
f 6175//9712 6176//9712 6164//9712
f 6176//9713 6177//9713 6165//9713
f 6177//9714 6178//9714 6166//9714
f 6178//9715 6179//9715 6167//9715
f 6179//9716 6180//9716 6168//9716
f 6168//9717 6180//9717 6181//9717
f 6181//9718 6170//9718 6158//9718
f 6170//9719 6182//9719 6183//9719
f 6183//9720 6184//9720 6172//9720
f 6184//9721 6185//9721 6173//9721
f 6185//9722 6186//9722 6174//9722
f 6186//9723 6187//9723 6175//9723
f 6187//9724 6188//9724 6176//9724
f 6188//9725 6189//9725 6177//9725
f 6189//9726 6190//9726 6178//9726
f 6178//9727 6190//9727 6191//9727
f 6191//9728 6192//9728 6180//9728
f 6192//9729 6193//9729 6181//9729
f 6193//9730 6182//9730 6170//9730
f 6194//9731 6195//9731 6183//9731
f 6183//9732 6195//9732 6196//9732
f 6196//9733 6197//9733 6185//9733
f 6185//9734 6197//9734 6198//9734
f 6198//9735 6199//9735 6187//9735
f 6199//9736 6200//9736 6188//9736
f 6200//9737 6201//9737 6189//9737
f 6201//9738 6202//9738 6190//9738
f 6202//9739 6203//9739 6191//9739
f 6203//9740 6204//9740 6192//9740
f 6204//9741 6205//9741 6193//9741
f 6205//9742 6194//9742 6182//9742
f 6206//9743 6207//9743 6195//9743
f 6195//9744 6207//9744 6208//9744
f 6208//9745 6209//9745 6197//9745
f 6209//9746 6210//9746 6198//9746
f 6210//9747 6211//9747 6199//9747
f 6211//9748 6212//9748 6200//9748
f 6212//9749 6213//9749 6201//9749
f 6201//9750 6213//9750 6214//9750
f 6202//9751 6214//9751 6215//9751
f 6203//9752 6215//9752 6216//9752
f 6216//9753 6217//9753 6205//9753
f 6205//9754 6217//9754 6206//9754
f 6218//9755 6219//9755 6207//9755
f 6207//9756 6219//9756 6220//9756
f 6208//9757 6220//9757 6221//9757
f 6221//9758 6222//9758 6210//9758
f 6210//9759 6222//9759 6223//9759
f 6223//9760 6224//9760 6212//9760
f 6212//9761 6224//9761 6225//9761
f 6225//9762 6226//9762 6214//9762
f 6226//9763 6227//9763 6215//9763
f 6227//9764 6228//9764 6216//9764
f 6228//9765 6229//9765 6217//9765
f 6229//9766 6218//9766 6206//9766
f 6230//9767 6231//9767 6219//9767
f 6219//9768 6231//9768 6232//9768
f 6220//9769 6232//9769 6233//9769
f 6233//9770 6234//9770 6222//9770
f 6234//9771 6235//9771 6223//9771
f 6223//9772 6235//9772 6236//9772
f 6236//9773 6237//9773 6225//9773
f 6225//9774 6237//9774 6238//9774
f 6226//9775 6238//9775 6239//9775
f 6227//9776 6239//9776 6240//9776
f 6240//9777 6241//9777 6229//9777
f 6229//9778 6241//9778 6230//9778
f 6242//9779 6243//9779 6231//9779
f 6243//9780 6244//9780 6232//9780
f 6244//9781 6245//9781 6233//9781
f 6245//9782 6246//9782 6234//9782
f 6246//9783 6247//9783 6235//9783
f 6235//9784 6247//9784 6248//9784
f 6248//9785 6249//9785 6237//9785
f 6237//9786 6249//9786 6250//9786
f 6238//9787 6250//9787 6251//9787
f 6239//9788 6251//9788 6252//9788
f 6252//9789 6253//9789 6241//9789
f 6241//9790 6253//9790 6242//9790
f 6254//9791 6255//9791 6243//9791
f 6243//9792 6255//9792 6256//9792
f 6256//9793 6257//9793 6245//9793
f 6257//9794 6258//9794 6246//9794
f 6258//9795 6259//9795 6247//9795
f 6259//9796 6260//9796 6248//9796
f 6260//9797 6261//9797 6249//9797
f 6261//9798 6262//9798 6250//9798
f 6262//9799 6263//9799 6251//9799
f 6263//9800 6264//9800 6252//9800
f 6264//9801 6265//9801 6253//9801
f 6253//9802 6265//9802 6254//9802
f 6266//9803 6267//9803 6255//9803
f 6255//9804 6267//9804 6268//9804
f 6256//9805 6268//9805 6269//9805
f 6257//9806 6269//9806 6270//9806
f 6258//9807 6270//9807 6271//9807
f 6271//9808 6272//9808 6260//9808
f 6260//9809 6272//9809 6273//9809
f 6273//9810 6274//9810 6262//9810
f 6274//9811 6275//9811 6263//9811
f 6275//9812 6276//9812 6264//9812
f 6276//9813 6277//9813 6265//9813
f 6265//9814 6277//9814 6266//9814
f 6278//9815 6279//9815 6267//9815
f 6279//9816 6280//9816 6268//9816
f 6280//9817 6281//9817 6269//9817
f 6281//9818 6282//9818 6270//9818
f 6282//9819 6283//9819 6271//9819
f 6283//9820 6284//9820 6272//9820
f 6272//9821 6284//9821 6285//9821
f 6273//9822 6285//9822 6286//9822
f 6274//9823 6286//9823 6287//9823
f 6275//9824 6287//9824 6288//9824
f 6276//9825 6288//9825 6289//9825
f 6277//9826 6289//9826 6278//9826
f 6278//9827 6290//9827 6291//9827
f 6279//9828 6291//9828 6292//9828
f 6280//9829 6292//9829 6293//9829
f 6281//9830 6293//9830 6294//9830
f 6282//9831 6294//9831 6295//9831
f 6283//9832 6295//9832 6296//9832
f 6296//9833 6297//9833 6285//9833
f 6297//9834 6298//9834 6286//9834
f 6298//9835 6299//9835 6287//9835
f 6299//9836 6300//9836 6288//9836
f 6300//9837 6301//9837 6289//9837
f 6301//9838 6290//9838 6278//9838
f 6302//9839 6303//9839 6291//9839
f 6303//9840 6304//9840 6292//9840
f 6292//9841 6304//9841 6305//9841
f 6305//9842 6306//9842 6294//9842
f 6306//9843 6307//9843 6295//9843
f 6295//9844 6307//9844 6308//9844
f 6308//9845 6309//9845 6297//9845
f 6309//9846 6310//9846 6298//9846
f 6310//9847 6311//9847 6299//9847
f 6311//9848 6312//9848 6300//9848
f 6300//9849 6312//9849 6313//9849
f 6313//9850 6302//9850 6290//9850
f 6314//9851 6315//9851 6303//9851
f 6315//9852 6316//9852 6304//9852
f 6316//9853 6317//9853 6305//9853
f 6317//9854 6318//9854 6306//9854
f 6318//9855 6319//9855 6307//9855
f 6319//9856 6320//9856 6308//9856
f 6320//9857 6321//9857 6309//9857
f 6309//9858 6321//9858 6322//9858
f 6310//9859 6322//9859 6323//9859
f 6311//9860 6323//9860 6324//9860
f 6312//9861 6324//9861 6325//9861
f 6313//9862 6325//9862 6314//9862
f 6326//9580 6327//9580 6315//9580
f 6327//9579 6328//9579 6316//9579
f 6316//9578 6328//9578 6329//9578
f 6317//9577 6329//9577 6330//9577
f 6330//9576 6331//9576 6319//9576
f 6319//9575 6331//9575 6332//9575
f 6332//9586 6333//9586 6321//9586
f 6333//9585 6334//9585 6322//9585
f 6334//9584 6335//9584 6323//9584
f 6335//9583 6336//9583 6324//9583
f 6336//9582 6337//9582 6325//9582
f 6325//9581 6337//9581 6326//9581
f 6338//9592 6339//9592 6327//9592
f 6327//9591 6339//9591 6340//9591
f 6340//9590 6341//9590 6329//9590
f 6341//9589 6342//9589 6330//9589
f 6342//9588 6343//9588 6331//9588
f 6331//9587 6343//9587 6344//9587
f 6344//9598 6345//9598 6333//9598
f 6345//9597 6346//9597 6334//9597
f 6346//9596 6347//9596 6335//9596
f 6347//9595 6348//9595 6336//9595
f 6348//9594 6349//9594 6337//9594
f 6349//9593 6338//9593 6326//9593
f 6350//9604 6351//9604 6339//9604
f 6351//9603 6352//9603 6340//9603
f 6352//9602 6353//9602 6341//9602
f 6353//9601 6354//9601 6342//9601
f 6354//9600 6355//9600 6343//9600
f 6355//9599 6356//9599 6344//9599
f 6356//9610 6357//9610 6345//9610
f 6345//9609 6357//9609 6358//9609
f 6346//9608 6358//9608 6359//9608
f 6347//9607 6359//9607 6360//9607
f 6360//9606 6361//9606 6349//9606
f 6361//9605 6350//9605 6338//9605
f 6350//9616 6362//9616 6363//9616
f 6351//9615 6363//9615 6364//9615
f 6352//9614 6364//9614 6365//9614
f 6353//9613 6365//9613 6366//9613
f 6354//9612 6366//9612 6367//9612
f 6367//9611 6368//9611 6356//9611
f 6368//9622 6369//9622 6357//9622
f 6369//9621 6370//9621 6358//9621
f 6370//9620 6371//9620 6359//9620
f 6371//9619 6372//9619 6360//9619
f 6372//9618 6373//9618 6361//9618
f 6373//9617 6362//9617 6350//9617
f 6362//9628 6374//9628 6375//9628
f 6375//9627 6376//9627 6364//9627
f 6376//9626 6377//9626 6365//9626
f 6377//9625 6378//9625 6366//9625
f 6378//9624 6379//9624 6367//9624
f 6379//9623 6380//9623 6368//9623
f 6380//9634 6381//9634 6369//9634
f 6369//9633 6381//9633 6382//9633
f 6382//9632 6383//9632 6371//9632
f 6371//9631 6383//9631 6384//9631
f 6384//9630 6385//9630 6373//9630
f 6385//9629 6374//9629 6362//9629
f 6374//9640 6386//9640 6387//9640
f 6387//9639 6388//9639 6376//9639
f 6388//9638 6389//9638 6377//9638
f 6377//9637 6389//9637 6390//9637
f 6390//9636 6391//9636 6379//9636
f 6391//9635 6392//9635 6380//9635
f 6392//9646 6393//9646 6381//9646
f 6393//9645 6394//9645 6382//9645
f 6394//9644 6395//9644 6383//9644
f 6395//9643 6396//9643 6384//9643
f 6384//9642 6396//9642 6397//9642
f 6397//9641 6386//9641 6374//9641
f 6398//9652 6399//9652 6387//9652
f 6387//9651 6399//9651 6400//9651
f 6388//9650 6400//9650 6401//9650
f 6389//9649 6401//9649 6402//9649
f 6390//9648 6402//9648 6403//9648
f 6403//9647 6404//9647 6392//9647
f 6392//9658 6404//9658 6405//9658
f 6405//9657 6406//9657 6394//9657
f 6406//9656 6407//9656 6395//9656
f 6407//9655 6408//9655 6396//9655
f 6408//9654 6409//9654 6397//9654
f 6409//9653 6398//9653 6386//9653
f 6398//9664 6410//9664 6411//9664
f 6411//9663 6412//9663 6400//9663
f 6400//9662 6412//9662 6413//9662
f 6413//9863 6414//9863 6402//9863
f 6402//9660 6414//9660 6415//9660
f 6415//9659 6416//9659 6404//9659
f 6404//9670 6416//9670 6417//9670
f 6417//9669 6418//9669 6406//9669
f 6406//9668 6418//9668 6419//9668
f 6419//9667 6420//9667 6408//9667
f 6408//9666 6420//9666 6421//9666
f 6421//9665 6410//9665 6398//9665
f 6422//9676 6423//9676 6411//9676
f 6423//9675 6424//9675 6412//9675
f 6424//9674 6425//9674 6413//9674
f 6425//9673 6426//9673 6414//9673
f 6426//9672 6427//9672 6415//9672
f 6415//9671 6427//9671 6428//9671
f 6428//9682 6429//9682 6417//9682
f 6417//9681 6429//9681 6430//9681
f 6430//9680 6431//9680 6419//9680
f 6419//9679 6431//9679 6432//9679
f 6420//9678 6432//9678 6433//9678
f 6433//9677 6422//9677 6410//9677
f 6434//9688 6435//9688 6423//9688
f 6423//9687 6435//9687 6436//9687
f 6436//9686 6437//9686 6425//9686
f 6437//9685 6438//9685 6426//9685
f 6426//9684 6438//9684 6439//9684
f 6439//9683 6440//9683 6428//9683
f 6428//9694 6440//9694 6441//9694
f 6429//9693 6441//9693 6442//9693
f 6442//9692 6443//9692 6431//9692
f 6431//9691 6443//9691 6444//9691
f 6444//9690 6445//9690 6433//9690
f 6445//9689 6434//9689 6422//9689
f 6446//9700 6447//9700 6435//9700
f 6447//9699 6448//9699 6436//9699
f 6448//9698 6449//9698 6437//9698
f 6449//9697 6450//9697 6438//9697
f 6438//9696 6450//9696 6451//9696
f 6451//9695 6452//9695 6440//9695
f 6440//9706 6452//9706 6453//9706
f 6441//9705 6453//9705 6454//9705
f 6442//9704 6454//9704 6455//9704
f 6443//9703 6455//9703 6456//9703
f 6456//9702 6457//9702 6445//9702
f 6445//9701 6457//9701 6446//9701
f 6458//9712 6459//9712 6447//9712
f 6447//9711 6459//9711 6460//9711
f 6448//9710 6460//9710 6461//9710
f 6449//9709 6461//9709 6462//9709
f 6450//9708 6462//9708 6463//9708
f 6463//9707 6464//9707 6452//9707
f 6464//9718 6465//9718 6453//9718
f 6465//9717 6466//9717 6454//9717
f 6466//9716 6467//9716 6455//9716
f 6467//9715 6468//9715 6456//9715
f 6468//9714 6469//9714 6457//9714
f 6457//9713 6469//9713 6458//9713
f 6470//9724 6471//9724 6459//9724
f 6471//9723 6472//9723 6460//9723
f 6460//9722 6472//9722 6473//9722
f 6473//9721 6474//9721 6462//9721
f 6474//9720 6475//9720 6463//9720
f 6475//9719 6476//9719 6464//9719
f 6464//9730 6476//9730 6477//9730
f 6465//9729 6477//9729 6478//9729
f 6466//9728 6478//9728 6479//9728
f 6479//9727 6480//9727 6468//9727
f 6480//9726 6481//9726 6469//9726
f 6469//9725 6481//9725 6470//9725
f 6482//9736 6483//9736 6471//9736
f 6483//9735 6484//9735 6472//9735
f 6472//9734 6484//9734 6485//9734
f 6473//9733 6485//9733 6486//9733
f 6486//9732 6487//9732 6475//9732
f 6487//9731 6488//9731 6476//9731
f 6488//9742 6489//9742 6477//9742
f 6489//9741 6490//9741 6478//9741
f 6490//9740 6491//9740 6479//9740
f 6491//9739 6492//9739 6480//9739
f 6480//9738 6492//9738 6493//9738
f 6493//9737 6482//9737 6470//9737
f 6494//9748 6495//9748 6483//9748
f 6495//9747 6496//9747 6484//9747
f 6496//9746 6497//9746 6485//9746
f 6497//9745 6498//9745 6486//9745
f 6498//9744 6499//9744 6487//9744
f 6499//9743 6500//9743 6488//9743
f 6488//9754 6500//9754 6501//9754
f 6489//9753 6501//9753 6502//9753
f 6490//9752 6502//9752 6503//9752
f 6491//9751 6503//9751 6504//9751
f 6492//9750 6504//9750 6505//9750
f 6505//9749 6494//9749 6482//9749
f 6506//9760 6507//9760 6495//9760
f 6495//9759 6507//9759 6508//9759
f 6508//9758 6509//9758 6497//9758
f 6497//9757 6509//9757 6510//9757
f 6498//9756 6510//9756 6511//9756
f 6499//9755 6511//9755 6512//9755
f 6512//9766 6513//9766 6501//9766
f 6513//9765 6514//9765 6502//9765
f 6502//9764 6514//9764 6515//9764
f 6515//9763 6516//9763 6504//9763
f 6516//9762 6517//9762 6505//9762
f 6505//9761 6517//9761 6506//9761
f 6518//9772 6519//9772 6507//9772
f 6507//9771 6519//9771 6520//9771
f 6508//9770 6520//9770 6521//9770
f 6509//9769 6521//9769 6522//9769
f 6510//9768 6522//9768 6523//9768
f 6523//9767 6524//9767 6512//9767
f 6524//9778 6525//9778 6513//9778
f 6525//9777 6526//9777 6514//9777
f 6526//9776 6527//9776 6515//9776
f 6527//9775 6528//9775 6516//9775
f 6528//9774 6529//9774 6517//9774
f 6517//9773 6529//9773 6518//9773
f 6518//9784 6530//9784 6531//9784
f 6531//9783 6532//9783 6520//9783
f 6532//9782 6533//9782 6521//9782
f 6521//9781 6533//9781 6534//9781
f 6522//9780 6534//9780 6535//9780
f 6535//9779 6536//9779 6524//9779
f 6524//9790 6536//9790 6537//9790
f 6537//9789 6538//9789 6526//9789
f 6526//9788 6538//9788 6539//9788
f 6527//9787 6539//9787 6540//9787
f 6528//9786 6540//9786 6541//9786
f 6541//9785 6530//9785 6518//9785
f 6530//9796 6542//9796 6543//9796
f 6543//9795 6544//9795 6532//9795
f 6544//9794 6545//9794 6533//9794
f 6545//9793 6546//9793 6534//9793
f 6534//9792 6546//9792 6547//9792
f 6547//9791 6548//9791 6536//9791
f 6548//9802 6549//9802 6537//9802
f 6549//9801 6550//9801 6538//9801
f 6550//9800 6551//9800 6539//9800
f 6539//9799 6551//9799 6552//9799
f 6540//9798 6552//9798 6553//9798
f 6553//9797 6542//9797 6530//9797
f 6542//9808 6554//9808 6555//9808
f 6543//9807 6555//9807 6556//9807
f 6544//9806 6556//9806 6557//9806
f 6557//9805 6558//9805 6546//9805
f 6558//9804 6559//9804 6547//9804
f 6559//9803 6560//9803 6548//9803
f 6560//9814 6561//9814 6549//9814
f 6561//9813 6562//9813 6550//9813
f 6550//9812 6562//9812 6563//9812
f 6551//9811 6563//9811 6564//9811
f 6564//9810 6565//9810 6553//9810
f 6565//9809 6554//9809 6542//9809
f 6554//9820 6566//9820 6567//9820
f 6567//9819 6568//9819 6556//9819
f 6568//9818 6569//9818 6557//9818
f 6569//9817 6570//9817 6558//9817
f 6570//9816 6571//9816 6559//9816
f 6571//9815 6572//9815 6560//9815
f 6560//9826 6572//9826 6573//9826
f 6561//9825 6573//9825 6574//9825
f 6562//9824 6574//9824 6575//9824
f 6575//9823 6576//9823 6564//9823
f 6564//9822 6576//9822 6577//9822
f 6577//9821 6566//9821 6554//9821
f 6566//9832 6578//9832 6579//9832
f 6579//9831 6580//9831 6568//9831
f 6568//9830 6580//9830 6581//9830
f 6569//9829 6581//9829 6582//9829
f 6570//9828 6582//9828 6583//9828
f 6571//9827 6583//9827 6584//9827
f 6584//9838 6585//9838 6573//9838
f 6585//9837 6586//9837 6574//9837
f 6586//9836 6587//9836 6575//9836
f 6587//9835 6588//9835 6576//9835
f 6588//9834 6589//9834 6577//9834
f 6589//9833 6578//9833 6566//9833
f 6590//9844 6591//9844 6579//9844
f 6591//9843 6592//9843 6580//9843
f 6592//9842 6593//9842 6581//9842
f 6593//9841 6594//9841 6582//9841
f 6582//9840 6594//9840 6595//9840
f 6595//9839 6596//9839 6584//9839
f 6596//9850 6597//9850 6585//9850
f 6597//9849 6598//9849 6586//9849
f 6598//9848 6599//9848 6587//9848
f 6599//9847 6600//9847 6588//9847
f 6588//9846 6600//9846 6601//9846
f 6601//9845 6590//9845 6578//9845
f 6026//9856 6027//9856 6591//9856
f 6027//9855 6028//9855 6592//9855
f 6028//9854 6029//9854 6593//9854
f 6593//9853 6029//9853 6030//9853
f 6030//9852 6031//9852 6595//9852
f 6031//9851 6032//9851 6596//9851
f 6032//9862 6033//9862 6597//9862
f 6597//9861 6033//9861 6034//9861
f 6034//9860 6035//9860 6599//9860
f 6599//9859 6035//9859 6036//9859
f 6036//9858 6037//9858 6601//9858
f 6037//9857 6026//9857 6590//9857
