# Blender 5.2.2 LTS
# www.blender.org
mtllib paxjet.mtl
o Body
v -5.630445 -0.640560 0.712443
v -5.630445 0.798344 0.712443
v -5.630444 -0.640560 -0.712443
v -5.630444 0.798344 -0.712443
v 7.420971 -0.786160 0.667734
v 7.420971 0.544799 0.667734
v 7.420971 -0.786160 -0.667734
v 7.420971 0.544799 -0.667734
v -8.832092 0.101997 -0.331574
v -8.832092 0.101997 0.331574
v -8.832091 0.765145 0.331574
v -8.832093 0.765145 -0.331574
v 8.437888 0.119435 -0.590337
v 8.437888 -0.754829 -0.590337
v 8.437888 -0.754829 0.590337
v 8.437888 0.119435 0.590337
v 9.138712 -0.206870 -0.271010
v 9.138712 -0.591931 -0.271010
v 9.138712 -0.591931 0.271010
v 9.138713 -0.206870 0.271010
v 3.158254 -0.796965 -0.699749
v 3.158254 0.673164 -0.699749
v 3.158254 -0.796965 0.699749
v 3.158254 0.673164 0.699749
v -5.630444 -0.910354 -0.000000
v -5.630445 0.078892 0.979609
v -5.630445 1.068139 0.000000
v -5.630444 0.078892 -0.979609
v -1.312488 -0.793046 -0.743758
v 6.002125 0.631877 -0.673336
v 7.420972 -0.120681 -0.918134
v 7.420972 -1.035715 0.000000
v 7.420972 0.794354 -0.000000
v 7.420972 -0.120681 0.918134
v 6.002125 -0.787356 0.673336
v -1.312488 0.736591 0.743757
v -8.947729 0.092251 -0.000000
v -8.947730 0.465894 0.373642
v -8.947730 0.839536 -0.000000
v -8.947730 0.465894 -0.373642
v -8.035295 -0.257309 -0.534817
v -8.035295 0.814077 -0.534817
v -8.035295 0.814077 0.534817
v -8.035295 -0.257309 0.534817
v 8.437889 -0.317697 -0.811713
v 8.437889 -0.918753 0.000000
v 8.437889 0.283359 -0.000000
v 8.437889 -0.317697 0.811713
v 8.070192 -0.783437 0.657259
v 8.070192 0.352268 0.657259
v 8.070192 -0.783437 -0.657259
v 8.070192 0.352268 -0.657259
v 9.197926 -0.402692 -0.306898
v 9.197927 -0.623583 -0.000000
v 9.197927 -0.181802 -0.000000
v 9.197927 -0.402692 0.306898
v 8.848029 -0.074430 -0.434306
v 8.848029 -0.681364 -0.434306
v 8.848029 -0.681364 0.434306
v 8.848029 -0.074430 0.434306
v 3.158254 0.948814 -0.000000
v 3.158254 -1.072614 -0.000000
v 3.158254 -0.061900 0.962155
v 6.002125 -0.787356 -0.673336
v -1.312488 0.736591 -0.743758
v -1.312488 -0.793046 0.743757
v 3.158254 -0.061900 -0.962155
v 6.002125 0.631877 0.673336
v -8.046697 0.281571 -0.729280
v 6.002124 -0.077740 -0.925837
v 8.070193 -0.215585 0.903731
v -1.312488 -0.028228 1.022667
v 6.002124 -1.053463 -0.000000
v -1.312488 1.023399 -0.000000
v -9.190407 0.533725 -0.000000
v -8.046697 0.281571 0.729280
v -8.046697 1.012056 -0.000000
v -8.046697 -0.448914 -0.000000
v 8.853868 -0.378222 -0.592512
v 8.070193 -0.996382 0.000000
v 8.070193 0.565213 -0.000000
v 8.070193 -0.215585 -0.903731
v 9.322192 -0.409601 -0.000000
v 8.853868 -0.378222 0.592512
v 8.853867 -0.792791 0.000000
v 8.853867 0.036348 -0.000000
v 6.002124 0.897983 -0.000000
v -1.312488 -1.079853 -0.000000
v 6.002124 -0.077740 0.925837
v -1.312487 -0.028227 -1.022666
v -1.055237 -0.389397 -2.488217
v -1.093159 -0.249391 -2.488217
v -3.058787 0.178946 -7.683255
v -3.121937 0.305910 -7.682000
v 0.878998 -0.420007 -2.488217
v 0.866357 -0.259595 -2.488217
v -2.688213 0.172824 -7.683255
v -2.730126 0.304441 -7.682000
v -0.800828 -0.490190 -1.260105
v -0.808413 -0.273211 -1.315349
v 1.666995 -0.278357 -1.320838
v 1.669523 -0.505626 -1.276572
v -1.042285 -0.455509 -0.835322
v -1.042285 -0.193268 -1.111540
v 1.900162 -0.208792 -1.138984
v 1.900162 -0.502082 -0.917652
v -3.109750 0.374941 -7.752220
v -3.023765 0.215408 -7.744875
v -2.744417 0.215408 -7.744876
v -2.786005 0.374941 -7.752220
v -3.237723 0.745819 -7.700806
v -3.104532 0.745819 -7.700806
v -3.237724 0.758013 -7.744876
v -3.104532 0.758013 -7.744875
v -0.712816 -0.279272 -0.685206
v -0.712816 -0.071998 -0.925570
v 1.577074 -0.090627 -0.958502
v 1.577074 -0.316531 -0.751070
v -2.619289 0.052139 -6.607743
v -2.657211 0.117745 -6.607743
v -1.947482 0.021529 -6.607744
v -1.960122 0.107542 -6.607744
v -1.825102 -0.170639 -4.555152
v -1.439237 -0.315568 -2.488217
v -3.015450 0.211150 -7.522048
v -3.139866 0.210865 -7.683120
v -2.872552 0.166934 -7.683255
v -2.939776 0.331509 -7.671356
v -2.621965 0.205299 -7.683121
v -2.581152 0.135823 -7.522489
v -0.548257 -0.083830 -4.555152
v 1.237716 -0.343627 -2.488217
v -0.083380 -0.432867 -2.488217
v -0.118141 -0.226329 -2.488217
v -1.268285 -0.379771 -1.285669
v 2.131924 -0.393921 -1.300763
v 0.435296 -0.539556 -1.259009
v 0.428344 -0.234136 -1.327423
v -0.759762 -0.480154 -1.525706
v -0.782515 -0.299140 -1.532611
v 1.516802 -0.499684 -1.527764
v 1.509217 -0.305650 -1.533297
v -1.593994 -0.318567 -0.963140
v 2.451872 -0.361259 -1.038609
v 0.428939 -0.530877 -0.829842
v 0.428939 -0.148948 -1.171907
v 1.787596 -0.516687 -1.098231
v -0.929734 -0.487978 -1.048833
v -0.930682 -0.243267 -1.214564
v 1.787280 -0.252836 -1.231030
v -3.067276 0.254109 -7.750962
v -2.884091 0.213466 -7.749704
v -2.947877 0.381873 -7.763238
v -2.716852 0.254109 -7.750962
v -2.717257 0.352788 -7.721643
v -3.173777 0.352997 -7.721643
v -3.060906 0.196860 -7.720613
v -2.704628 0.196094 -7.720613
v -3.192094 0.781681 -7.695977
v -3.192095 0.794045 -7.749704
v -3.118405 0.787863 -7.722841
v -3.265784 0.787863 -7.722841
v -2.952084 0.563611 -7.693521
v -3.185983 0.563692 -7.693522
v -2.958101 0.591463 -7.750963
v -3.184529 0.591463 -7.750963
v -0.963414 -0.158253 -0.789352
v 1.828272 -0.192320 -0.849575
v 0.432429 -0.307312 -0.682983
v 0.432429 -0.043261 -0.955944
v -1.023594 -0.110802 -1.011394
v 1.884999 -0.129172 -1.043869
v 1.884999 -0.420729 -0.793539
v -1.023594 -0.369327 -0.702671
v -2.313408 0.126858 -6.607743
v -2.278646 0.022620 -6.607743
v -1.825469 0.060709 -6.607743
v -2.986545 0.154189 -7.522490
v -1.868712 -0.072097 -4.555152
v -0.533720 -0.205841 -4.555152
v -2.766584 0.088768 -6.607743
v -2.592360 0.205074 -7.522048
v -3.076560 0.182383 -7.522455
v -3.071930 0.565238 -7.682802
v -0.296129 -0.149236 -4.555153
v -1.199416 -0.387206 -1.528901
v -1.173960 -0.208917 -4.555153
v -1.213936 -0.057287 -4.555153
v 0.429050 -0.550010 -1.045545
v 0.381364 -0.525080 -1.525569
v 0.360507 -0.267234 -1.534120
v 1.941287 -0.405109 -1.530788
v 0.430732 -0.066859 -1.079147
v -1.439766 -0.362034 -1.125524
v 0.428181 -0.200374 -1.250785
v 2.296997 -0.388350 -1.170806
v -2.892065 0.260316 -7.761538
v -3.141932 0.234591 -7.721293
v -2.639302 0.233901 -7.721294
v -2.882649 0.187553 -7.721089
v -3.236095 0.863300 -7.722841
v -2.917744 0.581861 -7.722595
v -3.073382 0.599345 -7.761538
v -3.227923 0.581881 -7.722595
v 0.433058 -0.145234 -0.797170
v 2.431936 -0.280099 -0.929253
v 0.430732 -0.445333 -0.694495
v -1.570472 -0.232092 -0.844389
v -2.808957 0.221836 -7.521198
v -2.781004 0.134711 -7.522490
v -2.508085 0.165559 -7.522456
v -2.091767 -0.116968 -4.555152
v -1.055237 -0.389397 2.488216
v -1.093159 -0.249391 2.488216
v -3.058787 0.178946 7.683255
v -3.121937 0.305910 7.682000
v 0.878998 -0.420007 2.488216
v 0.866357 -0.259595 2.488216
v -2.688213 0.172824 7.683255
v -2.730126 0.304441 7.682000
v -0.800828 -0.490190 1.260106
v -0.808413 -0.273211 1.315349
v 1.666995 -0.278357 1.320838
v 1.669523 -0.505626 1.276572
v -1.042285 -0.455509 0.835322
v -1.042285 -0.193268 1.111540
v 1.900162 -0.208792 1.138984
v 1.900162 -0.502082 0.917652
v -3.109750 0.374941 7.752221
v -3.023765 0.215408 7.744875
v -2.744417 0.215408 7.744875
v -2.786005 0.374941 7.752221
v -3.237723 0.745819 7.700806
v -3.104532 0.745819 7.700806
v -3.237724 0.758013 7.744876
v -3.104532 0.758013 7.744875
v -0.712816 -0.279272 0.685206
v -0.712816 -0.071998 0.925569
v 1.577074 -0.090627 0.958501
v 1.577074 -0.316531 0.751070
v -2.619289 0.052139 6.607743
v -2.657211 0.117745 6.607743
v -1.947482 0.021529 6.607744
v -1.960122 0.107542 6.607744
v -1.825102 -0.170639 4.555152
v -1.439237 -0.315568 2.488216
v -3.015450 0.211150 7.522048
v -3.139866 0.210865 7.683120
v -2.872552 0.166934 7.683255
v -2.939776 0.331509 7.671357
v -2.621965 0.205299 7.683121
v -2.581152 0.135823 7.522489
v -0.548257 -0.083830 4.555152
v 1.237716 -0.343627 2.488216
v -0.083380 -0.432867 2.488216
v -0.118141 -0.226329 2.488216
v -1.268285 -0.379771 1.285669
v 2.131924 -0.393921 1.300763
v 0.435296 -0.539556 1.259009
v 0.428344 -0.234136 1.327423
v -0.759762 -0.480154 1.525706
v -0.782515 -0.299140 1.532611
v 1.516802 -0.499684 1.527764
v 1.509217 -0.305650 1.533298
v -1.593994 -0.318567 0.963140
v 2.451872 -0.361259 1.038609
v 0.428939 -0.530877 0.829842
v 0.428939 -0.148948 1.171907
v 1.787596 -0.516687 1.098231
v -0.929734 -0.487978 1.048833
v -0.930682 -0.243267 1.214564
v 1.787280 -0.252836 1.231030
v -3.067276 0.254109 7.750962
v -2.884091 0.213466 7.749705
v -2.947877 0.381873 7.763237
v -2.716852 0.254109 7.750962
v -2.717257 0.352788 7.721644
v -3.173777 0.352997 7.721644
v -3.060906 0.196860 7.720614
v -2.704628 0.196094 7.720614
v -3.192094 0.781681 7.695977
v -3.192095 0.794045 7.749705
v -3.118405 0.787863 7.722842
v -3.265784 0.787863 7.722842
v -2.952084 0.563611 7.693522
v -3.185983 0.563692 7.693522
v -2.958101 0.591463 7.750963
v -3.184529 0.591463 7.750963
v -0.963414 -0.158253 0.789352
v 1.828272 -0.192320 0.849575
v 0.432429 -0.307312 0.682983
v 0.432429 -0.043261 0.955944
v -1.023594 -0.110802 1.011394
v 1.884999 -0.129172 1.043869
v 1.884999 -0.420729 0.793539
v -1.023594 -0.369327 0.702671
v -2.313408 0.126858 6.607743
v -2.278646 0.022620 6.607743
v -1.825469 0.060709 6.607743
v -2.986545 0.154189 7.522490
v -1.868712 -0.072097 4.555152
v -0.533720 -0.205841 4.555152
v -2.766584 0.088768 6.607743
v -2.592360 0.205074 7.522048
v -3.076560 0.182383 7.522456
v -3.071930 0.565238 7.682802
v -0.296129 -0.149236 4.555152
v -1.199416 -0.387206 1.528901
v -1.173960 -0.208917 4.555152
v -1.213936 -0.057287 4.555152
v 0.429050 -0.550010 1.045545
v 0.381364 -0.525080 1.525569
v 0.360507 -0.267234 1.534121
v 1.941287 -0.405109 1.530788
v 0.430732 -0.066859 1.079147
v -1.439766 -0.362034 1.125524
v 0.428181 -0.200374 1.250785
v 2.296997 -0.388350 1.170806
v -2.892065 0.260316 7.761538
v -3.141932 0.234591 7.721293
v -2.639302 0.233901 7.721294
v -2.882649 0.187553 7.721089
v -3.236095 0.863300 7.722842
v -2.917744 0.581861 7.722596
v -3.073382 0.599345 7.761538
v -3.227923 0.581881 7.722596
v 0.433058 -0.145234 0.797170
v 2.431936 -0.280099 0.929253
v 0.430732 -0.445333 0.694495
v -1.570472 -0.232092 0.844388
v -2.808957 0.221836 7.521198
v -2.781004 0.134711 7.522490
v -2.508085 0.165559 7.522456
v -2.091767 -0.116968 4.555152
v -7.963613 0.628520 -0.572351
v -7.963613 0.529388 -0.572351
v -8.806867 0.592450 -3.047243
v -8.806867 0.553147 -3.047243
v -7.117507 0.628520 -0.572351
v -7.117507 0.529388 -0.572351
v -8.386109 0.592450 -3.047243
v -8.386109 0.553147 -3.047243
v -8.090737 0.610340 -0.686991
v -8.090737 0.537993 -0.686990
v -7.007812 0.610340 -0.686990
v -7.007812 0.537993 -0.686990
v -8.231447 0.546596 -1.126045
v -7.256934 0.599001 -1.126045
v -8.231447 0.599001 -1.126045
v -7.256934 0.546596 -1.126045
v -8.726798 0.546596 -2.608470
v -8.078731 0.599001 -2.608470
v -8.726799 0.599001 -2.608470
v -8.078731 0.546596 -2.608470
v -8.073303 0.628519 -0.619778
v -8.058455 0.579404 -0.562700
v -8.836268 0.547718 -2.967721
v -8.855775 0.572799 -3.054437
v -8.599649 0.596757 -3.054437
v -8.599649 0.548840 -3.054437
v -8.343525 0.572799 -3.054437
v -8.286592 0.597879 -2.967721
v -7.009995 0.525108 -0.619778
v -7.022666 0.579404 -0.562700
v -7.540560 0.642902 -0.562700
v -7.540560 0.515906 -0.562700
v -8.113494 0.600419 -0.781716
v -8.073303 0.525108 -0.619778
v -7.009995 0.628519 -0.619778
v -7.059926 0.545521 -0.781716
v -7.549274 0.524427 -0.686991
v -7.549274 0.623906 -0.686991
v -6.804763 0.574166 -0.686991
v -8.293785 0.574166 -0.686991
v -7.744190 0.536770 -1.126045
v -7.744190 0.608827 -1.126045
v -8.414168 0.572799 -1.126044
v -7.074213 0.572799 -1.126045
v -8.113494 0.545520 -0.781716
v -7.059926 0.600419 -0.781716
v -8.478541 0.599001 -1.863505
v -7.667736 0.546596 -1.863505
v -7.957218 0.572799 -2.608470
v -8.402764 0.608827 -2.608470
v -8.848311 0.572799 -2.608470
v -8.402764 0.536770 -2.608470
v -8.478541 0.546596 -1.863505
v -7.667736 0.599001 -1.863505
v -8.836268 0.597879 -2.967721
v -8.286592 0.547718 -2.967721
v -8.939853 0.572799 -2.968431
v -8.606284 0.572799 -3.069536
v -6.809597 0.576858 -0.618826
v -7.540560 0.580348 -0.542448
v -7.541650 0.648676 -0.618826
v -7.541650 0.505040 -0.618826
v -7.586709 0.535227 -0.781716
v -7.586709 0.610712 -0.781716
v -6.862381 0.572970 -0.781716
v -8.273702 0.576858 -0.618826
v -7.515710 0.572799 -1.863505
v -8.073138 0.608827 -1.863505
v -8.073138 0.536770 -1.863505
v -8.311037 0.572970 -0.781716
v -8.561742 0.538286 -2.968431
v -8.561742 0.607311 -2.968431
v -8.183632 0.572799 -2.968431
v -8.630567 0.572799 -1.863505
v -7.963613 0.628520 0.572351
v -7.963613 0.529388 0.572351
v -8.806867 0.592450 3.047242
v -8.806867 0.553147 3.047242
v -7.117507 0.628520 0.572351
v -7.117507 0.529388 0.572351
v -8.386108 0.592450 3.047242
v -8.386108 0.553147 3.047242
v -8.090736 0.610340 0.686990
v -8.090736 0.537992 0.686990
v -7.007811 0.610340 0.686990
v -7.007811 0.537992 0.686990
v -8.231446 0.546596 1.126044
v -7.256933 0.599001 1.126044
v -8.231446 0.599001 1.126044
v -7.256933 0.546596 1.126044
v -8.726798 0.546596 2.608470
v -8.078731 0.599001 2.608470
v -8.726798 0.599001 2.608470
v -8.078731 0.546596 2.608470
v -8.073303 0.628519 0.619778
v -8.058454 0.579404 0.562700
v -8.836267 0.547718 2.967720
v -8.855774 0.572798 3.054437
v -8.599648 0.596757 3.054437
v -8.599648 0.548840 3.054436
v -8.343524 0.572798 3.054436
v -8.286592 0.597879 2.967721
v -7.009995 0.525108 0.619778
v -7.022666 0.579404 0.562700
v -7.540560 0.642902 0.562700
v -7.540560 0.515906 0.562700
v -8.113493 0.600419 0.781716
v -8.073303 0.525108 0.619778
v -7.009995 0.628519 0.619778
v -7.059925 0.545520 0.781716
v -7.549273 0.524427 0.686990
v -7.549273 0.623906 0.686990
v -6.804762 0.574166 0.686990
v -8.293784 0.574166 0.686990
v -7.744190 0.536770 1.126044
v -7.744190 0.608827 1.126044
v -8.414167 0.572798 1.126044
v -7.074212 0.572798 1.126044
v -8.113493 0.545520 0.781716
v -7.059925 0.600419 0.781716
v -8.478540 0.599001 1.863505
v -7.667735 0.546596 1.863505
v -7.957217 0.572798 2.608470
v -8.402764 0.608827 2.608470
v -8.848310 0.572798 2.608470
v -8.402764 0.536770 2.608470
v -8.478540 0.546596 1.863505
v -7.667735 0.599001 1.863505
v -8.836267 0.597879 2.967720
v -8.286592 0.547718 2.967721
v -8.939852 0.572798 2.968430
v -8.606283 0.572798 3.069535
v -6.809597 0.576858 0.618826
v -7.540560 0.580348 0.542448
v -7.541649 0.648676 0.618826
v -7.541649 0.505040 0.618826
v -7.586709 0.535227 0.781716
v -7.586709 0.610712 0.781716
v -6.862381 0.572969 0.781716
v -8.273701 0.576858 0.618826
v -7.515709 0.572798 1.863505
v -8.073138 0.608827 1.863505
v -8.073138 0.536770 1.863505
v -8.311036 0.572969 0.781716
v -8.561742 0.538286 2.968430
v -8.561742 0.607311 2.968430
v -8.183631 0.572798 2.968430
v -8.630567 0.572798 1.863505
v -7.797986 0.855941 0.066106
v -9.846374 3.027336 0.093115
v -7.797986 0.855942 -0.066106
v -9.846374 3.027336 -0.093115
v -5.602069 0.855941 0.051183
v -8.767044 3.027336 0.063270
v -5.602069 0.855942 -0.051183
v -8.767044 3.027336 -0.063270
v -8.799437 1.548134 0.093115
v -8.799437 1.548134 -0.093115
v -7.070887 1.548134 -0.063270
v -7.070887 1.548134 0.063270
v -10.229124 3.611798 0.088476
v -10.229124 3.611798 -0.088476
v -9.285508 3.611798 -0.060118
v -9.285508 3.611798 0.060118
v -10.378879 3.828750 0.069921
v -10.378879 3.828750 -0.069921
v -9.518797 3.828750 -0.047510
v -9.518796 3.828750 0.047510
v -10.429058 3.987775 0.046346
v -10.429059 3.987775 -0.046346
v -9.879879 3.987775 -0.035884
v -9.879878 3.987775 0.035884
v -8.298071 1.030323 -0.093115
v -5.631284 1.030323 -0.063270
v -5.631284 1.030323 0.063270
v -8.298072 1.030323 0.093115
v -9.117297 1.957644 0.093115
v -9.117297 1.957644 -0.093115
v -7.706556 1.957644 -0.063270
v -7.706556 1.957644 0.063270
v -8.037679 0.851138 -0.000000
v -9.465797 2.466882 0.093115
v -10.048749 3.027336 -0.000000
v -8.122490 0.894214 -0.088385
v -6.697610 0.851138 -0.071496
v -9.306709 3.027336 -0.107515
v -5.360306 0.894214 -0.061303
v -5.357541 0.851138 -0.000000
v -8.564670 3.027336 0.000000
v -5.360305 0.894214 0.061303
v -6.697610 0.851138 0.071496
v -9.306708 3.027336 0.107515
v -8.547186 1.290859 0.093115
v -8.941421 1.707144 -0.093115
v -7.428881 1.707144 -0.063270
v -7.428881 1.707144 0.063270
v -7.935162 1.548134 0.107515
v -6.746783 1.548134 0.000000
v -7.935162 1.548134 -0.107515
v -9.123540 1.548134 -0.000000
v -10.406053 3.611798 -0.000000
v -9.757317 3.611798 -0.102159
v -9.108581 3.611798 -0.000000
v -9.757316 3.611798 0.102159
v -9.109872 3.402138 -0.062876
v -9.109872 3.402138 0.062876
v -10.094515 3.402138 0.092535
v -10.094515 3.402138 -0.092535
v -10.540145 3.828750 -0.000000
v -9.948838 3.828750 -0.080734
v -9.357532 3.828750 0.000000
v -9.948838 3.828750 0.080734
v -9.397920 3.735375 0.053814
v -10.310225 3.735375 0.079199
v -10.310225 3.735375 -0.079199
v -9.397919 3.735375 -0.053814
v -10.500431 4.000360 0.000000
v -10.171825 4.000360 -0.050125
v -9.843221 4.000359 0.000000
v -10.171825 4.000360 0.050125
v -9.695137 3.924738 -0.043373
v -9.695137 3.924738 0.043373
v -10.443338 3.924738 0.062546
v -10.443338 3.924738 -0.062546
v -8.798094 1.030323 -0.000000
v -5.131262 1.030323 0.000000
v -6.964678 1.030323 -0.107515
v -8.547186 1.290859 -0.093115
v -6.352564 1.290859 -0.063270
v -6.352564 1.290859 0.063270
v -6.964678 1.030323 0.107515
v -8.122490 0.894214 0.088385
v -8.411926 1.957644 0.107515
v -8.411926 1.957644 -0.107515
v -8.941421 1.707144 0.093115
v -7.442041 1.957644 0.000000
v -9.465798 2.466882 -0.093115
v -8.216849 2.466882 -0.063270
v -9.381811 1.957644 -0.000000
v -8.216849 2.466882 0.063270
v -9.699975 2.466882 -0.000000
v -8.841323 2.466882 -0.107515
v -7.982671 2.466882 -0.000000
v -8.841323 2.466882 0.107515
v -6.692538 0.841057 -0.000000
v -8.925252 3.402138 0.000000
v -7.449876 1.290859 0.107515
v -5.941073 1.290859 -0.000000
v -7.449876 1.290859 -0.107515
v -8.958678 1.290859 -0.000000
v -9.854072 3.735375 0.091446
v -10.279136 3.402138 0.000000
v -9.602193 3.402138 0.106845
v -9.602194 3.402138 -0.106845
v -9.557507 3.925978 -0.000000
v -9.854072 3.735375 -0.091446
v -9.226862 3.735375 0.000000
v -10.481282 3.735375 0.000000
v -10.208251 4.026769 0.000000
v -10.584392 3.925978 0.000000
v -10.070949 3.925978 0.072875
v -10.070949 3.925978 -0.072875
v -8.641966 0.893740 0.000000
v -6.741159 0.893740 -0.102990
v -4.840353 0.893740 0.000000
v -6.741159 0.893740 0.102990
v -8.185150 1.707144 0.107515
v -7.145279 1.707144 -0.000000
v -8.185150 1.707144 -0.107515
v -9.225022 1.707144 -0.000000
vn -0.0957 -0.7049 0.7028
vn -0.0221 0.7007 0.7131
vn -0.0957 -0.7049 -0.7028
vn -0.0221 0.7007 -0.7131
vn 0.0082 -0.7155 0.6986
vn 0.1378 0.7150 0.6854
vn 0.0082 -0.7155 -0.6986
vn 0.1378 0.7150 -0.6854
vn -0.6284 -0.5368 -0.5630
vn -0.6284 -0.5368 0.5630
vn -0.4783 0.6327 0.6091
vn -0.4783 0.6327 -0.6091
vn 0.4998 0.6390 -0.5847
vn 0.2657 -0.7389 -0.6192
vn 0.2657 -0.7389 0.6192
vn 0.4998 0.6390 0.5847
vn 0.6940 0.5705 -0.4391
vn 0.6496 -0.6103 -0.4534
vn 0.6496 -0.6103 0.4534
vn 0.6940 0.5705 0.4391
vn 0.0075 -0.6960 -0.7180
vn 0.0171 0.6956 -0.7182
vn 0.0075 -0.6960 0.7180
vn 0.0171 0.6956 0.7182
vn -0.1113 -0.9938 -0.0000
vn -0.0565 -0.0059 0.9984
vn -0.0056 1.0000 -0.0000
vn -0.0565 -0.0059 -0.9984
vn -0.0117 -0.7017 -0.7124
vn 0.0332 0.6988 -0.7145
vn 0.0259 0.0203 -0.9995
vn 0.0327 -0.9995 -0.0000
vn 0.1954 0.9807 -0.0000
vn 0.0259 0.0203 0.9995
vn 0.0062 -0.6969 0.7171
vn 0.0108 0.6994 0.7147
vn -0.7683 -0.6400 -0.0000
vn -0.6869 0.0207 0.7265
vn -0.5855 0.8107 -0.0000
vn -0.6869 0.0207 -0.7265
vn -0.2965 -0.6776 -0.6730
vn -0.1316 0.6945 -0.7074
vn -0.1316 0.6945 0.7074
vn -0.2965 -0.6776 0.6730
vn 0.3518 -0.0181 -0.9359
vn 0.2430 -0.9700 -0.0000
vn 0.5539 0.8326 -0.0000
vn 0.3518 -0.0181 0.9359
vn 0.0854 -0.7375 0.6700
vn 0.3554 0.6846 0.6364
vn 0.0854 -0.7375 -0.6700
vn 0.3554 0.6846 -0.6364
vn 0.8095 -0.0081 -0.5871
vn 0.6921 -0.7218 -0.0000
vn 0.7382 0.6746 -0.0000
vn 0.8095 -0.0081 0.5871
vn 0.5439 0.6493 -0.5316
vn 0.4246 -0.7142 -0.5564
vn 0.4246 -0.7142 0.5564
vn 0.5439 0.6493 0.5316
vn 0.0179 0.9998 -0.0000
vn 0.0043 -1.0000 -0.0000
vn 0.0128 -0.0005 0.9999
vn 0.0062 -0.6969 -0.7171
vn 0.0108 0.6994 -0.7147
vn -0.0117 -0.7017 0.7124
vn 0.0128 -0.0005 -0.9999
vn 0.0332 0.6988 0.7145
vn -0.2205 -0.0046 -0.9754
vn 0.0109 0.0039 -0.9999
vn 0.1536 0.0243 0.9878
vn 0.0012 -0.0022 1.0000
vn 0.0096 -1.0000 -0.0000
vn 0.0140 0.9999 -0.0000
vn -0.9936 0.1127 -0.0000
vn -0.2205 -0.0046 0.9754
vn -0.0932 0.9957 -0.0000
vn -0.3315 -0.9435 -0.0000
vn 0.5341 -0.0165 -0.8453
vn 0.1082 -0.9941 -0.0000
vn 0.4536 0.8912 -0.0000
vn 0.1536 0.0243 -0.9878
vn 0.9999 -0.0159 -0.0000
vn 0.5341 -0.0165 0.8453
vn 0.3560 -0.9345 -0.0000
vn 0.5173 0.8558 -0.0000
vn 0.0452 0.9990 -0.0000
vn -0.0181 -0.9998 -0.0000
vn 0.0109 0.0039 0.9999
vn 0.0012 -0.0022 -1.0000
vn -0.1176 -0.9914 -0.0567
vn -0.1054 0.9887 0.1065
vn -0.2195 -0.9460 -0.2386
vn -0.5849 0.1639 0.7944
vn 0.1108 -0.9794 -0.1688
vn 0.1284 0.9915 -0.0226
vn 0.1923 -0.8714 -0.4514
vn 0.4263 0.6570 0.6218
vn -0.1192 -0.9914 -0.0539
vn -0.1071 0.9614 -0.2533
vn 0.1265 0.9428 -0.3083
vn 0.1208 -0.9859 -0.1155
vn -0.1954 -0.9232 0.3309
vn -0.2170 0.7726 -0.5967
vn 0.2103 0.7647 -0.6091
vn 0.1919 -0.9379 0.2891
vn -0.2301 -0.0783 -0.9700
vn -0.1043 -0.5112 -0.8531
vn 0.1209 -0.4885 -0.8642
vn 0.2942 0.2226 -0.9295
vn -0.4495 0.0129 0.8932
vn 0.3200 0.3637 0.8748
vn -0.4299 0.0383 -0.9021
vn 0.3929 0.4531 -0.8002
vn -0.0299 0.2787 0.9599
vn -0.0483 0.9893 0.1378
vn 0.0738 0.9771 0.1998
vn 0.0870 0.1985 0.9762
vn -0.1634 -0.9855 -0.0454
vn -0.1398 0.9789 0.1492
vn 0.1470 -0.9648 -0.2179
vn 0.1935 0.9804 -0.0377
vn -0.1283 -0.9901 -0.0567
vn -0.9604 -0.0292 0.2769
vn -0.2327 0.8740 0.4266
vn -0.8642 -0.5031 -0.0081
vn -0.0220 -0.9453 -0.3256
vn -0.0012 0.4713 0.8820
vn 0.8536 -0.0890 -0.5133
vn 0.1799 -0.9396 -0.2913
vn 0.1465 0.9891 -0.0136
vn 0.8025 0.0261 -0.5961
vn -0.0148 -0.9954 -0.0945
vn 0.0048 0.9982 0.0598
vn -0.7675 -0.1169 -0.6303
vn 0.6462 -0.0902 -0.7578
vn -0.0052 -0.9987 -0.0505
vn 0.0040 0.9589 -0.2837
vn -0.1119 -0.9921 -0.0570
vn -0.1055 0.9941 -0.0243
vn 0.1198 -0.9844 -0.1289
vn 0.1286 0.9832 -0.1295
vn -0.9648 -0.1830 -0.1891
vn 0.9519 -0.2057 -0.2269
vn -0.0039 -0.9461 0.3239
vn -0.0016 0.7974 -0.6035
vn 0.1252 -0.9897 -0.0693
vn -0.1418 -0.9899 0.0013
vn -0.1490 0.8558 -0.4954
vn 0.1475 0.8504 -0.5051
vn -0.1947 -0.2326 -0.9529
vn 0.0016 -0.5139 -0.8578
vn 0.0070 0.0070 -1.0000
vn 0.2731 -0.0533 -0.9605
vn 0.8004 0.5918 -0.0957
vn -0.9578 -0.2366 -0.1633
vn -0.2177 -0.7530 -0.6210
vn 0.2100 -0.6753 -0.7070
vn 0.0032 0.2545 0.9671
vn 0.0245 0.3041 -0.9523
vn 0.5324 0.8411 0.0955
vn -0.9623 0.2713 0.0186
vn 0.2801 0.2658 0.9224
vn -0.3663 -0.0650 0.9282
vn 0.3596 0.3173 -0.8775
vn -0.3112 -0.0727 -0.9476
vn -0.1409 0.7574 0.6376
vn 0.1860 0.6689 0.7197
vn 0.0319 0.2585 0.9655
vn 0.0107 0.9826 0.1854
vn -0.1859 0.9503 -0.2497
vn 0.2023 0.9591 -0.1982
vn 0.2147 -0.3773 0.9009
vn -0.1987 -0.3091 0.9300
vn 0.0150 0.9961 0.0864
vn -0.0432 -0.9944 -0.0967
vn 0.8108 0.0363 -0.5842
vn -0.1900 -0.9801 -0.0583
vn -0.1088 0.9857 0.1288
vn 0.1165 -0.9754 -0.1872
vn -0.9423 -0.0417 0.3321
vn 0.2950 0.9551 0.0269
vn -0.8383 -0.2535 0.4827
vn 0.0023 0.0629 0.9980
vn 0.8091 0.0382 -0.5865
vn -0.9960 -0.0409 -0.0789
vn -0.0260 -0.9949 -0.0975
vn 0.0089 0.9968 0.0800
vn -0.0083 -0.9998 0.0208
vn -0.0076 -0.9974 -0.0713
vn 0.0030 0.9982 -0.0592
vn 0.7661 -0.0494 -0.6409
vn 0.0013 0.8952 -0.4456
vn -0.7048 -0.2381 -0.6683
vn 0.0002 0.8804 -0.4743
vn 0.6320 -0.2244 -0.7418
vn 0.0083 -0.1175 -0.9930
vn -0.8003 -0.3521 -0.4853
vn 0.8365 0.1088 -0.5371
vn -0.0066 -0.8193 -0.5733
vn -0.3658 0.9306 0.0133
vn 0.7538 0.6509 0.0906
vn 0.0061 0.0444 -0.9990
vn -0.9719 -0.2301 -0.0492
vn 0.0241 0.7221 0.6914
vn 0.8402 0.3261 0.4332
vn 0.0158 -0.5234 0.8519
vn -0.8243 0.3393 0.4532
vn 0.0268 0.9444 0.3277
vn -0.0395 -0.9889 -0.1432
vn 0.8136 0.0131 -0.5813
vn -0.9492 -0.0307 0.3132
vn -0.1176 -0.9914 0.0567
vn -0.1054 0.9887 -0.1065
vn -0.2195 -0.9460 0.2386
vn -0.5849 0.1639 -0.7944
vn 0.1108 -0.9794 0.1688
vn 0.1284 0.9915 0.0226
vn 0.1923 -0.8714 0.4514
vn 0.4263 0.6570 -0.6218
vn -0.1192 -0.9914 0.0539
vn -0.1071 0.9614 0.2533
vn 0.1265 0.9428 0.3083
vn 0.1208 -0.9859 0.1155
vn -0.1954 -0.9232 -0.3309
vn -0.2170 0.7725 0.5967
vn 0.2103 0.7647 0.6091
vn 0.1919 -0.9379 -0.2891
vn -0.2301 -0.0783 0.9700
vn -0.1043 -0.5112 0.8531
vn 0.1209 -0.4884 0.8642
vn 0.2942 0.2226 0.9295
vn -0.4495 0.0129 -0.8932
vn 0.3200 0.3637 -0.8748
vn -0.4299 0.0383 0.9021
vn 0.3929 0.4531 0.8002
vn -0.0299 0.2787 -0.9599
vn -0.0483 0.9893 -0.1378
vn 0.0738 0.9771 -0.1998
vn 0.0870 0.1985 -0.9762
vn -0.1634 -0.9855 0.0454
vn -0.1398 0.9789 -0.1492
vn 0.1470 -0.9648 0.2179
vn 0.1935 0.9804 0.0377
vn -0.1283 -0.9901 0.0567
vn -0.9604 -0.0292 -0.2769
vn -0.2327 0.8740 -0.4266
vn -0.8642 -0.5031 0.0081
vn -0.0220 -0.9453 0.3256
vn -0.0012 0.4713 -0.8820
vn 0.8536 -0.0890 0.5133
vn 0.1799 -0.9396 0.2913
vn 0.1465 0.9891 0.0136
vn 0.8025 0.0261 0.5961
vn -0.0148 -0.9954 0.0945
vn 0.0048 0.9982 -0.0598
vn -0.7675 -0.1169 0.6303
vn 0.6462 -0.0902 0.7578
vn -0.0052 -0.9987 0.0505
vn 0.0040 0.9589 0.2837
vn -0.1119 -0.9921 0.0570
vn -0.1055 0.9941 0.0243
vn 0.1198 -0.9844 0.1289
vn 0.1286 0.9832 0.1295
vn -0.9648 -0.1830 0.1891
vn 0.9519 -0.2057 0.2269
vn -0.0039 -0.9461 -0.3239
vn -0.0016 0.7974 0.6035
vn 0.1252 -0.9897 0.0693
vn -0.1418 -0.9899 -0.0013
vn -0.1490 0.8558 0.4954
vn 0.1475 0.8504 0.5051
vn -0.1947 -0.2326 0.9529
vn 0.0016 -0.5140 0.8578
vn 0.0070 0.0070 1.0000
vn 0.2731 -0.0533 0.9605
vn 0.8004 0.5918 0.0957
vn -0.9578 -0.2366 0.1633
vn -0.2177 -0.7530 0.6210
vn 0.2100 -0.6753 0.7070
vn 0.0032 0.2545 -0.9671
vn 0.0245 0.3041 0.9523
vn 0.5324 0.8411 -0.0955
vn -0.9623 0.2713 -0.0186
vn 0.2801 0.2659 -0.9224
vn -0.3663 -0.0650 -0.9282
vn 0.3596 0.3173 0.8775
vn -0.3112 -0.0727 0.9476
vn -0.1409 0.7574 -0.6376
vn 0.1860 0.6689 -0.7197
vn 0.0319 0.2585 -0.9655
vn 0.0107 0.9826 -0.1854
vn -0.1859 0.9503 0.2497
vn 0.2023 0.9591 0.1982
vn 0.2147 -0.3773 -0.9009
vn -0.1987 -0.3091 -0.9300
vn 0.0150 0.9961 -0.0864
vn -0.0432 -0.9944 0.0967
vn 0.8108 0.0363 0.5842
vn -0.1900 -0.9801 0.0583
vn -0.1088 0.9857 -0.1288
vn 0.1165 -0.9754 0.1872
vn -0.9423 -0.0417 -0.3321
vn 0.2950 0.9551 -0.0269
vn -0.8383 -0.2535 -0.4827
vn 0.0023 0.0629 -0.9980
vn 0.8091 0.0382 0.5865
vn -0.9960 -0.0409 0.0789
vn -0.0260 -0.9949 0.0975
vn 0.0089 0.9968 -0.0800
vn -0.0083 -0.9998 -0.0208
vn -0.0076 -0.9974 0.0713
vn 0.0030 0.9982 0.0592
vn 0.7661 -0.0494 0.6409
vn 0.0013 0.8952 0.4456
vn -0.7048 -0.2381 0.6683
vn 0.0002 0.8804 0.4743
vn 0.6320 -0.2244 0.7418
vn 0.0083 -0.1175 0.9930
vn -0.8003 -0.3521 0.4853
vn 0.8365 0.1088 0.5371
vn -0.0066 -0.8193 0.5733
vn -0.3658 0.9306 -0.0133
vn 0.7538 0.6509 -0.0906
vn 0.0061 0.0444 0.9990
vn -0.9719 -0.2301 0.0493
vn 0.0241 0.7221 -0.6914
vn 0.8402 0.3261 -0.4332
vn 0.0158 -0.5234 -0.8519
vn -0.8243 0.3393 -0.4532
vn 0.0268 0.9444 -0.3277
vn -0.0395 -0.9889 0.1432
vn 0.8136 0.0130 0.5813
vn -0.9492 -0.0307 -0.3132
vn 0.0784 -0.7646 -0.6398
vn 0.0756 0.7335 -0.6755
vn 0.1248 -0.8394 0.5290
vn 0.1248 0.8394 0.5290
vn -0.0791 -0.7651 -0.6390
vn -0.0763 0.7340 -0.6748
vn -0.0936 -0.8166 0.5696
vn -0.0936 0.8166 0.5696
vn 0.1171 -0.9829 0.1422
vn 0.1177 0.9888 0.0920
vn -0.1212 -0.9740 0.1914
vn -0.1221 0.9823 0.1422
vn 0.0812 0.9964 -0.0260
vn -0.0814 -0.9954 0.0495
vn 0.0812 -0.9964 -0.0255
vn -0.0814 0.9955 0.0490
vn 0.1208 0.9920 -0.0354
vn -0.1215 -0.9900 0.0719
vn 0.1208 -0.9920 -0.0354
vn -0.1215 0.9900 0.0719
vn 0.1785 -0.9633 -0.2005
vn 0.2670 -0.0201 -0.9635
vn 0.1632 0.9846 0.0623
vn 0.6164 -0.0000 0.7874
vn 0.0035 -0.8438 0.5366
vn 0.0035 0.8438 0.5366
vn -0.4370 -0.0000 0.8995
vn -0.1461 -0.9682 0.2032
vn -0.1863 0.9511 -0.2463
vn -0.2693 -0.0204 -0.9628
vn -0.0003 -0.7783 -0.6279
vn -0.0002 0.7469 -0.6649
vn 0.0853 -0.9961 0.0237
vn 0.1733 0.9500 -0.2599
vn -0.1910 -0.9636 -0.1870
vn -0.0807 0.9928 0.0881
vn 0.0023 0.9814 0.1917
vn 0.0022 -0.9710 0.2389
vn -0.9796 0.0116 0.2005
vn 0.9882 0.0040 -0.1534
vn -0.0004 1.0000 0.0030
vn -0.0004 -1.0000 0.0035
vn 0.9531 0.0001 -0.3026
vn -0.8572 0.0003 0.5149
vn 0.0853 0.9963 0.0107
vn -0.0807 -0.9916 0.1011
vn 0.0966 -0.9948 -0.0310
vn -0.0974 0.9937 0.0554
vn -0.8654 -0.0000 0.5011
vn -0.0010 -1.0000 0.0039
vn 0.9611 -0.0000 -0.2762
vn -0.0010 1.0000 0.0039
vn 0.0966 0.9948 -0.0310
vn -0.0974 -0.9937 0.0554
vn 0.1632 -0.9846 0.0623
vn -0.1461 0.9682 0.2032
vn 0.9783 -0.0000 0.2071
vn 0.0078 -0.0000 1.0000
vn -0.8890 -0.0176 -0.4576
vn -0.0000 -0.0046 -1.0000
vn 0.0019 -0.9927 0.1204
vn 0.0019 0.9992 0.0409
vn 0.0011 0.9983 0.0580
vn 0.0011 -0.9975 0.0709
vn -0.8166 0.0080 0.5771
vn 0.8382 -0.0209 -0.5450
vn -0.8683 -0.0000 0.4960
vn -0.0008 -1.0000 0.0016
vn -0.0008 1.0000 0.0016
vn 0.9687 0.0025 -0.2484
vn 0.0020 0.9981 0.0611
vn 0.0020 -0.9981 0.0611
vn -0.7645 -0.0000 0.6446
vn 0.9539 -0.0000 -0.3000
vn 0.0784 -0.7646 0.6398
vn 0.0756 0.7335 0.6755
vn 0.1248 -0.8394 -0.5290
vn 0.1248 0.8394 -0.5290
vn -0.0791 -0.7651 0.6390
vn -0.0763 0.7340 0.6748
vn -0.0936 -0.8165 -0.5696
vn -0.0936 0.8165 -0.5696
vn 0.1171 -0.9829 -0.1422
vn 0.1177 0.9888 -0.0920
vn -0.1212 -0.9740 -0.1914
vn -0.1221 0.9823 -0.1423
vn 0.0812 0.9964 0.0260
vn -0.0814 -0.9954 -0.0495
vn 0.0812 -0.9964 0.0255
vn -0.0814 0.9955 -0.0490
vn 0.1208 0.9920 0.0354
vn -0.1215 -0.9900 -0.0719
vn 0.1208 -0.9920 0.0354
vn -0.1215 0.9900 -0.0719
vn 0.1785 -0.9633 0.2005
vn 0.2670 -0.0201 0.9635
vn 0.1632 0.9846 -0.0623
vn 0.6164 -0.0000 -0.7874
vn 0.0035 -0.8438 -0.5366
vn 0.0035 0.8438 -0.5366
vn -0.4370 -0.0000 -0.8995
vn -0.1461 -0.9682 -0.2032
vn -0.1863 0.9511 0.2463
vn -0.2693 -0.0204 0.9628
vn -0.0003 -0.7783 0.6279
vn -0.0002 0.7469 0.6649
vn 0.0853 -0.9961 -0.0238
vn 0.1733 0.9500 0.2599
vn -0.1910 -0.9636 0.1870
vn -0.0807 0.9928 -0.0881
vn 0.0023 0.9814 -0.1917
vn 0.0022 -0.9710 -0.2389
vn -0.9796 0.0116 -0.2006
vn 0.9882 0.0040 0.1534
vn -0.0004 1.0000 -0.0030
vn -0.0004 -1.0000 -0.0035
vn 0.9531 0.0001 0.3027
vn -0.8572 0.0003 -0.5149
vn 0.0853 0.9963 -0.0107
vn -0.0807 -0.9916 -0.1011
vn 0.0966 -0.9948 0.0310
vn -0.0974 0.9937 -0.0554
vn -0.8654 -0.0000 -0.5011
vn -0.0010 -1.0000 -0.0039
vn 0.9611 -0.0000 0.2762
vn -0.0010 1.0000 -0.0039
vn 0.0966 0.9948 0.0310
vn -0.0974 -0.9937 -0.0554
vn 0.1632 -0.9846 -0.0623
vn -0.1461 0.9682 -0.2032
vn 0.9783 -0.0000 -0.2071
vn 0.0078 -0.0000 -1.0000
vn -0.8890 -0.0176 0.4576
vn -0.0000 -0.0046 1.0000
vn 0.0019 -0.9927 -0.1204
vn 0.0019 0.9992 -0.0409
vn 0.0011 0.9983 -0.0580
vn 0.0011 -0.9975 -0.0709
vn -0.8166 0.0080 -0.5771
vn 0.8382 -0.0209 0.5450
vn -0.8683 -0.0000 -0.4960
vn -0.0008 -1.0000 -0.0016
vn -0.0008 1.0000 -0.0016
vn 0.9686 0.0025 0.2484
vn 0.0020 0.9981 -0.0611
vn 0.0020 -0.9981 -0.0611
vn -0.7645 -0.0000 -0.6446
vn 0.9539 -0.0000 0.3000
vn -0.0138 -0.8584 0.5128
vn -0.2195 -0.1409 0.9654
vn -0.0138 -0.8584 -0.5128
vn -0.2195 -0.1409 -0.9654
vn 0.0247 -0.8043 0.5937
vn 0.1849 0.1752 0.9670
vn 0.0247 -0.8043 -0.5937
vn 0.1849 0.1752 -0.9670
vn -0.1360 -0.1155 0.9840
vn -0.1360 -0.1155 -0.9840
vn 0.1112 0.2757 -0.9548
vn 0.1112 0.2757 0.9548
vn -0.2373 -0.1066 0.9656
vn -0.2373 -0.1066 -0.9656
vn 0.1974 0.1988 -0.9600
vn 0.1974 0.1988 0.9600
vn -0.2219 -0.0789 0.9719
vn -0.2219 -0.0789 -0.9719
vn 0.1724 0.3408 -0.9242
vn 0.1724 0.3408 0.9242
vn -0.1932 0.6165 0.7633
vn -0.1932 0.6165 -0.7633
vn 0.1069 0.6842 -0.7214
vn 0.1069 0.6842 0.7214
vn -0.0950 -0.1266 -0.9874
vn 0.0782 0.2064 -0.9753
vn 0.0782 0.2064 0.9753
vn -0.0950 -0.1266 0.9874
vn -0.1731 -0.1166 0.9780
vn -0.1731 -0.1166 -0.9780
vn 0.1440 0.1530 -0.9777
vn 0.1440 0.1530 0.9777
vn -0.0773 -0.9970 -0.0000
vn -0.1932 -0.1269 0.9729
vn -0.8426 -0.5385 -0.0000
vn -0.0641 -0.5688 -0.8199
vn 0.0063 -0.8559 -0.5172
vn 0.0289 0.0263 -0.9992
vn 0.1130 -0.3454 -0.9316
vn 0.0957 -0.9954 -0.0000
vn 0.7140 0.7002 -0.0000
vn 0.1130 -0.3454 0.9316
vn 0.0063 -0.8559 0.5172
vn 0.0289 0.0263 0.9992
vn -0.1077 -0.0953 0.9896
vn -0.1607 -0.1246 -0.9791
vn 0.1262 0.1845 -0.9747
vn 0.1262 0.1845 0.9747
vn 0.0202 0.0338 0.9992
vn 0.3386 0.9409 -0.0000
vn 0.0202 0.0338 -0.9992
vn -0.8227 -0.5684 -0.0000
vn -0.8649 -0.5020 -0.0000
vn 0.0281 0.0747 -0.9968
vn 0.7440 0.6682 -0.0000
vn 0.0281 0.0747 0.9968
vn 0.1987 0.1769 -0.9640
vn 0.1987 0.1769 0.9640
vn -0.2361 -0.1392 0.9617
vn -0.2361 -0.1392 -0.9617
vn -0.8855 -0.4646 -0.0000
vn 0.0272 0.1313 -0.9910
vn 0.5419 0.8404 -0.0000
vn 0.0272 0.1313 0.9910
vn 0.1861 0.2644 0.9463
vn -0.2273 -0.0759 0.9709
vn -0.2273 -0.0759 -0.9709
vn 0.1861 0.2644 -0.9463
vn -0.5425 0.8400 -0.0000
vn 0.0084 0.6417 -0.7669
vn 0.2298 0.9732 -0.0000
vn 0.0084 0.6417 0.7670
vn 0.1541 0.4895 -0.8583
vn 0.1541 0.4895 0.8583
vn -0.2751 0.1034 0.9558
vn -0.2751 0.1034 -0.9558
vn -0.7713 -0.6365 -0.0000
vn 0.4150 0.9098 -0.0000
vn 0.0142 0.0121 -0.9998
vn -0.1077 -0.0953 -0.9896
vn 0.0891 0.2646 -0.9602
vn 0.0891 0.2646 0.9602
vn 0.0142 0.0121 0.9998
vn -0.0641 -0.5688 0.8199
vn 0.0224 0.0212 0.9995
vn 0.0224 0.0212 -0.9995
vn -0.1607 -0.1246 0.9791
vn 0.6674 0.7447 -0.0000
vn -0.1932 -0.1269 -0.9729
vn 0.1624 0.1632 -0.9731
vn -0.8361 -0.5486 -0.0000
vn 0.1624 0.1632 0.9731
vn -0.8368 -0.5474 -0.0000
vn 0.0256 0.0244 -0.9994
vn 0.7011 0.7131 -0.0000
vn 0.0256 0.0244 0.9994
vn 0.0012 -1.0000 -0.0000
vn 0.7394 0.6733 -0.0000
vn 0.0180 0.0380 0.9991
vn 0.3314 0.9435 -0.0000
vn 0.0180 0.0380 -0.9991
vn -0.8079 -0.5893 -0.0000
vn 0.0270 0.1253 0.9918
vn -0.8545 -0.5194 -0.0000
vn 0.0297 0.0347 0.9990
vn 0.0297 0.0347 -0.9990
vn 0.4143 0.9102 -0.0000
vn 0.0270 0.1253 -0.9918
vn 0.6751 0.7377 -0.0000
vn -0.8578 -0.5139 -0.0000
vn -0.0196 0.9998 -0.0000
vn -0.9867 0.1624 -0.0000
vn 0.0205 0.2106 0.9773
vn 0.0205 0.2106 -0.9773
vn -0.5430 -0.8397 -0.0000
vn 0.0136 -0.3058 -0.9520
vn 0.9928 -0.1198 -0.0000
vn 0.0136 -0.3058 0.9520
vn 0.0185 0.0170 0.9997
vn 0.4370 0.8995 -0.0000
vn 0.0185 0.0170 -0.9997
vn -0.8362 -0.5485 -0.0000
vt 0.189259 0.372962
vt 0.065578 0.414949
vt 0.065578 0.376441
vt 0.189259 0.425587
vt 0.065578 0.453457
vt 0.000000 0.418901
vt 0.000000 0.401099
vt 0.000000 0.383298
vt 0.619392 0.486220
vt 0.758089 0.433226
vt 0.758089 0.485131
vt 0.619392 0.432453
vt 0.758089 0.381320
vt 0.827280 0.386643
vt 0.827280 0.435320
vt 0.827280 0.483997
vt 0.827285 0.301659
vt 0.859144 0.338570
vt 0.827281 0.350336
vt 0.827289 0.252982
vt 0.859147 0.297034
vt 0.859150 0.255498
vt 0.878499 0.292056
vt 0.878496 0.324030
vt 0.619396 0.304508
vt 0.401163 0.250189
vt 0.619401 0.250741
vt 0.619392 0.358275
vt 0.401158 0.306132
vt 0.401154 0.362076
vt 0.189263 0.311339
vt 0.189267 0.258714
vt 0.772057 0.134979
vt 0.633355 0.184231
vt 0.633355 0.133047
vt 0.841388 0.184231
vt 0.772057 0.184231
vt 0.772057 0.233483
vt 0.633354 0.235414
vt 0.429127 0.115813
vt 0.647202 0.061410
vt 0.647202 0.112594
vt 0.218368 0.113522
vt 0.429127 0.061410
vt 0.218368 0.009298
vt 0.429127 0.007007
vt 0.647202 0.010227
vt 0.019226 0.042700
vt 0.000000 0.061410
vt 0.000000 0.043608
vt 0.047002 0.061410
vt 0.019226 0.061410
vt 0.019226 0.080120
vt 0.000000 0.079211
vt 0.189263 0.311339
vt 0.065584 0.283459
vt 0.189259 0.363964
vt 0.065580 0.321967
vt 0.000000 0.353613
vt 0.000001 0.335811
vt 0.000003 0.318010
vt 0.218368 0.061410
vt 0.098872 0.022058
vt 0.098872 0.100762
vt 0.098872 0.061410
vt 0.047002 0.086479
vt 0.047002 0.036340
vt 0.200947 0.132118
vt 0.072305 0.184230
vt 0.072305 0.145786
vt 0.200946 0.236342
vt 0.200946 0.184230
vt 0.000000 0.202031
vt 0.000000 0.184229
vt 0.000000 0.166428
vt 0.878493 0.476902
vt 0.903612 0.447955
vt 0.903612 0.470025
vt 0.878493 0.444927
vt 0.903612 0.425886
vt 0.933966 0.437439
vt 0.933966 0.449644
vt 0.933966 0.461849
vt 0.841388 0.233073
vt 0.873424 0.184231
vt 0.873424 0.232307
vt 0.841388 0.135389
vt 0.841388 0.184231
vt 0.892058 0.141051
vt 0.892058 0.184231
vt 0.892057 0.227412
vt 0.858241 0.110252
vt 0.896296 0.061411
vt 0.896296 0.109486
vt 0.858241 0.012569
vt 0.858241 0.061411
vt 0.896296 0.013335
vt 0.921206 0.061411
vt 0.921206 0.104591
vt 0.859142 0.439948
vt 0.859142 0.481484
vt 0.859142 0.398412
vt 0.878493 0.412953
vt 0.878493 0.444927
vt 0.878493 0.476902
vt 1.000000 0.076675
vt 0.987108 0.061411
vt 1.000000 0.061411
vt 0.970097 0.082258
vt 0.987108 0.077373
vt 0.970097 0.040563
vt 0.987108 0.045448
vt 1.000000 0.046146
vt 0.878499 0.292056
vt 0.903616 0.311099
vt 0.878496 0.324030
vt 0.878501 0.260082
vt 0.903618 0.289030
vt 0.933973 0.275139
vt 0.933972 0.287344
vt 0.933970 0.299549
vt 0.892057 0.184231
vt 0.914790 0.215548
vt 0.892058 0.227412
vt 0.914790 0.152915
vt 0.914790 0.184231
vt 0.941744 0.168967
vt 0.941744 0.184231
vt 0.941744 0.199496
vt 0.921205 0.061411
vt 0.946593 0.093425
vt 0.921205 0.104591
vt 0.946593 0.029396
vt 0.946593 0.061411
vt 0.970097 0.061411
vt 0.970097 0.082258
vt 0.786293 0.110662
vt 0.858241 0.061410
vt 0.858241 0.110252
vt 0.786293 0.061410
vt 0.786293 0.012159
vt 0.858241 0.012569
vt 0.414857 0.129828
vt 0.200946 0.184230
vt 0.414857 0.184230
vt 0.414856 0.238633
vt 0.200946 0.236342
vt 0.758098 0.251842
vt 0.827281 0.350336
vt 0.758093 0.303747
vt 0.758089 0.355653
vt 0.189259 0.478212
vt 0.401154 0.430811
vt 0.401154 0.486754
vt 0.189259 0.425587
vt 0.401154 0.374868
vt 0.619392 0.378686
vt 0.554061 0.879960
vt 0.518673 0.876025
vt 0.554183 0.878400
vt 0.518526 0.878837
vt 0.518587 0.877286
vt 0.512555 0.881330
vt 0.512356 0.877084
vt 0.512424 0.875604
vt 0.892326 0.981335
vt 0.887568 0.970577
vt 0.892326 0.970577
vt 0.883438 0.981335
vt 0.882810 0.970577
vt 0.891069 0.959820
vt 0.891698 0.959820
vt 0.892326 0.959820
vt 0.532620 0.921148
vt 0.622250 0.929329
vt 0.532496 0.923864
vt 0.622592 0.921778
vt 0.622421 0.925554
vt 0.713061 0.924572
vt 0.712842 0.929389
vt 0.712624 0.934205
vt 0.713551 0.896327
vt 0.750904 0.896260
vt 0.750518 0.901213
vt 0.714121 0.889014
vt 0.713836 0.892670
vt 0.759664 0.891600
vt 0.759174 0.897873
vt 0.758685 0.904145
vt 0.012371 0.946533
vt 0.009442 0.963168
vt 0.007833 0.946350
vt 0.016909 0.946717
vt 0.019050 0.963532
vt 0.028658 0.963895
vt 0.025699 0.980640
vt 0.010952 0.980101
vt 0.630100 0.828146
vt 0.747229 0.816143
vt 0.764700 0.880333
vt 0.621853 0.797844
vt 0.729758 0.751954
vt 0.846587 0.735500
vt 0.873409 0.834046
vt 0.900232 0.932592
vt 0.010544 0.990293
vt 0.028905 0.992682
vt 0.008973 0.992384
vt 0.047388 0.991331
vt 0.028966 0.990812
vt 0.048837 0.992980
vt 0.028833 0.994962
vt 0.006992 0.994962
vt 0.011309 0.987999
vt 0.040446 0.981178
vt 0.028589 0.988599
vt 0.045869 0.989200
vt 0.931456 0.841101
vt 0.962889 0.956584
vt 0.900023 0.725618
vt 0.910118 0.717971
vt 0.943622 0.841067
vt 0.977127 0.964164
vt 0.754330 0.935791
vt 0.754841 0.924538
vt 0.754586 0.930165
vt 0.764094 0.922680
vt 0.763808 0.928966
vt 0.763523 0.935251
vt 0.677163 0.942898
vt 0.568055 0.947822
vt 0.568162 0.942899
vt 0.786057 0.947822
vt 0.677056 0.947822
vt 0.785950 0.952746
vt 0.676948 0.952746
vt 0.567947 0.952746
vt 0.818082 0.969586
vt 0.811103 0.979370
vt 0.811791 0.969586
vt 0.824501 0.979370
vt 0.817802 0.979370
vt 0.824628 0.989155
vt 0.817521 0.989155
vt 0.810414 0.989155
vt 0.947520 0.840019
vt 0.983749 0.973126
vt 0.911290 0.706913
vt 0.951002 0.839083
vt 0.990673 0.984834
vt 0.867649 0.944195
vt 0.859125 0.953980
vt 0.861358 0.944195
vt 0.874629 0.953980
vt 0.866877 0.953980
vt 0.875317 0.963764
vt 0.866105 0.963764
vt 0.856892 0.963764
vt 0.781311 0.927025
vt 0.790027 0.925454
vt 0.790199 0.927025
vt 0.781311 0.925453
vt 0.788823 0.921486
vt 0.796334 0.921486
vt 0.798743 0.925453
vt 0.799087 0.927025
vt 0.510854 0.875488
vt 0.510748 0.877000
vt 0.508740 0.880655
vt 0.509036 0.876860
vt 0.509153 0.875358
vt 0.485956 0.913206
vt 0.484035 0.917316
vt 0.483820 0.913454
vt 0.485597 0.919347
vt 0.485671 0.917639
vt 0.484014 0.918860
vt 0.482336 0.917210
vt 0.482081 0.913395
vt 0.008921 0.937610
vt 0.010760 0.937343
vt 0.010809 0.937681
vt 0.007034 0.937539
vt 0.008902 0.937277
vt 0.007057 0.936858
vt 0.008910 0.936922
vt 0.010764 0.936987
vt 0.848417 0.985211
vt 0.847788 0.986936
vt 0.847788 0.985211
vt 0.849045 0.986936
vt 0.848416 0.986936
vt 0.848417 0.988661
vt 0.847788 0.988661
vt 0.483820 0.913454
vt 0.484854 0.905858
vt 0.483102 0.905810
vt 0.480435 0.895763
vt 0.482138 0.895848
vt 0.483841 0.895933
vt 0.788823 0.921486
vt 0.790484 0.913525
vt 0.781311 0.921486
vt 0.785897 0.913525
vt 0.781311 0.913525
vt 0.781940 0.903167
vt 0.782569 0.903167
vt 0.510490 0.880822
vt 0.508146 0.888270
vt 0.511637 0.888587
vt 0.509876 0.888411
vt 0.510818 0.898442
vt 0.509095 0.898309
vt 0.507373 0.898177
vt 0.566820 0.977995
vt 0.675866 0.969920
vt 0.675833 0.977136
vt 0.566936 0.961000
vt 0.566860 0.970034
vt 0.784931 0.962791
vt 0.784872 0.969807
vt 0.784846 0.976277
vt 0.804973 0.952208
vt 0.810762 0.938436
vt 0.810762 0.950178
vt 0.804973 0.928723
vt 0.804973 0.940465
vt 0.810762 0.926693
vt 0.816551 0.936406
vt 0.816551 0.948149
vt 0.675915 0.988063
vt 0.784872 0.981838
vt 0.784931 0.986853
vt 0.566841 0.984170
vt 0.675857 0.983004
vt 0.675833 0.977136
vt 0.832071 0.958933
vt 0.838192 0.945705
vt 0.838192 0.958730
vt 0.832071 0.932882
vt 0.832071 0.945907
vt 0.838192 0.932679
vt 0.844313 0.945502
vt 0.844313 0.958527
vt 0.559818 0.800715
vt 0.566014 0.789684
vt 0.570133 0.804816
vt 0.556446 0.788327
vt 0.561896 0.774552
vt 0.613605 0.767542
vt 0.621853 0.797844
vt 0.008921 0.937610
vt 0.007126 0.938855
vt 0.010809 0.937681
vt 0.009397 0.938950
vt 0.011668 0.939044
vt 0.492531 0.920665
vt 0.485597 0.919347
vt 0.492731 0.916472
vt 0.492621 0.918711
vt 0.532743 0.918432
vt 0.532620 0.921148
vt 0.532496 0.923864
vt 0.713836 0.892670
vt 0.633855 0.883721
vt 0.633473 0.888612
vt 0.633664 0.886166
vt 0.553939 0.881521
vt 0.554061 0.879961
vt 0.553939 0.881521
vt 0.874550 0.981335
vt 0.532743 0.918432
vt 0.751291 0.891306
vt 0.786164 0.942898
vt 0.824374 0.969586
vt 0.873941 0.944195
vt 0.510490 0.880822
vt 0.007045 0.937212
vt 0.849045 0.985211
vt 0.481389 0.905733
vt 0.675933 0.961896
vt 0.566899 0.989273
vt 0.553074 0.775939
vt 0.009742 0.975530
vt 0.008431 0.984981
vt 0.008431 0.975530
vt 0.011052 0.984981
vt 0.009742 0.984981
vt 0.009742 0.987874
vt 0.008431 0.987874
vt 0.013704 0.929495
vt 0.014402 0.933151
vt 0.013704 0.933151
vt 0.015099 0.929495
vt 0.014402 0.929495
vt 0.015099 0.936195
vt 0.014402 0.936195
vt 0.013704 0.936195
vt 0.013415 0.986712
vt 0.014326 0.988113
vt 0.012799 0.988114
vt 0.015340 0.986712
vt 0.014378 0.986712
vt 0.015853 0.988114
vt 0.014256 0.989709
vt 0.011966 0.989709
vt 0.015349 0.918757
vt 0.021772 0.949546
vt 0.015349 0.949546
vt 0.028195 0.918757
vt 0.021772 0.918757
vt 0.028195 0.980335
vt 0.021772 0.980335
vt 0.015349 0.980335
vt 0.040068 0.808804
vt 0.009578 0.795087
vt 0.012693 0.791878
vt 0.067444 0.825729
vt 0.038141 0.812747
vt 0.065492 0.835767
vt 0.035461 0.817199
vt 0.005429 0.798632
vt 0.026129 0.927681
vt 0.015825 0.932258
vt 0.025882 0.926054
vt 0.016491 0.933628
vt 0.005769 0.938463
vt 0.004326 0.937240
vt 0.014899 0.930716
vt 0.025473 0.924193
vt 0.026027 0.938078
vt 0.016769 0.935708
vt 0.026119 0.929939
vt 0.017072 0.943603
vt 0.007419 0.941477
vt 0.006853 0.939575
vt 0.016491 0.933628
vt 0.026129 0.927681
vt 0.041736 0.780472
vt 0.014317 0.786457
vt 0.016299 0.764745
vt 0.067173 0.796198
vt 0.040875 0.802877
vt 0.067433 0.819297
vt 0.040068 0.808804
vt 0.012693 0.791878
vt 0.014402 0.977512
vt 0.013668 0.984728
vt 0.013704 0.977512
vt 0.015129 0.984728
vt 0.014399 0.984728
vt 0.015340 0.986712
vt 0.014378 0.986712
vt 0.009468 0.920139
vt 0.006731 0.923162
vt 0.005166 0.920139
vt 0.012468 0.923162
vt 0.009599 0.923162
vt 0.011505 0.925636
vt 0.009696 0.925636
vt 0.007887 0.925636
vt 0.014402 0.946714
vt 0.013704 0.962170
vt 0.013704 0.946714
vt 0.015099 0.962170
vt 0.014402 0.962170
vt 0.015099 0.977512
vt 0.045886 0.684356
vt 0.020222 0.718080
vt 0.024301 0.671011
vt 0.067471 0.697701
vt 0.043716 0.732605
vt 0.067209 0.747130
vt 0.026132 0.972788
vt 0.017769 0.960473
vt 0.026040 0.955369
vt 0.018533 0.977477
vt 0.009497 0.965576
vt 0.008116 0.949129
vt 0.009696 0.925636
vt 0.008363 0.928326
vt 0.011109 0.928326
vt 0.009736 0.928325
vt 0.011052 0.937245
vt 0.009742 0.937245
vt 0.008431 0.937245
vt 0.026345 0.983720
vt 0.018982 0.985724
vt 0.026238 0.981247
vt 0.019213 0.988120
vt 0.011725 0.990201
vt 0.010933 0.982165
vt 0.018533 0.977477
vt 0.047819 0.654158
vt 0.026551 0.648211
vt 0.027564 0.641635
vt 0.068075 0.666681
vt 0.047161 0.660953
vt 0.067772 0.673696
vt 0.045886 0.684356
vt 0.024301 0.671011
vt 0.013704 0.939105
vt 0.015099 0.939105
vt 0.014402 0.939105
vt 0.015099 0.946714
vt 0.014402 0.946714
vt 0.013704 0.946714
vt 0.008431 0.956277
vt 0.011052 0.956277
vt 0.009742 0.956277
vt 0.011052 0.975530
vt 0.009742 0.975530
vt 0.008431 0.975530
vt 0.011052 0.975530
vt 0.015099 0.933151
vt 0.028195 0.949546
vt 0.066705 0.830407
vt 0.013770 0.920139
vt 0.015099 0.946714
vt 0.010933 0.982165
vt 0.012082 0.992519
vt 0.023708 0.961931
vt 0.016070 0.948231
vt 0.023708 0.948231
vt 0.023708 0.974295
vt 0.016070 0.961931
vt 0.008433 0.974295
vt 0.008433 0.961931
vt 0.008433 0.948231
vt 0.181125 0.924759
vt 0.151080 0.944674
vt 0.142360 0.924546
vt 0.186489 0.944826
vt 0.160144 0.966492
vt 0.127768 0.966439
vt 0.115671 0.944522
vt 0.103596 0.924332
vt 0.019461 0.950376
vt 0.016733 0.963055
vt 0.016733 0.950376
vt 0.019461 0.963055
vt 0.016733 0.974240
vt 0.014005 0.963055
vt 0.014005 0.950376
vt 0.290797 0.944485
vt 0.263507 0.924081
vt 0.302939 0.924073
vt 0.278645 0.966691
vt 0.254855 0.944490
vt 0.245944 0.966693
vt 0.218914 0.944495
vt 0.224074 0.924090
vt 0.011535 0.992896
vt 0.019173 0.941254
vt 0.019173 0.992896
vt 0.015755 0.889613
vt 0.013645 0.941254
vt 0.022590 0.889613
vt 0.024700 0.941254
vt 0.026810 0.992896
vt 0.014005 0.974240
vt 0.016733 0.982936
vt 0.014005 0.982936
vt 0.019461 0.974240
vt 0.016733 0.974240
vt 0.019461 0.982936
vt 0.016733 0.990138
vt 0.014005 0.990138
vt 0.342042 0.881199
vt 0.294604 0.861065
vt 0.361758 0.861016
vt 0.322111 0.901423
vt 0.284735 0.881235
vt 0.274689 0.901445
vt 0.227429 0.881271
vt 0.227449 0.861114
vt 0.019461 0.878143
vt 0.016733 0.897577
vt 0.016733 0.878143
vt 0.019461 0.897577
vt 0.016733 0.919699
vt 0.014005 0.897577
vt 0.014005 0.878143
vt 0.178625 0.861522
vt 0.121721 0.881519
vt 0.111936 0.861473
vt 0.178618 0.881561
vt 0.131598 0.901696
vt 0.084604 0.901623
vt 0.064825 0.881477
vt 0.045247 0.861424
vt 0.023708 0.895776
vt 0.016070 0.877875
vt 0.023708 0.877875
vt 0.023708 0.916658
vt 0.016070 0.895776
vt 0.008433 0.916658
vt 0.008433 0.895776
vt 0.008433 0.877875
vt 0.029018 0.978502
vt 0.032441 0.964658
vt 0.031395 0.981335
vt 0.029697 0.964222
vt 0.029226 0.947982
vt 0.030841 0.946023
vt 0.035184 0.965095
vt 0.033771 0.984167
vt 0.016070 0.974295
vt 0.008433 0.984432
vt 0.023708 0.984432
vt 0.016070 0.984432
vt 0.023708 0.993233
vt 0.016070 0.993233
vt 0.008433 0.993233
vt 0.213243 0.966695
vt 0.240407 0.981968
vt 0.209261 0.981969
vt 0.245944 0.966693
vt 0.271552 0.981968
vt 0.267834 0.992424
vt 0.237147 0.992424
vt 0.206460 0.992424
vt 0.134825 0.981547
vt 0.192519 0.966546
vt 0.165743 0.981553
vt 0.196660 0.981560
vt 0.168994 0.991922
vt 0.138520 0.991922
vt 0.025699 0.963831
vt 0.020727 0.970755
vt 0.020727 0.963831
vt 0.025699 0.977679
vt 0.025699 0.970755
vt 0.020727 0.977679
vt 0.015755 0.970755
vt 0.015755 0.963831
vt 0.019563 0.964222
vt 0.020034 0.947982
vt 0.021648 0.949941
vt 0.020242 0.978502
vt 0.016820 0.964658
vt 0.017866 0.981335
vt 0.014076 0.965095
vt 0.018419 0.946023
vt 0.027612 0.949941
vt 0.024630 0.941729
vt 0.024630 0.944586
vt 0.024630 0.938872
vt 0.024630 0.983858
vt 0.024630 0.987588
vt 0.024630 0.991319
vt 0.015490 0.984167
vt 0.032553 0.920863
vt 0.025434 0.957351
vt 0.025434 0.920862
vt 0.041342 0.993840
vt 0.036948 0.957351
vt 0.009526 0.993840
vt 0.013921 0.957351
vt 0.018315 0.920863
vt 0.022124 0.975397
vt 0.016495 0.959925
vt 0.022124 0.959925
vt 0.016495 0.990870
vt 0.016495 0.975397
vt 0.010865 0.975397
vt 0.010865 0.959925
vt 0.009822 0.990344
vt 0.015481 0.953650
vt 0.015481 0.990339
vt 0.009822 0.953655
vt 0.015481 0.916961
vt 0.021141 0.916956
vt 0.021141 0.953645
vt 0.021141 0.990334
vt 0.024004 0.955608
vt 0.018344 0.918914
vt 0.024004 0.918919
vt 0.024004 0.992297
vt 0.018344 0.955603
vt 0.018344 0.992292
vt 0.012685 0.955598
vt 0.012685 0.918909
vt 0.023708 0.869136
vt 0.016070 0.866175
vt 0.023708 0.866175
vt 0.016070 0.869136
vt 0.008433 0.869136
vt 0.008433 0.866175
vt 0.178627 0.848070
vt 0.107030 0.851419
vt 0.105368 0.848012
vt 0.178626 0.851475
vt 0.111936 0.861473
vt 0.035434 0.851364
vt 0.032108 0.847955
vt 0.019461 0.868610
vt 0.016733 0.865380
vt 0.019461 0.865380
vt 0.016733 0.868610
vt 0.014005 0.868610
vt 0.014005 0.865380
vt 0.374989 0.847452
vt 0.299544 0.850941
vt 0.301218 0.847510
vt 0.361758 0.861016
vt 0.371640 0.850885
vt 0.294604 0.861065
vt 0.227448 0.850996
vt 0.227447 0.847568
vt 0.311057 0.912770
vt 0.268823 0.912783
vt 0.226588 0.912796
vt 0.227268 0.901466
vt 0.019461 0.919699
vt 0.016733 0.936845
vt 0.019461 0.936845
vt 0.014005 0.936845
vt 0.014005 0.919699
vt 0.178592 0.901769
vt 0.137210 0.913187
vt 0.178868 0.913348
vt 0.095551 0.913026
vt 0.023708 0.933842
vt 0.016070 0.916658
vt 0.016070 0.933842
vt 0.008433 0.933842
vt 0.189259 0.478212
vt 0.218368 0.061410
vt 0.047002 0.086479
vt 0.065577 0.360474
vt 0.218368 0.113522
vt 0.072305 0.222673
vt 0.878494 0.412953
vt 0.873424 0.136155
vt 0.921206 0.018230
vt 0.970097 0.061411
vt 0.903620 0.266960
vt 0.921206 0.018230
vt 0.189259 0.372962
vt 0.050673 0.994962
vt 0.911331 0.693333
vt 0.482329 0.918718
vt 0.849045 0.988661
vt 0.781311 0.903167
vt 0.816551 0.924664
vt 0.844313 0.932477
vt 0.011052 0.987874
vt 0.016546 0.989709
vt 0.067471 0.697701
vt 0.019173 0.889613
vt 0.019461 0.990138
vt 0.199468 0.991922
vt 0.015755 0.977679
vt 0.025434 0.993840
vt 0.022124 0.990870
vt 0.010865 0.990870
vt 0.009822 0.916966
vt 0.012685 0.992287
vt 0.016070 0.877875
vt 0.178625 0.861522
s 1
usemtl Livery
f 4/1/4 69/2/69 42/3/42
f 28/4/28 41/5/41 69/2/69
f 69/2/69 9/6/9 40/7/40
f 69/2/69 12/8/12 42/3/42
f 21/9/21 70/10/70 64/11/64
f 67/12/67 30/13/30 70/10/70
f 70/10/70 8/14/8 31/15/31
f 64/11/64 31/15/31 7/16/7
f 34/17/34 50/18/50 6/19/6
f 5/20/5 71/21/71 34/17/34
f 49/22/49 48/23/48 71/21/71
f 71/21/71 16/24/16 50/18/50
f 63/25/63 66/26/66 23/27/23
f 24/28/24 72/29/72 63/25/63
f 36/30/36 26/31/26 72/29/72
f 72/29/72 1/32/1 66/26/66
f 64/33/64 62/34/62 21/35/21
f 64/33/64 32/36/32 73/37/73
f 32/36/32 35/38/35 73/37/73
f 62/34/62 35/38/35 23/39/23
f 65/40/65 61/41/61 22/42/22
f 4/43/4 74/44/74 65/40/65
f 74/44/74 2/45/2 36/46/36
f 61/41/61 36/46/36 24/47/24
f 38/48/38 37/49/37 10/50/10
f 38/48/38 39/51/39 75/52/75
f 39/51/39 40/53/40 75/52/75
f 37/49/37 40/53/40 9/54/9
f 26/55/26 44/56/44 1/32/1
f 2/57/2 76/58/76 26/55/26
f 76/58/76 11/59/11 38/60/38
f 76/58/76 10/61/10 44/56/44
f 27/62/27 43/63/43 2/45/2
f 27/62/27 42/64/42 77/65/77
f 77/65/77 12/66/12 39/51/39
f 77/65/77 11/67/11 43/63/43
f 3/68/3 78/69/78 41/70/41
f 1/71/1 78/69/78 25/72/25
f 78/69/78 10/73/10 37/74/37
f 78/69/78 9/75/9 41/70/41
f 14/76/14 79/77/79 58/78/58
f 45/79/45 57/80/57 79/77/79
f 79/77/79 17/81/17 53/82/53
f 79/77/79 18/83/18 58/78/58
f 5/84/5 80/85/80 49/86/49
f 7/87/7 80/85/80 32/88/32
f 80/85/80 14/89/14 46/90/46
f 80/85/80 15/91/15 49/86/49
f 8/92/8 81/93/81 52/94/52
f 6/95/6 81/93/81 33/96/33
f 50/97/50 47/98/47 81/93/81
f 52/94/52 47/98/47 13/99/13
f 7/16/7 82/100/82 51/101/51
f 31/15/31 52/102/52 82/100/82
f 82/100/82 13/103/13 45/104/45
f 51/101/51 45/104/45 14/105/14
f 18/106/18 83/107/83 54/108/54
f 17/109/17 83/107/83 53/110/53
f 83/107/83 20/111/20 56/112/56
f 83/107/83 19/113/19 54/108/54
f 48/114/48 60/115/60 16/116/16
f 15/117/15 84/118/84 48/114/48
f 84/118/84 19/119/19 56/120/56
f 84/118/84 20/121/20 60/115/60
f 46/122/46 59/123/59 15/124/15
f 46/122/46 58/125/58 85/126/85
f 85/126/85 18/127/18 54/128/54
f 85/126/85 19/129/19 59/123/59
f 47/130/47 57/131/57 13/132/13
f 47/130/47 60/133/60 86/134/86
f 86/134/86 20/111/20 55/135/55
f 86/134/86 17/136/17 57/131/57
f 30/137/30 33/138/33 8/139/8
f 22/42/22 87/140/87 30/137/30
f 87/140/87 24/47/24 68/141/68
f 33/138/33 68/141/68 6/142/6
f 29/143/29 25/144/25 3/68/3
f 21/35/21 88/145/88 29/143/29
f 88/145/88 23/39/23 66/146/66
f 25/144/25 66/146/66 1/147/1
f 34/17/34 35/148/35 5/20/5
f 6/149/6 89/150/89 34/17/34
f 68/151/68 63/25/63 89/150/89
f 89/150/89 23/27/23 35/148/35
f 3/152/3 90/153/90 29/154/29
f 28/155/28 65/156/65 90/153/90
f 90/153/90 22/157/22 67/12/67
f 29/154/29 67/12/67 21/9/21
f 181/158/181 178/159/178 119/160/119
f 181/158/181 125/161/125 183/162/183
f 183/162/183 94/163/94 126/164/126
f 183/162/183 93/165/93 178/159/178
f 94/166/94 184/167/184 164/168/164
f 128/169/128 163/170/163 184/167/184
f 184/167/184 112/171/112 159/172/159
f 164/168/164 159/172/159 111/173/111
f 177/174/177 180/175/180 121/176/121
f 177/174/177 131/177/131 185/178/185
f 185/178/185 96/179/96 132/180/132
f 185/178/185 95/181/95 180/175/180
f 92/182/92 186/183/186 140/184/140
f 91/185/91 186/183/186 124/186/124
f 186/183/186 99/187/99 135/188/135
f 186/183/186 100/189/100 140/184/140
f 176/190/176 123/191/123 119/192/119
f 121/193/121 187/194/187 176/190/176
f 180/195/180 133/196/133 187/194/187
f 187/194/187 91/197/91 123/191/123
f 122/198/122 188/199/188 131/200/131
f 175/201/175 179/202/179 188/199/188
f 188/199/188 92/203/92 134/204/134
f 131/200/131 134/204/134 96/205/96
f 99/206/99 189/207/189 148/208/148
f 102/209/102 189/207/189 137/210/137
f 147/211/147 145/212/145 189/207/189
f 148/208/148 145/212/145 103/213/103
f 133/196/133 139/214/139 91/197/91
f 95/215/95 190/216/190 133/196/133
f 141/217/141 137/210/137 190/216/190
f 190/216/190 99/206/99 139/214/139
f 96/205/96 191/218/191 142/219/142
f 134/204/134 140/220/140 191/218/191
f 191/218/191 100/221/100 138/222/138
f 142/219/142 138/222/138 101/223/101
f 132/180/132 141/224/141 95/181/95
f 132/180/132 142/225/142 192/226/192
f 192/226/192 101/227/101 136/228/136
f 192/226/192 102/229/102 141/224/141
f 146/230/146 172/231/172 105/232/105
f 146/230/146 171/233/171 193/234/193
f 193/234/193 116/235/116 170/236/170
f 193/234/193 117/237/117 172/231/172
f 135/238/135 149/239/149 100/240/100
f 135/238/135 148/241/148 194/242/194
f 194/242/194 103/243/103 143/244/143
f 194/242/194 104/245/104 149/239/149
f 101/223/101 195/246/195 150/247/150
f 100/221/100 195/246/195 138/222/138
f 149/248/149 146/249/146 195/246/195
f 150/247/150 146/249/146 105/250/105
f 136/251/136 147/252/147 102/253/102
f 136/251/136 150/254/150 196/255/196
f 196/255/196 105/256/105 144/257/144
f 196/255/196 106/258/106 147/252/147
f 108/259/108 197/260/197 152/261/152
f 151/262/151 153/263/153 197/260/197
f 197/260/197 110/264/110 154/265/154
f 197/260/197 109/266/109 152/261/152
f 126/164/126 157/267/157 93/165/93
f 94/163/94 198/268/198 126/164/126
f 198/268/198 107/269/107 151/270/151
f 157/267/157 151/270/151 108/271/108
f 98/272/98 199/273/199 155/274/155
f 97/275/97 199/273/199 129/276/129
f 158/277/158 154/278/154 199/273/199
f 155/274/155 154/278/154 110/279/110
f 127/280/127 158/281/158 97/282/97
f 93/283/93 200/284/200 127/280/127
f 200/284/200 108/285/108 152/286/152
f 200/284/200 109/287/109 158/281/158
f 159/288/159 162/289/162 111/290/111
f 159/288/159 161/291/161 201/292/201
f 161/291/161 160/293/160 201/292/201
f 162/289/162 160/293/160 113/294/113
f 155/295/155 163/296/163 98/272/98
f 110/279/110 202/297/202 155/295/155
f 202/297/202 114/298/114 161/299/161
f 202/297/202 112/300/112 163/296/163
f 153/301/153 165/302/165 110/264/110
f 107/303/107 203/304/203 153/301/153
f 166/305/166 160/306/160 203/304/203
f 203/304/203 114/307/114 165/302/165
f 156/308/156 166/309/166 107/269/107
f 156/308/156 164/310/164 204/311/204
f 204/311/204 111/312/111 162/313/162
f 204/311/204 113/314/113 166/309/166
f 118/315/118 205/316/205 169/317/169
f 117/318/117 205/316/205 168/319/168
f 205/316/205 116/320/116 167/321/167
f 205/316/205 115/322/115 169/317/169
f 106/323/106 206/324/206 173/325/173
f 105/326/105 206/324/206 144/327/144
f 172/328/172 168/329/168 206/324/206
f 173/325/173 168/329/168 118/330/118
f 145/331/145 174/332/174 103/333/103
f 145/331/145 173/334/173 207/335/207
f 207/335/207 118/315/118 169/336/169
f 207/335/207 115/322/115 174/332/174
f 104/337/104 208/338/208 171/339/171
f 103/340/103 208/338/208 143/341/143
f 174/342/174 167/343/167 208/338/208
f 171/339/171 167/343/167 116/344/116
f 98/345/98 209/346/209 182/347/182
f 128/348/128 125/349/125 209/346/209
f 209/346/209 120/350/120 175/351/175
f 182/347/182 175/351/175 122/198/122
f 127/352/127 178/353/178 93/283/93
f 97/354/97 210/355/210 127/352/127
f 130/356/130 176/190/176 210/355/210
f 210/355/210 119/192/119 178/353/178
f 129/276/129 130/357/130 97/358/97
f 129/276/129 182/359/182 211/360/211
f 211/360/211 122/361/122 177/362/177
f 211/360/211 121/363/121 130/357/130
f 124/364/124 123/365/123 91/185/91
f 124/364/124 179/366/179 212/367/212
f 212/367/212 120/368/120 181/369/181
f 212/367/212 119/160/119 123/365/123
f 300/159/300 303/158/303 241/160/241
f 303/158/303 247/161/247 242/370/242
f 305/162/305 216/163/216 247/161/247
f 215/165/215 305/162/305 300/159/300
f 216/166/216 306/167/306 250/169/250
f 250/169/250 285/170/285 220/371/220
f 306/167/306 234/171/234 285/170/285
f 286/168/286 281/172/281 306/167/306
f 302/175/302 299/174/299 243/176/243
f 299/174/299 253/177/253 244/372/244
f 307/178/307 218/179/218 253/177/253
f 217/181/217 307/178/307 302/175/302
f 214/182/214 308/183/308 246/186/246
f 308/183/308 213/185/213 246/186/246
f 308/183/308 221/187/221 261/373/261
f 222/189/222 308/183/308 262/184/262
f 245/191/245 298/190/298 241/192/241
f 309/194/309 243/193/243 298/190/298
f 255/196/255 302/195/302 309/194/309
f 213/197/213 309/194/309 245/191/245
f 244/198/244 310/199/310 297/201/297
f 297/201/297 301/202/301 242/350/242
f 310/199/310 214/203/214 301/202/301
f 253/200/253 256/204/256 310/199/310
f 221/206/221 311/207/311 259/210/259
f 311/207/311 224/209/224 259/210/259
f 267/212/267 269/211/269 311/207/311
f 270/208/270 267/212/267 311/207/311
f 261/214/261 255/196/255 213/197/213
f 312/216/312 217/215/217 255/196/255
f 259/210/259 263/217/263 312/216/312
f 221/206/221 312/216/312 261/214/261
f 218/205/218 313/218/313 256/204/256
f 256/204/256 262/220/262 214/203/214
f 313/218/313 222/221/222 262/220/262
f 264/219/264 260/222/260 313/218/313
f 263/224/263 254/180/254 217/181/217
f 254/180/254 264/225/264 218/179/218
f 314/226/314 223/227/223 264/225/264
f 224/229/224 314/226/314 263/224/263
f 294/231/294 268/230/268 227/232/227
f 268/230/268 293/233/293 226/374/226
f 315/234/315 238/235/238 293/233/293
f 239/237/239 315/234/315 294/231/294
f 271/239/271 257/238/257 222/240/222
f 257/238/257 270/241/270 221/375/221
f 316/242/316 225/243/225 270/241/270
f 226/245/226 316/242/316 271/239/271
f 223/223/223 317/246/317 260/222/260
f 317/246/317 222/221/222 260/222/260
f 268/249/268 271/248/271 317/246/317
f 272/247/272 268/249/268 317/246/317
f 269/252/269 258/251/258 224/253/224
f 258/251/258 272/254/272 223/376/223
f 318/255/318 227/256/227 272/254/272
f 228/258/228 318/255/318 269/252/269
f 230/259/230 319/260/319 273/262/273
f 273/262/273 275/263/275 229/303/229
f 319/260/319 232/264/232 275/263/275
f 231/266/231 319/260/319 274/261/274
f 279/267/279 248/164/248 215/165/215
f 320/268/320 216/163/216 248/164/248
f 320/268/320 229/269/229 278/377/278
f 279/267/279 273/270/273 320/268/320
f 220/272/220 321/273/321 251/276/251
f 321/273/321 219/275/219 251/276/251
f 276/278/276 280/277/280 321/273/321
f 277/274/277 276/278/276 321/273/321
f 280/281/280 249/280/249 219/282/219
f 322/284/322 215/283/215 249/280/249
f 322/284/322 230/285/230 279/378/279
f 231/287/231 322/284/322 280/281/280
f 284/289/284 281/288/281 233/290/233
f 281/288/281 283/291/283 234/379/234
f 282/293/282 283/291/283 323/292/323
f 284/289/284 282/293/282 323/292/323
f 285/296/285 277/295/277 220/272/220
f 324/297/324 232/279/232 277/295/277
f 324/297/324 236/298/236 287/380/287
f 234/300/234 324/297/324 285/296/285
f 287/302/287 275/301/275 232/264/232
f 325/304/325 229/303/229 275/301/275
f 282/306/282 288/305/288 325/304/325
f 236/307/236 325/304/325 287/302/287
f 288/309/288 278/308/278 229/269/229
f 278/308/278 286/310/286 216/163/216
f 326/311/326 233/312/233 286/310/286
f 235/314/235 326/311/326 288/309/288
f 240/315/240 327/316/327 290/319/290
f 327/316/327 239/318/239 290/319/290
f 327/316/327 238/320/238 292/381/292
f 237/322/237 327/316/327 291/317/291
f 228/323/228 328/324/328 266/327/266
f 328/324/328 227/326/227 266/327/266
f 290/329/290 294/328/294 328/324/328
f 295/325/295 290/329/290 328/324/328
f 296/332/296 267/331/267 225/333/225
f 267/331/267 295/334/295 228/382/228
f 329/335/329 240/315/240 295/334/295
f 237/322/237 329/335/329 296/332/296
f 226/337/226 330/338/330 265/341/265
f 330/338/330 225/340/225 265/341/265
f 289/343/289 296/342/296 330/338/330
f 293/339/293 289/343/289 330/338/330
f 220/345/220 331/346/331 250/348/250
f 250/348/250 247/349/247 216/383/216
f 331/346/331 242/350/242 247/349/247
f 304/347/304 297/351/297 331/346/331
f 300/353/300 249/352/249 215/283/215
f 332/355/332 219/354/219 249/352/249
f 298/190/298 252/356/252 332/355/332
f 241/192/241 332/355/332 300/353/300
f 252/357/252 251/276/251 219/358/219
f 251/276/251 304/359/304 220/272/220
f 333/360/333 244/361/244 304/359/304
f 243/363/243 333/360/333 252/357/252
f 245/365/245 246/364/246 213/185/213
f 246/364/246 301/366/301 214/182/214
f 334/367/334 242/368/242 301/366/301
f 241/160/241 334/367/334 245/365/245
f 385/384/385 389/385/389 353/386/353
f 385/384/385 357/387/357 391/388/391
f 357/387/357 358/389/358 391/388/391
f 389/385/389 358/389/358 337/390/337
f 337/391/337 392/392/392 359/393/359
f 338/394/338 392/392/392 358/395/358
f 392/392/392 342/396/342 361/397/361
f 392/392/392 341/398/341 359/393/359
f 345/399/345 393/400/393 369/401/369
f 346/402/346 393/400/393 373/403/373
f 363/404/363 364/405/364 393/400/393
f 369/401/369 364/405/364 339/406/339
f 339/407/339 394/408/394 365/409/365
f 340/410/340 394/408/394 364/411/364
f 394/408/394 336/412/336 356/413/356
f 394/408/394 335/414/335 365/409/365
f 372/415/372 355/416/355 343/417/343
f 345/418/345 395/419/395 372/415/372
f 395/419/395 339/420/339 365/421/365
f 395/419/395 335/422/335 355/416/355
f 346/423/346 396/424/396 363/425/363
f 371/426/371 368/427/368 396/424/396
f 396/424/396 336/428/336 366/429/366
f 396/424/396 340/430/340 363/425/363
f 350/431/350 397/432/397 370/433/370
f 375/434/375 379/435/379 397/432/397
f 397/432/397 344/436/344 371/437/371
f 370/433/370 371/437/371 346/438/346
f 376/439/376 367/440/367 349/441/349
f 348/442/348 398/443/398 376/439/376
f 380/444/380 372/445/372 398/443/398
f 398/443/398 343/446/343 367/440/367
f 378/447/378 380/448/380 348/449/348
f 378/447/378 370/450/370 399/451/399
f 399/451/399 346/452/346 373/453/373
f 399/451/399 345/399/345 380/448/380
f 356/454/356 355/455/355 335/456/335
f 356/454/356 368/457/368 400/458/400
f 400/458/400 344/459/344 374/460/374
f 400/458/400 343/461/343 355/455/355
f 383/462/383 388/463/388 352/464/352
f 383/462/383 382/465/382 401/466/401
f 401/466/401 350/467/350 378/447/378
f 401/466/401 348/449/348 388/463/388
f 384/468/384 381/469/381 353/470/353
f 352/471/352 402/472/402 384/468/384
f 388/473/388 376/439/376 402/472/402
f 402/472/402 349/441/349 381/469/381
f 354/474/354 403/475/403 382/476/382
f 386/477/386 387/478/387 403/475/403
f 403/475/403 347/479/347 375/434/375
f 382/476/382 375/434/375 350/431/350
f 374/480/374 367/481/367 343/461/343
f 374/480/374 379/482/379 404/483/404
f 404/483/404 347/484/347 377/485/377
f 404/483/404 349/486/349 367/481/367
f 342/487/342 405/488/405 390/489/390
f 360/490/360 357/491/357 405/488/405
f 405/488/405 351/492/351 386/493/386
f 390/489/390 386/493/386 354/474/354
f 359/494/359 389/495/389 337/496/337
f 341/497/341 406/498/406 359/494/359
f 362/499/362 384/500/384 406/498/406
f 406/498/406 353/501/353 389/495/389
f 361/397/361 362/502/362 341/398/341
f 361/397/361 390/503/390 407/504/407
f 407/504/407 354/505/354 383/506/383
f 407/504/407 352/507/352 362/502/362
f 377/485/377 381/508/381 349/486/349
f 377/485/377 387/509/387 408/510/408
f 408/510/408 351/511/351 385/512/385
f 408/510/408 353/513/353 381/508/381
f 463/385/463 459/384/459 427/386/427
f 459/384/459 431/387/431 425/514/425
f 432/389/432 431/387/431 465/388/465
f 463/385/463 432/389/432 465/388/465
f 411/391/411 466/392/466 432/395/432
f 466/392/466 412/394/412 432/395/432
f 466/392/466 416/396/416 434/515/434
f 415/398/415 466/392/466 433/393/433
f 419/399/419 467/400/467 447/403/447
f 467/400/467 420/402/420 447/403/447
f 438/405/438 437/404/437 467/400/467
f 443/401/443 438/405/438 467/400/467
f 413/407/413 468/408/468 438/411/438
f 468/408/468 414/410/414 438/411/438
f 468/408/468 410/412/410 440/516/440
f 409/414/409 468/408/468 439/409/439
f 429/416/429 446/415/446 417/417/417
f 469/419/469 419/418/419 446/415/446
f 469/419/469 413/420/413 443/517/443
f 409/422/409 469/419/469 429/416/429
f 420/423/420 470/424/470 445/426/445
f 445/426/445 442/427/442 418/436/418
f 470/424/470 410/428/410 442/427/442
f 414/430/414 470/424/470 437/425/437
f 424/431/424 471/432/471 449/434/449
f 449/434/449 453/435/453 421/479/421
f 471/432/471 418/436/418 453/435/453
f 444/433/444 445/437/445 471/432/471
f 441/440/441 450/439/450 423/441/423
f 472/443/472 422/442/422 450/439/450
f 446/445/446 454/444/454 472/443/472
f 417/446/417 472/443/472 441/440/441
f 454/448/454 452/447/452 422/449/422
f 452/447/452 444/450/444 424/467/424
f 473/451/473 420/452/420 444/450/444
f 419/399/419 473/451/473 454/448/454
f 429/455/429 430/454/430 409/456/409
f 430/454/430 442/457/442 410/518/410
f 474/458/474 418/459/418 442/457/442
f 417/461/417 474/458/474 429/455/429
f 462/463/462 457/462/457 426/464/426
f 457/462/457 456/465/456 428/519/428
f 475/466/475 424/467/424 456/465/456
f 422/449/422 475/466/475 462/463/462
f 455/469/455 458/468/458 427/470/427
f 476/472/476 426/471/426 458/468/458
f 450/439/450 462/473/462 476/472/476
f 423/441/423 476/472/476 455/469/455
f 428/474/428 477/475/477 460/477/460
f 460/477/460 461/478/461 425/520/425
f 477/475/477 421/479/421 461/478/461
f 456/476/456 449/434/449 477/475/477
f 441/481/441 448/480/448 417/461/417
f 448/480/448 453/482/453 418/459/418
f 478/483/478 421/484/421 453/482/453
f 423/486/423 478/483/478 441/481/441
f 416/487/416 479/488/479 434/490/434
f 434/490/434 431/491/431 412/521/412
f 479/488/479 425/492/425 431/491/431
f 464/489/464 460/493/460 479/488/479
f 463/495/463 433/494/433 411/496/411
f 480/498/480 415/497/415 433/494/433
f 458/500/458 436/499/436 480/498/480
f 427/501/427 480/498/480 463/495/463
f 436/502/436 435/397/435 415/398/415
f 435/397/435 464/503/464 416/396/416
f 481/504/481 428/505/428 464/503/464
f 426/507/426 481/504/481 436/502/436
f 455/508/455 451/485/451 423/486/423
f 451/485/451 461/509/461 421/484/421
f 482/510/482 425/511/425 461/509/461
f 427/513/427 482/510/482 455/508/455
f 516/522/516 573/523/573 511/524/511
f 484/525/484 575/526/575 516/522/516
f 575/526/575 486/527/486 571/528/571
f 573/523/573 571/528/571 512/529/512
f 512/530/512 576/531/576 568/532/568
f 571/533/571 520/534/520 576/531/576
f 576/531/576 490/535/490 572/536/572
f 568/532/568 572/536/572 513/537/513
f 513/538/513 577/539/577 570/540/570
f 572/541/572 523/542/523 577/539/577
f 523/542/523 574/543/574 577/539/577
f 577/539/577 514/544/514 570/540/570
f 574/545/574 567/546/567 514/547/514
f 488/548/488 578/549/578 574/545/574
f 526/550/526 516/551/516 578/549/578
f 578/549/578 511/552/511 567/546/567
f 485/553/485 579/554/579 515/555/515
f 489/556/489 579/554/579 519/557/519
f 579/554/579 487/558/487 525/559/525
f 579/554/579 483/560/483 515/555/515
f 488/561/488 580/562/580 540/563/540
f 490/564/490 580/562/580 523/565/523
f 539/566/539 537/567/537 580/562/580
f 540/563/540 537/567/537 498/568/498
f 564/569/564 565/570/565 509/571/509
f 494/572/494 581/573/581 564/569/564
f 531/574/531 527/575/527 581/573/581
f 581/573/581 510/576/510 565/570/565
f 508/577/508 582/578/582 560/579/560
f 563/580/563 532/581/532 582/578/582
f 532/581/532 564/582/564 582/578/582
f 582/578/582 509/583/509 560/579/560
f 507/584/507 583/585/583 561/586/561
f 562/587/562 533/588/533 583/585/583
f 583/585/583 493/589/493 563/590/563
f 561/586/561 563/590/563 508/591/508
f 527/592/527 559/593/559 510/594/510
f 491/595/491 584/596/584 527/592/527
f 584/596/584 492/597/492 562/598/562
f 559/593/559 562/598/562 507/599/507
f 495/600/495 585/601/585 548/602/548
f 538/603/538 547/604/547 585/601/585
f 585/601/585 502/605/502 546/606/546
f 548/602/548 546/606/546 499/607/499
f 517/608/517 542/609/542 486/527/486
f 517/608/517 541/610/541 586/611/586
f 586/611/586 495/612/495 535/613/535
f 586/611/586 496/614/496 542/609/542
f 484/615/484 587/616/587 541/617/541
f 526/618/526 540/619/540 587/616/587
f 587/616/587 498/620/498 538/621/538
f 541/617/541 538/621/538 495/622/495
f 520/534/520 539/623/539 490/535/490
f 486/624/486 588/625/588 520/534/520
f 542/626/542 536/627/536 588/625/588
f 588/625/588 497/628/497 539/623/539
f 502/629/502 589/630/589 556/631/556
f 501/632/501 589/630/589 545/633/545
f 555/634/555 553/635/553 589/630/589
f 556/631/556 553/635/553 506/636/506
f 536/637/536 550/638/550 497/639/497
f 496/640/496 590/641/590 536/637/536
f 549/642/549 544/643/544 590/641/590
f 590/641/590 501/644/501 550/638/550
f 498/645/498 591/646/591 547/604/547
f 497/639/497 591/646/591 537/647/537
f 550/638/550 545/648/545 591/646/591
f 547/604/547 545/648/545 502/605/502
f 535/649/535 549/642/549 496/640/496
f 535/649/535 548/602/548 592/650/592
f 592/650/592 499/607/499 543/651/543
f 592/650/592 500/652/500 549/642/549
f 505/653/505 593/654/593 553/655/553
f 504/656/504 593/654/593 552/657/552
f 593/654/593 503/658/503 554/659/554
f 593/654/593 506/660/506 553/655/553
f 543/661/543 558/662/558 500/663/500
f 543/661/543 557/664/557 594/665/594
f 557/664/557 551/666/551 594/665/594
f 558/662/558 551/666/551 504/667/504
f 499/668/499 595/669/595 557/670/557
f 546/671/546 556/672/556 595/669/595
f 595/669/595 506/673/506 554/674/554
f 557/670/557 554/674/554 503/675/503
f 544/676/544 555/677/555 501/678/501
f 500/679/500 596/680/596 544/676/544
f 558/681/558 552/682/552 596/680/596
f 596/680/596 505/683/505 555/677/555
f 566/684/566 515/685/515 483/686/483
f 510/594/510 597/687/597 566/684/566
f 597/687/597 507/599/507 518/688/518
f 515/685/515 518/688/518 485/689/485
f 485/690/485 598/691/598 519/692/519
f 518/693/518 561/694/561 598/691/598
f 598/691/598 508/591/508 521/695/521
f 598/691/598 489/696/489 519/692/519
f 521/697/521 522/698/522 489/699/489
f 521/697/521 560/579/560 599/700/599
f 560/579/560 524/701/524 599/700/599
f 522/698/522 524/701/524 487/702/487
f 487/703/487 600/704/600 525/705/525
f 509/706/509 600/704/600 524/707/524
f 565/708/565 566/709/566 600/704/600
f 600/704/600 483/710/483 525/705/525
f 530/711/530 531/574/531 494/572/494
f 514/547/514 601/712/601 530/711/530
f 567/546/567 569/713/569 601/712/601
f 601/712/601 491/714/491 531/574/531
f 493/715/493 602/716/602 532/581/532
f 529/717/529 570/540/570 602/716/602
f 570/540/570 530/718/530 602/716/602
f 602/716/602 494/719/494 532/581/532
f 492/720/492 603/721/603 533/588/533
f 528/722/528 568/532/568 603/721/603
f 603/721/603 513/537/513 529/723/529
f 533/588/533 529/723/529 493/589/493
f 569/724/569 534/725/534 491/595/491
f 511/524/511 604/726/604 569/724/569
f 604/726/604 512/529/512 528/727/528
f 534/725/534 528/727/528 492/597/492
f 4/1/4 28/4/28 69/2/69
f 28/4/28 3/728/3 41/5/41
f 69/2/69 41/5/41 9/6/9
f 69/2/69 40/7/40 12/8/12
f 21/9/21 67/12/67 70/10/70
f 67/12/67 22/157/22 30/13/30
f 70/10/70 30/13/30 8/14/8
f 64/11/64 70/10/70 31/15/31
f 34/17/34 71/21/71 50/18/50
f 5/20/5 49/22/49 71/21/71
f 49/22/49 15/117/15 48/23/48
f 71/21/71 48/23/48 16/24/16
f 63/25/63 72/29/72 66/26/66
f 24/28/24 36/30/36 72/29/72
f 36/30/36 2/57/2 26/31/26
f 72/29/72 26/31/26 1/32/1
f 64/33/64 73/37/73 62/34/62
f 64/33/64 7/87/7 32/36/32
f 32/36/32 5/84/5 35/38/35
f 62/34/62 73/37/73 35/38/35
f 65/40/65 74/44/74 61/41/61
f 4/43/4 27/729/27 74/44/74
f 74/44/74 27/729/27 2/45/2
f 61/41/61 74/44/74 36/46/36
f 38/48/38 75/52/75 37/49/37
f 38/48/38 11/67/11 39/51/39
f 39/51/39 12/730/12 40/53/40
f 37/49/37 75/52/75 40/53/40
f 26/55/26 76/58/76 44/56/44
f 2/57/2 43/731/43 76/58/76
f 76/58/76 43/731/43 11/59/11
f 76/58/76 38/60/38 10/61/10
f 27/62/27 77/65/77 43/63/43
f 27/62/27 4/732/4 42/64/42
f 77/65/77 42/64/42 12/66/12
f 77/65/77 39/51/39 11/67/11
f 3/68/3 25/72/25 78/69/78
f 1/71/1 44/733/44 78/69/78
f 78/69/78 44/733/44 10/73/10
f 78/69/78 37/74/37 9/75/9
f 14/76/14 45/79/45 79/77/79
f 45/79/45 13/734/13 57/80/57
f 79/77/79 57/80/57 17/81/17
f 79/77/79 53/82/53 18/83/18
f 5/84/5 32/88/32 80/85/80
f 7/87/7 51/735/51 80/85/80
f 80/85/80 51/735/51 14/89/14
f 80/85/80 46/90/46 15/91/15
f 8/92/8 33/96/33 81/93/81
f 6/95/6 50/97/50 81/93/81
f 50/97/50 16/736/16 47/98/47
f 52/94/52 81/93/81 47/98/47
f 7/16/7 31/15/31 82/100/82
f 31/15/31 8/14/8 52/102/52
f 82/100/82 52/102/52 13/103/13
f 51/101/51 82/100/82 45/104/45
f 18/106/18 53/110/53 83/107/83
f 17/109/17 55/737/55 83/107/83
f 83/107/83 55/737/55 20/111/20
f 83/107/83 56/112/56 19/113/19
f 48/114/48 84/118/84 60/115/60
f 15/117/15 59/738/59 84/118/84
f 84/118/84 59/738/59 19/119/19
f 84/118/84 56/120/56 20/121/20
f 46/122/46 85/126/85 59/123/59
f 46/122/46 14/89/14 58/125/58
f 85/126/85 58/125/58 18/127/18
f 85/126/85 54/128/54 19/129/19
f 47/130/47 86/134/86 57/131/57
f 47/130/47 16/739/16 60/133/60
f 86/134/86 60/133/60 20/111/20
f 86/134/86 55/135/55 17/136/17
f 30/137/30 87/140/87 33/138/33
f 22/42/22 61/41/61 87/140/87
f 87/140/87 61/41/61 24/47/24
f 33/138/33 87/140/87 68/141/68
f 29/143/29 88/145/88 25/144/25
f 21/35/21 62/34/62 88/145/88
f 88/145/88 62/34/62 23/39/23
f 25/144/25 88/145/88 66/146/66
f 34/17/34 89/150/89 35/148/35
f 6/149/6 68/151/68 89/150/89
f 68/151/68 24/28/24 63/25/63
f 89/150/89 63/25/63 23/27/23
f 3/152/3 28/155/28 90/153/90
f 28/155/28 4/740/4 65/156/65
f 90/153/90 65/156/65 22/157/22
f 29/154/29 90/153/90 67/12/67
f 181/158/181 183/162/183 178/159/178
f 181/158/181 120/370/120 125/161/125
f 183/162/183 125/161/125 94/163/94
f 183/162/183 126/164/126 93/165/93
f 94/166/94 128/169/128 184/167/184
f 128/169/128 98/371/98 163/170/163
f 184/167/184 163/170/163 112/171/112
f 164/168/164 184/167/184 159/172/159
f 177/174/177 185/178/185 180/175/180
f 177/174/177 122/372/122 131/177/131
f 185/178/185 131/177/131 96/179/96
f 185/178/185 132/180/132 95/181/95
f 92/182/92 124/186/124 186/183/186
f 91/185/91 139/373/139 186/183/186
f 186/183/186 139/373/139 99/187/99
f 186/183/186 135/188/135 100/189/100
f 176/190/176 187/194/187 123/191/123
f 121/193/121 180/195/180 187/194/187
f 180/195/180 95/215/95 133/196/133
f 187/194/187 133/196/133 91/197/91
f 122/198/122 175/201/175 188/199/188
f 175/201/175 120/350/120 179/202/179
f 188/199/188 179/202/179 92/203/92
f 131/200/131 188/199/188 134/204/134
f 99/206/99 137/210/137 189/207/189
f 102/209/102 147/211/147 189/207/189
f 147/211/147 106/741/106 145/212/145
f 148/208/148 189/207/189 145/212/145
f 133/196/133 190/216/190 139/214/139
f 95/215/95 141/217/141 190/216/190
f 141/217/141 102/209/102 137/210/137
f 190/216/190 137/210/137 99/206/99
f 96/205/96 134/204/134 191/218/191
f 134/204/134 92/203/92 140/220/140
f 191/218/191 140/220/140 100/221/100
f 142/219/142 191/218/191 138/222/138
f 132/180/132 192/226/192 141/224/141
f 132/180/132 96/179/96 142/225/142
f 192/226/192 142/225/142 101/227/101
f 192/226/192 136/228/136 102/229/102
f 146/230/146 193/234/193 172/231/172
f 146/230/146 104/374/104 171/233/171
f 193/234/193 171/233/171 116/235/116
f 193/234/193 170/236/170 117/237/117
f 135/238/135 194/242/194 149/239/149
f 135/238/135 99/375/99 148/241/148
f 194/242/194 148/241/148 103/243/103
f 194/242/194 143/244/143 104/245/104
f 101/223/101 138/222/138 195/246/195
f 100/221/100 149/248/149 195/246/195
f 149/248/149 104/742/104 146/249/146
f 150/247/150 195/246/195 146/249/146
f 136/251/136 196/255/196 147/252/147
f 136/251/136 101/376/101 150/254/150
f 196/255/196 150/254/150 105/256/105
f 196/255/196 144/257/144 106/258/106
f 108/259/108 151/262/151 197/260/197
f 151/262/151 107/303/107 153/263/153
f 197/260/197 153/263/153 110/264/110
f 197/260/197 154/265/154 109/266/109
f 126/164/126 198/268/198 157/267/157
f 94/163/94 156/377/156 198/268/198
f 198/268/198 156/377/156 107/269/107
f 157/267/157 198/268/198 151/270/151
f 98/272/98 129/276/129 199/273/199
f 97/275/97 158/277/158 199/273/199
f 158/277/158 109/743/109 154/278/154
f 155/274/155 199/273/199 154/278/154
f 127/280/127 200/284/200 158/281/158
f 93/283/93 157/378/157 200/284/200
f 200/284/200 157/378/157 108/285/108
f 200/284/200 152/286/152 109/287/109
f 159/288/159 201/292/201 162/289/162
f 159/288/159 112/379/112 161/291/161
f 161/291/161 114/744/114 160/293/160
f 162/289/162 201/292/201 160/293/160
f 155/295/155 202/297/202 163/296/163
f 110/279/110 165/380/165 202/297/202
f 202/297/202 165/380/165 114/298/114
f 202/297/202 161/299/161 112/300/112
f 153/301/153 203/304/203 165/302/165
f 107/303/107 166/305/166 203/304/203
f 166/305/166 113/745/113 160/306/160
f 203/304/203 160/306/160 114/307/114
f 156/308/156 204/311/204 166/309/166
f 156/308/156 94/163/94 164/310/164
f 204/311/204 164/310/164 111/312/111
f 204/311/204 162/313/162 113/314/113
f 118/315/118 168/319/168 205/316/205
f 117/318/117 170/381/170 205/316/205
f 205/316/205 170/381/170 116/320/116
f 205/316/205 167/321/167 115/322/115
f 106/323/106 144/327/144 206/324/206
f 105/326/105 172/328/172 206/324/206
f 172/328/172 117/746/117 168/329/168
f 173/325/173 206/324/206 168/329/168
f 145/331/145 207/335/207 174/332/174
f 145/331/145 106/382/106 173/334/173
f 207/335/207 173/334/173 118/315/118
f 207/335/207 169/336/169 115/322/115
f 104/337/104 143/341/143 208/338/208
f 103/340/103 174/342/174 208/338/208
f 174/342/174 115/747/115 167/343/167
f 171/339/171 208/338/208 167/343/167
f 98/345/98 128/348/128 209/346/209
f 128/348/128 94/383/94 125/349/125
f 209/346/209 125/349/125 120/350/120
f 182/347/182 209/346/209 175/351/175
f 127/352/127 210/355/210 178/353/178
f 97/354/97 130/356/130 210/355/210
f 130/356/130 121/193/121 176/190/176
f 210/355/210 176/190/176 119/192/119
f 129/276/129 211/360/211 130/357/130
f 129/276/129 98/272/98 182/359/182
f 211/360/211 182/359/182 122/361/122
f 211/360/211 177/362/177 121/363/121
f 124/364/124 212/367/212 123/365/123
f 124/364/124 92/182/92 179/366/179
f 212/367/212 179/366/179 120/368/120
f 212/367/212 181/369/181 119/160/119
f 300/159/300 305/162/305 303/158/303
f 303/158/303 305/162/305 247/161/247
f 305/162/305 248/164/248 216/163/216
f 215/165/215 248/164/248 305/162/305
f 216/166/216 286/168/286 306/167/306
f 250/169/250 306/167/306 285/170/285
f 306/167/306 281/172/281 234/171/234
f 286/168/286 233/173/233 281/172/281
f 302/175/302 307/178/307 299/174/299
f 299/174/299 307/178/307 253/177/253
f 307/178/307 254/180/254 218/179/218
f 217/181/217 254/180/254 307/178/307
f 214/182/214 262/184/262 308/183/308
f 308/183/308 261/373/261 213/185/213
f 308/183/308 257/188/257 221/187/221
f 222/189/222 257/188/257 308/183/308
f 245/191/245 309/194/309 298/190/298
f 309/194/309 302/195/302 243/193/243
f 255/196/255 217/215/217 302/195/302
f 213/197/213 255/196/255 309/194/309
f 244/198/244 253/200/253 310/199/310
f 297/201/297 310/199/310 301/202/301
f 310/199/310 256/204/256 214/203/214
f 253/200/253 218/205/218 256/204/256
f 221/206/221 270/208/270 311/207/311
f 311/207/311 269/211/269 224/209/224
f 267/212/267 228/741/228 269/211/269
f 270/208/270 225/213/225 267/212/267
f 261/214/261 312/216/312 255/196/255
f 312/216/312 263/217/263 217/215/217
f 259/210/259 224/209/224 263/217/263
f 221/206/221 259/210/259 312/216/312
f 218/205/218 264/219/264 313/218/313
f 256/204/256 313/218/313 262/220/262
f 313/218/313 260/222/260 222/221/222
f 264/219/264 223/223/223 260/222/260
f 263/224/263 314/226/314 254/180/254
f 254/180/254 314/226/314 264/225/264
f 314/226/314 258/228/258 223/227/223
f 224/229/224 258/228/258 314/226/314
f 294/231/294 315/234/315 268/230/268
f 268/230/268 315/234/315 293/233/293
f 315/234/315 292/236/292 238/235/238
f 239/237/239 292/236/292 315/234/315
f 271/239/271 316/242/316 257/238/257
f 257/238/257 316/242/316 270/241/270
f 316/242/316 265/244/265 225/243/225
f 226/245/226 265/244/265 316/242/316
f 223/223/223 272/247/272 317/246/317
f 317/246/317 271/248/271 222/221/222
f 268/249/268 226/742/226 271/248/271
f 272/247/272 227/250/227 268/249/268
f 269/252/269 318/255/318 258/251/258
f 258/251/258 318/255/318 272/254/272
f 318/255/318 266/257/266 227/256/227
f 228/258/228 266/257/266 318/255/318
f 230/259/230 274/261/274 319/260/319
f 273/262/273 319/260/319 275/263/275
f 319/260/319 276/265/276 232/264/232
f 231/266/231 276/265/276 319/260/319
f 279/267/279 320/268/320 248/164/248
f 320/268/320 278/377/278 216/163/216
f 320/268/320 273/270/273 229/269/229
f 279/267/279 230/271/230 273/270/273
f 220/272/220 277/274/277 321/273/321
f 321/273/321 280/277/280 219/275/219
f 276/278/276 231/743/231 280/277/280
f 277/274/277 232/279/232 276/278/276
f 280/281/280 322/284/322 249/280/249
f 322/284/322 279/378/279 215/283/215
f 322/284/322 274/286/274 230/285/230
f 231/287/231 274/286/274 322/284/322
f 284/289/284 323/292/323 281/288/281
f 281/288/281 323/292/323 283/291/283
f 282/293/282 236/744/236 283/291/283
f 284/289/284 235/294/235 282/293/282
f 285/296/285 324/297/324 277/295/277
f 324/297/324 287/380/287 232/279/232
f 324/297/324 283/299/283 236/298/236
f 234/300/234 283/299/283 324/297/324
f 287/302/287 325/304/325 275/301/275
f 325/304/325 288/305/288 229/303/229
f 282/306/282 235/745/235 288/305/288
f 236/307/236 282/306/282 325/304/325
f 288/309/288 326/311/326 278/308/278
f 278/308/278 326/311/326 286/310/286
f 326/311/326 284/313/284 233/312/233
f 235/314/235 284/313/284 326/311/326
f 240/315/240 291/317/291 327/316/327
f 327/316/327 292/381/292 239/318/239
f 327/316/327 289/321/289 238/320/238
f 237/322/237 289/321/289 327/316/327
f 228/323/228 295/325/295 328/324/328
f 328/324/328 294/328/294 227/326/227
f 290/329/290 239/746/239 294/328/294
f 295/325/295 240/330/240 290/329/290
f 296/332/296 329/335/329 267/331/267
f 267/331/267 329/335/329 295/334/295
f 329/335/329 291/336/291 240/315/240
f 237/322/237 291/336/291 329/335/329
f 226/337/226 293/339/293 330/338/330
f 330/338/330 296/342/296 225/340/225
f 289/343/289 237/747/237 296/342/296
f 293/339/293 238/344/238 289/343/289
f 220/345/220 304/347/304 331/346/331
f 250/348/250 331/346/331 247/349/247
f 331/346/331 297/351/297 242/350/242
f 304/347/304 244/198/244 297/351/297
f 300/353/300 332/355/332 249/352/249
f 332/355/332 252/356/252 219/354/219
f 298/190/298 243/193/243 252/356/252
f 241/192/241 298/190/298 332/355/332
f 252/357/252 333/360/333 251/276/251
f 251/276/251 333/360/333 304/359/304
f 333/360/333 299/362/299 244/361/244
f 243/363/243 299/362/299 333/360/333
f 245/365/245 334/367/334 246/364/246
f 246/364/246 334/367/334 301/366/301
f 334/367/334 303/369/303 242/368/242
f 241/160/241 303/369/303 334/367/334
f 385/384/385 391/388/391 389/385/389
f 385/384/385 351/514/351 357/387/357
f 357/387/357 338/748/338 358/389/358
f 389/385/389 391/388/391 358/389/358
f 337/391/337 358/395/358 392/392/392
f 338/394/338 360/515/360 392/392/392
f 392/392/392 360/515/360 342/396/342
f 392/392/392 361/397/361 341/398/341
f 345/399/345 373/403/373 393/400/393
f 346/402/346 363/404/363 393/400/393
f 363/404/363 340/749/340 364/405/364
f 369/401/369 393/400/393 364/405/364
f 339/407/339 364/411/364 394/408/394
f 340/410/340 366/516/366 394/408/394
f 394/408/394 366/516/366 336/412/336
f 394/408/394 356/413/356 335/414/335
f 372/415/372 395/419/395 355/416/355
f 345/418/345 369/517/369 395/419/395
f 395/419/395 369/517/369 339/420/339
f 395/419/395 365/421/365 335/422/335
f 346/423/346 371/426/371 396/424/396
f 371/426/371 344/436/344 368/427/368
f 396/424/396 368/427/368 336/428/336
f 396/424/396 366/429/366 340/430/340
f 350/431/350 375/434/375 397/432/397
f 375/434/375 347/479/347 379/435/379
f 397/432/397 379/435/379 344/436/344
f 370/433/370 397/432/397 371/437/371
f 376/439/376 398/443/398 367/440/367
f 348/442/348 380/444/380 398/443/398
f 380/444/380 345/418/345 372/445/372
f 398/443/398 372/445/372 343/446/343
f 378/447/378 399/451/399 380/448/380
f 378/447/378 350/467/350 370/450/370
f 399/451/399 370/450/370 346/452/346
f 399/451/399 373/453/373 345/399/345
f 356/454/356 400/458/400 355/455/355
f 356/454/356 336/518/336 368/457/368
f 400/458/400 368/457/368 344/459/344
f 400/458/400 374/460/374 343/461/343
f 383/462/383 401/466/401 388/463/388
f 383/462/383 354/519/354 382/465/382
f 401/466/401 382/465/382 350/467/350
f 401/466/401 378/447/378 348/449/348
f 384/468/384 402/472/402 381/469/381
f 352/471/352 388/473/388 402/472/402
f 388/473/388 348/442/348 376/439/376
f 402/472/402 376/439/376 349/441/349
f 354/474/354 386/477/386 403/475/403
f 386/477/386 351/520/351 387/478/387
f 403/475/403 387/478/387 347/479/347
f 382/476/382 403/475/403 375/434/375
f 374/480/374 404/483/404 367/481/367
f 374/480/374 344/459/344 379/482/379
f 404/483/404 379/482/379 347/484/347
f 404/483/404 377/485/377 349/486/349
f 342/487/342 360/490/360 405/488/405
f 360/490/360 338/521/338 357/491/357
f 405/488/405 357/491/357 351/492/351
f 390/489/390 405/488/405 386/493/386
f 359/494/359 406/498/406 389/495/389
f 341/497/341 362/499/362 406/498/406
f 362/499/362 352/750/352 384/500/384
f 406/498/406 384/500/384 353/501/353
f 361/397/361 407/504/407 362/502/362
f 361/397/361 342/396/342 390/503/390
f 407/504/407 390/503/390 354/505/354
f 407/504/407 383/506/383 352/507/352
f 377/485/377 408/510/408 381/508/381
f 377/485/377 347/484/347 387/509/387
f 408/510/408 387/509/387 351/511/351
f 408/510/408 385/512/385 353/513/353
f 463/385/463 465/388/465 459/384/459
f 459/384/459 465/388/465 431/387/431
f 432/389/432 412/748/412 431/387/431
f 463/385/463 411/390/411 432/389/432
f 411/391/411 433/393/433 466/392/466
f 466/392/466 434/515/434 412/394/412
f 466/392/466 435/397/435 416/396/416
f 415/398/415 435/397/435 466/392/466
f 419/399/419 443/401/443 467/400/467
f 467/400/467 437/404/437 420/402/420
f 438/405/438 414/749/414 437/404/437
f 443/401/443 413/406/413 438/405/438
f 413/407/413 439/409/439 468/408/468
f 468/408/468 440/516/440 414/410/414
f 468/408/468 430/413/430 410/412/410
f 409/414/409 430/413/430 468/408/468
f 429/416/429 469/419/469 446/415/446
f 469/419/469 443/517/443 419/418/419
f 469/419/469 439/421/439 413/420/413
f 409/422/409 439/421/439 469/419/469
f 420/423/420 437/425/437 470/424/470
f 445/426/445 470/424/470 442/427/442
f 470/424/470 440/429/440 410/428/410
f 414/430/414 440/429/440 470/424/470
f 424/431/424 444/433/444 471/432/471
f 449/434/449 471/432/471 453/435/453
f 471/432/471 445/437/445 418/436/418
f 444/433/444 420/438/420 445/437/445
f 441/440/441 472/443/472 450/439/450
f 472/443/472 454/444/454 422/442/422
f 446/445/446 419/418/419 454/444/454
f 417/446/417 446/445/446 472/443/472
f 454/448/454 473/451/473 452/447/452
f 452/447/452 473/451/473 444/450/444
f 473/451/473 447/453/447 420/452/420
f 419/399/419 447/453/447 473/451/473
f 429/455/429 474/458/474 430/454/430
f 430/454/430 474/458/474 442/457/442
f 474/458/474 448/460/448 418/459/418
f 417/461/417 448/460/448 474/458/474
f 462/463/462 475/466/475 457/462/457
f 457/462/457 475/466/475 456/465/456
f 475/466/475 452/447/452 424/467/424
f 422/449/422 452/447/452 475/466/475
f 455/469/455 476/472/476 458/468/458
f 476/472/476 462/473/462 426/471/426
f 450/439/450 422/442/422 462/473/462
f 423/441/423 450/439/450 476/472/476
f 428/474/428 456/476/456 477/475/477
f 460/477/460 477/475/477 461/478/461
f 477/475/477 449/434/449 421/479/421
f 456/476/456 424/431/424 449/434/449
f 441/481/441 478/483/478 448/480/448
f 448/480/448 478/483/478 453/482/453
f 478/483/478 451/485/451 421/484/421
f 423/486/423 451/485/451 478/483/478
f 416/487/416 464/489/464 479/488/479
f 434/490/434 479/488/479 431/491/431
f 479/488/479 460/493/460 425/492/425
f 464/489/464 428/474/428 460/493/460
f 463/495/463 480/498/480 433/494/433
f 480/498/480 436/499/436 415/497/415
f 458/500/458 426/750/426 436/499/436
f 427/501/427 458/500/458 480/498/480
f 436/502/436 481/504/481 435/397/435
f 435/397/435 481/504/481 464/503/464
f 481/504/481 457/506/457 428/505/428
f 426/507/426 457/506/457 481/504/481
f 455/508/455 482/510/482 451/485/451
f 451/485/451 482/510/482 461/509/461
f 482/510/482 459/512/459 425/511/425
f 427/513/427 459/512/459 482/510/482
f 516/522/516 575/526/575 573/523/573
f 484/525/484 517/608/517 575/526/575
f 575/526/575 517/608/517 486/527/486
f 573/523/573 575/526/575 571/528/571
f 512/530/512 571/533/571 576/531/576
f 571/533/571 486/624/486 520/534/520
f 576/531/576 520/534/520 490/535/490
f 568/532/568 576/531/576 572/536/572
f 513/538/513 572/541/572 577/539/577
f 572/541/572 490/564/490 523/542/523
f 523/542/523 488/561/488 574/543/574
f 577/539/577 574/543/574 514/544/514
f 574/545/574 578/549/578 567/546/567
f 488/548/488 526/550/526 578/549/578
f 526/550/526 484/615/484 516/551/516
f 578/549/578 516/551/516 511/552/511
f 485/553/485 519/557/519 579/554/579
f 489/556/489 522/751/522 579/554/579
f 579/554/579 522/751/522 487/558/487
f 579/554/579 525/559/525 483/560/483
f 488/561/488 523/565/523 580/562/580
f 490/564/490 539/566/539 580/562/580
f 539/566/539 497/752/497 537/567/537
f 540/563/540 580/562/580 537/567/537
f 564/569/564 581/573/581 565/570/565
f 494/572/494 531/574/531 581/573/581
f 531/574/531 491/714/491 527/575/527
f 581/573/581 527/575/527 510/576/510
f 508/577/508 563/580/563 582/578/582
f 563/580/563 493/715/493 532/581/532
f 532/581/532 494/719/494 564/582/564
f 582/578/582 564/582/564 509/583/509
f 507/584/507 562/587/562 583/585/583
f 562/587/562 492/720/492 533/588/533
f 583/585/583 533/588/533 493/589/493
f 561/586/561 583/585/583 563/590/563
f 527/592/527 584/596/584 559/593/559
f 491/595/491 534/725/534 584/596/584
f 584/596/584 534/725/534 492/597/492
f 559/593/559 584/596/584 562/598/562
f 495/600/495 538/603/538 585/601/585
f 538/603/538 498/645/498 547/604/547
f 585/601/585 547/604/547 502/605/502
f 548/602/548 585/601/585 546/606/546
f 517/608/517 586/611/586 542/609/542
f 517/608/517 484/525/484 541/610/541
f 586/611/586 541/610/541 495/612/495
f 586/611/586 535/613/535 496/614/496
f 484/615/484 526/618/526 587/616/587
f 526/618/526 488/548/488 540/619/540
f 587/616/587 540/619/540 498/620/498
f 541/617/541 587/616/587 538/621/538
f 520/534/520 588/625/588 539/623/539
f 486/624/486 542/626/542 588/625/588
f 542/626/542 496/753/496 536/627/536
f 588/625/588 536/627/536 497/628/497
f 502/629/502 545/633/545 589/630/589
f 501/632/501 555/634/555 589/630/589
f 555/634/555 505/754/505 553/635/553
f 556/631/556 589/630/589 553/635/553
f 536/637/536 590/641/590 550/638/550
f 496/640/496 549/642/549 590/641/590
f 549/642/549 500/652/500 544/643/544
f 590/641/590 544/643/544 501/644/501
f 498/645/498 537/647/537 591/646/591
f 497/639/497 550/638/550 591/646/591
f 550/638/550 501/644/501 545/648/545
f 547/604/547 591/646/591 545/648/545
f 535/649/535 592/650/592 549/642/549
f 535/649/535 495/600/495 548/602/548
f 592/650/592 548/602/548 499/607/499
f 592/650/592 543/651/543 500/652/500
f 505/653/505 552/657/552 593/654/593
f 504/656/504 551/755/551 593/654/593
f 593/654/593 551/755/551 503/658/503
f 593/654/593 554/659/554 506/660/506
f 543/661/543 594/665/594 558/662/558
f 543/661/543 499/756/499 557/664/557
f 557/664/557 503/757/503 551/666/551
f 558/662/558 594/665/594 551/666/551
f 499/668/499 546/671/546 595/669/595
f 546/671/546 502/758/502 556/672/556
f 595/669/595 556/672/556 506/673/506
f 557/670/557 595/669/595 554/674/554
f 544/676/544 596/680/596 555/677/555
f 500/679/500 558/681/558 596/680/596
f 558/681/558 504/759/504 552/682/552
f 596/680/596 552/682/552 505/683/505
f 566/684/566 597/687/597 515/685/515
f 510/594/510 559/760/559 597/687/597
f 597/687/597 559/760/559 507/599/507
f 515/685/515 597/687/597 518/688/518
f 485/690/485 518/693/518 598/691/598
f 518/693/518 507/761/507 561/694/561
f 598/691/598 561/694/561 508/591/508
f 598/691/598 521/695/521 489/696/489
f 521/697/521 599/700/599 522/698/522
f 521/697/521 508/577/508 560/579/560
f 560/579/560 509/583/509 524/701/524
f 522/698/522 599/700/599 524/701/524
f 487/703/487 524/707/524 600/704/600
f 509/706/509 565/708/565 600/704/600
f 565/708/565 510/576/510 566/709/566
f 600/704/600 566/709/566 483/710/483
f 530/711/530 601/712/601 531/574/531
f 514/547/514 567/546/567 601/712/601
f 567/546/567 511/552/511 569/713/569
f 601/712/601 569/713/569 491/714/491
f 493/715/493 529/717/529 602/716/602
f 529/717/529 513/538/513 570/540/570
f 570/540/570 514/544/514 530/718/530
f 602/716/602 530/718/530 494/719/494
f 492/720/492 528/722/528 603/721/603
f 528/722/528 512/530/512 568/532/568
f 603/721/603 568/532/568 513/537/513
f 533/588/533 603/721/603 529/723/529
f 569/724/569 604/726/604 534/725/534
f 511/524/511 573/523/573 604/726/604
f 604/726/604 573/523/573 512/529/512
f 534/725/534 604/726/604 528/727/528
o Engines
v 0.034974 -1.335302 -2.316203
v 0.034974 -0.763680 -2.316203
v 0.034974 -1.335302 -2.887825
v 0.034974 -0.763680 -2.887825
v 1.656148 -1.393564 -2.257941
v 1.656148 -0.705417 -2.257941
v 1.656148 -1.393564 -2.946088
v 1.656148 -0.705418 -2.946088
v 1.820678 -0.752818 -2.898687
v 1.820678 -1.346164 -2.898687
v 1.820678 -1.346164 -2.305341
v 1.820678 -0.752818 -2.305342
v 1.799294 -0.801805 -2.849700
v 1.799294 -1.297177 -2.849700
v 1.799294 -1.297177 -2.354328
v 1.799294 -0.801805 -2.354328
v 1.690187 -0.845657 -2.805848
v 1.690187 -1.253325 -2.805848
v 1.690187 -1.253325 -2.398180
v 1.690187 -0.845657 -2.398180
v 1.661335 -0.972126 -2.679379
v 1.661335 -1.126855 -2.679379
v 1.661335 -1.126855 -2.524650
v 1.661335 -0.972126 -2.524650
v -0.138183 -1.231285 -2.783809
v -0.138183 -1.231285 -2.420220
v -0.138183 -0.867696 -2.420220
v -0.138183 -0.867696 -2.783809
v -0.542344 -1.148376 -2.700899
v -0.542344 -1.148376 -2.503130
v -0.542344 -0.950606 -2.503130
v -0.542344 -0.950606 -2.700899
v -0.379873 -1.116290 -2.668813
v -0.379873 -1.116290 -2.535215
v -0.379873 -0.982692 -2.535215
v -0.379873 -0.982692 -2.668813
v 1.093844 -1.427923 -2.980447
v 1.093844 -0.671059 -2.980447
v 1.093844 -1.427923 -2.223582
v 1.093844 -0.671059 -2.223582
v 0.367699 -1.409316 -2.961839
v 0.367699 -0.689666 -2.242189
v 0.367699 -0.689666 -2.961839
v 0.367699 -1.409316 -2.242189
v 1.685253 -1.006145 -2.645360
v 1.685253 -1.092837 -2.645360
v 1.685253 -1.092837 -2.558668
v 1.685253 -1.006145 -2.558668
v 1.738958 -1.022682 -2.628823
v 1.738958 -1.076300 -2.628823
v 1.738958 -1.076300 -2.575205
v 1.738958 -1.022682 -2.575205
v -0.227904 -1.206535 -2.759058
v -0.227904 -0.892447 -2.759058
v -0.227904 -0.892447 -2.444970
v -0.227904 -1.206535 -2.444970
v -0.478971 -1.164722 -2.717246
v -0.478971 -0.934260 -2.486783
v -0.478971 -0.934260 -2.717246
v -0.478971 -1.164722 -2.486783
v -0.435448 -0.957780 -2.693725
v -0.435448 -0.957780 -2.510303
v -0.435448 -1.141202 -2.510303
v -0.435448 -1.141202 -2.693725
v -0.094081 -1.281234 -2.370272
v -0.094081 -1.281234 -2.833757
v -0.094081 -0.817748 -2.833757
v -0.094081 -0.817748 -2.370272
v 0.034974 -1.442481 -2.602014
v 0.034975 -1.049491 -2.209024
v 0.034974 -0.656500 -2.602014
v 0.034974 -1.049491 -2.995005
v 0.154324 -1.373961 -2.926485
v 1.423481 -0.684528 -2.966977
v 1.656148 -1.049491 -3.075115
v 1.656148 -1.522592 -2.602014
v 1.656148 -0.576390 -2.602014
v 1.656148 -1.049491 -2.128913
v 1.423481 -1.414454 -2.237051
v 0.154324 -0.725020 -2.277544
v 1.820678 -1.049491 -3.009939
v 1.820678 -1.457416 -2.602014
v 1.820678 -0.641566 -2.602014
v 1.820678 -1.049491 -2.194089
v 1.776969 -1.370957 -2.280548
v 1.776969 -0.728025 -2.280548
v 1.776969 -1.370957 -2.923481
v 1.776969 -0.728025 -2.923481
v 1.799294 -1.049491 -2.942582
v 1.799294 -1.390059 -2.602014
v 1.799294 -0.708923 -2.602014
v 1.799294 -1.049491 -2.261446
v 1.826160 -0.779908 -2.332432
v 1.826160 -0.779908 -2.871597
v 1.826160 -1.319073 -2.871597
v 1.826160 -1.319073 -2.332432
v 1.690187 -1.049491 -2.882286
v 1.690187 -1.329763 -2.602014
v 1.690187 -0.769219 -2.602014
v 1.690187 -1.049491 -2.321743
v 1.744102 -0.815768 -2.368292
v 1.744102 -0.815768 -2.835737
v 1.744102 -1.283213 -2.835737
v 1.744102 -1.283213 -2.368292
v 1.661335 -1.049491 -2.708390
v 1.661335 -1.155867 -2.602014
v 1.661335 -0.943115 -2.602014
v 1.661335 -1.049491 -2.495638
v 1.664942 -1.189892 -2.461613
v 1.664942 -0.909090 -2.461613
v 1.664942 -1.189892 -2.742415
v 1.664942 -0.909090 -2.742415
v 1.667325 -0.999993 -2.552516
v 1.667325 -1.098989 -2.552516
v 1.667325 -1.098989 -2.651512
v 1.667325 -0.999993 -2.651512
v -0.138183 -1.299459 -2.602014
v -0.138183 -1.049491 -2.352047
v -0.138183 -0.799523 -2.602014
v -0.138183 -1.049491 -2.851982
v -0.121487 -1.254104 -2.397402
v -0.043519 -1.306138 -2.858661
v -0.043519 -0.792844 -2.858661
v -0.121487 -0.844878 -2.397402
v -0.542344 -1.185457 -2.602014
v -0.542344 -1.049491 -2.466048
v -0.542344 -0.913525 -2.602014
v -0.542344 -1.049491 -2.737981
v -0.542822 -1.153364 -2.705888
v -0.162404 -0.880313 -2.771193
v -0.542822 -0.945617 -2.498141
v -0.162404 -1.218669 -2.432836
v -0.377150 -1.130797 -2.602014
v -0.377150 -1.049491 -2.520708
v -0.377150 -0.968185 -2.602014
v -0.377150 -1.049491 -2.683321
v -0.396161 -0.963575 -2.687930
v -0.494886 -0.954513 -2.507037
v -0.396161 -1.135407 -2.516098
v -0.494886 -1.144469 -2.696992
v 1.093844 -0.529147 -2.602014
v 1.093844 -1.569835 -2.602014
v 1.093844 -1.049491 -2.081670
v 1.423481 -1.414454 -2.966977
v 0.708880 -0.671543 -2.979962
v 0.708880 -1.427439 -2.224066
v 1.093844 -1.049491 -3.122359
v 1.423481 -0.684528 -2.237051
v 0.367699 -0.554731 -2.602014
v 0.367699 -1.544251 -2.602014
v 0.367699 -1.049491 -2.107255
v 0.367699 -1.049491 -3.096774
v 0.708880 -1.427439 -2.979962
v 0.708880 -0.671543 -2.224066
v 0.154324 -0.725020 -2.926485
v 0.154324 -1.373961 -2.277544
v 1.685253 -1.049491 -2.661615
v 1.685253 -1.109091 -2.602014
v 1.685253 -0.989890 -2.602014
v 1.685253 -1.049491 -2.542414
v 1.743751 -1.049491 -2.633918
v 1.743751 -1.081395 -2.602014
v 1.743751 -1.017587 -2.602014
v 1.743751 -1.049491 -2.570111
v 1.715806 -1.012341 -2.564864
v 1.715806 -1.012341 -2.639164
v 1.715806 -1.086641 -2.639164
v 1.715806 -1.086641 -2.564864
v -0.227904 -1.265427 -2.602014
v -0.227904 -0.833555 -2.602014
v -0.227904 -1.049491 -2.386079
v -0.162404 -1.218669 -2.771193
v -0.353027 -0.913285 -2.738220
v -0.162404 -0.880313 -2.432836
v -0.227904 -1.049491 -2.817950
v -0.353027 -1.185697 -2.465808
v -0.478972 -1.049491 -2.443571
v -0.478972 -0.891048 -2.602014
v -0.478972 -1.049491 -2.760457
v -0.478972 -1.207934 -2.602014
v -0.353027 -1.185697 -2.738220
v -0.353027 -0.913285 -2.465808
v -0.542822 -0.945617 -2.705888
v -0.542822 -1.153364 -2.498141
v -0.435448 -1.049491 -2.475912
v -0.435448 -1.049491 -2.728117
v -0.435448 -1.175594 -2.602014
v -0.494886 -0.954513 -2.696992
v -0.396161 -0.963575 -2.516098
v -0.494886 -1.144469 -2.507037
v -0.435448 -0.923388 -2.602014
v -0.396161 -1.135407 -2.687930
v -0.094081 -0.730845 -2.602014
v -0.094081 -1.049491 -2.920660
v -0.043519 -1.306138 -2.345367
v -0.094081 -1.049491 -2.283368
v -0.121487 -1.254104 -2.806627
v -0.121487 -0.844878 -2.806627
v -0.094081 -1.368137 -2.602014
v -0.043519 -0.792844 -2.345368
v -0.121487 -1.330833 -2.602014
v 1.423481 -1.049491 -3.103838
v 1.776969 -1.049491 -2.159998
v 0.154324 -1.049491 -2.155867
v 1.423481 -1.551315 -2.602014
v 0.154324 -0.603344 -2.602014
v 1.826160 -0.678815 -2.602014
v 1.776969 -1.491507 -2.602014
v 1.776969 -0.607475 -2.602014
v 1.776969 -1.049491 -3.044030
v 1.744102 -0.728122 -2.602014
v 1.826160 -1.049491 -2.972690
v 1.826160 -1.049491 -2.231338
v 1.826160 -1.420167 -2.602014
v 1.664942 -1.049491 -2.408963
v 1.744102 -1.049491 -2.923383
v 1.744102 -1.049491 -2.280646
v 1.744102 -1.370859 -2.602014
v 1.664942 -1.242542 -2.602014
v 1.664942 -0.856440 -2.602014
v 1.664942 -1.049491 -2.795066
v 1.667325 -0.981431 -2.602014
v 1.667325 -1.117551 -2.602014
v 1.667325 -1.049491 -2.533954
v 1.667325 -1.049491 -2.670074
v -0.542822 -1.049491 -2.744840
v -0.121487 -1.049491 -2.883357
v -0.121487 -1.049491 -2.320672
v -0.121487 -0.768148 -2.602014
v -0.395892 -0.931294 -2.602014
v -0.542822 -1.049491 -2.459188
v -0.542822 -0.906665 -2.602014
v -0.542822 -1.192317 -2.602014
v -0.371435 -1.049491 -2.602014
v -0.395892 -1.167688 -2.602014
v -0.395892 -1.049491 -2.720211
v -0.395892 -1.049491 -2.483817
v 1.423481 -0.547667 -2.602014
v 0.708880 -1.569170 -2.602014
v 1.423481 -1.049491 -2.100190
v 0.708880 -1.049491 -3.121693
v 0.154324 -1.049491 -3.048161
v 0.154324 -1.495638 -2.602014
v 0.708880 -0.529812 -2.602014
v 0.708880 -1.049491 -2.082335
v 1.716279 -0.998541 -2.602014
v 1.753809 -1.049491 -2.602014
v 1.716279 -1.049491 -2.652965
v 1.716279 -1.049491 -2.551064
v 1.716279 -1.100441 -2.602014
v -0.162404 -1.282111 -2.602014
v -0.162404 -0.816871 -2.602014
v -0.162404 -1.049491 -2.369394
v -0.162404 -1.049491 -2.834635
v -0.353027 -1.236774 -2.602014
v -0.353027 -0.862208 -2.602014
v -0.353027 -1.049491 -2.414731
v -0.353027 -1.049491 -2.789298
v -0.494886 -1.049491 -2.471420
v -0.494886 -1.049491 -2.732608
v -0.494886 -1.180085 -2.602014
v -0.494886 -0.918897 -2.602014
v -0.043519 -0.696602 -2.602014
v -0.043519 -1.049491 -2.249125
v -0.043519 -1.049491 -2.954904
v -0.043519 -1.402380 -2.602014
v 0.034974 -1.335302 2.316203
v 0.034974 -0.763680 2.316203
v 0.034974 -1.335302 2.887825
v 0.034974 -0.763680 2.887825
v 1.656148 -1.393564 2.257940
v 1.656148 -0.705417 2.257940
v 1.656148 -1.393564 2.946088
v 1.656148 -0.705417 2.946088
v 1.820678 -0.752818 2.898687
v 1.820678 -1.346164 2.898687
v 1.820678 -1.346163 2.305341
v 1.820678 -0.752818 2.305341
v 1.799294 -0.801805 2.849699
v 1.799294 -1.297176 2.849699
v 1.799294 -1.297176 2.354328
v 1.799294 -0.801805 2.354328
v 1.690187 -0.845657 2.805848
v 1.690187 -1.253325 2.805848
v 1.690187 -1.253325 2.398180
v 1.690187 -0.845657 2.398180
v 1.661335 -0.972126 2.679378
v 1.661335 -1.126855 2.679378
v 1.661335 -1.126855 2.524650
v 1.661335 -0.972126 2.524650
v -0.138183 -1.231285 2.783808
v -0.138183 -1.231285 2.420219
v -0.138183 -0.867696 2.420219
v -0.138183 -0.867696 2.783808
v -0.542344 -1.148376 2.700899
v -0.542344 -1.148376 2.503129
v -0.542344 -0.950606 2.503129
v -0.542344 -0.950606 2.700899
v -0.379873 -1.116290 2.668813
v -0.379873 -1.116290 2.535215
v -0.379873 -0.982691 2.535215
v -0.379873 -0.982691 2.668813
v 1.093844 -1.427923 2.980446
v 1.093844 -0.671059 2.980446
v 1.093844 -1.427923 2.223582
v 1.093844 -0.671059 2.223582
v 0.367699 -1.409316 2.961839
v 0.367699 -0.689666 2.242189
v 0.367699 -0.689666 2.961839
v 0.367699 -1.409316 2.242189
v 1.685253 -1.006145 2.645360
v 1.685253 -1.092837 2.645360
v 1.685253 -1.092837 2.558668
v 1.685253 -1.006145 2.558668
v 1.738958 -1.022682 2.628823
v 1.738958 -1.076300 2.628823
v 1.738958 -1.076300 2.575205
v 1.738958 -1.022682 2.575205
v -0.227904 -1.206535 2.759058
v -0.227904 -0.892447 2.759058
v -0.227904 -0.892447 2.444970
v -0.227904 -1.206535 2.444970
v -0.478971 -1.164722 2.717245
v -0.478971 -0.934260 2.486783
v -0.478971 -0.934260 2.717245
v -0.478971 -1.164722 2.486783
v -0.435448 -0.957780 2.693725
v -0.435448 -0.957780 2.510303
v -0.435448 -1.141202 2.510303
v -0.435448 -1.141202 2.693725
v -0.094081 -1.281233 2.370271
v -0.094081 -1.281233 2.833757
v -0.094081 -0.817748 2.833757
v -0.094081 -0.817748 2.370271
v 0.034974 -1.442481 2.602014
v 0.034975 -1.049491 2.209023
v 0.034974 -0.656500 2.602014
v 0.034974 -1.049491 2.995005
v 0.154324 -1.373961 2.926484
v 1.423481 -0.684528 2.966977
v 1.656148 -1.049491 3.075115
v 1.656148 -1.522592 2.602014
v 1.656148 -0.576390 2.602014
v 1.656148 -1.049491 2.128913
v 1.423481 -1.414454 2.237051
v 0.154324 -0.725020 2.277544
v 1.820678 -1.049491 3.009939
v 1.820678 -1.457416 2.602014
v 1.820678 -0.641566 2.602014
v 1.820678 -1.049491 2.194089
v 1.776969 -1.370957 2.280548
v 1.776969 -0.728025 2.280548
v 1.776969 -1.370957 2.923480
v 1.776969 -0.728025 2.923480
v 1.799294 -1.049491 2.942582
v 1.799294 -1.390059 2.602014
v 1.799294 -0.708923 2.602014
v 1.799294 -1.049491 2.261446
v 1.826160 -0.779908 2.332432
v 1.826160 -0.779908 2.871596
v 1.826160 -1.319073 2.871596
v 1.826160 -1.319073 2.332432
v 1.690187 -1.049491 2.882286
v 1.690187 -1.329762 2.602014
v 1.690187 -0.769219 2.602014
v 1.690187 -1.049491 2.321742
v 1.744102 -0.815768 2.368291
v 1.744102 -0.815768 2.835737
v 1.744102 -1.283213 2.835737
v 1.744102 -1.283213 2.368291
v 1.661335 -1.049491 2.708390
v 1.661335 -1.155867 2.602014
v 1.661335 -0.943115 2.602014
v 1.661335 -1.049491 2.495638
v 1.664942 -1.189892 2.461613
v 1.664942 -0.909090 2.461613
v 1.664942 -1.189892 2.742415
v 1.664942 -0.909090 2.742415
v 1.667325 -0.999993 2.552516
v 1.667325 -1.098989 2.552516
v 1.667325 -1.098989 2.651512
v 1.667325 -0.999993 2.651512
v -0.138183 -1.299458 2.602014
v -0.138183 -1.049491 2.352046
v -0.138183 -0.799523 2.602014
v -0.138183 -1.049491 2.851982
v -0.121487 -1.254104 2.397401
v -0.043519 -1.306137 2.858660
v -0.043519 -0.792844 2.858660
v -0.121487 -0.844878 2.397401
v -0.542344 -1.185457 2.602014
v -0.542344 -1.049491 2.466048
v -0.542344 -0.913525 2.602014
v -0.542344 -1.049491 2.737980
v -0.542822 -1.153364 2.705888
v -0.162404 -0.880312 2.771192
v -0.542822 -0.945617 2.498140
v -0.162404 -1.218669 2.432836
v -0.377150 -1.130797 2.602014
v -0.377150 -1.049491 2.520708
v -0.377150 -0.968185 2.602014
v -0.377150 -1.049491 2.683320
v -0.396161 -0.963575 2.687930
v -0.494886 -0.954513 2.507036
v -0.396161 -1.135407 2.516098
v -0.494886 -1.144468 2.696992
v 1.093844 -0.529146 2.602014
v 1.093844 -1.569835 2.602014
v 1.093844 -1.049491 2.081670
v 1.423481 -1.414454 2.966977
v 0.708880 -0.671543 2.979962
v 0.708880 -1.427439 2.224066
v 1.093844 -1.049491 3.122358
v 1.423481 -0.684528 2.237051
v 0.367699 -0.554731 2.602014
v 0.367699 -1.544250 2.602014
v 0.367699 -1.049491 2.107254
v 0.367699 -1.049491 3.096774
v 0.708880 -1.427439 2.979962
v 0.708880 -0.671543 2.224066
v 0.154324 -0.725020 2.926484
v 0.154324 -1.373961 2.277544
v 1.685253 -1.049491 2.661615
v 1.685253 -1.109091 2.602014
v 1.685253 -0.989890 2.602014
v 1.685253 -1.049491 2.542413
v 1.743751 -1.049491 2.633918
v 1.743751 -1.081395 2.602014
v 1.743751 -1.017587 2.602014
v 1.743751 -1.049491 2.570110
v 1.715806 -1.012341 2.564864
v 1.715806 -1.012341 2.639164
v 1.715806 -1.086641 2.639164
v 1.715806 -1.086641 2.564864
v -0.227904 -1.265426 2.602014
v -0.227904 -0.833555 2.602014
v -0.227904 -1.049491 2.386078
v -0.162404 -1.218669 2.771192
v -0.353027 -0.913285 2.738220
v -0.162404 -0.880312 2.432836
v -0.227904 -1.049491 2.817950
v -0.353027 -1.185697 2.465808
v -0.478972 -1.049491 2.443571
v -0.478972 -0.891048 2.602014
v -0.478972 -1.049491 2.760457
v -0.478972 -1.207934 2.602014
v -0.353027 -1.185697 2.738220
v -0.353027 -0.913285 2.465808
v -0.542822 -0.945617 2.705888
v -0.542822 -1.153364 2.498140
v -0.435448 -1.049491 2.475911
v -0.435448 -1.049491 2.728117
v -0.435448 -1.175593 2.602014
v -0.494886 -0.954513 2.696992
v -0.396161 -0.963575 2.516098
v -0.494886 -1.144468 2.507036
v -0.435448 -0.923388 2.602014
v -0.396161 -1.135407 2.687930
v -0.094081 -0.730845 2.602014
v -0.094081 -1.049491 2.920660
v -0.043519 -1.306137 2.345367
v -0.094081 -1.049491 2.283368
v -0.121487 -1.254104 2.806627
v -0.121487 -0.844878 2.806627
v -0.094081 -1.368137 2.602014
v -0.043519 -0.792844 2.345367
v -0.121487 -1.330833 2.602014
v 1.423481 -1.049491 3.103838
v 1.776969 -1.049491 2.159998
v 0.154324 -1.049491 2.155867
v 1.423481 -1.551315 2.602014
v 0.154324 -0.603344 2.602014
v 1.826160 -0.678815 2.602014
v 1.776969 -1.491507 2.602014
v 1.776969 -0.607475 2.602014
v 1.776969 -1.049491 3.044030
v 1.744102 -0.728122 2.602014
v 1.826160 -1.049491 2.972690
v 1.826160 -1.049491 2.231338
v 1.826160 -1.420167 2.602014
v 1.664942 -1.049491 2.408963
v 1.744102 -1.049491 2.923382
v 1.744102 -1.049491 2.280646
v 1.744102 -1.370859 2.602014
v 1.664942 -1.242542 2.602014
v 1.664942 -0.856440 2.602014
v 1.664942 -1.049491 2.795065
v 1.667325 -0.981431 2.602014
v 1.667325 -1.117551 2.602014
v 1.667325 -1.049491 2.533954
v 1.667325 -1.049491 2.670074
v -0.542822 -1.049491 2.744840
v -0.121487 -1.049491 2.883356
v -0.121487 -1.049491 2.320672
v -0.121487 -0.768148 2.602014
v -0.395892 -0.931294 2.602014
v -0.542822 -1.049491 2.459188
v -0.542822 -0.906665 2.602014
v -0.542822 -1.192317 2.602014
v -0.371435 -1.049491 2.602014
v -0.395892 -1.167688 2.602014
v -0.395892 -1.049491 2.720211
v -0.395892 -1.049491 2.483817
v 1.423481 -0.547667 2.602014
v 0.708880 -1.569170 2.602014
v 1.423481 -1.049491 2.100190
v 0.708880 -1.049491 3.121692
v 0.154324 -1.049491 3.048161
v 0.154324 -1.495638 2.602014
v 0.708880 -0.529812 2.602014
v 0.708880 -1.049491 2.082335
v 1.716279 -0.998540 2.602014
v 1.753809 -1.049491 2.602014
v 1.716279 -1.049491 2.652964
v 1.716279 -1.049491 2.551064
v 1.716279 -1.100441 2.602014
v -0.162404 -1.282111 2.602014
v -0.162404 -0.816871 2.602014
v -0.162404 -1.049491 2.369394
v -0.162404 -1.049491 2.834634
v -0.353027 -1.236774 2.602014
v -0.353027 -0.862208 2.602014
v -0.353027 -1.049491 2.414731
v -0.353027 -1.049491 2.789297
v -0.494886 -1.049491 2.471420
v -0.494886 -1.049491 2.732608
v -0.494886 -1.180085 2.602014
v -0.494886 -0.918897 2.602014
v -0.043519 -0.696602 2.602014
v -0.043519 -1.049491 2.249125
v -0.043519 -1.049491 2.954903
v -0.043519 -1.402380 2.602014
v 0.510331 -0.403226 -2.490057
v 0.510331 -0.390927 -2.579603
v 0.364179 -0.656156 -2.406368
v 0.364179 -0.623615 -2.751675
v 0.810933 -0.403226 -2.490057
v 0.810933 -0.390927 -2.579603
v 1.168552 -0.656156 -2.406368
v 1.168552 -0.623615 -2.751675
v 0.510331 -0.403226 2.621570
v 0.510331 -0.390927 2.711116
v 0.364179 -0.656156 2.537881
v 0.364179 -0.623615 2.883188
v 0.810933 -0.403226 2.621570
v 0.810933 -0.390927 2.711116
v 1.168552 -0.656156 2.537881
v 1.168552 -0.623615 2.883188
vn -0.6786 -0.7345 -0.0000
vn -0.8452 -0.3779 -0.3779
vn -0.6849 -0.5152 -0.5152
vn -0.8452 -0.3779 0.3779
vn -0.8398 -0.5429 -0.0000
vn -0.7938 -0.4300 0.4300
vn -0.7813 -0.6241 -0.0000
vn -0.7938 -0.4300 -0.4300
vn 0.0270 -0.0000 -0.9996
vn 0.0912 -0.7042 -0.7042
vn 0.0278 -0.7068 -0.7068
vn 0.0912 0.7042 -0.7042
vn 0.0888 -0.0000 -0.9960
vn 0.1886 0.6944 -0.6944
vn 0.1841 -0.0000 -0.9829
vn 0.1886 -0.6944 -0.6944
vn 0.1841 -0.0000 0.9829
vn 0.4352 0.6366 0.6366
vn 0.1886 0.6944 0.6944
vn 0.4352 -0.6366 0.6366
vn 0.4291 -0.0000 0.9033
vn 0.8363 -0.3877 0.3877
vn 0.8377 -0.0000 0.5462
vn 0.8363 0.3877 0.3877
vn -0.1460 -0.0000 0.9893
vn -0.3176 -0.6705 0.6705
vn -0.1495 -0.6992 0.6992
vn -0.3176 0.6705 0.6705
vn -0.3109 -0.0000 0.9504
vn -0.4385 0.6355 0.6355
vn -0.4290 -0.0000 0.9033
vn -0.4385 -0.6355 0.6355
vn 0.0270 -0.9996 -0.0000
vn 0.0888 -0.9960 -0.0000
vn 0.1886 -0.6944 0.6944
vn 0.0912 -0.7042 0.7042
vn 0.0278 -0.7068 0.7068
vn -0.3176 0.6705 -0.6705
vn -0.1460 0.9893 -0.0000
vn -0.1495 0.6992 -0.6992
vn -0.4385 0.6355 -0.6355
vn -0.3109 0.9504 -0.0000
vn -0.1495 0.6992 0.6992
vn 0.8377 0.5462 -0.0000
vn 0.9865 -0.1158 0.1158
vn 0.8363 0.3877 -0.3877
vn 0.9865 -0.1158 -0.1158
vn 0.9829 -0.1839 -0.0000
vn 0.6014 -0.5650 -0.5650
vn 0.5863 -0.8101 -0.0000
vn 0.6014 -0.5650 0.5650
vn 0.1841 -0.9829 -0.0000
vn 0.4352 -0.6366 -0.6366
vn 0.4291 -0.9033 -0.0000
vn 0.8363 -0.3877 -0.3877
vn 0.8377 -0.5462 -0.0000
vn 0.1841 0.9829 -0.0000
vn 0.4352 0.6366 -0.6366
vn 0.4291 0.9033 -0.0000
vn 0.4291 -0.0000 -0.9033
vn 0.8377 -0.0000 -0.5462
vn 0.4697 -0.6242 0.6242
vn 0.4697 -0.6242 -0.6242
vn 0.4625 -0.8866 -0.0000
vn 0.8016 -0.4227 -0.4227
vn 0.8009 -0.5987 -0.0000
vn 0.8016 -0.4227 0.4227
vn 0.9865 0.1158 0.1158
vn 0.9829 -0.0000 0.1839
vn 0.5863 -0.0000 0.8101
vn 0.6014 0.5650 0.5650
vn 0.9865 0.1158 -0.1158
vn 0.9829 -0.0000 -0.1839
vn 0.6014 0.5650 -0.5650
vn 0.5863 -0.0000 -0.8101
vn 0.9829 0.1839 -0.0000
vn 0.5863 0.8101 -0.0000
vn 0.8009 -0.0000 -0.5987
vn 0.9825 -0.1319 -0.1319
vn 0.9825 0.1319 -0.1319
vn 0.9824 -0.0000 -0.1866
vn 0.9996 -0.0206 0.0206
vn 0.9994 -0.0000 0.0342
vn 0.9996 0.0206 0.0206
vn 0.4697 0.6242 0.6242
vn 0.4625 -0.0000 0.8866
vn 0.8009 -0.0000 0.5987
vn 0.8016 0.4227 0.4227
vn 0.4697 0.6242 -0.6242
vn 0.4625 -0.0000 -0.8866
vn 0.8016 0.4227 -0.4227
vn 0.4625 0.8866 -0.0000
vn 0.8009 0.5987 -0.0000
vn 0.9825 0.1319 0.1319
vn 0.9824 0.1866 -0.0000
vn 0.9996 -0.0206 -0.0206
vn 0.9994 -0.0342 -0.0000
vn 0.9825 -0.1319 0.1319
vn 0.9824 -0.1866 -0.0000
vn 0.9994 0.0342 -0.0000
vn 0.9996 0.0206 -0.0206
vn 0.9824 -0.0000 0.1866
vn 0.9994 -0.0000 -0.0342
vn 0.8771 0.3396 -0.3396
vn 0.8771 0.3396 0.3396
vn 0.8647 0.5023 -0.0000
vn 0.3650 0.6583 0.6583
vn 0.3551 0.9348 -0.0000
vn 0.3650 0.6583 -0.6583
vn 0.8771 -0.3396 0.3396
vn 0.8771 -0.3396 -0.3396
vn 0.8647 -0.5023 -0.0000
vn 0.3650 -0.6583 -0.6583
vn 0.3551 -0.9348 -0.0000
vn 0.3650 -0.6583 0.6583
vn 0.8647 -0.0000 0.5023
vn 0.3551 -0.0000 0.9348
vn 0.8647 -0.0000 -0.5023
vn 0.3551 -0.0000 -0.9348
vn -0.2301 -0.0000 -0.9732
vn -0.7667 0.4539 -0.4539
vn -0.2362 0.6871 -0.6871
vn -0.7667 -0.4539 -0.4539
vn -0.7757 -0.0000 -0.6312
vn -0.8433 0.3800 0.3800
vn -0.8280 -0.0000 0.5608
vn -0.8433 -0.3800 0.3800
vn -0.6786 -0.0000 -0.7345
vn -0.8452 0.3779 -0.3779
vn -0.6849 0.5152 -0.5152
vn -0.8398 -0.0000 -0.5429
vn -0.7813 -0.0000 -0.6241
vn -0.7938 0.4300 -0.4300
vn -0.6786 -0.0000 0.7345
vn -0.6849 -0.5152 0.5152
vn -0.8452 0.3779 0.3779
vn -0.8398 -0.0000 0.5429
vn -0.7938 0.4300 0.4300
vn -0.7813 -0.0000 0.6241
vn -0.6786 0.7345 -0.0000
vn -0.6849 0.5152 0.5152
vn -0.8398 0.5429 -0.0000
vn -0.7813 0.6241 -0.0000
vn -0.1348 -0.9909 -0.0000
vn -0.5500 -0.5905 -0.5905
vn -0.1392 -0.7002 -0.7002
vn -0.5500 -0.5905 0.5905
vn -0.5731 -0.8195 -0.0000
vn -0.9317 -0.2568 0.2568
vn -0.9580 -0.2867 -0.0000
vn -0.9317 -0.2568 -0.2568
vn -0.2301 -0.0000 0.9732
vn -0.7667 -0.4539 0.4539
vn -0.2362 -0.6871 0.6871
vn -0.7667 0.4539 0.4539
vn -0.7757 -0.0000 0.6312
vn -0.8433 -0.3800 -0.3800
vn -0.8280 -0.0000 -0.5608
vn -0.8433 0.3800 -0.3800
vn -0.2301 0.9732 -0.0000
vn -0.2362 0.6871 0.6871
vn -0.7757 0.6311 -0.0000
vn -0.8280 -0.5608 -0.0000
vn -0.2301 -0.9732 -0.0000
vn -0.2362 -0.6871 -0.6871
vn -0.7757 -0.6311 -0.0000
vn -0.8280 0.5608 -0.0000
vn -0.9317 0.2568 -0.2568
vn -1.0000 -0.0000 -0.0000
vn -0.9580 0.2867 -0.0000
vn -0.9580 -0.0000 -0.2867
vn -0.9580 -0.0000 0.2867
vn -0.9317 0.2568 0.2568
vn -0.1348 0.9909 -0.0000
vn -0.5500 0.5905 0.5905
vn -0.1392 0.7002 0.7002
vn -0.5500 0.5905 -0.5905
vn -0.5731 0.8195 -0.0000
vn -0.1348 -0.0000 0.9909
vn -0.1392 -0.7002 0.7002
vn -0.5731 -0.0000 0.8195
vn -0.1348 -0.0000 -0.9909
vn -0.1392 0.7002 -0.7002
vn -0.5731 -0.0000 -0.8195
vn 0.0888 0.9960 -0.0000
vn 0.0270 0.9996 -0.0000
vn 0.0912 0.7042 0.7042
vn -0.1495 -0.6992 -0.6992
vn -0.0371 -0.9993 -0.0000
vn -0.1460 -0.9893 -0.0000
vn -0.0381 -0.7066 -0.7066
vn -0.0381 -0.7066 0.7066
vn 0.0888 -0.0000 0.9960
vn 0.0270 -0.0000 0.9996
vn -0.0371 -0.0000 -0.9993
vn -0.1460 -0.0000 -0.9893
vn -0.0381 0.7066 -0.7066
vn -0.4385 -0.6355 -0.6355
vn -0.3109 -0.0000 -0.9504
vn -0.3176 -0.6705 -0.6705
vn -0.4290 -0.0000 -0.9033
vn -0.3109 -0.9504 -0.0000
vn -0.4290 -0.9033 -0.0000
vn 0.0278 0.7068 -0.7068
vn -0.0371 0.9993 -0.0000
vn -0.0381 0.7066 0.7066
vn 0.0278 0.7068 0.7068
vn -0.0371 -0.0000 0.9993
vn 0.3973 0.6489 -0.6489
vn 0.3973 0.6489 0.6489
vn 0.4045 0.9145 -0.0000
vn 0.7226 0.4888 0.4888
vn 0.8105 0.5858 -0.0000
vn 0.7226 0.4888 -0.4888
vn 0.7226 -0.4888 -0.4888
vn 1.0000 -0.0000 -0.0000
vn 0.8105 -0.5858 -0.0000
vn 0.8104 -0.0000 -0.5858
vn 0.8105 -0.0000 0.5858
vn 0.7226 -0.4888 0.4888
vn 0.3973 -0.6489 -0.6489
vn 0.4045 -0.0000 -0.9145
vn 0.3973 -0.6489 0.6489
vn 0.4045 -0.0000 0.9145
vn 0.4045 -0.9145 -0.0000
vn -0.4525 -0.6306 -0.6306
vn -0.4525 -0.6306 0.6306
vn -0.4397 -0.8982 -0.0000
vn -0.2421 -0.6861 0.6861
vn -0.2356 -0.9718 -0.0000
vn -0.2421 -0.6861 -0.6861
vn -0.4525 0.6306 0.6306
vn -0.4525 0.6306 -0.6306
vn -0.4397 0.8982 -0.0000
vn -0.2421 0.6861 -0.6861
vn -0.2356 0.9718 -0.0000
vn -0.2421 0.6861 0.6861
vn -0.4397 -0.0000 0.8982
vn -0.2356 -0.0000 0.9718
vn -0.4397 -0.0000 -0.8982
vn -0.2356 -0.0000 -0.9718
vn -0.2293 -0.6883 -0.6883
vn -0.2293 -0.6883 0.6883
vn -0.2232 -0.9748 -0.0000
vn -0.2293 0.6883 0.6883
vn -0.2293 0.6883 -0.6883
vn -0.2232 0.9748 -0.0000
vn -0.2232 -0.0000 0.9748
vn -0.2232 -0.0000 -0.9748
vn -0.0970 0.7038 -0.7038
vn -0.0970 -0.7038 -0.7038
vn -0.0943 -0.0000 -0.9955
vn -0.0970 -0.7038 0.7038
vn -0.0970 0.7038 0.7038
vn -0.0943 -0.0000 0.9955
vn -0.0943 0.9955 -0.0000
vn -0.0943 -0.9955 -0.0000
vn -0.4290 0.9033 -0.0000
vn -0.5131 0.6069 0.6069
vn -0.5131 0.6069 -0.6069
vn -0.5037 0.8639 -0.0000
vn -0.5131 -0.6069 0.6069
vn -0.5037 -0.0000 0.8639
vn -0.5131 -0.6069 -0.6069
vn -0.5037 -0.0000 -0.8639
vn -0.5037 -0.8639 -0.0000
vn 0.8104 -0.5858 -0.0000
vn -0.8533 0.5166 0.0709
vn -0.0000 -0.9956 -0.0938
vn 0.5559 0.8235 0.1131
vn -0.0000 0.9907 0.1361
vn -0.0000 0.3141 0.9494
vn -0.0000 0.5946 -0.8040
vn -0.8533 0.5165 -0.0709
vn -0.0000 -0.9956 0.0938
vn 0.5696 0.8183 -0.0771
vn -0.0000 0.9907 -0.1361
vn -0.0000 0.3141 -0.9494
vn -0.0000 0.5946 0.8040
vn -0.8614 0.5058 0.0477
vn 0.5696 0.8183 0.0771
vn -0.8614 0.5058 -0.0477
vn 0.5559 0.8235 -0.1131
s 1
usemtl Engine
f 803//605 801//606 670//607
f 803//605 725//608 805//609
f 805//609 630//610 721//611
f 805//609 629//612 801//606
f 751//613 748//614 641//615
f 751//613 678//616 806//617
f 806//617 612//618 679//619
f 806//617 611//620 748//614
f 755//629 760//630 648//631
f 755//629 684//632 808//633
f 808//633 606//634 674//635
f 808//633 605//636 760//630
f 748//614 746//637 641//615
f 611//620 809//638 748//614
f 809//638 609//639 683//640
f 746//637 683//640 643//641
f 759//642 753//643 647//644
f 608//645 810//646 759//642
f 810//646 606//634 684//632
f 753//643 684//632 646//647
f 798//732 802//733 671//734
f 798//732 801//606 831//735
f 831//735 629//612 724//736
f 831//735 632//737 802//733
f 800//738 725//608 669//739
f 800//738 728//740 832//741
f 832//741 631//742 722//743
f 832//741 630//610 725//608
f 797//744 728//740 672//745
f 797//744 802//733 833//746
f 833//746 632//737 723//747
f 833//746 631//742 728//740
f 612//618 842//789 681//661
f 678//616 745//790 842//789
f 745//790 752//791 842//789
f 842//789 610//623 681//661
f 645//792 843//793 754//794
f 757//795 746//637 843//793
f 746//637 750//796 843//793
f 843//793 648//631 754//794
f 609//639 844//797 683//640
f 610//623 844//797 682//621
f 752//791 747//798 844//797
f 683//640 747//798 643//641
f 645//792 845//799 757//795
f 647//644 845//799 756//800
f 749//801 751//613 845//799
f 757//795 751//613 641//615
f 607//802 846//803 677//804
f 608//645 846//803 676//805
f 759//642 756//800 846//803
f 677//804 756//800 645//792
f 607//802 847//806 673//807
f 677//804 754//794 847//806
f 754//794 760//630 847//806
f 847//806 605//636 673//807
f 749//801 745//790 642//808
f 647//644 848//809 749//801
f 848//809 646//647 758//810
f 745//790 758//810 644//811
f 747//798 750//796 643//641
f 747//798 758//810 849//812
f 849//812 646//647 755//629
f 849//812 648//631 750//796
f 675//862 804//863 606//634
f 675//862 727//864 867//865
f 867//865 671//734 797//744
f 867//865 672//745 804//863
f 674//635 799//866 605//636
f 674//635 804//863 868//867
f 868//867 672//745 800//738
f 868//867 669//739 799//866
f 676//805 727//864 608//645
f 676//805 726//868 869//869
f 869//869 670//607 798//732
f 869//869 671//734 727//864
f 673//807 726//868 607//802
f 673//807 799//866 870//870
f 870//870 669//739 803//605
f 870//870 670//607 726//868
f 1067//608 1069//605 936//739
f 1069//605 991//606 935//607
f 1071//609 896//612 991//606
f 895//610 1071//609 1067//608
f 1014//640 1017//798 907//641
f 1017//798 944//791 908//811
f 1072//797 878//623 944//791
f 877//639 1072//797 1014//640
f 1026//804 1021//800 914//792
f 1021//800 950//642 912//644
f 1074//803 872//645 950//642
f 871//802 1074//803 1026//804
f 1012//637 1014//640 907//641
f 1075//638 877//639 1014//640
f 1075//638 875//620 946//656
f 1012//637 949//614 1075//638
f 1019//643 1025//632 913//647
f 1076//646 874//634 1025//632
f 1076//646 872//645 941//862
f 1019//643 950//642 1076//646
f 1068//740 1064//738 937//745
f 1064//738 1067//608 936//739
f 1097//741 895//610 1067//608
f 898//742 1097//741 1068//740
f 991//606 1066//732 935//607
f 1066//732 994//733 938//734
f 1098//735 897//737 994//733
f 896//612 1098//735 991//606
f 994//733 1063//744 938//734
f 1063//744 1068//740 937//745
f 1099//746 898//742 1068//740
f 897//737 1099//746 994//733
f 878//623 1108//789 944//791
f 944//791 1011//790 908//811
f 1018//616 1011//790 1108//789
f 876//618 1108//789 947//661
f 911//631 1109//793 1023//796
f 1023//796 1012//637 907//641
f 1016//795 1012//637 1109//793
f 914//792 1109//793 1020//794
f 875//620 1110//617 948//619
f 1110//617 876//618 948//619
f 1013//613 1018//616 1110//617
f 949//614 1013//613 1110//617
f 911//631 1111//812 1022//629
f 1111//812 913//647 1022//629
f 1017//798 1015//810 1111//812
f 1023//796 1017//798 1111//812
f 873//636 1112//633 942//635
f 1112//633 874//634 942//635
f 1022//629 1025//632 1112//633
f 943//630 1022//629 1112//633
f 873//636 1113//806 943//630
f 943//630 1020//794 911//631
f 1026//804 1020//794 1113//806
f 871//802 1113//806 939//807
f 1011//790 1015//810 908//811
f 1114//809 913//647 1015//810
f 1114//809 912//644 1019//643
f 1011//790 1024//801 1114//809
f 1016//795 1013//613 909//615
f 1013//613 1024//801 910//808
f 1115//799 912//644 1024//801
f 914//792 1115//799 1016//795
f 1070//864 941//862 872//645
f 941//862 993//863 874//634
f 1133//865 937//745 993//863
f 938//734 1133//865 1070//864
f 1065//868 940//805 871//802
f 940//805 1070//864 872//645
f 1134//869 938//734 1070//864
f 935//607 1134//869 1065//868
f 993//863 942//635 874//634
f 942//635 992//866 873//636
f 1135//867 936//739 992//866
f 937//745 1135//867 993//863
f 992//866 939//807 873//636
f 939//807 1065//868 871//802
f 1136//870 935//607 1065//868
f 936//739 1136//870 992//866
f 803//605 805//609 801//606
f 803//605 669//739 725//608
f 805//609 725//608 630//610
f 805//609 721//611 629//612
f 751//613 806//617 748//614
f 751//613 642//808 678//616
f 806//617 678//616 612//618
f 806//617 679//619 611//620
f 755//629 808//633 760//630
f 755//629 646//647 684//632
f 808//633 684//632 606//634
f 808//633 674//635 605//636
f 748//614 809//638 746//637
f 611//620 680//656 809//638
f 809//638 680//656 609//639
f 746//637 809//638 683//640
f 759//642 810//646 753//643
f 608//645 675//862 810//646
f 810//646 675//862 606//634
f 753//643 810//646 684//632
f 798//732 831//735 802//733
f 798//732 670//607 801//606
f 831//735 801//606 629//612
f 831//735 724//736 632//737
f 800//738 832//741 725//608
f 800//738 672//745 728//740
f 832//741 728//740 631//742
f 832//741 722//743 630//610
f 797//744 833//746 728//740
f 797//744 671//734 802//733
f 833//746 802//733 632//737
f 833//746 723//747 631//742
f 612//618 678//616 842//789
f 678//616 642//808 745//790
f 745//790 644//811 752//791
f 842//789 752//791 610//623
f 645//792 757//795 843//793
f 757//795 641//615 746//637
f 746//637 643//641 750//796
f 843//793 750//796 648//631
f 609//639 682//621 844//797
f 610//623 752//791 844//797
f 752//791 644//811 747//798
f 683//640 844//797 747//798
f 645//792 756//800 845//799
f 647//644 749//801 845//799
f 749//801 642//808 751//613
f 757//795 845//799 751//613
f 607//802 676//805 846//803
f 608//645 759//642 846//803
f 759//642 647//644 756//800
f 677//804 846//803 756//800
f 607//802 677//804 847//806
f 677//804 645//792 754//794
f 754//794 648//631 760//630
f 847//806 760//630 605//636
f 749//801 848//809 745//790
f 647//644 753//643 848//809
f 848//809 753//643 646//647
f 745//790 848//809 758//810
f 747//798 849//812 750//796
f 747//798 644//811 758//810
f 849//812 758//810 646//647
f 849//812 755//629 648//631
f 675//862 867//865 804//863
f 675//862 608//645 727//864
f 867//865 727//864 671//734
f 867//865 797//744 672//745
f 674//635 868//867 799//866
f 674//635 606//634 804//863
f 868//867 804//863 672//745
f 868//867 800//738 669//739
f 676//805 869//869 727//864
f 676//805 607//802 726//868
f 869//869 726//868 670//607
f 869//869 798//732 671//734
f 673//807 870//870 726//868
f 673//807 605//636 799//866
f 870//870 799//866 669//739
f 870//870 803//605 670//607
f 1067//608 1071//609 1069//605
f 1069//605 1071//609 991//606
f 1071//609 987//611 896//612
f 895//610 987//611 1071//609
f 1014//640 1072//797 1017//798
f 1017//798 1072//797 944//791
f 1072//797 945//621 878//623
f 877//639 945//621 1072//797
f 1026//804 1074//803 1021//800
f 1021//800 1074//803 950//642
f 1074//803 940//805 872//645
f 871//802 940//805 1074//803
f 1012//637 1075//638 1014//640
f 1075//638 946//656 877//639
f 1075//638 949//614 875//620
f 1012//637 909//615 949//614
f 1019//643 1076//646 1025//632
f 1076//646 941//862 874//634
f 1076//646 950//642 872//645
f 1019//643 912//644 950//642
f 1068//740 1097//741 1064//738
f 1064//738 1097//741 1067//608
f 1097//741 990//743 895//610
f 898//742 990//743 1097//741
f 991//606 1098//735 1066//732
f 1066//732 1098//735 994//733
f 1098//735 988//736 897//737
f 896//612 988//736 1098//735
f 994//733 1099//746 1063//744
f 1063//744 1099//746 1068//740
f 1099//746 989//747 898//742
f 897//737 989//747 1099//746
f 878//623 947//661 1108//789
f 944//791 1108//789 1011//790
f 1018//616 910//808 1011//790
f 876//618 1018//616 1108//789
f 911//631 1020//794 1109//793
f 1023//796 1109//793 1012//637
f 1016//795 909//615 1012//637
f 914//792 1016//795 1109//793
f 875//620 949//614 1110//617
f 1110//617 1018//616 876//618
f 1013//613 910//808 1018//616
f 949//614 909//615 1013//613
f 911//631 1023//796 1111//812
f 1111//812 1015//810 913//647
f 1017//798 908//811 1015//810
f 1023//796 907//641 1017//798
f 873//636 943//630 1112//633
f 1112//633 1025//632 874//634
f 1022//629 913//647 1025//632
f 943//630 911//631 1022//629
f 873//636 939//807 1113//806
f 943//630 1113//806 1020//794
f 1026//804 914//792 1020//794
f 871//802 1026//804 1113//806
f 1011//790 1114//809 1015//810
f 1114//809 1019//643 913//647
f 1114//809 1024//801 912//644
f 1011//790 910//808 1024//801
f 1016//795 1115//799 1013//613
f 1013//613 1115//799 1024//801
f 1115//799 1021//800 912//644
f 914//792 1021//800 1115//799
f 1070//864 1133//865 941//862
f 941//862 1133//865 993//863
f 1133//865 1063//744 937//745
f 938//734 1063//744 1133//865
f 1065//868 1134//869 940//805
f 940//805 1134//869 1070//864
f 1134//869 1066//732 938//734
f 935//607 1066//732 1134//869
f 993//863 1135//867 942//635
f 942//635 1135//867 992//866
f 1135//867 1064//738 936//739
f 937//745 1064//738 1135//867
f 992//866 1136//870 939//807
f 939//807 1136//870 1065//868
f 1136//870 1069//605 935//607
f 936//739 1069//605 1136//870
usemtl EngineInterior
f 695//654 706//666 617//655
f 695//654 705//667 815//668
f 815//668 624//669 703//670
f 815//668 621//671 706//666
f 704//682 714//683 624//669
f 704//682 713//684 819//685
f 819//685 627//686 712//687
f 819//685 628//688 714//683
f 693//674 707//689 618//675
f 693//674 706//666 820//690
f 820//690 621//671 701//691
f 820//690 622//692 707//689
f 696//679 705//667 620//653
f 696//679 708//693 821//694
f 821//694 623//695 704//682
f 821//694 624//669 705//667
f 694//681 708//693 619//678
f 694//681 707//689 822//696
f 822//696 622//692 702//697
f 822//696 623//695 708//693
f 702//697 713//684 623//695
f 702//697 715//698 823//699
f 823//699 626//700 710//701
f 823//699 627//686 713//684
f 703//670 716//702 621//671
f 703//670 714//683 824//703
f 824//703 628//688 711//704
f 824//703 625//705 716//702
f 701//691 715//698 622//692
f 701//691 716//702 825//706
f 825//706 625//705 709//707
f 825//706 626//700 715//698
f 711//704 720//708 625//705
f 711//704 717//709 826//710
f 826//710 652//711 763//712
f 826//710 649//713 720//708
f 710//701 718//714 627//686
f 710//701 719//715 827//716
f 827//716 650//717 762//718
f 827//716 651//719 718//714
f 712//687 717//709 628//688
f 712//687 718//714 828//720
f 828//720 651//719 764//721
f 828//720 652//711 717//709
f 709//707 719//715 626//700
f 709//707 720//708 829//722
f 829//722 649//713 761//723
f 829//722 650//717 719//715
f 795//748 793//749 666//750
f 795//748 741//751 834//752
f 834//752 640//753 739//754
f 834//752 639//755 793//749
f 638//772 838//773 737//774
f 639//755 838//773 738//775
f 838//773 640//753 740//776
f 838//773 637//777 737//774
f 791//778 796//779 668//780
f 791//778 743//781 839//782
f 839//782 638//772 737//774
f 839//782 637//777 796//779
f 790//783 741//751 665//784
f 790//783 796//779 840//785
f 840//785 637//777 740//776
f 840//785 640//753 741//751
f 789//786 743//781 667//787
f 789//786 793//749 841//788
f 841//788 639//755 738//775
f 841//788 638//772 743//781
f 730//762 794//854 634//763
f 730//762 742//855 863//856
f 863//856 666//750 789//786
f 863//856 667//787 794//854
f 732//730 792//857 636//731
f 732//730 744//858 864//859
f 864//859 668//780 790//783
f 864//859 665//784 792//857
f 729//771 744//858 633//729
f 729//771 794//854 865//860
f 865//860 667//787 791//778
f 865//860 668//780 744//858
f 731//767 742//855 635//761
f 731//767 792//857 866//861
f 866//861 665//784 795//748
f 866//861 666//750 742//855
f 972//667 961//654 883//653
f 961//654 971//666 886//655
f 1081//668 890//671 971//666
f 887//669 1081//668 972//667
f 980//702 970//691 890//671
f 970//691 979//698 889//692
f 1085//706 893//700 979//698
f 894//705 1085//706 980//702
f 973//693 959//679 884//678
f 959//679 972//667 883//653
f 1086//694 887//669 972//667
f 888//695 1086//694 973//693
f 971//666 962//674 886//655
f 962//674 974//689 885//675
f 1087//690 889//692 974//689
f 890//671 1087//690 971//666
f 974//689 960//681 885//675
f 960//681 973//693 884//678
f 1088//696 888//695 973//693
f 889//692 1088//696 974//689
f 979//698 968//697 889//692
f 968//697 981//684 888//695
f 1089//699 892//686 981//684
f 893//700 1089//699 979//698
f 982//683 969//670 887//669
f 969//670 980//702 890//671
f 1090//703 894//705 980//702
f 891//688 1090//703 982//683
f 981//684 967//682 888//695
f 967//682 982//683 887//669
f 1091//685 891//688 982//683
f 892//686 1091//685 981//684
f 986//709 977//704 891//688
f 977//704 983//708 894//705
f 1092//710 918//713 983//708
f 915//711 1092//710 986//709
f 984//715 976//701 893//700
f 976//701 985//714 892//686
f 1093//716 916//719 985//714
f 917//717 1093//716 984//715
f 983//708 978//707 894//705
f 978//707 984//715 893//700
f 1094//722 917//717 984//715
f 918//713 1094//722 983//708
f 985//714 975//687 892//686
f 975//687 986//709 891//688
f 1095//720 915//711 986//709
f 916//719 1095//720 985//714
f 1059//751 1061//748 932//784
f 1061//748 1007//749 931//750
f 1100//752 906//755 1007//749
f 905//753 1100//752 1059//751
f 904//777 1104//773 1004//776
f 1104//773 905//753 1004//776
f 1104//773 906//755 1005//754
f 903//772 1104//773 1003//774
f 1062//781 1057//778 934//787
f 1057//778 1009//779 933//780
f 1105//782 904//777 1009//779
f 903//772 1105//782 1062//781
f 1007//749 1056//786 931//750
f 1056//786 1062//781 934//787
f 1106//788 903//772 1062//781
f 906//755 1106//788 1007//749
f 1009//779 1055//783 933//780
f 1055//783 1059//751 932//784
f 1107//785 905//753 1059//751
f 904//777 1107//785 1009//779
f 1060//858 996//730 900//729
f 996//730 1008//857 901//731
f 1129//859 932//784 1008//857
f 933//780 1129//859 1060//858
f 1058//855 998//762 902//761
f 998//762 1010//854 899//763
f 1130//856 934//787 1010//854
f 931//750 1130//856 1058//855
f 1010//854 995//771 899//763
f 995//771 1060//858 900//729
f 1131//860 933//780 1060//858
f 934//787 1131//860 1010//854
f 1008//857 997//767 901//731
f 997//767 1058//855 902//761
f 1132//861 931//750 1058//855
f 932//784 1132//861 1008//857
f 695//654 815//668 706//666
f 695//654 620//653 705//667
f 815//668 705//667 624//669
f 815//668 703//670 621//671
f 704//682 819//685 714//683
f 704//682 623//695 713//684
f 819//685 713//684 627//686
f 819//685 712//687 628//688
f 693//674 820//690 707//689
f 693//674 617//655 706//666
f 820//690 706//666 621//671
f 820//690 701//691 622//692
f 696//679 821//694 705//667
f 696//679 619//678 708//693
f 821//694 708//693 623//695
f 821//694 704//682 624//669
f 694//681 822//696 708//693
f 694//681 618//675 707//689
f 822//696 707//689 622//692
f 822//696 702//697 623//695
f 702//697 823//699 713//684
f 702//697 622//692 715//698
f 823//699 715//698 626//700
f 823//699 710//701 627//686
f 703//670 824//703 716//702
f 703//670 624//669 714//683
f 824//703 714//683 628//688
f 824//703 711//704 625//705
f 701//691 825//706 715//698
f 701//691 621//671 716//702
f 825//706 716//702 625//705
f 825//706 709//707 626//700
f 711//704 826//710 720//708
f 711//704 628//688 717//709
f 826//710 717//709 652//711
f 826//710 763//712 649//713
f 710//701 827//716 718//714
f 710//701 626//700 719//715
f 827//716 719//715 650//717
f 827//716 762//718 651//719
f 712//687 828//720 717//709
f 712//687 627//686 718//714
f 828//720 718//714 651//719
f 828//720 764//721 652//711
f 709//707 829//722 719//715
f 709//707 625//705 720//708
f 829//722 720//708 649//713
f 829//722 761//723 650//717
f 795//748 834//752 793//749
f 795//748 665//784 741//751
f 834//752 741//751 640//753
f 834//752 739//754 639//755
f 638//772 738//775 838//773
f 639//755 739//754 838//773
f 838//773 739//754 640//753
f 838//773 740//776 637//777
f 791//778 839//782 796//779
f 791//778 667//787 743//781
f 839//782 743//781 638//772
f 839//782 737//774 637//777
f 790//783 840//785 741//751
f 790//783 668//780 796//779
f 840//785 796//779 637//777
f 840//785 740//776 640//753
f 789//786 841//788 743//781
f 789//786 666//750 793//749
f 841//788 793//749 639//755
f 841//788 738//775 638//772
f 730//762 863//856 794//854
f 730//762 635//761 742//855
f 863//856 742//855 666//750
f 863//856 789//786 667//787
f 732//730 864//859 792//857
f 732//730 633//729 744//858
f 864//859 744//858 668//780
f 864//859 790//783 665//784
f 729//771 865//860 744//858
f 729//771 634//763 794//854
f 865//860 794//854 667//787
f 865//860 791//778 668//780
f 731//767 866//861 742//855
f 731//767 636//731 792//857
f 866//861 792//857 665//784
f 866//861 795//748 666//750
f 972//667 1081//668 961//654
f 961//654 1081//668 971//666
f 1081//668 969//670 890//671
f 887//669 969//670 1081//668
f 980//702 1085//706 970//691
f 970//691 1085//706 979//698
f 1085//706 978//707 893//700
f 894//705 978//707 1085//706
f 973//693 1086//694 959//679
f 959//679 1086//694 972//667
f 1086//694 967//682 887//669
f 888//695 967//682 1086//694
f 971//666 1087//690 962//674
f 962//674 1087//690 974//689
f 1087//690 970//691 889//692
f 890//671 970//691 1087//690
f 974//689 1088//696 960//681
f 960//681 1088//696 973//693
f 1088//696 968//697 888//695
f 889//692 968//697 1088//696
f 979//698 1089//699 968//697
f 968//697 1089//699 981//684
f 1089//699 976//701 892//686
f 893//700 976//701 1089//699
f 982//683 1090//703 969//670
f 969//670 1090//703 980//702
f 1090//703 977//704 894//705
f 891//688 977//704 1090//703
f 981//684 1091//685 967//682
f 967//682 1091//685 982//683
f 1091//685 975//687 891//688
f 892//686 975//687 1091//685
f 986//709 1092//710 977//704
f 977//704 1092//710 983//708
f 1092//710 1029//712 918//713
f 915//711 1029//712 1092//710
f 984//715 1093//716 976//701
f 976//701 1093//716 985//714
f 1093//716 1028//718 916//719
f 917//717 1028//718 1093//716
f 983//708 1094//722 978//707
f 978//707 1094//722 984//715
f 1094//722 1030//723 917//717
f 918//713 1030//723 1094//722
f 985//714 1095//720 975//687
f 975//687 1095//720 986//709
f 1095//720 1027//721 915//711
f 916//719 1027//721 1095//720
f 1059//751 1100//752 1061//748
f 1061//748 1100//752 1007//749
f 1100//752 1005//754 906//755
f 905//753 1005//754 1100//752
f 904//777 1003//774 1104//773
f 1104//773 1005//754 905//753
f 1104//773 1006//775 906//755
f 903//772 1006//775 1104//773
f 1062//781 1105//782 1057//778
f 1057//778 1105//782 1009//779
f 1105//782 1003//774 904//777
f 903//772 1003//774 1105//782
f 1007//749 1106//788 1056//786
f 1056//786 1106//788 1062//781
f 1106//788 1006//775 903//772
f 906//755 1006//775 1106//788
f 1009//779 1107//785 1055//783
f 1055//783 1107//785 1059//751
f 1107//785 1004//776 905//753
f 904//777 1004//776 1107//785
f 1060//858 1129//859 996//730
f 996//730 1129//859 1008//857
f 1129//859 1055//783 932//784
f 933//780 1055//783 1129//859
f 1058//855 1130//856 998//762
f 998//762 1130//856 1010//854
f 1130//856 1056//786 934//787
f 931//750 1056//786 1130//856
f 1010//854 1131//860 995//771
f 995//771 1131//860 1060//858
f 1131//860 1057//778 933//780
f 934//787 1057//778 1131//860
f 1008//857 1132//861 997//767
f 997//767 1132//861 1058//855
f 1132//861 1061//748 931//750
f 932//784 1061//748 1132//861
usemtl EngineShiny
f 682//621 690//622 610//623
f 682//621 689//624 807//625
f 807//625 615//626 688//627
f 807//625 616//628 690//622
f 687//648 698//649 613//650
f 687//648 697//651 811//652
f 811//652 620//653 695//654
f 811//652 617//655 698//649
f 680//656 689//624 609//639
f 680//656 691//657 812//658
f 812//658 614//659 686//660
f 812//658 615//626 689//624
f 681//661 692//662 612//618
f 681//661 690//622 813//663
f 813//663 616//628 687//648
f 813//663 613//650 692//662
f 679//619 691//657 611//620
f 679//619 692//662 814//664
f 814//664 613//650 685//665
f 814//664 614//659 691//657
f 685//665 699//672 614//659
f 685//665 698//649 816//673
f 816//673 617//655 693//674
f 816//673 618//675 699//672
f 688//627 697//651 616//628
f 688//627 700//676 817//677
f 817//677 619//678 696//679
f 817//677 620//653 697//651
f 686//660 700//676 615//626
f 686//660 699//672 818//680
f 818//680 618//675 694//681
f 818//680 619//678 700//676
f 783//724 787//725 663//726
f 783//724 733//727 830//728
f 830//728 633//729 732//730
f 830//728 636//731 787//725
f 781//756 788//757 664//758
f 781//756 735//759 835//760
f 835//760 635//761 730//762
f 835//760 634//763 788//757
f 782//764 735//759 662//765
f 782//764 787//725 836//766
f 836//766 636//731 731//767
f 836//766 635//761 735//759
f 784//768 733//727 661//769
f 784//768 788//757 837//770
f 837//770 634//763 729//771
f 837//770 633//729 733//727
f 763//712 770//813 649//713
f 763//712 769//814 850//815
f 850//815 656//816 767//817
f 850//815 653//818 770//813
f 654//819 851//820 766//821
f 653//818 851//820 765//822
f 851//820 656//816 768//823
f 851//820 655//824 766//821
f 761//723 771//825 650//717
f 761//723 770//813 852//826
f 852//826 653//818 765//822
f 852//826 654//819 771//825
f 764//721 769//814 652//711
f 764//721 772//827 853//828
f 853//828 655//824 768//823
f 853//828 656//816 769//814
f 762//718 772//827 651//719
f 762//718 771//825 854//829
f 854//829 654//819 766//821
f 854//829 655//824 772//827
f 721//611 776//830 629//612
f 721//611 736//831 855//832
f 855//832 660//833 773//834
f 855//832 657//835 776//830
f 723//747 778//836 631//742
f 723//747 734//837 856//838
f 856//838 658//839 774//840
f 856//838 659//841 778//836
f 722//743 736//831 630//610
f 722//743 778//836 857//842
f 857//842 659//841 775//843
f 857//842 660//833 736//831
f 724//736 734//837 632//737
f 724//736 776//830 858//844
f 858//844 657//835 779//845
f 858//844 658//839 734//837
f 773//834 785//846 657//835
f 773//834 780//847 859//848
f 859//848 664//758 784//768
f 859//848 661//769 785//846
f 774//840 786//849 659//841
f 774//840 777//850 860//851
f 860//851 663//726 782//764
f 860//851 662//765 786//849
f 775//843 780//847 660//833
f 775//843 786//849 861//852
f 861//852 662//765 781//756
f 861//852 664//758 780//847
f 779//845 777//850 658//839
f 779//845 785//846 862//853
f 862//853 661//769 783//724
f 862//853 663//726 777//850
f 956//662 948//619 876//618
f 948//619 955//657 875//620
f 1073//664 881//659 955//657
f 882//650 1073//664 956//662
f 964//651 953//648 879//628
f 953//648 963//649 882//650
f 1077//652 886//655 963//649
f 883//653 1077//652 964//651
f 955//657 946//656 875//620
f 946//656 957//624 877//639
f 1078//658 880//626 957//624
f 881//659 1078//658 955//657
f 958//622 947//661 878//623
f 947//661 956//662 876//618
f 1079//663 882//650 956//662
f 879//628 1079//663 958//622
f 957//624 945//621 877//639
f 945//621 958//622 878//623
f 1080//625 879//628 958//622
f 880//626 1080//625 957//624
f 965//676 951//627 880//626
f 951//627 964//651 879//628
f 1082//677 883//653 964//651
f 884//678 1082//677 965//676
f 963//649 954//665 882//650
f 954//665 966//672 881//659
f 1083//673 885//675 966//672
f 886//655 1083//673 963//649
f 966//672 952//660 881//659
f 952//660 965//676 880//626
f 1084//680 884//678 965//676
f 885//675 1084//680 966//672
f 1053//759 1049//756 929//765
f 1049//756 999//757 927//758
f 1096//760 899//763 999//757
f 902//761 1096//760 1053//759
f 1054//727 1047//724 930//769
f 1047//724 1001//725 928//726
f 1101//728 901//731 1001//725
f 900//729 1101//728 1054//727
f 1001//725 1048//764 928//726
f 1048//764 1053//759 929//765
f 1102//766 902//761 1053//759
f 901//731 1102//766 1001//725
f 999//757 1050//768 927//758
f 1050//768 1054//727 930//769
f 1103//770 900//729 1054//727
f 899//763 1103//770 999//757
f 1036//814 1029//712 915//711
f 1029//712 1035//813 918//713
f 1116//815 922//818 1035//813
f 919//816 1116//815 1036//814
f 920//824 1117//820 1031//823
f 1117//820 919//816 1031//823
f 1117//820 922//818 1033//817
f 921//819 1117//820 1032//871
f 1037//827 1027//721 916//719
f 1027//721 1036//814 915//711
f 1118//828 919//816 1036//814
f 920//824 1118//828 1037//827
f 1035//813 1030//723 918//713
f 1030//723 1038//825 917//717
f 1119//826 921//819 1038//825
f 922//818 1119//826 1035//813
f 1038//825 1028//718 917//717
f 1028//718 1037//827 916//719
f 1120//829 920//824 1037//827
f 921//819 1120//829 1038//825
f 1042//831 987//611 895//610
f 987//611 1002//830 896//612
f 1121//832 926//835 1002//830
f 923//833 1121//832 1042//831
f 1044//837 989//747 897//737
f 989//747 1000//836 898//742
f 1122//838 924//841 1000//836
f 925//839 1122//838 1044//837
f 1002//830 988//736 896//612
f 988//736 1044//837 897//737
f 1123//844 925//839 1044//837
f 926//835 1123//844 1002//830
f 1000//836 990//743 898//742
f 990//743 1042//831 895//610
f 1124//842 923//833 1042//831
f 924//841 1124//842 1000//836
f 1051//847 1039//834 923//833
f 1039//834 1046//846 926//835
f 1125//848 930//769 1046//846
f 927//758 1125//848 1051//847
f 1052//850 1040//840 925//839
f 1040//840 1043//849 924//841
f 1126//851 929//765 1043//849
f 928//726 1126//851 1052//850
f 1046//846 1041//845 926//835
f 1041//845 1052//850 925//839
f 1127//853 928//726 1052//850
f 930//769 1127//853 1046//846
f 1043//849 1045//843 924//841
f 1045//843 1051//847 923//833
f 1128//852 927//758 1051//847
f 929//765 1128//852 1043//849
f 682//621 807//625 690//622
f 682//621 609//639 689//624
f 807//625 689//624 615//626
f 807//625 688//627 616//628
f 687//648 811//652 698//649
f 687//648 616//628 697//651
f 811//652 697//651 620//653
f 811//652 695//654 617//655
f 680//656 812//658 689//624
f 680//656 611//620 691//657
f 812//658 691//657 614//659
f 812//658 686//660 615//626
f 681//661 813//663 692//662
f 681//661 610//623 690//622
f 813//663 690//622 616//628
f 813//663 687//648 613//650
f 679//619 814//664 691//657
f 679//619 612//618 692//662
f 814//664 692//662 613//650
f 814//664 685//665 614//659
f 685//665 816//673 699//672
f 685//665 613//650 698//649
f 816//673 698//649 617//655
f 816//673 693//674 618//675
f 688//627 817//677 697//651
f 688//627 615//626 700//676
f 817//677 700//676 619//678
f 817//677 696//679 620//653
f 686//660 818//680 700//676
f 686//660 614//659 699//672
f 818//680 699//672 618//675
f 818//680 694//681 619//678
f 783//724 830//728 787//725
f 783//724 661//769 733//727
f 830//728 733//727 633//729
f 830//728 732//730 636//731
f 781//756 835//760 788//757
f 781//756 662//765 735//759
f 835//760 735//759 635//761
f 835//760 730//762 634//763
f 782//764 836//766 735//759
f 782//764 663//726 787//725
f 836//766 787//725 636//731
f 836//766 731//767 635//761
f 784//768 837//770 733//727
f 784//768 664//758 788//757
f 837//770 788//757 634//763
f 837//770 729//771 633//729
f 763//712 850//815 770//813
f 763//712 652//711 769//814
f 850//815 769//814 656//816
f 850//815 767//817 653//818
f 654//819 765//822 851//820
f 653//818 767//817 851//820
f 851//820 767//817 656//816
f 851//820 768//823 655//824
f 761//723 852//826 771//825
f 761//723 649//713 770//813
f 852//826 770//813 653//818
f 852//826 765//822 654//819
f 764//721 853//828 769//814
f 764//721 651//719 772//827
f 853//828 772//827 655//824
f 853//828 768//823 656//816
f 762//718 854//829 772//827
f 762//718 650//717 771//825
f 854//829 771//825 654//819
f 854//829 766//821 655//824
f 721//611 855//832 776//830
f 721//611 630//610 736//831
f 855//832 736//831 660//833
f 855//832 773//834 657//835
f 723//747 856//838 778//836
f 723//747 632//737 734//837
f 856//838 734//837 658//839
f 856//838 774//840 659//841
f 722//743 857//842 736//831
f 722//743 631//742 778//836
f 857//842 778//836 659//841
f 857//842 775//843 660//833
f 724//736 858//844 734//837
f 724//736 629//612 776//830
f 858//844 776//830 657//835
f 858//844 779//845 658//839
f 773//834 859//848 785//846
f 773//834 660//833 780//847
f 859//848 780//847 664//758
f 859//848 784//768 661//769
f 774//840 860//851 786//849
f 774//840 658//839 777//850
f 860//851 777//850 663//726
f 860//851 782//764 662//765
f 775//843 861//852 780//847
f 775//843 659//841 786//849
f 861//852 786//849 662//765
f 861//852 781//756 664//758
f 779//845 862//853 777//850
f 779//845 657//835 785//846
f 862//853 785//846 661//769
f 862//853 783//724 663//726
f 956//662 1073//664 948//619
f 948//619 1073//664 955//657
f 1073//664 954//665 881//659
f 882//650 954//665 1073//664
f 964//651 1077//652 953//648
f 953//648 1077//652 963//649
f 1077//652 961//654 886//655
f 883//653 961//654 1077//652
f 955//657 1078//658 946//656
f 946//656 1078//658 957//624
f 1078//658 952//660 880//626
f 881//659 952//660 1078//658
f 958//622 1079//663 947//661
f 947//661 1079//663 956//662
f 1079//663 953//648 882//650
f 879//628 953//648 1079//663
f 957//624 1080//625 945//621
f 945//621 1080//625 958//622
f 1080//625 951//627 879//628
f 880//626 951//627 1080//625
f 965//676 1082//677 951//627
f 951//627 1082//677 964//651
f 1082//677 959//679 883//653
f 884//678 959//679 1082//677
f 963//649 1083//673 954//665
f 954//665 1083//673 966//672
f 1083//673 962//674 885//675
f 886//655 962//674 1083//673
f 966//672 1084//680 952//660
f 952//660 1084//680 965//676
f 1084//680 960//681 884//678
f 885//675 960//681 1084//680
f 1053//759 1096//760 1049//756
f 1049//756 1096//760 999//757
f 1096//760 998//762 899//763
f 902//761 998//762 1096//760
f 1054//727 1101//728 1047//724
f 1047//724 1101//728 1001//725
f 1101//728 996//730 901//731
f 900//729 996//730 1101//728
f 1001//725 1102//766 1048//764
f 1048//764 1102//766 1053//759
f 1102//766 997//767 902//761
f 901//731 997//767 1102//766
f 999//757 1103//770 1050//768
f 1050//768 1103//770 1054//727
f 1103//770 995//771 900//729
f 899//763 995//771 1103//770
f 1036//814 1116//815 1029//712
f 1029//712 1116//815 1035//813
f 1116//815 1033//817 922//818
f 919//816 1033//817 1116//815
f 920//824 1032//871 1117//820
f 1117//820 1033//817 919//816
f 1117//820 1034//822 922//818
f 921//819 1034//822 1117//820
f 1037//827 1118//828 1027//721
f 1027//721 1118//828 1036//814
f 1118//828 1031//823 919//816
f 920//824 1031//823 1118//828
f 1035//813 1119//826 1030//723
f 1030//723 1119//826 1038//825
f 1119//826 1034//822 921//819
f 922//818 1034//822 1119//826
f 1038//825 1120//829 1028//718
f 1028//718 1120//829 1037//827
f 1120//829 1032//871 920//824
f 921//819 1032//871 1120//829
f 1042//831 1121//832 987//611
f 987//611 1121//832 1002//830
f 1121//832 1039//834 926//835
f 923//833 1039//834 1121//832
f 1044//837 1122//838 989//747
f 989//747 1122//838 1000//836
f 1122//838 1040//840 924//841
f 925//839 1040//840 1122//838
f 1002//830 1123//844 988//736
f 988//736 1123//844 1044//837
f 1123//844 1041//845 925//839
f 926//835 1041//845 1123//844
f 1000//836 1124//842 990//743
f 990//743 1124//842 1042//831
f 1124//842 1045//843 923//833
f 924//841 1045//843 1124//842
f 1051//847 1125//848 1039//834
f 1039//834 1125//848 1046//846
f 1125//848 1050//768 930//769
f 927//758 1050//768 1125//848
f 1052//850 1126//851 1040//840
f 1040//840 1126//851 1043//849
f 1126//851 1048//764 929//765
f 928//726 1048//764 1126//851
f 1046//846 1127//853 1041//845
f 1041//845 1127//853 1052//850
f 1127//853 1047//724 928//726
f 930//769 1047//724 1127//853
f 1043//849 1128//852 1045//843
f 1045//843 1128//852 1051//847
f 1128//852 1049//756 927//758
f 929//765 1049//756 1128//852
s 0
usemtl Misc
f 1138//872 1139//872 1137//872
f 1140//873 1143//873 1139//873
f 1143//874 1142//874 1141//874
f 1142//875 1137//875 1141//875
f 1139//876 1141//876 1137//876
f 1140//877 1142//877 1144//877
f 1147//878 1146//878 1145//878
f 1151//879 1148//879 1147//879
f 1151//880 1150//880 1152//880
f 1145//881 1150//881 1149//881
f 1147//882 1149//882 1151//882
f 1150//883 1148//883 1152//883
f 1138//884 1140//884 1139//884
f 1140//873 1144//873 1143//873
f 1143//885 1144//885 1142//885
f 1142//875 1138//875 1137//875
f 1139//876 1143//876 1141//876
f 1140//877 1138//877 1142//877
f 1147//886 1148//886 1146//886
f 1151//879 1152//879 1148//879
f 1151//887 1149//887 1150//887
f 1145//881 1146//881 1150//881
f 1147//882 1145//882 1149//882
f 1150//883 1146//883 1148//883
